2026-07-23 15:45:52,406 - notification04e80ddacba0 - INFO - _poll_kafka: 1 message(s) received from Kafka
2026-07-23 15:45:52,503 - notification04e80ddacba0 - INFO - [NOTIFICATION RECEIVED] frame_id=None | camera=ppe_test_cam1 | Type=PPE Alert | timestamp=2026-07-23 15:45:52.370000
2026-07-23 15:45:52,503 - notification04e80ddacba0 - INFO - send_notifications | camera=ppe_test_cam1 | Type=PPE Alert | recipients=['anvay011006@gmail.com'] | thread_id=19f879a2c298101e
2026-07-23 15:45:52,503 - notification04e80ddacba0 - INFO - Queuing email task | camera=ppe_test_cam1 | to=['anvay011006@gmail.com']
2026-07-23 15:45:52,503 - notification04e80ddacba0 - INFO - Queuing telegram task | camera=ppe_test_cam1 | chat_ids=[]
2026-07-23 15:45:52,504 - notification04e80ddacba0 - INFO - Running 2 notification task(s) | camera=ppe_test_cam1
2026-07-23 15:45:52,504 - notification04e80ddacba0 - INFO - email gmail function started for camera: ppe_test_cam1, Type: PPE Alert
2026-07-23 15:45:52,504 - notification04e80ddacba0 - INFO - DataPath: /Aksha, main_dir: /Aksha
2026-07-23 15:45:52,507 - notification04e80ddacba0 - INFO - Loaded config from: /usr/src/app/app/socialPlatforms/keys.yaml
2026-07-23 15:45:52,508 - notification04e80ddacba0 - INFO - Using threadId from namespace: 19f879a2c298101e
2026-07-23 15:45:52,508 - notification04e80ddacba0 - INFO - Credentials loaded successfully
2026-07-23 15:45:52,508 - notification04e80ddacba0 - INFO - telegram() | camera=ppe_test_cam1 | Type=PPE Alert | subscription=notification_results | service_status=True | chat_ids=[]
2026-07-23 15:45:52,508 - notification04e80ddacba0 - ERROR - Missing chat_ids or bot_token for Telegram
2026-07-23 15:45:52,796 - notification04e80ddacba0 - INFO - Gmail API discovered
2026-07-23 15:45:53,859 - notification04e80ddacba0 - INFO - Added threading headers for thread: 19f879a2c298101e
2026-07-23 15:45:53,860 - notification04e80ddacba0 - INFO - Attached logo1 from: /usr/src/app/app/logo.png
2026-07-23 15:45:53,860 - notification04e80ddacba0 - INFO - Attached logo2 from: /usr/src/app/app/logo2.png
2026-07-23 15:45:53,861 - notification04e80ddacba0 - INFO - Looking for alert image at: /Aksha/ppe_test_cam1/alerts/2026-07-23/2026-07-23 15:45:52.37_alert.jpg
2026-07-23 15:45:53,862 - notification04e80ddacba0 - INFO - Attached alert image: /Aksha/ppe_test_cam1/alerts/2026-07-23/2026-07-23 15:45:52.37_alert.jpg
2026-07-23 15:45:53,870 - notification04e80ddacba0 - INFO - Sending email with threadId: 19f879a2c298101e
2026-07-23 15:45:55,480 - notification04e80ddacba0 - INFO - Email sent successfully. Thread ID: 19f879a2c298101e
2026-07-23 15:45:55,480 - notification04e80ddacba0 - INFO - Updated namespace.threadId to: 19f879a2c298101e
2026-07-23 15:45:55,556 - notification04e80ddacba0 - INFO - Updated threadId in app.config: 19f879a2c298101e
2026-07-23 15:45:55,558 - notification04e80ddacba0 - INFO - Email notification sent in 3.05 seconds
2026-07-23 15:45:55,567 - notification04e80ddacba0 - INFO - Updated threadId in app.config: 19f879a2c298101e
2026-07-23 15:45:55,567 - notification04e80ddacba0 - INFO - [NOTIFICATION SENT] frame_id=None | camera=ppe_test_cam1 | Type=PPE Alert | topic=notification_results
2026-07-23 15:46:51,192 - notification04e80ddacba0 - INFO - _poll_kafka: 1 message(s) received from Kafka
2026-07-23 15:46:51,192 - notification04e80ddacba0 - INFO - [NOTIFICATION RECEIVED] frame_id=None | camera=ppe_test_cam1 | Type=PPE Alert | timestamp=2026-07-23 15:46:51.100000
2026-07-23 15:46:51,192 - notification04e80ddacba0 - INFO - send_notifications | camera=ppe_test_cam1 | Type=PPE Alert | recipients=['anvay011006@gmail.com'] | thread_id=19f879a2c298101e
2026-07-23 15:46:51,192 - notification04e80ddacba0 - INFO - Queuing email task | camera=ppe_test_cam1 | to=['anvay011006@gmail.com']
2026-07-23 15:46:51,192 - notification04e80ddacba0 - INFO - Queuing telegram task | camera=ppe_test_cam1 | chat_ids=[]
2026-07-23 15:46:51,192 - notification04e80ddacba0 - INFO - Running 2 notification task(s) | camera=ppe_test_cam1
2026-07-23 15:46:51,193 - notification04e80ddacba0 - INFO - email gmail function started for camera: ppe_test_cam1, Type: PPE Alert
2026-07-23 15:46:51,193 - notification04e80ddacba0 - INFO - DataPath: /Aksha, main_dir: /Aksha
2026-07-23 15:46:51,194 - notification04e80ddacba0 - INFO - Loaded config from: /usr/src/app/app/socialPlatforms/keys.yaml
2026-07-23 15:46:51,194 - notification04e80ddacba0 - INFO - Using threadId from namespace: 19f879a2c298101e
2026-07-23 15:46:51,194 - notification04e80ddacba0 - INFO - Credentials loaded successfully
2026-07-23 15:46:51,195 - notification04e80ddacba0 - INFO - telegram() | camera=ppe_test_cam1 | Type=PPE Alert | subscription=notification_results | service_status=True | chat_ids=[]
2026-07-23 15:46:51,195 - notification04e80ddacba0 - ERROR - Missing chat_ids or bot_token for Telegram
2026-07-23 15:46:51,493 - notification04e80ddacba0 - INFO - Gmail API discovered
2026-07-23 15:46:52,504 - notification04e80ddacba0 - INFO - Added threading headers for thread: 19f879a2c298101e
2026-07-23 15:46:52,506 - notification04e80ddacba0 - INFO - Attached logo1 from: /usr/src/app/app/logo.png
2026-07-23 15:46:52,509 - notification04e80ddacba0 - INFO - Attached logo2 from: /usr/src/app/app/logo2.png
2026-07-23 15:46:52,510 - notification04e80ddacba0 - INFO - Looking for alert image at: /Aksha/ppe_test_cam1/alerts/2026-07-23/2026-07-23 15:46:51.10_alert.jpg
2026-07-23 15:46:52,519 - notification04e80ddacba0 - INFO - Attached alert image: /Aksha/ppe_test_cam1/alerts/2026-07-23/2026-07-23 15:46:51.10_alert.jpg
2026-07-23 15:46:52,543 - notification04e80ddacba0 - INFO - Sending email with threadId: 19f879a2c298101e
2026-07-23 15:46:54,194 - notification04e80ddacba0 - INFO - Email sent successfully. Thread ID: 19f879a2c298101e
2026-07-23 15:46:54,195 - notification04e80ddacba0 - INFO - Updated namespace.threadId to: 19f879a2c298101e
2026-07-23 15:46:54,195 - notification04e80ddacba0 - INFO - Updated threadId in app.config: 19f879a2c298101e
2026-07-23 15:46:54,196 - notification04e80ddacba0 - INFO - Email notification sent in 3.00 seconds
2026-07-23 15:46:54,202 - notification04e80ddacba0 - INFO - Updated threadId in app.config: 19f879a2c298101e
2026-07-23 15:46:54,203 - notification04e80ddacba0 - INFO - [NOTIFICATION SENT] frame_id=None | camera=ppe_test_cam1 | Type=PPE Alert | topic=notification_results
2026-07-23 15:47:51,195 - notification04e80ddacba0 - INFO - _poll_kafka: 1 message(s) received from Kafka
2026-07-23 15:47:51,196 - notification04e80ddacba0 - INFO - [NOTIFICATION RECEIVED] frame_id=None | camera=ppe_test_cam1 | Type=PPE Alert | timestamp=2026-07-23 15:47:51.190000
2026-07-23 15:47:51,196 - notification04e80ddacba0 - INFO - send_notifications | camera=ppe_test_cam1 | Type=PPE Alert | recipients=['anvay011006@gmail.com'] | thread_id=19f879a2c298101e
2026-07-23 15:47:51,196 - notification04e80ddacba0 - INFO - Queuing email task | camera=ppe_test_cam1 | to=['anvay011006@gmail.com']
2026-07-23 15:47:51,196 - notification04e80ddacba0 - INFO - Queuing telegram task | camera=ppe_test_cam1 | chat_ids=[]
2026-07-23 15:47:51,196 - notification04e80ddacba0 - INFO - Running 2 notification task(s) | camera=ppe_test_cam1
2026-07-23 15:47:51,196 - notification04e80ddacba0 - INFO - email gmail function started for camera: ppe_test_cam1, Type: PPE Alert
2026-07-23 15:47:51,196 - notification04e80ddacba0 - INFO - DataPath: /Aksha, main_dir: /Aksha
2026-07-23 15:47:51,197 - notification04e80ddacba0 - INFO - Loaded config from: /usr/src/app/app/socialPlatforms/keys.yaml
2026-07-23 15:47:51,198 - notification04e80ddacba0 - INFO - Using threadId from namespace: 19f879a2c298101e
2026-07-23 15:47:51,198 - notification04e80ddacba0 - INFO - Credentials loaded successfully
2026-07-23 15:47:51,198 - notification04e80ddacba0 - INFO - telegram() | camera=ppe_test_cam1 | Type=PPE Alert | subscription=notification_results | service_status=True | chat_ids=[]
2026-07-23 15:47:51,198 - notification04e80ddacba0 - ERROR - Missing chat_ids or bot_token for Telegram
2026-07-23 15:47:51,491 - notification04e80ddacba0 - INFO - Gmail API discovered
2026-07-23 15:47:52,362 - notification04e80ddacba0 - INFO - Added threading headers for thread: 19f879a2c298101e
2026-07-23 15:47:52,364 - notification04e80ddacba0 - INFO - Attached logo1 from: /usr/src/app/app/logo.png
2026-07-23 15:47:52,367 - notification04e80ddacba0 - INFO - Attached logo2 from: /usr/src/app/app/logo2.png
2026-07-23 15:47:52,368 - notification04e80ddacba0 - INFO - Looking for alert image at: /Aksha/ppe_test_cam1/alerts/2026-07-23/2026-07-23 15:47:51.19_alert.jpg
2026-07-23 15:47:52,377 - notification04e80ddacba0 - INFO - Attached alert image: /Aksha/ppe_test_cam1/alerts/2026-07-23/2026-07-23 15:47:51.19_alert.jpg
2026-07-23 15:47:52,402 - notification04e80ddacba0 - INFO - Sending email with threadId: 19f879a2c298101e
2026-07-23 15:47:54,349 - notification04e80ddacba0 - INFO - Email sent successfully. Thread ID: 19f879a2c298101e
2026-07-23 15:47:54,350 - notification04e80ddacba0 - INFO - Updated namespace.threadId to: 19f879a2c298101e
2026-07-23 15:47:54,351 - notification04e80ddacba0 - INFO - Updated threadId in app.config: 19f879a2c298101e
2026-07-23 15:47:54,353 - notification04e80ddacba0 - INFO - Email notification sent in 3.16 seconds
2026-07-23 15:47:54,356 - notification04e80ddacba0 - INFO - Updated threadId in app.config: 19f879a2c298101e
2026-07-23 15:47:54,357 - notification04e80ddacba0 - INFO - [NOTIFICATION SENT] frame_id=None | camera=ppe_test_cam1 | Type=PPE Alert | topic=notification_results
2026-07-23 15:48:51,279 - notification04e80ddacba0 - INFO - _poll_kafka: 1 message(s) received from Kafka
2026-07-23 15:48:51,279 - notification04e80ddacba0 - INFO - [NOTIFICATION RECEIVED] frame_id=None | camera=ppe_test_cam1 | Type=PPE Alert | timestamp=2026-07-23 15:48:51.270000
2026-07-23 15:48:51,280 - notification04e80ddacba0 - INFO - send_notifications | camera=ppe_test_cam1 | Type=PPE Alert | recipients=['anvay011006@gmail.com'] | thread_id=19f879a2c298101e
2026-07-23 15:48:51,280 - notification04e80ddacba0 - INFO - Queuing email task | camera=ppe_test_cam1 | to=['anvay011006@gmail.com']
2026-07-23 15:48:51,280 - notification04e80ddacba0 - INFO - Queuing telegram task | camera=ppe_test_cam1 | chat_ids=[]
2026-07-23 15:48:51,280 - notification04e80ddacba0 - INFO - Running 2 notification task(s) | camera=ppe_test_cam1
2026-07-23 15:48:51,280 - notification04e80ddacba0 - INFO - email gmail function started for camera: ppe_test_cam1, Type: PPE Alert
2026-07-23 15:48:51,280 - notification04e80ddacba0 - INFO - DataPath: /Aksha, main_dir: /Aksha
2026-07-23 15:48:51,281 - notification04e80ddacba0 - INFO - Loaded config from: /usr/src/app/app/socialPlatforms/keys.yaml
2026-07-23 15:48:51,281 - notification04e80ddacba0 - INFO - Using threadId from namespace: 19f879a2c298101e
2026-07-23 15:48:51,281 - notification04e80ddacba0 - INFO - Credentials loaded successfully
2026-07-23 15:48:51,281 - notification04e80ddacba0 - INFO - telegram() | camera=ppe_test_cam1 | Type=PPE Alert | subscription=notification_results | service_status=True | chat_ids=[]
2026-07-23 15:48:51,281 - notification04e80ddacba0 - ERROR - Missing chat_ids or bot_token for Telegram
2026-07-23 15:48:51,544 - notification04e80ddacba0 - INFO - Gmail API discovered
2026-07-23 15:48:52,368 - notification04e80ddacba0 - INFO - Added threading headers for thread: 19f879a2c298101e
2026-07-23 15:48:52,370 - notification04e80ddacba0 - INFO - Attached logo1 from: /usr/src/app/app/logo.png
2026-07-23 15:48:52,373 - notification04e80ddacba0 - INFO - Attached logo2 from: /usr/src/app/app/logo2.png
2026-07-23 15:48:52,374 - notification04e80ddacba0 - INFO - Looking for alert image at: /Aksha/ppe_test_cam1/alerts/2026-07-23/2026-07-23 15:48:51.27_alert.jpg
2026-07-23 15:48:52,382 - notification04e80ddacba0 - INFO - Attached alert image: /Aksha/ppe_test_cam1/alerts/2026-07-23/2026-07-23 15:48:51.27_alert.jpg
2026-07-23 15:48:52,406 - notification04e80ddacba0 - INFO - Sending email with threadId: 19f879a2c298101e
2026-07-23 15:48:53,717 - notification04e80ddacba0 - INFO - Email sent successfully. Thread ID: 19f879a2c298101e
2026-07-23 15:48:53,717 - notification04e80ddacba0 - INFO - Updated namespace.threadId to: 19f879a2c298101e
2026-07-23 15:48:53,718 - notification04e80ddacba0 - INFO - Updated threadId in app.config: 19f879a2c298101e
2026-07-23 15:48:53,721 - notification04e80ddacba0 - INFO - Email notification sent in 2.44 seconds
2026-07-23 15:48:53,726 - notification04e80ddacba0 - INFO - Updated threadId in app.config: 19f879a2c298101e
2026-07-23 15:48:53,727 - notification04e80ddacba0 - INFO - [NOTIFICATION SENT] frame_id=None | camera=ppe_test_cam1 | Type=PPE Alert | topic=notification_results
2026-07-23 15:49:51,235 - notification04e80ddacba0 - INFO - _poll_kafka: 1 message(s) received from Kafka
2026-07-23 15:49:51,235 - notification04e80ddacba0 - INFO - [NOTIFICATION RECEIVED] frame_id=None | camera=ppe_test_cam1 | Type=PPE Alert | timestamp=2026-07-23 15:49:51.230000
2026-07-23 15:49:51,235 - notification04e80ddacba0 - INFO - send_notifications | camera=ppe_test_cam1 | Type=PPE Alert | recipients=['anvay011006@gmail.com'] | thread_id=19f879a2c298101e
2026-07-23 15:49:51,235 - notification04e80ddacba0 - INFO - Queuing email task | camera=ppe_test_cam1 | to=['anvay011006@gmail.com']
2026-07-23 15:49:51,235 - notification04e80ddacba0 - INFO - Queuing telegram task | camera=ppe_test_cam1 | chat_ids=[]
2026-07-23 15:49:51,236 - notification04e80ddacba0 - INFO - Running 2 notification task(s) | camera=ppe_test_cam1
2026-07-23 15:49:51,236 - notification04e80ddacba0 - INFO - email gmail function started for camera: ppe_test_cam1, Type: PPE Alert
2026-07-23 15:49:51,236 - notification04e80ddacba0 - INFO - DataPath: /Aksha, main_dir: /Aksha
2026-07-23 15:49:51,237 - notification04e80ddacba0 - INFO - Loaded config from: /usr/src/app/app/socialPlatforms/keys.yaml
2026-07-23 15:49:51,237 - notification04e80ddacba0 - INFO - Using threadId from namespace: 19f879a2c298101e
2026-07-23 15:49:51,237 - notification04e80ddacba0 - INFO - Credentials loaded successfully
2026-07-23 15:49:51,237 - notification04e80ddacba0 - INFO - telegram() | camera=ppe_test_cam1 | Type=PPE Alert | subscription=notification_results | service_status=True | chat_ids=[]
2026-07-23 15:49:51,237 - notification04e80ddacba0 - ERROR - Missing chat_ids or bot_token for Telegram
2026-07-23 15:49:51,528 - notification04e80ddacba0 - INFO - Gmail API discovered
2026-07-23 15:49:52,441 - notification04e80ddacba0 - INFO - Added threading headers for thread: 19f879a2c298101e
2026-07-23 15:49:52,443 - notification04e80ddacba0 - INFO - Attached logo1 from: /usr/src/app/app/logo.png
2026-07-23 15:49:52,446 - notification04e80ddacba0 - INFO - Attached logo2 from: /usr/src/app/app/logo2.png
2026-07-23 15:49:52,447 - notification04e80ddacba0 - INFO - Looking for alert image at: /Aksha/ppe_test_cam1/alerts/2026-07-23/2026-07-23 15:49:51.23_alert.jpg
2026-07-23 15:49:52,457 - notification04e80ddacba0 - INFO - Attached alert image: /Aksha/ppe_test_cam1/alerts/2026-07-23/2026-07-23 15:49:51.23_alert.jpg
2026-07-23 15:49:52,483 - notification04e80ddacba0 - INFO - Sending email with threadId: 19f879a2c298101e
2026-07-23 15:49:54,839 - notification04e80ddacba0 - INFO - Email sent successfully. Thread ID: 19f879a2c298101e
2026-07-23 15:49:54,839 - notification04e80ddacba0 - INFO - Updated namespace.threadId to: 19f879a2c298101e
2026-07-23 15:49:54,839 - notification04e80ddacba0 - INFO - Updated threadId in app.config: 19f879a2c298101e
2026-07-23 15:49:54,841 - notification04e80ddacba0 - INFO - Email notification sent in 3.61 seconds
2026-07-23 15:49:54,843 - notification04e80ddacba0 - INFO - Updated threadId in app.config: 19f879a2c298101e
2026-07-23 15:49:54,843 - notification04e80ddacba0 - INFO - [NOTIFICATION SENT] frame_id=None | camera=ppe_test_cam1 | Type=PPE Alert | topic=notification_results
2026-07-23 15:50:51,149 - notification04e80ddacba0 - INFO - _poll_kafka: 1 message(s) received from Kafka
2026-07-23 15:50:51,149 - notification04e80ddacba0 - INFO - [NOTIFICATION RECEIVED] frame_id=None | camera=ppe_test_cam1 | Type=PPE Alert | timestamp=2026-07-23 15:50:51.140000
2026-07-23 15:50:51,149 - notification04e80ddacba0 - INFO - send_notifications | camera=ppe_test_cam1 | Type=PPE Alert | recipients=['anvay011006@gmail.com'] | thread_id=19f879a2c298101e
2026-07-23 15:50:51,149 - notification04e80ddacba0 - INFO - Queuing email task | camera=ppe_test_cam1 | to=['anvay011006@gmail.com']
2026-07-23 15:50:51,149 - notification04e80ddacba0 - INFO - Queuing telegram task | camera=ppe_test_cam1 | chat_ids=[]
2026-07-23 15:50:51,149 - notification04e80ddacba0 - INFO - Running 2 notification task(s) | camera=ppe_test_cam1
2026-07-23 15:50:51,150 - notification04e80ddacba0 - INFO - email gmail function started for camera: ppe_test_cam1, Type: PPE Alert
2026-07-23 15:50:51,150 - notification04e80ddacba0 - INFO - DataPath: /Aksha, main_dir: /Aksha
2026-07-23 15:50:51,151 - notification04e80ddacba0 - INFO - Loaded config from: /usr/src/app/app/socialPlatforms/keys.yaml
2026-07-23 15:50:51,151 - notification04e80ddacba0 - INFO - Using threadId from namespace: 19f879a2c298101e
2026-07-23 15:50:51,151 - notification04e80ddacba0 - INFO - Credentials loaded successfully
2026-07-23 15:50:51,151 - notification04e80ddacba0 - INFO - telegram() | camera=ppe_test_cam1 | Type=PPE Alert | subscription=notification_results | service_status=True | chat_ids=[]
2026-07-23 15:50:51,151 - notification04e80ddacba0 - ERROR - Missing chat_ids or bot_token for Telegram
2026-07-23 15:50:51,452 - notification04e80ddacba0 - INFO - Gmail API discovered
2026-07-23 15:50:52,373 - notification04e80ddacba0 - INFO - Added threading headers for thread: 19f879a2c298101e
2026-07-23 15:50:52,374 - notification04e80ddacba0 - INFO - Attached logo1 from: /usr/src/app/app/logo.png
2026-07-23 15:50:52,376 - notification04e80ddacba0 - INFO - Attached logo2 from: /usr/src/app/app/logo2.png
2026-07-23 15:50:52,376 - notification04e80ddacba0 - INFO - Looking for alert image at: /Aksha/ppe_test_cam1/alerts/2026-07-23/2026-07-23 15:50:51.14_alert.jpg
2026-07-23 15:50:52,382 - notification04e80ddacba0 - INFO - Attached alert image: /Aksha/ppe_test_cam1/alerts/2026-07-23/2026-07-23 15:50:51.14_alert.jpg
2026-07-23 15:50:52,401 - notification04e80ddacba0 - INFO - Sending email with threadId: 19f879a2c298101e
2026-07-23 15:50:53,859 - notification04e80ddacba0 - INFO - Email sent successfully. Thread ID: 19f879a2c298101e
2026-07-23 15:50:53,859 - notification04e80ddacba0 - INFO - Updated namespace.threadId to: 19f879a2c298101e
2026-07-23 15:50:53,860 - notification04e80ddacba0 - INFO - Updated threadId in app.config: 19f879a2c298101e
2026-07-23 15:50:53,860 - notification04e80ddacba0 - INFO - Email notification sent in 2.71 seconds
2026-07-23 15:50:53,861 - notification04e80ddacba0 - INFO - Updated threadId in app.config: 19f879a2c298101e
2026-07-23 15:50:53,862 - notification04e80ddacba0 - INFO - [NOTIFICATION SENT] frame_id=None | camera=ppe_test_cam1 | Type=PPE Alert | topic=notification_results
2026-07-23 15:51:51,153 - notification04e80ddacba0 - INFO - _poll_kafka: 1 message(s) received from Kafka
2026-07-23 15:51:51,156 - notification04e80ddacba0 - INFO - [NOTIFICATION RECEIVED] frame_id=None | camera=ppe_test_cam1 | Type=PPE Alert | timestamp=2026-07-23 15:51:51.100000
2026-07-23 15:51:51,157 - notification04e80ddacba0 - INFO - send_notifications | camera=ppe_test_cam1 | Type=PPE Alert | recipients=['anvay011006@gmail.com'] | thread_id=19f879a2c298101e
2026-07-23 15:51:51,157 - notification04e80ddacba0 - INFO - Queuing email task | camera=ppe_test_cam1 | to=['anvay011006@gmail.com']
2026-07-23 15:51:51,158 - notification04e80ddacba0 - INFO - Queuing telegram task | camera=ppe_test_cam1 | chat_ids=[]
2026-07-23 15:51:51,159 - notification04e80ddacba0 - INFO - Running 2 notification task(s) | camera=ppe_test_cam1
2026-07-23 15:51:51,159 - notification04e80ddacba0 - INFO - email gmail function started for camera: ppe_test_cam1, Type: PPE Alert
2026-07-23 15:51:51,160 - notification04e80ddacba0 - INFO - DataPath: /Aksha, main_dir: /Aksha
2026-07-23 15:51:51,165 - notification04e80ddacba0 - INFO - Loaded config from: /usr/src/app/app/socialPlatforms/keys.yaml
2026-07-23 15:51:51,166 - notification04e80ddacba0 - INFO - Using threadId from namespace: 19f879a2c298101e
2026-07-23 15:51:51,166 - notification04e80ddacba0 - INFO - Credentials loaded successfully
2026-07-23 15:51:51,167 - notification04e80ddacba0 - INFO - telegram() | camera=ppe_test_cam1 | Type=PPE Alert | subscription=notification_results | service_status=True | chat_ids=[]
2026-07-23 15:51:51,168 - notification04e80ddacba0 - ERROR - Missing chat_ids or bot_token for Telegram
2026-07-23 15:51:51,509 - notification04e80ddacba0 - INFO - Gmail API discovered
2026-07-23 15:51:52,488 - notification04e80ddacba0 - INFO - Added threading headers for thread: 19f879a2c298101e
2026-07-23 15:51:52,490 - notification04e80ddacba0 - INFO - Attached logo1 from: /usr/src/app/app/logo.png
2026-07-23 15:51:52,493 - notification04e80ddacba0 - INFO - Attached logo2 from: /usr/src/app/app/logo2.png
2026-07-23 15:51:52,494 - notification04e80ddacba0 - INFO - Looking for alert image at: /Aksha/ppe_test_cam1/alerts/2026-07-23/2026-07-23 15:51:51.10_alert.jpg
2026-07-23 15:51:52,502 - notification04e80ddacba0 - INFO - Attached alert image: /Aksha/ppe_test_cam1/alerts/2026-07-23/2026-07-23 15:51:51.10_alert.jpg
2026-07-23 15:51:52,523 - notification04e80ddacba0 - INFO - Sending email with threadId: 19f879a2c298101e
2026-07-23 15:51:53,893 - notification04e80ddacba0 - INFO - Email sent successfully. Thread ID: 19f8e7ef6b77a459
2026-07-23 15:51:53,893 - notification04e80ddacba0 - INFO - Updated namespace.threadId to: 19f8e7ef6b77a459
2026-07-23 15:51:53,893 - notification04e80ddacba0 - INFO - Updated threadId in app.config: 19f8e7ef6b77a459
2026-07-23 15:51:53,894 - notification04e80ddacba0 - INFO - Email notification sent in 2.73 seconds
2026-07-23 15:51:53,896 - notification04e80ddacba0 - INFO - Updated threadId in app.config: 19f8e7ef6b77a459
2026-07-23 15:51:53,896 - notification04e80ddacba0 - INFO - [NOTIFICATION SENT] frame_id=None | camera=ppe_test_cam1 | Type=PPE Alert | topic=notification_results
2026-07-23 15:52:51,222 - notification04e80ddacba0 - INFO - _poll_kafka: 1 message(s) received from Kafka
2026-07-23 15:52:51,222 - notification04e80ddacba0 - INFO - [NOTIFICATION RECEIVED] frame_id=None | camera=ppe_test_cam1 | Type=PPE Alert | timestamp=2026-07-23 15:52:51.210000
2026-07-23 15:52:51,222 - notification04e80ddacba0 - INFO - send_notifications | camera=ppe_test_cam1 | Type=PPE Alert | recipients=['anvay011006@gmail.com'] | thread_id=19f8e7ef6b77a459
2026-07-23 15:52:51,222 - notification04e80ddacba0 - INFO - Queuing email task | camera=ppe_test_cam1 | to=['anvay011006@gmail.com']
2026-07-23 15:52:51,223 - notification04e80ddacba0 - INFO - Queuing telegram task | camera=ppe_test_cam1 | chat_ids=[]
2026-07-23 15:52:51,223 - notification04e80ddacba0 - INFO - Running 2 notification task(s) | camera=ppe_test_cam1
2026-07-23 15:52:51,223 - notification04e80ddacba0 - INFO - email gmail function started for camera: ppe_test_cam1, Type: PPE Alert
2026-07-23 15:52:51,223 - notification04e80ddacba0 - INFO - DataPath: /Aksha, main_dir: /Aksha
2026-07-23 15:52:51,224 - notification04e80ddacba0 - INFO - Loaded config from: /usr/src/app/app/socialPlatforms/keys.yaml
2026-07-23 15:52:51,224 - notification04e80ddacba0 - INFO - Using threadId from namespace: 19f8e7ef6b77a459
2026-07-23 15:52:51,224 - notification04e80ddacba0 - INFO - Credentials loaded successfully
2026-07-23 15:52:51,225 - notification04e80ddacba0 - INFO - telegram() | camera=ppe_test_cam1 | Type=PPE Alert | subscription=notification_results | service_status=True | chat_ids=[]
2026-07-23 15:52:51,225 - notification04e80ddacba0 - ERROR - Missing chat_ids or bot_token for Telegram
2026-07-23 15:52:51,518 - notification04e80ddacba0 - INFO - Gmail API discovered
2026-07-23 15:52:52,269 - notification04e80ddacba0 - INFO - Added threading headers for thread: 19f8e7ef6b77a459
2026-07-23 15:52:52,271 - notification04e80ddacba0 - INFO - Attached logo1 from: /usr/src/app/app/logo.png
2026-07-23 15:52:52,274 - notification04e80ddacba0 - INFO - Attached logo2 from: /usr/src/app/app/logo2.png
2026-07-23 15:52:52,274 - notification04e80ddacba0 - INFO - Looking for alert image at: /Aksha/ppe_test_cam1/alerts/2026-07-23/2026-07-23 15:52:51.21_alert.jpg
2026-07-23 15:52:52,283 - notification04e80ddacba0 - INFO - Attached alert image: /Aksha/ppe_test_cam1/alerts/2026-07-23/2026-07-23 15:52:51.21_alert.jpg
2026-07-23 15:52:52,307 - notification04e80ddacba0 - INFO - Sending email with threadId: 19f8e7ef6b77a459
2026-07-23 15:52:53,377 - notification04e80ddacba0 - ERROR - Error sending email: 



Too Many Requests

Content:
{'code': 429,
 'errors': [{'domain': 'global',
             'message': 'User-rate limit exceeded.  Retry after '
                        '2026-07-23T10:37:53.236Z (Mail sending)',
             'reason': 'rateLimitExceeded'}],
 'message': 'User-rate limit exceeded.  Retry after 2026-07-23T10:37:53.236Z '
            '(Mail sending)',
 'status': 'RESOURCE_EXHAUSTED'}

Request URL:
https://gmail.googleapis.com/gmail/v1/users/me/messages/send
2026-07-23 15:52:53,378 - notification04e80ddacba0 - ERROR - Traceback: Traceback (most recent call last):
  File "/usr/src/app/app/socialPlatforms/email.py", line 767, in email_gmail
    response = await google.as_user(
  File "/usr/local/lib/python3.10/site-packages/aiogoogle/client.py", line 270, in as_user
    return await self.send(
  File "/usr/local/lib/python3.10/site-packages/aiogoogle/client.py", line 425, in send
    return await session.send(*args, **kwargs)
  File "/usr/local/lib/python3.10/site-packages/aiogoogle/sessions/aiohttp_session.py", line 192, in send
    results = await schedule_tasks()
  File "/usr/local/lib/python3.10/site-packages/aiogoogle/sessions/aiohttp_session.py", line 177, in schedule_tasks
    return await asyncio.gather(
  File "/usr/local/lib/python3.10/site-packages/aiogoogle/sessions/aiohttp_session.py", line 171, in get_content
    response = await get_response(request)
  File "/usr/local/lib/python3.10/site-packages/aiogoogle/sessions/aiohttp_session.py", line 167, in get_response
    response.raise_for_status()
  File "/usr/local/lib/python3.10/site-packages/aiogoogle/models.py", line 481, in raise_for_status
    raise HTTPError(msg=self.reason, req=self.req, res=self)
aiogoogle.excs.HTTPError: 



Too Many Requests

Content:
{'code': 429,
 'errors': [{'domain': 'global',
             'message': 'User-rate limit exceeded.  Retry after '
                        '2026-07-23T10:37:53.236Z (Mail sending)',
             'reason': 'rateLimitExceeded'}],
 'message': 'User-rate limit exceeded.  Retry after 2026-07-23T10:37:53.236Z '
            '(Mail sending)',
 'status': 'RESOURCE_EXHAUSTED'}

Request URL:
https://gmail.googleapis.com/gmail/v1/users/me/messages/send

2026-07-23 15:52:53,380 - notification04e80ddacba0 - INFO - Updated threadId in app.config: 19f8e7ef6b77a459
2026-07-23 15:52:53,381 - notification04e80ddacba0 - INFO - [NOTIFICATION SENT] frame_id=None | camera=ppe_test_cam1 | Type=PPE Alert | topic=notification_results
2026-07-23 15:53:51,141 - notification04e80ddacba0 - INFO - _poll_kafka: 1 message(s) received from Kafka
2026-07-23 15:53:51,142 - notification04e80ddacba0 - INFO - [NOTIFICATION RECEIVED] frame_id=None | camera=ppe_test_cam1 | Type=PPE Alert | timestamp=2026-07-23 15:53:51.130000
2026-07-23 15:53:51,142 - notification04e80ddacba0 - INFO - send_notifications | camera=ppe_test_cam1 | Type=PPE Alert | recipients=['anvay011006@gmail.com'] | thread_id=19f8e7ef6b77a459
2026-07-23 15:53:51,142 - notification04e80ddacba0 - INFO - Queuing email task | camera=ppe_test_cam1 | to=['anvay011006@gmail.com']
2026-07-23 15:53:51,142 - notification04e80ddacba0 - INFO - Queuing telegram task | camera=ppe_test_cam1 | chat_ids=[]
2026-07-23 15:53:51,142 - notification04e80ddacba0 - INFO - Running 2 notification task(s) | camera=ppe_test_cam1
2026-07-23 15:53:51,142 - notification04e80ddacba0 - INFO - email gmail function started for camera: ppe_test_cam1, Type: PPE Alert
2026-07-23 15:53:51,142 - notification04e80ddacba0 - INFO - DataPath: /Aksha, main_dir: /Aksha
2026-07-23 15:53:51,144 - notification04e80ddacba0 - INFO - Loaded config from: /usr/src/app/app/socialPlatforms/keys.yaml
2026-07-23 15:53:51,144 - notification04e80ddacba0 - INFO - Using threadId from namespace: 19f8e7ef6b77a459
2026-07-23 15:53:51,144 - notification04e80ddacba0 - INFO - Credentials loaded successfully
2026-07-23 15:53:51,144 - notification04e80ddacba0 - INFO - telegram() | camera=ppe_test_cam1 | Type=PPE Alert | subscription=notification_results | service_status=True | chat_ids=[]
2026-07-23 15:53:51,144 - notification04e80ddacba0 - ERROR - Missing chat_ids or bot_token for Telegram
2026-07-23 15:53:51,437 - notification04e80ddacba0 - INFO - Gmail API discovered
2026-07-23 15:53:52,306 - notification04e80ddacba0 - INFO - Added threading headers for thread: 19f8e7ef6b77a459
2026-07-23 15:53:52,308 - notification04e80ddacba0 - INFO - Attached logo1 from: /usr/src/app/app/logo.png
2026-07-23 15:53:52,311 - notification04e80ddacba0 - INFO - Attached logo2 from: /usr/src/app/app/logo2.png
2026-07-23 15:53:52,311 - notification04e80ddacba0 - INFO - Looking for alert image at: /Aksha/ppe_test_cam1/alerts/2026-07-23/2026-07-23 15:53:51.13_alert.jpg
2026-07-23 15:53:52,320 - notification04e80ddacba0 - INFO - Attached alert image: /Aksha/ppe_test_cam1/alerts/2026-07-23/2026-07-23 15:53:51.13_alert.jpg
2026-07-23 15:53:52,345 - notification04e80ddacba0 - INFO - Sending email with threadId: 19f8e7ef6b77a459
2026-07-23 15:53:53,103 - notification04e80ddacba0 - ERROR - Error sending email: 



Too Many Requests

Content:
{'code': 429,
 'errors': [{'domain': 'global',
             'message': 'User-rate limit exceeded.  Retry after '
                        '2026-07-23T10:38:52.968Z (Mail sending)',
             'reason': 'rateLimitExceeded'}],
 'message': 'User-rate limit exceeded.  Retry after 2026-07-23T10:38:52.968Z '
            '(Mail sending)',
 'status': 'RESOURCE_EXHAUSTED'}

Request URL:
https://gmail.googleapis.com/gmail/v1/users/me/messages/send
2026-07-23 15:53:53,103 - notification04e80ddacba0 - ERROR - Traceback: Traceback (most recent call last):
  File "/usr/src/app/app/socialPlatforms/email.py", line 767, in email_gmail
    response = await google.as_user(
  File "/usr/local/lib/python3.10/site-packages/aiogoogle/client.py", line 270, in as_user
    return await self.send(
  File "/usr/local/lib/python3.10/site-packages/aiogoogle/client.py", line 425, in send
    return await session.send(*args, **kwargs)
  File "/usr/local/lib/python3.10/site-packages/aiogoogle/sessions/aiohttp_session.py", line 192, in send
    results = await schedule_tasks()
  File "/usr/local/lib/python3.10/site-packages/aiogoogle/sessions/aiohttp_session.py", line 177, in schedule_tasks
    return await asyncio.gather(
  File "/usr/local/lib/python3.10/site-packages/aiogoogle/sessions/aiohttp_session.py", line 171, in get_content
    response = await get_response(request)
  File "/usr/local/lib/python3.10/site-packages/aiogoogle/sessions/aiohttp_session.py", line 167, in get_response
    response.raise_for_status()
  File "/usr/local/lib/python3.10/site-packages/aiogoogle/models.py", line 481, in raise_for_status
    raise HTTPError(msg=self.reason, req=self.req, res=self)
aiogoogle.excs.HTTPError: 



Too Many Requests

Content:
{'code': 429,
 'errors': [{'domain': 'global',
             'message': 'User-rate limit exceeded.  Retry after '
                        '2026-07-23T10:38:52.968Z (Mail sending)',
             'reason': 'rateLimitExceeded'}],
 'message': 'User-rate limit exceeded.  Retry after 2026-07-23T10:38:52.968Z '
            '(Mail sending)',
 'status': 'RESOURCE_EXHAUSTED'}

Request URL:
https://gmail.googleapis.com/gmail/v1/users/me/messages/send

2026-07-23 15:53:53,104 - notification04e80ddacba0 - INFO - Updated threadId in app.config: 19f8e7ef6b77a459
2026-07-23 15:53:53,104 - notification04e80ddacba0 - INFO - [NOTIFICATION SENT] frame_id=None | camera=ppe_test_cam1 | Type=PPE Alert | topic=notification_results
2026-07-23 15:54:51,123 - notification04e80ddacba0 - INFO - _poll_kafka: 1 message(s) received from Kafka
2026-07-23 15:54:51,123 - notification04e80ddacba0 - INFO - [NOTIFICATION RECEIVED] frame_id=None | camera=ppe_test_cam1 | Type=PPE Alert | timestamp=2026-07-23 15:54:51.110000
2026-07-23 15:54:51,124 - notification04e80ddacba0 - INFO - send_notifications | camera=ppe_test_cam1 | Type=PPE Alert | recipients=['anvay011006@gmail.com'] | thread_id=19f8e7ef6b77a459
2026-07-23 15:54:51,124 - notification04e80ddacba0 - INFO - Queuing email task | camera=ppe_test_cam1 | to=['anvay011006@gmail.com']
2026-07-23 15:54:51,124 - notification04e80ddacba0 - INFO - Queuing telegram task | camera=ppe_test_cam1 | chat_ids=[]
2026-07-23 15:54:51,124 - notification04e80ddacba0 - INFO - Running 2 notification task(s) | camera=ppe_test_cam1
2026-07-23 15:54:51,124 - notification04e80ddacba0 - INFO - email gmail function started for camera: ppe_test_cam1, Type: PPE Alert
2026-07-23 15:54:51,124 - notification04e80ddacba0 - INFO - DataPath: /Aksha, main_dir: /Aksha
2026-07-23 15:54:51,125 - notification04e80ddacba0 - INFO - Loaded config from: /usr/src/app/app/socialPlatforms/keys.yaml
2026-07-23 15:54:51,125 - notification04e80ddacba0 - INFO - Using threadId from namespace: 19f8e7ef6b77a459
2026-07-23 15:54:51,125 - notification04e80ddacba0 - INFO - Credentials loaded successfully
2026-07-23 15:54:51,125 - notification04e80ddacba0 - INFO - telegram() | camera=ppe_test_cam1 | Type=PPE Alert | subscription=notification_results | service_status=True | chat_ids=[]
2026-07-23 15:54:51,125 - notification04e80ddacba0 - ERROR - Missing chat_ids or bot_token for Telegram
2026-07-23 15:54:52,073 - notification04e80ddacba0 - INFO - Gmail API discovered
2026-07-23 15:54:52,780 - notification04e80ddacba0 - INFO - Added threading headers for thread: 19f8e7ef6b77a459
2026-07-23 15:54:52,780 - notification04e80ddacba0 - INFO - Attached logo1 from: /usr/src/app/app/logo.png
2026-07-23 15:54:52,781 - notification04e80ddacba0 - INFO - Attached logo2 from: /usr/src/app/app/logo2.png
2026-07-23 15:54:52,781 - notification04e80ddacba0 - INFO - Looking for alert image at: /Aksha/ppe_test_cam1/alerts/2026-07-23/2026-07-23 15:54:51.11_alert.jpg
2026-07-23 15:54:52,786 - notification04e80ddacba0 - INFO - Attached alert image: /Aksha/ppe_test_cam1/alerts/2026-07-23/2026-07-23 15:54:51.11_alert.jpg
2026-07-23 15:54:52,799 - notification04e80ddacba0 - INFO - Sending email with threadId: 19f8e7ef6b77a459
2026-07-23 15:54:53,560 - notification04e80ddacba0 - ERROR - Error sending email: 



Too Many Requests

Content:
{'code': 429,
 'errors': [{'domain': 'global',
             'message': 'User-rate limit exceeded.  Retry after '
                        '2026-07-23T10:39:53.419Z (Mail sending)',
             'reason': 'rateLimitExceeded'}],
 'message': 'User-rate limit exceeded.  Retry after 2026-07-23T10:39:53.419Z '
            '(Mail sending)',
 'status': 'RESOURCE_EXHAUSTED'}

Request URL:
https://gmail.googleapis.com/gmail/v1/users/me/messages/send
2026-07-23 15:54:53,561 - notification04e80ddacba0 - ERROR - Traceback: Traceback (most recent call last):
  File "/usr/src/app/app/socialPlatforms/email.py", line 767, in email_gmail
    response = await google.as_user(
  File "/usr/local/lib/python3.10/site-packages/aiogoogle/client.py", line 270, in as_user
    return await self.send(
  File "/usr/local/lib/python3.10/site-packages/aiogoogle/client.py", line 425, in send
    return await session.send(*args, **kwargs)
  File "/usr/local/lib/python3.10/site-packages/aiogoogle/sessions/aiohttp_session.py", line 192, in send
    results = await schedule_tasks()
  File "/usr/local/lib/python3.10/site-packages/aiogoogle/sessions/aiohttp_session.py", line 177, in schedule_tasks
    return await asyncio.gather(
  File "/usr/local/lib/python3.10/site-packages/aiogoogle/sessions/aiohttp_session.py", line 171, in get_content
    response = await get_response(request)
  File "/usr/local/lib/python3.10/site-packages/aiogoogle/sessions/aiohttp_session.py", line 167, in get_response
    response.raise_for_status()
  File "/usr/local/lib/python3.10/site-packages/aiogoogle/models.py", line 481, in raise_for_status
    raise HTTPError(msg=self.reason, req=self.req, res=self)
aiogoogle.excs.HTTPError: 



Too Many Requests

Content:
{'code': 429,
 'errors': [{'domain': 'global',
             'message': 'User-rate limit exceeded.  Retry after '
                        '2026-07-23T10:39:53.419Z (Mail sending)',
             'reason': 'rateLimitExceeded'}],
 'message': 'User-rate limit exceeded.  Retry after 2026-07-23T10:39:53.419Z '
            '(Mail sending)',
 'status': 'RESOURCE_EXHAUSTED'}

Request URL:
https://gmail.googleapis.com/gmail/v1/users/me/messages/send

2026-07-23 15:54:53,564 - notification04e80ddacba0 - INFO - Updated threadId in app.config: 19f8e7ef6b77a459
2026-07-23 15:54:53,565 - notification04e80ddacba0 - INFO - [NOTIFICATION SENT] frame_id=None | camera=ppe_test_cam1 | Type=PPE Alert | topic=notification_results
2026-07-23 15:55:51,253 - notification04e80ddacba0 - INFO - _poll_kafka: 1 message(s) received from Kafka
2026-07-23 15:55:51,253 - notification04e80ddacba0 - INFO - [NOTIFICATION RECEIVED] frame_id=None | camera=ppe_test_cam1 | Type=PPE Alert | timestamp=2026-07-23 15:55:51.240000
2026-07-23 15:55:51,254 - notification04e80ddacba0 - INFO - send_notifications | camera=ppe_test_cam1 | Type=PPE Alert | recipients=['anvay011006@gmail.com'] | thread_id=19f8e7ef6b77a459
2026-07-23 15:55:51,254 - notification04e80ddacba0 - INFO - Queuing email task | camera=ppe_test_cam1 | to=['anvay011006@gmail.com']
2026-07-23 15:55:51,254 - notification04e80ddacba0 - INFO - Queuing telegram task | camera=ppe_test_cam1 | chat_ids=[]
2026-07-23 15:55:51,254 - notification04e80ddacba0 - INFO - Running 2 notification task(s) | camera=ppe_test_cam1
2026-07-23 15:55:51,254 - notification04e80ddacba0 - INFO - email gmail function started for camera: ppe_test_cam1, Type: PPE Alert
2026-07-23 15:55:51,254 - notification04e80ddacba0 - INFO - DataPath: /Aksha, main_dir: /Aksha
2026-07-23 15:55:51,255 - notification04e80ddacba0 - INFO - Loaded config from: /usr/src/app/app/socialPlatforms/keys.yaml
2026-07-23 15:55:51,255 - notification04e80ddacba0 - INFO - Using threadId from namespace: 19f8e7ef6b77a459
2026-07-23 15:55:51,255 - notification04e80ddacba0 - INFO - Credentials loaded successfully
2026-07-23 15:55:51,256 - notification04e80ddacba0 - INFO - telegram() | camera=ppe_test_cam1 | Type=PPE Alert | subscription=notification_results | service_status=True | chat_ids=[]
2026-07-23 15:55:51,256 - notification04e80ddacba0 - ERROR - Missing chat_ids or bot_token for Telegram
2026-07-23 15:55:51,547 - notification04e80ddacba0 - INFO - Gmail API discovered
2026-07-23 15:55:52,981 - notification04e80ddacba0 - INFO - Added threading headers for thread: 19f8e7ef6b77a459
2026-07-23 15:55:52,982 - notification04e80ddacba0 - INFO - Attached logo1 from: /usr/src/app/app/logo.png
2026-07-23 15:55:52,983 - notification04e80ddacba0 - INFO - Attached logo2 from: /usr/src/app/app/logo2.png
2026-07-23 15:55:52,983 - notification04e80ddacba0 - INFO - Looking for alert image at: /Aksha/ppe_test_cam1/alerts/2026-07-23/2026-07-23 15:55:51.24_alert.jpg
2026-07-23 15:55:52,985 - notification04e80ddacba0 - INFO - Attached alert image: /Aksha/ppe_test_cam1/alerts/2026-07-23/2026-07-23 15:55:51.24_alert.jpg
2026-07-23 15:55:52,990 - notification04e80ddacba0 - INFO - Sending email with threadId: 19f8e7ef6b77a459
2026-07-23 15:55:54,116 - notification04e80ddacba0 - ERROR - Error sending email: 



Too Many Requests

Content:
{'code': 429,
 'errors': [{'domain': 'global',
             'message': 'User-rate limit exceeded.  Retry after '
                        '2026-07-23T10:40:53.974Z (Mail sending)',
             'reason': 'rateLimitExceeded'}],
 'message': 'User-rate limit exceeded.  Retry after 2026-07-23T10:40:53.974Z '
            '(Mail sending)',
 'status': 'RESOURCE_EXHAUSTED'}

Request URL:
https://gmail.googleapis.com/gmail/v1/users/me/messages/send
2026-07-23 15:55:54,116 - notification04e80ddacba0 - ERROR - Traceback: Traceback (most recent call last):
  File "/usr/src/app/app/socialPlatforms/email.py", line 767, in email_gmail
    response = await google.as_user(
  File "/usr/local/lib/python3.10/site-packages/aiogoogle/client.py", line 270, in as_user
    return await self.send(
  File "/usr/local/lib/python3.10/site-packages/aiogoogle/client.py", line 425, in send
    return await session.send(*args, **kwargs)
  File "/usr/local/lib/python3.10/site-packages/aiogoogle/sessions/aiohttp_session.py", line 192, in send
    results = await schedule_tasks()
  File "/usr/local/lib/python3.10/site-packages/aiogoogle/sessions/aiohttp_session.py", line 177, in schedule_tasks
    return await asyncio.gather(
  File "/usr/local/lib/python3.10/site-packages/aiogoogle/sessions/aiohttp_session.py", line 171, in get_content
    response = await get_response(request)
  File "/usr/local/lib/python3.10/site-packages/aiogoogle/sessions/aiohttp_session.py", line 167, in get_response
    response.raise_for_status()
  File "/usr/local/lib/python3.10/site-packages/aiogoogle/models.py", line 481, in raise_for_status
    raise HTTPError(msg=self.reason, req=self.req, res=self)
aiogoogle.excs.HTTPError: 



Too Many Requests

Content:
{'code': 429,
 'errors': [{'domain': 'global',
             'message': 'User-rate limit exceeded.  Retry after '
                        '2026-07-23T10:40:53.974Z (Mail sending)',
             'reason': 'rateLimitExceeded'}],
 'message': 'User-rate limit exceeded.  Retry after 2026-07-23T10:40:53.974Z '
            '(Mail sending)',
 'status': 'RESOURCE_EXHAUSTED'}

Request URL:
https://gmail.googleapis.com/gmail/v1/users/me/messages/send

2026-07-23 15:55:54,118 - notification04e80ddacba0 - INFO - Updated threadId in app.config: 19f8e7ef6b77a459
2026-07-23 15:55:54,118 - notification04e80ddacba0 - INFO - [NOTIFICATION SENT] frame_id=None | camera=ppe_test_cam1 | Type=PPE Alert | topic=notification_results
2026-07-23 15:56:51,270 - notification04e80ddacba0 - INFO - _poll_kafka: 1 message(s) received from Kafka
2026-07-23 15:56:51,270 - notification04e80ddacba0 - INFO - [NOTIFICATION RECEIVED] frame_id=None | camera=ppe_test_cam1 | Type=PPE Alert | timestamp=2026-07-23 15:56:51.260000
2026-07-23 15:56:51,271 - notification04e80ddacba0 - INFO - send_notifications | camera=ppe_test_cam1 | Type=PPE Alert | recipients=['anvay011006@gmail.com'] | thread_id=19f8e7ef6b77a459
2026-07-23 15:56:51,271 - notification04e80ddacba0 - INFO - Queuing email task | camera=ppe_test_cam1 | to=['anvay011006@gmail.com']
2026-07-23 15:56:51,271 - notification04e80ddacba0 - INFO - Queuing telegram task | camera=ppe_test_cam1 | chat_ids=[]
2026-07-23 15:56:51,271 - notification04e80ddacba0 - INFO - Running 2 notification task(s) | camera=ppe_test_cam1
2026-07-23 15:56:51,271 - notification04e80ddacba0 - INFO - email gmail function started for camera: ppe_test_cam1, Type: PPE Alert
2026-07-23 15:56:51,271 - notification04e80ddacba0 - INFO - DataPath: /Aksha, main_dir: /Aksha
2026-07-23 15:56:51,272 - notification04e80ddacba0 - INFO - Loaded config from: /usr/src/app/app/socialPlatforms/keys.yaml
2026-07-23 15:56:51,273 - notification04e80ddacba0 - INFO - Using threadId from namespace: 19f8e7ef6b77a459
2026-07-23 15:56:51,273 - notification04e80ddacba0 - INFO - Credentials loaded successfully
2026-07-23 15:56:51,273 - notification04e80ddacba0 - INFO - telegram() | camera=ppe_test_cam1 | Type=PPE Alert | subscription=notification_results | service_status=True | chat_ids=[]
2026-07-23 15:56:51,273 - notification04e80ddacba0 - ERROR - Missing chat_ids or bot_token for Telegram
2026-07-23 15:56:51,548 - notification04e80ddacba0 - INFO - Gmail API discovered
2026-07-23 15:56:52,252 - notification04e80ddacba0 - INFO - Added threading headers for thread: 19f8e7ef6b77a459
2026-07-23 15:56:52,254 - notification04e80ddacba0 - INFO - Attached logo1 from: /usr/src/app/app/logo.png
2026-07-23 15:56:52,257 - notification04e80ddacba0 - INFO - Attached logo2 from: /usr/src/app/app/logo2.png
2026-07-23 15:56:52,257 - notification04e80ddacba0 - INFO - Looking for alert image at: /Aksha/ppe_test_cam1/alerts/2026-07-23/2026-07-23 15:56:51.26_alert.jpg
2026-07-23 15:56:52,266 - notification04e80ddacba0 - INFO - Attached alert image: /Aksha/ppe_test_cam1/alerts/2026-07-23/2026-07-23 15:56:51.26_alert.jpg
2026-07-23 15:56:52,292 - notification04e80ddacba0 - INFO - Sending email with threadId: 19f8e7ef6b77a459
2026-07-23 15:56:53,064 - notification04e80ddacba0 - ERROR - Error sending email: 



Too Many Requests

Content:
{'code': 429,
 'errors': [{'domain': 'global',
             'message': 'User-rate limit exceeded.  Retry after '
                        '2026-07-23T10:41:52.927Z (Mail sending)',
             'reason': 'rateLimitExceeded'}],
 'message': 'User-rate limit exceeded.  Retry after 2026-07-23T10:41:52.927Z '
            '(Mail sending)',
 'status': 'RESOURCE_EXHAUSTED'}

Request URL:
https://gmail.googleapis.com/gmail/v1/users/me/messages/send
2026-07-23 15:56:53,065 - notification04e80ddacba0 - ERROR - Traceback: Traceback (most recent call last):
  File "/usr/src/app/app/socialPlatforms/email.py", line 767, in email_gmail
    response = await google.as_user(
  File "/usr/local/lib/python3.10/site-packages/aiogoogle/client.py", line 270, in as_user
    return await self.send(
  File "/usr/local/lib/python3.10/site-packages/aiogoogle/client.py", line 425, in send
    return await session.send(*args, **kwargs)
  File "/usr/local/lib/python3.10/site-packages/aiogoogle/sessions/aiohttp_session.py", line 192, in send
    results = await schedule_tasks()
  File "/usr/local/lib/python3.10/site-packages/aiogoogle/sessions/aiohttp_session.py", line 177, in schedule_tasks
    return await asyncio.gather(
  File "/usr/local/lib/python3.10/site-packages/aiogoogle/sessions/aiohttp_session.py", line 171, in get_content
    response = await get_response(request)
  File "/usr/local/lib/python3.10/site-packages/aiogoogle/sessions/aiohttp_session.py", line 167, in get_response
    response.raise_for_status()
  File "/usr/local/lib/python3.10/site-packages/aiogoogle/models.py", line 481, in raise_for_status
    raise HTTPError(msg=self.reason, req=self.req, res=self)
aiogoogle.excs.HTTPError: 



Too Many Requests

Content:
{'code': 429,
 'errors': [{'domain': 'global',
             'message': 'User-rate limit exceeded.  Retry after '
                        '2026-07-23T10:41:52.927Z (Mail sending)',
             'reason': 'rateLimitExceeded'}],
 'message': 'User-rate limit exceeded.  Retry after 2026-07-23T10:41:52.927Z '
            '(Mail sending)',
 'status': 'RESOURCE_EXHAUSTED'}

Request URL:
https://gmail.googleapis.com/gmail/v1/users/me/messages/send

2026-07-23 15:56:53,067 - notification04e80ddacba0 - INFO - Updated threadId in app.config: 19f8e7ef6b77a459
2026-07-23 15:56:53,070 - notification04e80ddacba0 - INFO - [NOTIFICATION SENT] frame_id=None | camera=ppe_test_cam1 | Type=PPE Alert | topic=notification_results
2026-07-23 15:57:51,191 - notification04e80ddacba0 - INFO - _poll_kafka: 1 message(s) received from Kafka
2026-07-23 15:57:51,191 - notification04e80ddacba0 - INFO - [NOTIFICATION RECEIVED] frame_id=None | camera=ppe_test_cam1 | Type=PPE Alert | timestamp=2026-07-23 15:57:51.180000
2026-07-23 15:57:51,191 - notification04e80ddacba0 - INFO - send_notifications | camera=ppe_test_cam1 | Type=PPE Alert | recipients=['anvay011006@gmail.com'] | thread_id=19f8e7ef6b77a459
2026-07-23 15:57:51,191 - notification04e80ddacba0 - INFO - Queuing email task | camera=ppe_test_cam1 | to=['anvay011006@gmail.com']
2026-07-23 15:57:51,191 - notification04e80ddacba0 - INFO - Queuing telegram task | camera=ppe_test_cam1 | chat_ids=[]
2026-07-23 15:57:51,192 - notification04e80ddacba0 - INFO - Running 2 notification task(s) | camera=ppe_test_cam1
2026-07-23 15:57:51,192 - notification04e80ddacba0 - INFO - email gmail function started for camera: ppe_test_cam1, Type: PPE Alert
2026-07-23 15:57:51,192 - notification04e80ddacba0 - INFO - DataPath: /Aksha, main_dir: /Aksha
2026-07-23 15:57:51,193 - notification04e80ddacba0 - INFO - Loaded config from: /usr/src/app/app/socialPlatforms/keys.yaml
2026-07-23 15:57:51,193 - notification04e80ddacba0 - INFO - Using threadId from namespace: 19f8e7ef6b77a459
2026-07-23 15:57:51,193 - notification04e80ddacba0 - INFO - Credentials loaded successfully
2026-07-23 15:57:51,193 - notification04e80ddacba0 - INFO - telegram() | camera=ppe_test_cam1 | Type=PPE Alert | subscription=notification_results | service_status=True | chat_ids=[]
2026-07-23 15:57:51,193 - notification04e80ddacba0 - ERROR - Missing chat_ids or bot_token for Telegram
2026-07-23 15:57:51,470 - notification04e80ddacba0 - INFO - Gmail API discovered
2026-07-23 15:57:52,210 - notification04e80ddacba0 - INFO - Added threading headers for thread: 19f8e7ef6b77a459
2026-07-23 15:57:52,210 - notification04e80ddacba0 - INFO - Attached logo1 from: /usr/src/app/app/logo.png
2026-07-23 15:57:52,211 - notification04e80ddacba0 - INFO - Attached logo2 from: /usr/src/app/app/logo2.png
2026-07-23 15:57:52,211 - notification04e80ddacba0 - INFO - Looking for alert image at: /Aksha/ppe_test_cam1/alerts/2026-07-23/2026-07-23 15:57:51.18_alert.jpg
2026-07-23 15:57:52,213 - notification04e80ddacba0 - INFO - Attached alert image: /Aksha/ppe_test_cam1/alerts/2026-07-23/2026-07-23 15:57:51.18_alert.jpg
2026-07-23 15:57:52,218 - notification04e80ddacba0 - INFO - Sending email with threadId: 19f8e7ef6b77a459
2026-07-23 15:57:53,282 - notification04e80ddacba0 - ERROR - Error sending email: 



Too Many Requests

Content:
{'code': 429,
 'errors': [{'domain': 'global',
             'message': 'User-rate limit exceeded.  Retry after '
                        '2026-07-23T10:42:53.143Z (Mail sending)',
             'reason': 'rateLimitExceeded'}],
 'message': 'User-rate limit exceeded.  Retry after 2026-07-23T10:42:53.143Z '
            '(Mail sending)',
 'status': 'RESOURCE_EXHAUSTED'}

Request URL:
https://gmail.googleapis.com/gmail/v1/users/me/messages/send
2026-07-23 15:57:53,282 - notification04e80ddacba0 - ERROR - Traceback: Traceback (most recent call last):
  File "/usr/src/app/app/socialPlatforms/email.py", line 767, in email_gmail
    response = await google.as_user(
  File "/usr/local/lib/python3.10/site-packages/aiogoogle/client.py", line 270, in as_user
    return await self.send(
  File "/usr/local/lib/python3.10/site-packages/aiogoogle/client.py", line 425, in send
    return await session.send(*args, **kwargs)
  File "/usr/local/lib/python3.10/site-packages/aiogoogle/sessions/aiohttp_session.py", line 192, in send
    results = await schedule_tasks()
  File "/usr/local/lib/python3.10/site-packages/aiogoogle/sessions/aiohttp_session.py", line 177, in schedule_tasks
    return await asyncio.gather(
  File "/usr/local/lib/python3.10/site-packages/aiogoogle/sessions/aiohttp_session.py", line 171, in get_content
    response = await get_response(request)
  File "/usr/local/lib/python3.10/site-packages/aiogoogle/sessions/aiohttp_session.py", line 167, in get_response
    response.raise_for_status()
  File "/usr/local/lib/python3.10/site-packages/aiogoogle/models.py", line 481, in raise_for_status
    raise HTTPError(msg=self.reason, req=self.req, res=self)
aiogoogle.excs.HTTPError: 



Too Many Requests

Content:
{'code': 429,
 'errors': [{'domain': 'global',
             'message': 'User-rate limit exceeded.  Retry after '
                        '2026-07-23T10:42:53.143Z (Mail sending)',
             'reason': 'rateLimitExceeded'}],
 'message': 'User-rate limit exceeded.  Retry after 2026-07-23T10:42:53.143Z '
            '(Mail sending)',
 'status': 'RESOURCE_EXHAUSTED'}

Request URL:
https://gmail.googleapis.com/gmail/v1/users/me/messages/send

2026-07-23 15:57:53,283 - notification04e80ddacba0 - INFO - Updated threadId in app.config: 19f8e7ef6b77a459
2026-07-23 15:57:53,283 - notification04e80ddacba0 - INFO - [NOTIFICATION SENT] frame_id=None | camera=ppe_test_cam1 | Type=PPE Alert | topic=notification_results
2026-07-23 15:58:51,364 - notification04e80ddacba0 - INFO - _poll_kafka: 1 message(s) received from Kafka
2026-07-23 15:58:51,365 - notification04e80ddacba0 - INFO - [NOTIFICATION RECEIVED] frame_id=None | camera=ppe_test_cam1 | Type=PPE Alert | timestamp=2026-07-23 15:58:51.340000
2026-07-23 15:58:51,365 - notification04e80ddacba0 - INFO - send_notifications | camera=ppe_test_cam1 | Type=PPE Alert | recipients=['anvay011006@gmail.com'] | thread_id=19f8e7ef6b77a459
2026-07-23 15:58:51,365 - notification04e80ddacba0 - INFO - Queuing email task | camera=ppe_test_cam1 | to=['anvay011006@gmail.com']
2026-07-23 15:58:51,365 - notification04e80ddacba0 - INFO - Queuing telegram task | camera=ppe_test_cam1 | chat_ids=[]
2026-07-23 15:58:51,365 - notification04e80ddacba0 - INFO - Running 2 notification task(s) | camera=ppe_test_cam1
2026-07-23 15:58:51,367 - notification04e80ddacba0 - INFO - email gmail function started for camera: ppe_test_cam1, Type: PPE Alert
2026-07-23 15:58:51,367 - notification04e80ddacba0 - INFO - DataPath: /Aksha, main_dir: /Aksha
2026-07-23 15:58:51,373 - notification04e80ddacba0 - INFO - Loaded config from: /usr/src/app/app/socialPlatforms/keys.yaml
2026-07-23 15:58:51,373 - notification04e80ddacba0 - INFO - Using threadId from namespace: 19f8e7ef6b77a459
2026-07-23 15:58:51,374 - notification04e80ddacba0 - INFO - Credentials loaded successfully
2026-07-23 15:58:51,375 - notification04e80ddacba0 - INFO - telegram() | camera=ppe_test_cam1 | Type=PPE Alert | subscription=notification_results | service_status=True | chat_ids=[]
2026-07-23 15:58:51,375 - notification04e80ddacba0 - ERROR - Missing chat_ids or bot_token for Telegram
2026-07-23 15:58:51,685 - notification04e80ddacba0 - INFO - Gmail API discovered
2026-07-23 15:58:52,410 - notification04e80ddacba0 - INFO - Added threading headers for thread: 19f8e7ef6b77a459
2026-07-23 15:58:52,411 - notification04e80ddacba0 - INFO - Attached logo1 from: /usr/src/app/app/logo.png
2026-07-23 15:58:52,414 - notification04e80ddacba0 - INFO - Attached logo2 from: /usr/src/app/app/logo2.png
2026-07-23 15:58:52,415 - notification04e80ddacba0 - INFO - Looking for alert image at: /Aksha/ppe_test_cam1/alerts/2026-07-23/2026-07-23 15:58:51.34_alert.jpg
2026-07-23 15:58:52,423 - notification04e80ddacba0 - INFO - Attached alert image: /Aksha/ppe_test_cam1/alerts/2026-07-23/2026-07-23 15:58:51.34_alert.jpg
2026-07-23 15:58:52,447 - notification04e80ddacba0 - INFO - Sending email with threadId: 19f8e7ef6b77a459
2026-07-23 15:58:53,202 - notification04e80ddacba0 - ERROR - Error sending email: 



Too Many Requests

Content:
{'code': 429,
 'errors': [{'domain': 'global',
             'message': 'User-rate limit exceeded.  Retry after '
                        '2026-07-23T10:43:53.064Z (Mail sending)',
             'reason': 'rateLimitExceeded'}],
 'message': 'User-rate limit exceeded.  Retry after 2026-07-23T10:43:53.064Z '
            '(Mail sending)',
 'status': 'RESOURCE_EXHAUSTED'}

Request URL:
https://gmail.googleapis.com/gmail/v1/users/me/messages/send
2026-07-23 15:58:53,202 - notification04e80ddacba0 - ERROR - Traceback: Traceback (most recent call last):
  File "/usr/src/app/app/socialPlatforms/email.py", line 767, in email_gmail
    response = await google.as_user(
  File "/usr/local/lib/python3.10/site-packages/aiogoogle/client.py", line 270, in as_user
    return await self.send(
  File "/usr/local/lib/python3.10/site-packages/aiogoogle/client.py", line 425, in send
    return await session.send(*args, **kwargs)
  File "/usr/local/lib/python3.10/site-packages/aiogoogle/sessions/aiohttp_session.py", line 192, in send
    results = await schedule_tasks()
  File "/usr/local/lib/python3.10/site-packages/aiogoogle/sessions/aiohttp_session.py", line 177, in schedule_tasks
    return await asyncio.gather(
  File "/usr/local/lib/python3.10/site-packages/aiogoogle/sessions/aiohttp_session.py", line 171, in get_content
    response = await get_response(request)
  File "/usr/local/lib/python3.10/site-packages/aiogoogle/sessions/aiohttp_session.py", line 167, in get_response
    response.raise_for_status()
  File "/usr/local/lib/python3.10/site-packages/aiogoogle/models.py", line 481, in raise_for_status
    raise HTTPError(msg=self.reason, req=self.req, res=self)
aiogoogle.excs.HTTPError: 



Too Many Requests

Content:
{'code': 429,
 'errors': [{'domain': 'global',
             'message': 'User-rate limit exceeded.  Retry after '
                        '2026-07-23T10:43:53.064Z (Mail sending)',
             'reason': 'rateLimitExceeded'}],
 'message': 'User-rate limit exceeded.  Retry after 2026-07-23T10:43:53.064Z '
            '(Mail sending)',
 'status': 'RESOURCE_EXHAUSTED'}

Request URL:
https://gmail.googleapis.com/gmail/v1/users/me/messages/send

2026-07-23 15:58:53,203 - notification04e80ddacba0 - INFO - Updated threadId in app.config: 19f8e7ef6b77a459
2026-07-23 15:58:53,203 - notification04e80ddacba0 - INFO - [NOTIFICATION SENT] frame_id=None | camera=ppe_test_cam1 | Type=PPE Alert | topic=notification_results
2026-07-23 15:59:51,250 - notification04e80ddacba0 - INFO - _poll_kafka: 1 message(s) received from Kafka
2026-07-23 15:59:51,250 - notification04e80ddacba0 - INFO - [NOTIFICATION RECEIVED] frame_id=None | camera=ppe_test_cam1 | Type=PPE Alert | timestamp=2026-07-23 15:59:51.240000
2026-07-23 15:59:51,251 - notification04e80ddacba0 - INFO - send_notifications | camera=ppe_test_cam1 | Type=PPE Alert | recipients=['anvay011006@gmail.com'] | thread_id=19f8e7ef6b77a459
2026-07-23 15:59:51,251 - notification04e80ddacba0 - INFO - Queuing email task | camera=ppe_test_cam1 | to=['anvay011006@gmail.com']
2026-07-23 15:59:51,251 - notification04e80ddacba0 - INFO - Queuing telegram task | camera=ppe_test_cam1 | chat_ids=[]
2026-07-23 15:59:51,251 - notification04e80ddacba0 - INFO - Running 2 notification task(s) | camera=ppe_test_cam1
2026-07-23 15:59:51,251 - notification04e80ddacba0 - INFO - email gmail function started for camera: ppe_test_cam1, Type: PPE Alert
2026-07-23 15:59:51,251 - notification04e80ddacba0 - INFO - DataPath: /Aksha, main_dir: /Aksha
2026-07-23 15:59:51,252 - notification04e80ddacba0 - INFO - Loaded config from: /usr/src/app/app/socialPlatforms/keys.yaml
2026-07-23 15:59:51,252 - notification04e80ddacba0 - INFO - Using threadId from namespace: 19f8e7ef6b77a459
2026-07-23 15:59:51,253 - notification04e80ddacba0 - INFO - Credentials loaded successfully
2026-07-23 15:59:51,253 - notification04e80ddacba0 - INFO - telegram() | camera=ppe_test_cam1 | Type=PPE Alert | subscription=notification_results | service_status=True | chat_ids=[]
2026-07-23 15:59:51,253 - notification04e80ddacba0 - ERROR - Missing chat_ids or bot_token for Telegram
2026-07-23 15:59:51,538 - notification04e80ddacba0 - INFO - Gmail API discovered
2026-07-23 15:59:52,267 - notification04e80ddacba0 - INFO - Added threading headers for thread: 19f8e7ef6b77a459
2026-07-23 15:59:52,269 - notification04e80ddacba0 - INFO - Attached logo1 from: /usr/src/app/app/logo.png
2026-07-23 15:59:52,272 - notification04e80ddacba0 - INFO - Attached logo2 from: /usr/src/app/app/logo2.png
2026-07-23 15:59:52,272 - notification04e80ddacba0 - INFO - Looking for alert image at: /Aksha/ppe_test_cam1/alerts/2026-07-23/2026-07-23 15:59:51.24_alert.jpg
2026-07-23 15:59:52,281 - notification04e80ddacba0 - INFO - Attached alert image: /Aksha/ppe_test_cam1/alerts/2026-07-23/2026-07-23 15:59:51.24_alert.jpg
2026-07-23 15:59:52,305 - notification04e80ddacba0 - INFO - Sending email with threadId: 19f8e7ef6b77a459
2026-07-23 15:59:54,129 - notification04e80ddacba0 - ERROR - Error sending email: 



Too Many Requests

Content:
{'code': 429,
 'errors': [{'domain': 'global',
             'message': 'User-rate limit exceeded.  Retry after '
                        '2026-07-23T10:44:53.996Z (Mail sending)',
             'reason': 'rateLimitExceeded'}],
 'message': 'User-rate limit exceeded.  Retry after 2026-07-23T10:44:53.996Z '
            '(Mail sending)',
 'status': 'RESOURCE_EXHAUSTED'}

Request URL:
https://gmail.googleapis.com/gmail/v1/users/me/messages/send
2026-07-23 15:59:54,129 - notification04e80ddacba0 - ERROR - Traceback: Traceback (most recent call last):
  File "/usr/src/app/app/socialPlatforms/email.py", line 767, in email_gmail
    response = await google.as_user(
  File "/usr/local/lib/python3.10/site-packages/aiogoogle/client.py", line 270, in as_user
    return await self.send(
  File "/usr/local/lib/python3.10/site-packages/aiogoogle/client.py", line 425, in send
    return await session.send(*args, **kwargs)
  File "/usr/local/lib/python3.10/site-packages/aiogoogle/sessions/aiohttp_session.py", line 192, in send
    results = await schedule_tasks()
  File "/usr/local/lib/python3.10/site-packages/aiogoogle/sessions/aiohttp_session.py", line 177, in schedule_tasks
    return await asyncio.gather(
  File "/usr/local/lib/python3.10/site-packages/aiogoogle/sessions/aiohttp_session.py", line 171, in get_content
    response = await get_response(request)
  File "/usr/local/lib/python3.10/site-packages/aiogoogle/sessions/aiohttp_session.py", line 167, in get_response
    response.raise_for_status()
  File "/usr/local/lib/python3.10/site-packages/aiogoogle/models.py", line 481, in raise_for_status
    raise HTTPError(msg=self.reason, req=self.req, res=self)
aiogoogle.excs.HTTPError: 



Too Many Requests

Content:
{'code': 429,
 'errors': [{'domain': 'global',
             'message': 'User-rate limit exceeded.  Retry after '
                        '2026-07-23T10:44:53.996Z (Mail sending)',
             'reason': 'rateLimitExceeded'}],
 'message': 'User-rate limit exceeded.  Retry after 2026-07-23T10:44:53.996Z '
            '(Mail sending)',
 'status': 'RESOURCE_EXHAUSTED'}

Request URL:
https://gmail.googleapis.com/gmail/v1/users/me/messages/send

2026-07-23 15:59:54,130 - notification04e80ddacba0 - INFO - Updated threadId in app.config: 19f8e7ef6b77a459
2026-07-23 15:59:54,130 - notification04e80ddacba0 - INFO - [NOTIFICATION SENT] frame_id=None | camera=ppe_test_cam1 | Type=PPE Alert | topic=notification_results
2026-07-23 16:00:51,269 - notification04e80ddacba0 - INFO - _poll_kafka: 1 message(s) received from Kafka
2026-07-23 16:00:51,270 - notification04e80ddacba0 - INFO - [NOTIFICATION RECEIVED] frame_id=None | camera=ppe_test_cam1 | Type=PPE Alert | timestamp=2026-07-23 16:00:51.250000
2026-07-23 16:00:51,270 - notification04e80ddacba0 - INFO - send_notifications | camera=ppe_test_cam1 | Type=PPE Alert | recipients=['anvay011006@gmail.com'] | thread_id=19f8e7ef6b77a459
2026-07-23 16:00:51,271 - notification04e80ddacba0 - INFO - Queuing email task | camera=ppe_test_cam1 | to=['anvay011006@gmail.com']
2026-07-23 16:00:51,271 - notification04e80ddacba0 - INFO - Queuing telegram task | camera=ppe_test_cam1 | chat_ids=[]
2026-07-23 16:00:51,271 - notification04e80ddacba0 - INFO - Running 2 notification task(s) | camera=ppe_test_cam1
2026-07-23 16:00:51,271 - notification04e80ddacba0 - INFO - email gmail function started for camera: ppe_test_cam1, Type: PPE Alert
2026-07-23 16:00:51,272 - notification04e80ddacba0 - INFO - DataPath: /Aksha, main_dir: /Aksha
2026-07-23 16:00:51,278 - notification04e80ddacba0 - INFO - Loaded config from: /usr/src/app/app/socialPlatforms/keys.yaml
2026-07-23 16:00:51,278 - notification04e80ddacba0 - INFO - Using threadId from namespace: 19f8e7ef6b77a459
2026-07-23 16:00:51,279 - notification04e80ddacba0 - INFO - Credentials loaded successfully
2026-07-23 16:00:51,280 - notification04e80ddacba0 - INFO - telegram() | camera=ppe_test_cam1 | Type=PPE Alert | subscription=notification_results | service_status=True | chat_ids=[]
2026-07-23 16:00:51,280 - notification04e80ddacba0 - ERROR - Missing chat_ids or bot_token for Telegram
2026-07-23 16:00:51,550 - notification04e80ddacba0 - INFO - Gmail API discovered
2026-07-23 16:00:52,265 - notification04e80ddacba0 - INFO - Added threading headers for thread: 19f8e7ef6b77a459
2026-07-23 16:00:52,267 - notification04e80ddacba0 - INFO - Attached logo1 from: /usr/src/app/app/logo.png
2026-07-23 16:00:52,270 - notification04e80ddacba0 - INFO - Attached logo2 from: /usr/src/app/app/logo2.png
2026-07-23 16:00:52,271 - notification04e80ddacba0 - INFO - Looking for alert image at: /Aksha/ppe_test_cam1/alerts/2026-07-23/2026-07-23 16:00:51.25_alert.jpg
2026-07-23 16:00:52,281 - notification04e80ddacba0 - INFO - Attached alert image: /Aksha/ppe_test_cam1/alerts/2026-07-23/2026-07-23 16:00:51.25_alert.jpg
2026-07-23 16:00:52,308 - notification04e80ddacba0 - INFO - Sending email with threadId: 19f8e7ef6b77a459
2026-07-23 16:00:53,101 - notification04e80ddacba0 - ERROR - Error sending email: 



Too Many Requests

Content:
{'code': 429,
 'errors': [{'domain': 'global',
             'message': 'User-rate limit exceeded.  Retry after '
                        '2026-07-23T10:45:52.969Z (Mail sending)',
             'reason': 'rateLimitExceeded'}],
 'message': 'User-rate limit exceeded.  Retry after 2026-07-23T10:45:52.969Z '
            '(Mail sending)',
 'status': 'RESOURCE_EXHAUSTED'}

Request URL:
https://gmail.googleapis.com/gmail/v1/users/me/messages/send
2026-07-23 16:00:53,101 - notification04e80ddacba0 - ERROR - Traceback: Traceback (most recent call last):
  File "/usr/src/app/app/socialPlatforms/email.py", line 767, in email_gmail
    response = await google.as_user(
  File "/usr/local/lib/python3.10/site-packages/aiogoogle/client.py", line 270, in as_user
    return await self.send(
  File "/usr/local/lib/python3.10/site-packages/aiogoogle/client.py", line 425, in send
    return await session.send(*args, **kwargs)
  File "/usr/local/lib/python3.10/site-packages/aiogoogle/sessions/aiohttp_session.py", line 192, in send
    results = await schedule_tasks()
  File "/usr/local/lib/python3.10/site-packages/aiogoogle/sessions/aiohttp_session.py", line 177, in schedule_tasks
    return await asyncio.gather(
  File "/usr/local/lib/python3.10/site-packages/aiogoogle/sessions/aiohttp_session.py", line 171, in get_content
    response = await get_response(request)
  File "/usr/local/lib/python3.10/site-packages/aiogoogle/sessions/aiohttp_session.py", line 167, in get_response
    response.raise_for_status()
  File "/usr/local/lib/python3.10/site-packages/aiogoogle/models.py", line 481, in raise_for_status
    raise HTTPError(msg=self.reason, req=self.req, res=self)
aiogoogle.excs.HTTPError: 



Too Many Requests

Content:
{'code': 429,
 'errors': [{'domain': 'global',
             'message': 'User-rate limit exceeded.  Retry after '
                        '2026-07-23T10:45:52.969Z (Mail sending)',
             'reason': 'rateLimitExceeded'}],
 'message': 'User-rate limit exceeded.  Retry after 2026-07-23T10:45:52.969Z '
            '(Mail sending)',
 'status': 'RESOURCE_EXHAUSTED'}

Request URL:
https://gmail.googleapis.com/gmail/v1/users/me/messages/send

2026-07-23 16:00:53,101 - notification04e80ddacba0 - INFO - Updated threadId in app.config: 19f8e7ef6b77a459
2026-07-23 16:00:53,102 - notification04e80ddacba0 - INFO - [NOTIFICATION SENT] frame_id=None | camera=ppe_test_cam1 | Type=PPE Alert | topic=notification_results
2026-07-23 16:01:51,239 - notification04e80ddacba0 - INFO - _poll_kafka: 1 message(s) received from Kafka
2026-07-23 16:01:51,240 - notification04e80ddacba0 - INFO - [NOTIFICATION RECEIVED] frame_id=None | camera=ppe_test_cam1 | Type=PPE Alert | timestamp=2026-07-23 16:01:51.230000
2026-07-23 16:01:51,240 - notification04e80ddacba0 - INFO - send_notifications | camera=ppe_test_cam1 | Type=PPE Alert | recipients=['anvay011006@gmail.com'] | thread_id=19f8e7ef6b77a459
2026-07-23 16:01:51,240 - notification04e80ddacba0 - INFO - Queuing email task | camera=ppe_test_cam1 | to=['anvay011006@gmail.com']
2026-07-23 16:01:51,240 - notification04e80ddacba0 - INFO - Queuing telegram task | camera=ppe_test_cam1 | chat_ids=[]
2026-07-23 16:01:51,240 - notification04e80ddacba0 - INFO - Running 2 notification task(s) | camera=ppe_test_cam1
2026-07-23 16:01:51,240 - notification04e80ddacba0 - INFO - email gmail function started for camera: ppe_test_cam1, Type: PPE Alert
2026-07-23 16:01:51,240 - notification04e80ddacba0 - INFO - DataPath: /Aksha, main_dir: /Aksha
2026-07-23 16:01:51,241 - notification04e80ddacba0 - INFO - Loaded config from: /usr/src/app/app/socialPlatforms/keys.yaml
2026-07-23 16:01:51,241 - notification04e80ddacba0 - INFO - Using threadId from namespace: 19f8e7ef6b77a459
2026-07-23 16:01:51,242 - notification04e80ddacba0 - INFO - Credentials loaded successfully
2026-07-23 16:01:51,242 - notification04e80ddacba0 - INFO - telegram() | camera=ppe_test_cam1 | Type=PPE Alert | subscription=notification_results | service_status=True | chat_ids=[]
2026-07-23 16:01:51,242 - notification04e80ddacba0 - ERROR - Missing chat_ids or bot_token for Telegram
2026-07-23 16:01:51,616 - notification04e80ddacba0 - INFO - Gmail API discovered
2026-07-23 16:01:52,340 - notification04e80ddacba0 - INFO - Added threading headers for thread: 19f8e7ef6b77a459
2026-07-23 16:01:52,342 - notification04e80ddacba0 - INFO - Attached logo1 from: /usr/src/app/app/logo.png
2026-07-23 16:01:52,344 - notification04e80ddacba0 - INFO - Attached logo2 from: /usr/src/app/app/logo2.png
2026-07-23 16:01:52,345 - notification04e80ddacba0 - INFO - Looking for alert image at: /Aksha/ppe_test_cam1/alerts/2026-07-23/2026-07-23 16:01:51.23_alert.jpg
2026-07-23 16:01:52,352 - notification04e80ddacba0 - INFO - Attached alert image: /Aksha/ppe_test_cam1/alerts/2026-07-23/2026-07-23 16:01:51.23_alert.jpg
2026-07-23 16:01:52,364 - notification04e80ddacba0 - INFO - Sending email with threadId: 19f8e7ef6b77a459
2026-07-23 16:01:53,107 - notification04e80ddacba0 - ERROR - Error sending email: 



Too Many Requests

Content:
{'code': 429,
 'errors': [{'domain': 'global',
             'message': 'User-rate limit exceeded.  Retry after '
                        '2026-07-23T10:46:52.969Z (Mail sending)',
             'reason': 'rateLimitExceeded'}],
 'message': 'User-rate limit exceeded.  Retry after 2026-07-23T10:46:52.969Z '
            '(Mail sending)',
 'status': 'RESOURCE_EXHAUSTED'}

Request URL:
https://gmail.googleapis.com/gmail/v1/users/me/messages/send
2026-07-23 16:01:53,107 - notification04e80ddacba0 - ERROR - Traceback: Traceback (most recent call last):
  File "/usr/src/app/app/socialPlatforms/email.py", line 767, in email_gmail
    response = await google.as_user(
  File "/usr/local/lib/python3.10/site-packages/aiogoogle/client.py", line 270, in as_user
    return await self.send(
  File "/usr/local/lib/python3.10/site-packages/aiogoogle/client.py", line 425, in send
    return await session.send(*args, **kwargs)
  File "/usr/local/lib/python3.10/site-packages/aiogoogle/sessions/aiohttp_session.py", line 192, in send
    results = await schedule_tasks()
  File "/usr/local/lib/python3.10/site-packages/aiogoogle/sessions/aiohttp_session.py", line 177, in schedule_tasks
    return await asyncio.gather(
  File "/usr/local/lib/python3.10/site-packages/aiogoogle/sessions/aiohttp_session.py", line 171, in get_content
    response = await get_response(request)
  File "/usr/local/lib/python3.10/site-packages/aiogoogle/sessions/aiohttp_session.py", line 167, in get_response
    response.raise_for_status()
  File "/usr/local/lib/python3.10/site-packages/aiogoogle/models.py", line 481, in raise_for_status
    raise HTTPError(msg=self.reason, req=self.req, res=self)
aiogoogle.excs.HTTPError: 



Too Many Requests

Content:
{'code': 429,
 'errors': [{'domain': 'global',
             'message': 'User-rate limit exceeded.  Retry after '
                        '2026-07-23T10:46:52.969Z (Mail sending)',
             'reason': 'rateLimitExceeded'}],
 'message': 'User-rate limit exceeded.  Retry after 2026-07-23T10:46:52.969Z '
            '(Mail sending)',
 'status': 'RESOURCE_EXHAUSTED'}

Request URL:
https://gmail.googleapis.com/gmail/v1/users/me/messages/send

2026-07-23 16:01:53,107 - notification04e80ddacba0 - INFO - Updated threadId in app.config: 19f8e7ef6b77a459
2026-07-23 16:01:53,108 - notification04e80ddacba0 - INFO - [NOTIFICATION SENT] frame_id=None | camera=ppe_test_cam1 | Type=PPE Alert | topic=notification_results
2026-07-23 16:02:51,240 - notification04e80ddacba0 - INFO - _poll_kafka: 1 message(s) received from Kafka
2026-07-23 16:02:51,240 - notification04e80ddacba0 - INFO - [NOTIFICATION RECEIVED] frame_id=None | camera=ppe_test_cam1 | Type=PPE Alert | timestamp=2026-07-23 16:02:51.230000
2026-07-23 16:02:51,240 - notification04e80ddacba0 - INFO - send_notifications | camera=ppe_test_cam1 | Type=PPE Alert | recipients=['anvay011006@gmail.com'] | thread_id=19f8e7ef6b77a459
2026-07-23 16:02:51,240 - notification04e80ddacba0 - INFO - Queuing email task | camera=ppe_test_cam1 | to=['anvay011006@gmail.com']
2026-07-23 16:02:51,241 - notification04e80ddacba0 - INFO - Queuing telegram task | camera=ppe_test_cam1 | chat_ids=[]
2026-07-23 16:02:51,241 - notification04e80ddacba0 - INFO - Running 2 notification task(s) | camera=ppe_test_cam1
2026-07-23 16:02:51,241 - notification04e80ddacba0 - INFO - email gmail function started for camera: ppe_test_cam1, Type: PPE Alert
2026-07-23 16:02:51,241 - notification04e80ddacba0 - INFO - DataPath: /Aksha, main_dir: /Aksha
2026-07-23 16:02:51,242 - notification04e80ddacba0 - INFO - Loaded config from: /usr/src/app/app/socialPlatforms/keys.yaml
2026-07-23 16:02:51,242 - notification04e80ddacba0 - INFO - Using threadId from namespace: 19f8e7ef6b77a459
2026-07-23 16:02:51,242 - notification04e80ddacba0 - INFO - Credentials loaded successfully
2026-07-23 16:02:51,243 - notification04e80ddacba0 - INFO - telegram() | camera=ppe_test_cam1 | Type=PPE Alert | subscription=notification_results | service_status=True | chat_ids=[]
2026-07-23 16:02:51,243 - notification04e80ddacba0 - ERROR - Missing chat_ids or bot_token for Telegram
2026-07-23 16:02:51,514 - notification04e80ddacba0 - INFO - Gmail API discovered
2026-07-23 16:02:52,265 - notification04e80ddacba0 - INFO - Added threading headers for thread: 19f8e7ef6b77a459
2026-07-23 16:02:52,267 - notification04e80ddacba0 - INFO - Attached logo1 from: /usr/src/app/app/logo.png
2026-07-23 16:02:52,270 - notification04e80ddacba0 - INFO - Attached logo2 from: /usr/src/app/app/logo2.png
2026-07-23 16:02:52,270 - notification04e80ddacba0 - INFO - Looking for alert image at: /Aksha/ppe_test_cam1/alerts/2026-07-23/2026-07-23 16:02:51.23_alert.jpg
2026-07-23 16:02:52,279 - notification04e80ddacba0 - INFO - Attached alert image: /Aksha/ppe_test_cam1/alerts/2026-07-23/2026-07-23 16:02:51.23_alert.jpg
2026-07-23 16:02:52,304 - notification04e80ddacba0 - INFO - Sending email with threadId: 19f8e7ef6b77a459
2026-07-23 16:02:53,438 - notification04e80ddacba0 - ERROR - Error sending email: 



Too Many Requests

Content:
{'code': 429,
 'errors': [{'domain': 'global',
             'message': 'User-rate limit exceeded.  Retry after '
                        '2026-07-23T10:47:53.294Z (Mail sending)',
             'reason': 'rateLimitExceeded'}],
 'message': 'User-rate limit exceeded.  Retry after 2026-07-23T10:47:53.294Z '
            '(Mail sending)',
 'status': 'RESOURCE_EXHAUSTED'}

Request URL:
https://gmail.googleapis.com/gmail/v1/users/me/messages/send
2026-07-23 16:02:53,439 - notification04e80ddacba0 - ERROR - Traceback: Traceback (most recent call last):
  File "/usr/src/app/app/socialPlatforms/email.py", line 767, in email_gmail
    response = await google.as_user(
  File "/usr/local/lib/python3.10/site-packages/aiogoogle/client.py", line 270, in as_user
    return await self.send(
  File "/usr/local/lib/python3.10/site-packages/aiogoogle/client.py", line 425, in send
    return await session.send(*args, **kwargs)
  File "/usr/local/lib/python3.10/site-packages/aiogoogle/sessions/aiohttp_session.py", line 192, in send
    results = await schedule_tasks()
  File "/usr/local/lib/python3.10/site-packages/aiogoogle/sessions/aiohttp_session.py", line 177, in schedule_tasks
    return await asyncio.gather(
  File "/usr/local/lib/python3.10/site-packages/aiogoogle/sessions/aiohttp_session.py", line 171, in get_content
    response = await get_response(request)
  File "/usr/local/lib/python3.10/site-packages/aiogoogle/sessions/aiohttp_session.py", line 167, in get_response
    response.raise_for_status()
  File "/usr/local/lib/python3.10/site-packages/aiogoogle/models.py", line 481, in raise_for_status
    raise HTTPError(msg=self.reason, req=self.req, res=self)
aiogoogle.excs.HTTPError: 



Too Many Requests

Content:
{'code': 429,
 'errors': [{'domain': 'global',
             'message': 'User-rate limit exceeded.  Retry after '
                        '2026-07-23T10:47:53.294Z (Mail sending)',
             'reason': 'rateLimitExceeded'}],
 'message': 'User-rate limit exceeded.  Retry after 2026-07-23T10:47:53.294Z '
            '(Mail sending)',
 'status': 'RESOURCE_EXHAUSTED'}

Request URL:
https://gmail.googleapis.com/gmail/v1/users/me/messages/send

2026-07-23 16:02:53,441 - notification04e80ddacba0 - INFO - Updated threadId in app.config: 19f8e7ef6b77a459
2026-07-23 16:02:53,442 - notification04e80ddacba0 - INFO - [NOTIFICATION SENT] frame_id=None | camera=ppe_test_cam1 | Type=PPE Alert | topic=notification_results
2026-07-23 16:03:51,304 - notification04e80ddacba0 - INFO - _poll_kafka: 1 message(s) received from Kafka
2026-07-23 16:03:51,304 - notification04e80ddacba0 - INFO - [NOTIFICATION RECEIVED] frame_id=None | camera=ppe_test_cam1 | Type=PPE Alert | timestamp=2026-07-23 16:03:51.190000
2026-07-23 16:03:51,305 - notification04e80ddacba0 - INFO - send_notifications | camera=ppe_test_cam1 | Type=PPE Alert | recipients=['anvay011006@gmail.com'] | thread_id=19f8e7ef6b77a459
2026-07-23 16:03:51,305 - notification04e80ddacba0 - INFO - Queuing email task | camera=ppe_test_cam1 | to=['anvay011006@gmail.com']
2026-07-23 16:03:51,305 - notification04e80ddacba0 - INFO - Queuing telegram task | camera=ppe_test_cam1 | chat_ids=[]
2026-07-23 16:03:51,306 - notification04e80ddacba0 - INFO - Running 2 notification task(s) | camera=ppe_test_cam1
2026-07-23 16:03:51,306 - notification04e80ddacba0 - INFO - email gmail function started for camera: ppe_test_cam1, Type: PPE Alert
2026-07-23 16:03:51,307 - notification04e80ddacba0 - INFO - DataPath: /Aksha, main_dir: /Aksha
2026-07-23 16:03:51,313 - notification04e80ddacba0 - INFO - Loaded config from: /usr/src/app/app/socialPlatforms/keys.yaml
2026-07-23 16:03:51,313 - notification04e80ddacba0 - INFO - Using threadId from namespace: 19f8e7ef6b77a459
2026-07-23 16:03:51,313 - notification04e80ddacba0 - INFO - Credentials loaded successfully
2026-07-23 16:03:51,314 - notification04e80ddacba0 - INFO - telegram() | camera=ppe_test_cam1 | Type=PPE Alert | subscription=notification_results | service_status=True | chat_ids=[]
2026-07-23 16:03:51,315 - notification04e80ddacba0 - ERROR - Missing chat_ids or bot_token for Telegram
2026-07-23 16:03:51,619 - notification04e80ddacba0 - INFO - Gmail API discovered
2026-07-23 16:03:52,318 - notification04e80ddacba0 - INFO - Added threading headers for thread: 19f8e7ef6b77a459
2026-07-23 16:03:52,319 - notification04e80ddacba0 - INFO - Attached logo1 from: /usr/src/app/app/logo.png
2026-07-23 16:03:52,321 - notification04e80ddacba0 - INFO - Attached logo2 from: /usr/src/app/app/logo2.png
2026-07-23 16:03:52,321 - notification04e80ddacba0 - INFO - Looking for alert image at: /Aksha/ppe_test_cam1/alerts/2026-07-23/2026-07-23 16:03:51.19_alert.jpg
2026-07-23 16:03:52,325 - notification04e80ddacba0 - INFO - Attached alert image: /Aksha/ppe_test_cam1/alerts/2026-07-23/2026-07-23 16:03:51.19_alert.jpg
2026-07-23 16:03:52,337 - notification04e80ddacba0 - INFO - Sending email with threadId: 19f8e7ef6b77a459
2026-07-23 16:03:53,151 - notification04e80ddacba0 - ERROR - Error sending email: 



Too Many Requests

Content:
{'code': 429,
 'errors': [{'domain': 'global',
             'message': 'User-rate limit exceeded.  Retry after '
                        '2026-07-23T10:48:53.026Z (Mail sending)',
             'reason': 'rateLimitExceeded'}],
 'message': 'User-rate limit exceeded.  Retry after 2026-07-23T10:48:53.026Z '
            '(Mail sending)',
 'status': 'RESOURCE_EXHAUSTED'}

Request URL:
https://gmail.googleapis.com/gmail/v1/users/me/messages/send
2026-07-23 16:03:53,152 - notification04e80ddacba0 - ERROR - Traceback: Traceback (most recent call last):
  File "/usr/src/app/app/socialPlatforms/email.py", line 767, in email_gmail
    response = await google.as_user(
  File "/usr/local/lib/python3.10/site-packages/aiogoogle/client.py", line 270, in as_user
    return await self.send(
  File "/usr/local/lib/python3.10/site-packages/aiogoogle/client.py", line 425, in send
    return await session.send(*args, **kwargs)
  File "/usr/local/lib/python3.10/site-packages/aiogoogle/sessions/aiohttp_session.py", line 192, in send
    results = await schedule_tasks()
  File "/usr/local/lib/python3.10/site-packages/aiogoogle/sessions/aiohttp_session.py", line 177, in schedule_tasks
    return await asyncio.gather(
  File "/usr/local/lib/python3.10/site-packages/aiogoogle/sessions/aiohttp_session.py", line 171, in get_content
    response = await get_response(request)
  File "/usr/local/lib/python3.10/site-packages/aiogoogle/sessions/aiohttp_session.py", line 167, in get_response
    response.raise_for_status()
  File "/usr/local/lib/python3.10/site-packages/aiogoogle/models.py", line 481, in raise_for_status
    raise HTTPError(msg=self.reason, req=self.req, res=self)
aiogoogle.excs.HTTPError: 



Too Many Requests

Content:
{'code': 429,
 'errors': [{'domain': 'global',
             'message': 'User-rate limit exceeded.  Retry after '
                        '2026-07-23T10:48:53.026Z (Mail sending)',
             'reason': 'rateLimitExceeded'}],
 'message': 'User-rate limit exceeded.  Retry after 2026-07-23T10:48:53.026Z '
            '(Mail sending)',
 'status': 'RESOURCE_EXHAUSTED'}

Request URL:
https://gmail.googleapis.com/gmail/v1/users/me/messages/send

2026-07-23 16:03:53,152 - notification04e80ddacba0 - INFO - Updated threadId in app.config: 19f8e7ef6b77a459
2026-07-23 16:03:53,152 - notification04e80ddacba0 - INFO - [NOTIFICATION SENT] frame_id=None | camera=ppe_test_cam1 | Type=PPE Alert | topic=notification_results
2026-07-23 16:04:51,694 - notification04e80ddacba0 - INFO - _poll_kafka: 1 message(s) received from Kafka
2026-07-23 16:04:51,695 - notification04e80ddacba0 - INFO - [NOTIFICATION RECEIVED] frame_id=None | camera=ppe_test_cam1 | Type=PPE Alert | timestamp=2026-07-23 16:04:51.660000
2026-07-23 16:04:51,697 - notification04e80ddacba0 - INFO - send_notifications | camera=ppe_test_cam1 | Type=PPE Alert | recipients=['anvay011006@gmail.com'] | thread_id=19f8e7ef6b77a459
2026-07-23 16:04:51,697 - notification04e80ddacba0 - INFO - Queuing email task | camera=ppe_test_cam1 | to=['anvay011006@gmail.com']
2026-07-23 16:04:51,697 - notification04e80ddacba0 - INFO - Queuing telegram task | camera=ppe_test_cam1 | chat_ids=[]
2026-07-23 16:04:51,698 - notification04e80ddacba0 - INFO - Running 2 notification task(s) | camera=ppe_test_cam1
2026-07-23 16:04:51,698 - notification04e80ddacba0 - INFO - email gmail function started for camera: ppe_test_cam1, Type: PPE Alert
2026-07-23 16:04:51,698 - notification04e80ddacba0 - INFO - DataPath: /Aksha, main_dir: /Aksha
2026-07-23 16:04:51,703 - notification04e80ddacba0 - INFO - Loaded config from: /usr/src/app/app/socialPlatforms/keys.yaml
2026-07-23 16:04:51,703 - notification04e80ddacba0 - INFO - Using threadId from namespace: 19f8e7ef6b77a459
2026-07-23 16:04:51,704 - notification04e80ddacba0 - INFO - Credentials loaded successfully
2026-07-23 16:04:51,705 - notification04e80ddacba0 - INFO - telegram() | camera=ppe_test_cam1 | Type=PPE Alert | subscription=notification_results | service_status=True | chat_ids=[]
2026-07-23 16:04:51,705 - notification04e80ddacba0 - ERROR - Missing chat_ids or bot_token for Telegram
2026-07-23 16:04:51,985 - notification04e80ddacba0 - INFO - Gmail API discovered
2026-07-23 16:04:52,718 - notification04e80ddacba0 - INFO - Added threading headers for thread: 19f8e7ef6b77a459
2026-07-23 16:04:52,719 - notification04e80ddacba0 - INFO - Attached logo1 from: /usr/src/app/app/logo.png
2026-07-23 16:04:52,719 - notification04e80ddacba0 - INFO - Attached logo2 from: /usr/src/app/app/logo2.png
2026-07-23 16:04:52,719 - notification04e80ddacba0 - INFO - Looking for alert image at: /Aksha/ppe_test_cam1/alerts/2026-07-23/2026-07-23 16:04:51.66_alert.jpg
2026-07-23 16:04:52,721 - notification04e80ddacba0 - INFO - Attached alert image: /Aksha/ppe_test_cam1/alerts/2026-07-23/2026-07-23 16:04:51.66_alert.jpg
2026-07-23 16:04:52,726 - notification04e80ddacba0 - INFO - Sending email with threadId: 19f8e7ef6b77a459
2026-07-23 16:04:53,806 - notification04e80ddacba0 - ERROR - Error sending email: 



Too Many Requests

Content:
{'code': 429,
 'errors': [{'domain': 'global',
             'message': 'User-rate limit exceeded.  Retry after '
                        '2026-07-23T10:49:53.660Z (Mail sending)',
             'reason': 'rateLimitExceeded'}],
 'message': 'User-rate limit exceeded.  Retry after 2026-07-23T10:49:53.660Z '
            '(Mail sending)',
 'status': 'RESOURCE_EXHAUSTED'}

Request URL:
https://gmail.googleapis.com/gmail/v1/users/me/messages/send
2026-07-23 16:04:53,807 - notification04e80ddacba0 - ERROR - Traceback: Traceback (most recent call last):
  File "/usr/src/app/app/socialPlatforms/email.py", line 767, in email_gmail
    response = await google.as_user(
  File "/usr/local/lib/python3.10/site-packages/aiogoogle/client.py", line 270, in as_user
    return await self.send(
  File "/usr/local/lib/python3.10/site-packages/aiogoogle/client.py", line 425, in send
    return await session.send(*args, **kwargs)
  File "/usr/local/lib/python3.10/site-packages/aiogoogle/sessions/aiohttp_session.py", line 192, in send
    results = await schedule_tasks()
  File "/usr/local/lib/python3.10/site-packages/aiogoogle/sessions/aiohttp_session.py", line 177, in schedule_tasks
    return await asyncio.gather(
  File "/usr/local/lib/python3.10/site-packages/aiogoogle/sessions/aiohttp_session.py", line 171, in get_content
    response = await get_response(request)
  File "/usr/local/lib/python3.10/site-packages/aiogoogle/sessions/aiohttp_session.py", line 167, in get_response
    response.raise_for_status()
  File "/usr/local/lib/python3.10/site-packages/aiogoogle/models.py", line 481, in raise_for_status
    raise HTTPError(msg=self.reason, req=self.req, res=self)
aiogoogle.excs.HTTPError: 



Too Many Requests

Content:
{'code': 429,
 'errors': [{'domain': 'global',
             'message': 'User-rate limit exceeded.  Retry after '
                        '2026-07-23T10:49:53.660Z (Mail sending)',
             'reason': 'rateLimitExceeded'}],
 'message': 'User-rate limit exceeded.  Retry after 2026-07-23T10:49:53.660Z '
            '(Mail sending)',
 'status': 'RESOURCE_EXHAUSTED'}

Request URL:
https://gmail.googleapis.com/gmail/v1/users/me/messages/send

2026-07-23 16:04:53,811 - notification04e80ddacba0 - INFO - Updated threadId in app.config: 19f8e7ef6b77a459
2026-07-23 16:04:53,812 - notification04e80ddacba0 - INFO - [NOTIFICATION SENT] frame_id=None | camera=ppe_test_cam1 | Type=PPE Alert | topic=notification_results
2026-07-23 16:05:51,208 - notification04e80ddacba0 - INFO - _poll_kafka: 1 message(s) received from Kafka
2026-07-23 16:05:51,209 - notification04e80ddacba0 - INFO - [NOTIFICATION RECEIVED] frame_id=None | camera=ppe_test_cam1 | Type=PPE Alert | timestamp=2026-07-23 16:05:51.200000
2026-07-23 16:05:51,209 - notification04e80ddacba0 - INFO - send_notifications | camera=ppe_test_cam1 | Type=PPE Alert | recipients=['anvay011006@gmail.com'] | thread_id=19f8e7ef6b77a459
2026-07-23 16:05:51,209 - notification04e80ddacba0 - INFO - Queuing email task | camera=ppe_test_cam1 | to=['anvay011006@gmail.com']
2026-07-23 16:05:51,210 - notification04e80ddacba0 - INFO - Queuing telegram task | camera=ppe_test_cam1 | chat_ids=[]
2026-07-23 16:05:51,210 - notification04e80ddacba0 - INFO - Running 2 notification task(s) | camera=ppe_test_cam1
2026-07-23 16:05:51,210 - notification04e80ddacba0 - INFO - email gmail function started for camera: ppe_test_cam1, Type: PPE Alert
2026-07-23 16:05:51,210 - notification04e80ddacba0 - INFO - DataPath: /Aksha, main_dir: /Aksha
2026-07-23 16:05:51,211 - notification04e80ddacba0 - INFO - Loaded config from: /usr/src/app/app/socialPlatforms/keys.yaml
2026-07-23 16:05:51,211 - notification04e80ddacba0 - INFO - Using threadId from namespace: 19f8e7ef6b77a459
2026-07-23 16:05:51,211 - notification04e80ddacba0 - INFO - Credentials loaded successfully
2026-07-23 16:05:51,212 - notification04e80ddacba0 - INFO - telegram() | camera=ppe_test_cam1 | Type=PPE Alert | subscription=notification_results | service_status=True | chat_ids=[]
2026-07-23 16:05:51,212 - notification04e80ddacba0 - ERROR - Missing chat_ids or bot_token for Telegram
2026-07-23 16:05:51,498 - notification04e80ddacba0 - INFO - Gmail API discovered
2026-07-23 16:05:52,269 - notification04e80ddacba0 - INFO - Added threading headers for thread: 19f8e7ef6b77a459
2026-07-23 16:05:52,270 - notification04e80ddacba0 - INFO - Attached logo1 from: /usr/src/app/app/logo.png
2026-07-23 16:05:52,270 - notification04e80ddacba0 - INFO - Attached logo2 from: /usr/src/app/app/logo2.png
2026-07-23 16:05:52,271 - notification04e80ddacba0 - INFO - Looking for alert image at: /Aksha/ppe_test_cam1/alerts/2026-07-23/2026-07-23 16:05:51.20_alert.jpg
2026-07-23 16:05:52,273 - notification04e80ddacba0 - INFO - Attached alert image: /Aksha/ppe_test_cam1/alerts/2026-07-23/2026-07-23 16:05:51.20_alert.jpg
2026-07-23 16:05:52,279 - notification04e80ddacba0 - INFO - Sending email with threadId: 19f8e7ef6b77a459
2026-07-23 16:05:53,026 - notification04e80ddacba0 - ERROR - Error sending email: 



Too Many Requests

Content:
{'code': 429,
 'errors': [{'domain': 'global',
             'message': 'User-rate limit exceeded.  Retry after '
                        '2026-07-23T10:50:52.890Z (Mail sending)',
             'reason': 'rateLimitExceeded'}],
 'message': 'User-rate limit exceeded.  Retry after 2026-07-23T10:50:52.890Z '
            '(Mail sending)',
 'status': 'RESOURCE_EXHAUSTED'}

Request URL:
https://gmail.googleapis.com/gmail/v1/users/me/messages/send
2026-07-23 16:05:53,026 - notification04e80ddacba0 - ERROR - Traceback: Traceback (most recent call last):
  File "/usr/src/app/app/socialPlatforms/email.py", line 767, in email_gmail
    response = await google.as_user(
  File "/usr/local/lib/python3.10/site-packages/aiogoogle/client.py", line 270, in as_user
    return await self.send(
  File "/usr/local/lib/python3.10/site-packages/aiogoogle/client.py", line 425, in send
    return await session.send(*args, **kwargs)
  File "/usr/local/lib/python3.10/site-packages/aiogoogle/sessions/aiohttp_session.py", line 192, in send
    results = await schedule_tasks()
  File "/usr/local/lib/python3.10/site-packages/aiogoogle/sessions/aiohttp_session.py", line 177, in schedule_tasks
    return await asyncio.gather(
  File "/usr/local/lib/python3.10/site-packages/aiogoogle/sessions/aiohttp_session.py", line 171, in get_content
    response = await get_response(request)
  File "/usr/local/lib/python3.10/site-packages/aiogoogle/sessions/aiohttp_session.py", line 167, in get_response
    response.raise_for_status()
  File "/usr/local/lib/python3.10/site-packages/aiogoogle/models.py", line 481, in raise_for_status
    raise HTTPError(msg=self.reason, req=self.req, res=self)
aiogoogle.excs.HTTPError: 



Too Many Requests

Content:
{'code': 429,
 'errors': [{'domain': 'global',
             'message': 'User-rate limit exceeded.  Retry after '
                        '2026-07-23T10:50:52.890Z (Mail sending)',
             'reason': 'rateLimitExceeded'}],
 'message': 'User-rate limit exceeded.  Retry after 2026-07-23T10:50:52.890Z '
            '(Mail sending)',
 'status': 'RESOURCE_EXHAUSTED'}

Request URL:
https://gmail.googleapis.com/gmail/v1/users/me/messages/send

2026-07-23 16:05:53,055 - notification04e80ddacba0 - INFO - Updated threadId in app.config: 19f8e7ef6b77a459
2026-07-23 16:05:53,056 - notification04e80ddacba0 - INFO - [NOTIFICATION SENT] frame_id=None | camera=ppe_test_cam1 | Type=PPE Alert | topic=notification_results
2026-07-23 16:06:51,195 - notification04e80ddacba0 - INFO - _poll_kafka: 1 message(s) received from Kafka
2026-07-23 16:06:51,195 - notification04e80ddacba0 - INFO - [NOTIFICATION RECEIVED] frame_id=None | camera=ppe_test_cam1 | Type=PPE Alert | timestamp=2026-07-23 16:06:51.190000
2026-07-23 16:06:51,195 - notification04e80ddacba0 - INFO - send_notifications | camera=ppe_test_cam1 | Type=PPE Alert | recipients=['anvay011006@gmail.com'] | thread_id=19f8e7ef6b77a459
2026-07-23 16:06:51,195 - notification04e80ddacba0 - INFO - Queuing email task | camera=ppe_test_cam1 | to=['anvay011006@gmail.com']
2026-07-23 16:06:51,195 - notification04e80ddacba0 - INFO - Queuing telegram task | camera=ppe_test_cam1 | chat_ids=[]
2026-07-23 16:06:51,195 - notification04e80ddacba0 - INFO - Running 2 notification task(s) | camera=ppe_test_cam1
2026-07-23 16:06:51,195 - notification04e80ddacba0 - INFO - email gmail function started for camera: ppe_test_cam1, Type: PPE Alert
2026-07-23 16:06:51,196 - notification04e80ddacba0 - INFO - DataPath: /Aksha, main_dir: /Aksha
2026-07-23 16:06:51,197 - notification04e80ddacba0 - INFO - Loaded config from: /usr/src/app/app/socialPlatforms/keys.yaml
2026-07-23 16:06:51,197 - notification04e80ddacba0 - INFO - Using threadId from namespace: 19f8e7ef6b77a459
2026-07-23 16:06:51,197 - notification04e80ddacba0 - INFO - Credentials loaded successfully
2026-07-23 16:06:51,197 - notification04e80ddacba0 - INFO - telegram() | camera=ppe_test_cam1 | Type=PPE Alert | subscription=notification_results | service_status=True | chat_ids=[]
2026-07-23 16:06:51,197 - notification04e80ddacba0 - ERROR - Missing chat_ids or bot_token for Telegram
2026-07-23 16:06:51,477 - notification04e80ddacba0 - INFO - Gmail API discovered
2026-07-23 16:06:52,215 - notification04e80ddacba0 - INFO - Added threading headers for thread: 19f8e7ef6b77a459
2026-07-23 16:06:52,216 - notification04e80ddacba0 - INFO - Attached logo1 from: /usr/src/app/app/logo.png
2026-07-23 16:06:52,216 - notification04e80ddacba0 - INFO - Attached logo2 from: /usr/src/app/app/logo2.png
2026-07-23 16:06:52,216 - notification04e80ddacba0 - INFO - Looking for alert image at: /Aksha/ppe_test_cam1/alerts/2026-07-23/2026-07-23 16:06:51.19_alert.jpg
2026-07-23 16:06:52,218 - notification04e80ddacba0 - INFO - Attached alert image: /Aksha/ppe_test_cam1/alerts/2026-07-23/2026-07-23 16:06:51.19_alert.jpg
2026-07-23 16:06:52,223 - notification04e80ddacba0 - INFO - Sending email with threadId: 19f8e7ef6b77a459
2026-07-23 16:06:53,014 - notification04e80ddacba0 - ERROR - Error sending email: 



Too Many Requests

Content:
{'code': 429,
 'errors': [{'domain': 'global',
             'message': 'User-rate limit exceeded.  Retry after '
                        '2026-07-23T10:51:52.877Z (Mail sending)',
             'reason': 'rateLimitExceeded'}],
 'message': 'User-rate limit exceeded.  Retry after 2026-07-23T10:51:52.877Z '
            '(Mail sending)',
 'status': 'RESOURCE_EXHAUSTED'}

Request URL:
https://gmail.googleapis.com/gmail/v1/users/me/messages/send
2026-07-23 16:06:53,014 - notification04e80ddacba0 - ERROR - Traceback: Traceback (most recent call last):
  File "/usr/src/app/app/socialPlatforms/email.py", line 767, in email_gmail
    response = await google.as_user(
  File "/usr/local/lib/python3.10/site-packages/aiogoogle/client.py", line 270, in as_user
    return await self.send(
  File "/usr/local/lib/python3.10/site-packages/aiogoogle/client.py", line 425, in send
    return await session.send(*args, **kwargs)
  File "/usr/local/lib/python3.10/site-packages/aiogoogle/sessions/aiohttp_session.py", line 192, in send
    results = await schedule_tasks()
  File "/usr/local/lib/python3.10/site-packages/aiogoogle/sessions/aiohttp_session.py", line 177, in schedule_tasks
    return await asyncio.gather(
  File "/usr/local/lib/python3.10/site-packages/aiogoogle/sessions/aiohttp_session.py", line 171, in get_content
    response = await get_response(request)
  File "/usr/local/lib/python3.10/site-packages/aiogoogle/sessions/aiohttp_session.py", line 167, in get_response
    response.raise_for_status()
  File "/usr/local/lib/python3.10/site-packages/aiogoogle/models.py", line 481, in raise_for_status
    raise HTTPError(msg=self.reason, req=self.req, res=self)
aiogoogle.excs.HTTPError: 



Too Many Requests

Content:
{'code': 429,
 'errors': [{'domain': 'global',
             'message': 'User-rate limit exceeded.  Retry after '
                        '2026-07-23T10:51:52.877Z (Mail sending)',
             'reason': 'rateLimitExceeded'}],
 'message': 'User-rate limit exceeded.  Retry after 2026-07-23T10:51:52.877Z '
            '(Mail sending)',
 'status': 'RESOURCE_EXHAUSTED'}

Request URL:
https://gmail.googleapis.com/gmail/v1/users/me/messages/send

2026-07-23 16:06:53,247 - notification04e80ddacba0 - INFO - Updated threadId in app.config: 19f8e7ef6b77a459
2026-07-23 16:06:53,247 - notification04e80ddacba0 - INFO - [NOTIFICATION SENT] frame_id=None | camera=ppe_test_cam1 | Type=PPE Alert | topic=notification_results
2026-07-23 16:07:51,721 - notification04e80ddacba0 - INFO - _poll_kafka: 1 message(s) received from Kafka
2026-07-23 16:07:51,721 - notification04e80ddacba0 - INFO - [NOTIFICATION RECEIVED] frame_id=None | camera=ppe_test_cam1 | Type=PPE Alert | timestamp=2026-07-23 16:07:51.710000
2026-07-23 16:07:51,722 - notification04e80ddacba0 - INFO - send_notifications | camera=ppe_test_cam1 | Type=PPE Alert | recipients=['anvay011006@gmail.com'] | thread_id=19f8e7ef6b77a459
2026-07-23 16:07:51,722 - notification04e80ddacba0 - INFO - Queuing email task | camera=ppe_test_cam1 | to=['anvay011006@gmail.com']
2026-07-23 16:07:51,722 - notification04e80ddacba0 - INFO - Queuing telegram task | camera=ppe_test_cam1 | chat_ids=[]
2026-07-23 16:07:51,722 - notification04e80ddacba0 - INFO - Running 2 notification task(s) | camera=ppe_test_cam1
2026-07-23 16:07:51,722 - notification04e80ddacba0 - INFO - email gmail function started for camera: ppe_test_cam1, Type: PPE Alert
2026-07-23 16:07:51,722 - notification04e80ddacba0 - INFO - DataPath: /Aksha, main_dir: /Aksha
2026-07-23 16:07:51,724 - notification04e80ddacba0 - INFO - Loaded config from: /usr/src/app/app/socialPlatforms/keys.yaml
2026-07-23 16:07:51,724 - notification04e80ddacba0 - INFO - Using threadId from namespace: 19f8e7ef6b77a459
2026-07-23 16:07:51,724 - notification04e80ddacba0 - INFO - Credentials loaded successfully
2026-07-23 16:07:51,725 - notification04e80ddacba0 - INFO - telegram() | camera=ppe_test_cam1 | Type=PPE Alert | subscription=notification_results | service_status=True | chat_ids=[]
2026-07-23 16:07:51,725 - notification04e80ddacba0 - ERROR - Missing chat_ids or bot_token for Telegram
2026-07-23 16:07:51,990 - notification04e80ddacba0 - INFO - Gmail API discovered
2026-07-23 16:07:52,694 - notification04e80ddacba0 - INFO - Added threading headers for thread: 19f8e7ef6b77a459
2026-07-23 16:07:52,695 - notification04e80ddacba0 - INFO - Attached logo1 from: /usr/src/app/app/logo.png
2026-07-23 16:07:52,696 - notification04e80ddacba0 - INFO - Attached logo2 from: /usr/src/app/app/logo2.png
2026-07-23 16:07:52,696 - notification04e80ddacba0 - INFO - Looking for alert image at: /Aksha/ppe_test_cam1/alerts/2026-07-23/2026-07-23 16:07:51.71_alert.jpg
2026-07-23 16:07:52,702 - notification04e80ddacba0 - INFO - Attached alert image: /Aksha/ppe_test_cam1/alerts/2026-07-23/2026-07-23 16:07:51.71_alert.jpg
2026-07-23 16:07:52,712 - notification04e80ddacba0 - INFO - Sending email with threadId: 19f8e7ef6b77a459
2026-07-23 16:07:53,461 - notification04e80ddacba0 - ERROR - Error sending email: 



Too Many Requests

Content:
{'code': 429,
 'errors': [{'domain': 'global',
             'message': 'User-rate limit exceeded.  Retry after '
                        '2026-07-23T10:52:53.322Z (Mail sending)',
             'reason': 'rateLimitExceeded'}],
 'message': 'User-rate limit exceeded.  Retry after 2026-07-23T10:52:53.322Z '
            '(Mail sending)',
 'status': 'RESOURCE_EXHAUSTED'}

Request URL:
https://gmail.googleapis.com/gmail/v1/users/me/messages/send
2026-07-23 16:07:53,461 - notification04e80ddacba0 - ERROR - Traceback: Traceback (most recent call last):
  File "/usr/src/app/app/socialPlatforms/email.py", line 767, in email_gmail
    response = await google.as_user(
  File "/usr/local/lib/python3.10/site-packages/aiogoogle/client.py", line 270, in as_user
    return await self.send(
  File "/usr/local/lib/python3.10/site-packages/aiogoogle/client.py", line 425, in send
    return await session.send(*args, **kwargs)
  File "/usr/local/lib/python3.10/site-packages/aiogoogle/sessions/aiohttp_session.py", line 192, in send
    results = await schedule_tasks()
  File "/usr/local/lib/python3.10/site-packages/aiogoogle/sessions/aiohttp_session.py", line 177, in schedule_tasks
    return await asyncio.gather(
  File "/usr/local/lib/python3.10/site-packages/aiogoogle/sessions/aiohttp_session.py", line 171, in get_content
    response = await get_response(request)
  File "/usr/local/lib/python3.10/site-packages/aiogoogle/sessions/aiohttp_session.py", line 167, in get_response
    response.raise_for_status()
  File "/usr/local/lib/python3.10/site-packages/aiogoogle/models.py", line 481, in raise_for_status
    raise HTTPError(msg=self.reason, req=self.req, res=self)
aiogoogle.excs.HTTPError: 



Too Many Requests

Content:
{'code': 429,
 'errors': [{'domain': 'global',
             'message': 'User-rate limit exceeded.  Retry after '
                        '2026-07-23T10:52:53.322Z (Mail sending)',
             'reason': 'rateLimitExceeded'}],
 'message': 'User-rate limit exceeded.  Retry after 2026-07-23T10:52:53.322Z '
            '(Mail sending)',
 'status': 'RESOURCE_EXHAUSTED'}

Request URL:
https://gmail.googleapis.com/gmail/v1/users/me/messages/send

2026-07-23 16:07:53,462 - notification04e80ddacba0 - INFO - Updated threadId in app.config: 19f8e7ef6b77a459
2026-07-23 16:07:53,462 - notification04e80ddacba0 - INFO - [NOTIFICATION SENT] frame_id=None | camera=ppe_test_cam1 | Type=PPE Alert | topic=notification_results
2026-07-23 16:08:51,593 - notification04e80ddacba0 - INFO - _poll_kafka: 1 message(s) received from Kafka
2026-07-23 16:08:51,596 - notification04e80ddacba0 - INFO - [NOTIFICATION RECEIVED] frame_id=None | camera=ppe_test_cam1 | Type=PPE Alert | timestamp=2026-07-23 16:08:51.140000
2026-07-23 16:08:51,598 - notification04e80ddacba0 - INFO - send_notifications | camera=ppe_test_cam1 | Type=PPE Alert | recipients=['anvay011006@gmail.com'] | thread_id=19f8e7ef6b77a459
2026-07-23 16:08:51,600 - notification04e80ddacba0 - INFO - Queuing email task | camera=ppe_test_cam1 | to=['anvay011006@gmail.com']
2026-07-23 16:08:51,601 - notification04e80ddacba0 - INFO - Queuing telegram task | camera=ppe_test_cam1 | chat_ids=[]
2026-07-23 16:08:51,601 - notification04e80ddacba0 - INFO - Running 2 notification task(s) | camera=ppe_test_cam1
2026-07-23 16:08:51,602 - notification04e80ddacba0 - INFO - email gmail function started for camera: ppe_test_cam1, Type: PPE Alert
2026-07-23 16:08:51,603 - notification04e80ddacba0 - INFO - DataPath: /Aksha, main_dir: /Aksha
2026-07-23 16:08:51,651 - notification04e80ddacba0 - INFO - Loaded config from: /usr/src/app/app/socialPlatforms/keys.yaml
2026-07-23 16:08:51,653 - notification04e80ddacba0 - INFO - Using threadId from namespace: 19f8e7ef6b77a459
2026-07-23 16:08:51,654 - notification04e80ddacba0 - INFO - Credentials loaded successfully
2026-07-23 16:08:51,663 - notification04e80ddacba0 - INFO - telegram() | camera=ppe_test_cam1 | Type=PPE Alert | subscription=notification_results | service_status=True | chat_ids=[]
2026-07-23 16:08:51,664 - notification04e80ddacba0 - ERROR - Missing chat_ids or bot_token for Telegram
2026-07-23 16:08:51,994 - notification04e80ddacba0 - INFO - Gmail API discovered
2026-07-23 16:08:52,715 - notification04e80ddacba0 - INFO - Added threading headers for thread: 19f8e7ef6b77a459
2026-07-23 16:08:52,716 - notification04e80ddacba0 - INFO - Attached logo1 from: /usr/src/app/app/logo.png
2026-07-23 16:08:52,719 - notification04e80ddacba0 - INFO - Attached logo2 from: /usr/src/app/app/logo2.png
2026-07-23 16:08:52,720 - notification04e80ddacba0 - INFO - Looking for alert image at: /Aksha/ppe_test_cam1/alerts/2026-07-23/2026-07-23 16:08:51.14_alert.jpg
2026-07-23 16:08:52,722 - notification04e80ddacba0 - INFO - Attached alert image: /Aksha/ppe_test_cam1/alerts/2026-07-23/2026-07-23 16:08:51.14_alert.jpg
2026-07-23 16:08:52,729 - notification04e80ddacba0 - INFO - Sending email with threadId: 19f8e7ef6b77a459
2026-07-23 16:08:53,480 - notification04e80ddacba0 - ERROR - Error sending email: 



Too Many Requests

Content:
{'code': 429,
 'errors': [{'domain': 'global',
             'message': 'User-rate limit exceeded.  Retry after '
                        '2026-07-23T10:53:53.339Z (Mail sending)',
             'reason': 'rateLimitExceeded'}],
 'message': 'User-rate limit exceeded.  Retry after 2026-07-23T10:53:53.339Z '
            '(Mail sending)',
 'status': 'RESOURCE_EXHAUSTED'}

Request URL:
https://gmail.googleapis.com/gmail/v1/users/me/messages/send
2026-07-23 16:08:53,481 - notification04e80ddacba0 - ERROR - Traceback: Traceback (most recent call last):
  File "/usr/src/app/app/socialPlatforms/email.py", line 767, in email_gmail
    response = await google.as_user(
  File "/usr/local/lib/python3.10/site-packages/aiogoogle/client.py", line 270, in as_user
    return await self.send(
  File "/usr/local/lib/python3.10/site-packages/aiogoogle/client.py", line 425, in send
    return await session.send(*args, **kwargs)
  File "/usr/local/lib/python3.10/site-packages/aiogoogle/sessions/aiohttp_session.py", line 192, in send
    results = await schedule_tasks()
  File "/usr/local/lib/python3.10/site-packages/aiogoogle/sessions/aiohttp_session.py", line 177, in schedule_tasks
    return await asyncio.gather(
  File "/usr/local/lib/python3.10/site-packages/aiogoogle/sessions/aiohttp_session.py", line 171, in get_content
    response = await get_response(request)
  File "/usr/local/lib/python3.10/site-packages/aiogoogle/sessions/aiohttp_session.py", line 167, in get_response
    response.raise_for_status()
  File "/usr/local/lib/python3.10/site-packages/aiogoogle/models.py", line 481, in raise_for_status
    raise HTTPError(msg=self.reason, req=self.req, res=self)
aiogoogle.excs.HTTPError: 



Too Many Requests

Content:
{'code': 429,
 'errors': [{'domain': 'global',
             'message': 'User-rate limit exceeded.  Retry after '
                        '2026-07-23T10:53:53.339Z (Mail sending)',
             'reason': 'rateLimitExceeded'}],
 'message': 'User-rate limit exceeded.  Retry after 2026-07-23T10:53:53.339Z '
            '(Mail sending)',
 'status': 'RESOURCE_EXHAUSTED'}

Request URL:
https://gmail.googleapis.com/gmail/v1/users/me/messages/send

2026-07-23 16:08:53,483 - notification04e80ddacba0 - INFO - Updated threadId in app.config: 19f8e7ef6b77a459
2026-07-23 16:08:53,484 - notification04e80ddacba0 - INFO - [NOTIFICATION SENT] frame_id=None | camera=ppe_test_cam1 | Type=PPE Alert | topic=notification_results
2026-07-23 16:09:51,231 - notification04e80ddacba0 - INFO - _poll_kafka: 1 message(s) received from Kafka
2026-07-23 16:09:51,231 - notification04e80ddacba0 - INFO - [NOTIFICATION RECEIVED] frame_id=None | camera=ppe_test_cam1 | Type=PPE Alert | timestamp=2026-07-23 16:09:51.220000
2026-07-23 16:09:51,231 - notification04e80ddacba0 - INFO - send_notifications | camera=ppe_test_cam1 | Type=PPE Alert | recipients=['anvay011006@gmail.com'] | thread_id=19f8e7ef6b77a459
2026-07-23 16:09:51,231 - notification04e80ddacba0 - INFO - Queuing email task | camera=ppe_test_cam1 | to=['anvay011006@gmail.com']
2026-07-23 16:09:51,231 - notification04e80ddacba0 - INFO - Queuing telegram task | camera=ppe_test_cam1 | chat_ids=[]
2026-07-23 16:09:51,231 - notification04e80ddacba0 - INFO - Running 2 notification task(s) | camera=ppe_test_cam1
2026-07-23 16:09:51,231 - notification04e80ddacba0 - INFO - email gmail function started for camera: ppe_test_cam1, Type: PPE Alert
2026-07-23 16:09:51,231 - notification04e80ddacba0 - INFO - DataPath: /Aksha, main_dir: /Aksha
2026-07-23 16:09:51,233 - notification04e80ddacba0 - INFO - Loaded config from: /usr/src/app/app/socialPlatforms/keys.yaml
2026-07-23 16:09:51,233 - notification04e80ddacba0 - INFO - Using threadId from namespace: 19f8e7ef6b77a459
2026-07-23 16:09:51,233 - notification04e80ddacba0 - INFO - Credentials loaded successfully
2026-07-23 16:09:51,233 - notification04e80ddacba0 - INFO - telegram() | camera=ppe_test_cam1 | Type=PPE Alert | subscription=notification_results | service_status=True | chat_ids=[]
2026-07-23 16:09:51,233 - notification04e80ddacba0 - ERROR - Missing chat_ids or bot_token for Telegram
2026-07-23 16:09:51,546 - notification04e80ddacba0 - INFO - Gmail API discovered
2026-07-23 16:09:52,274 - notification04e80ddacba0 - INFO - Added threading headers for thread: 19f8e7ef6b77a459
2026-07-23 16:09:52,274 - notification04e80ddacba0 - INFO - Attached logo1 from: /usr/src/app/app/logo.png
2026-07-23 16:09:52,275 - notification04e80ddacba0 - INFO - Attached logo2 from: /usr/src/app/app/logo2.png
2026-07-23 16:09:52,276 - notification04e80ddacba0 - INFO - Looking for alert image at: /Aksha/ppe_test_cam1/alerts/2026-07-23/2026-07-23 16:09:51.22_alert.jpg
2026-07-23 16:09:52,278 - notification04e80ddacba0 - INFO - Attached alert image: /Aksha/ppe_test_cam1/alerts/2026-07-23/2026-07-23 16:09:51.22_alert.jpg
2026-07-23 16:09:52,284 - notification04e80ddacba0 - INFO - Sending email with threadId: 19f8e7ef6b77a459
2026-07-23 16:09:53,097 - notification04e80ddacba0 - ERROR - Error sending email: 



Too Many Requests

Content:
{'code': 429,
 'errors': [{'domain': 'global',
             'message': 'User-rate limit exceeded.  Retry after '
                        '2026-07-23T10:54:52.960Z (Mail sending)',
             'reason': 'rateLimitExceeded'}],
 'message': 'User-rate limit exceeded.  Retry after 2026-07-23T10:54:52.960Z '
            '(Mail sending)',
 'status': 'RESOURCE_EXHAUSTED'}

Request URL:
https://gmail.googleapis.com/gmail/v1/users/me/messages/send
2026-07-23 16:09:53,098 - notification04e80ddacba0 - ERROR - Traceback: Traceback (most recent call last):
  File "/usr/src/app/app/socialPlatforms/email.py", line 767, in email_gmail
    response = await google.as_user(
  File "/usr/local/lib/python3.10/site-packages/aiogoogle/client.py", line 270, in as_user
    return await self.send(
  File "/usr/local/lib/python3.10/site-packages/aiogoogle/client.py", line 425, in send
    return await session.send(*args, **kwargs)
  File "/usr/local/lib/python3.10/site-packages/aiogoogle/sessions/aiohttp_session.py", line 192, in send
    results = await schedule_tasks()
  File "/usr/local/lib/python3.10/site-packages/aiogoogle/sessions/aiohttp_session.py", line 177, in schedule_tasks
    return await asyncio.gather(
  File "/usr/local/lib/python3.10/site-packages/aiogoogle/sessions/aiohttp_session.py", line 171, in get_content
    response = await get_response(request)
  File "/usr/local/lib/python3.10/site-packages/aiogoogle/sessions/aiohttp_session.py", line 167, in get_response
    response.raise_for_status()
  File "/usr/local/lib/python3.10/site-packages/aiogoogle/models.py", line 481, in raise_for_status
    raise HTTPError(msg=self.reason, req=self.req, res=self)
aiogoogle.excs.HTTPError: 



Too Many Requests

Content:
{'code': 429,
 'errors': [{'domain': 'global',
             'message': 'User-rate limit exceeded.  Retry after '
                        '2026-07-23T10:54:52.960Z (Mail sending)',
             'reason': 'rateLimitExceeded'}],
 'message': 'User-rate limit exceeded.  Retry after 2026-07-23T10:54:52.960Z '
            '(Mail sending)',
 'status': 'RESOURCE_EXHAUSTED'}

Request URL:
https://gmail.googleapis.com/gmail/v1/users/me/messages/send

2026-07-23 16:09:53,188 - notification04e80ddacba0 - INFO - Updated threadId in app.config: 19f8e7ef6b77a459
2026-07-23 16:09:53,188 - notification04e80ddacba0 - INFO - [NOTIFICATION SENT] frame_id=None | camera=ppe_test_cam1 | Type=PPE Alert | topic=notification_results
