2026-08-17 20:19:56,227 - notification3ab8f474409a - INFO - _poll_kafka: 1 message(s) received from Kafka
2026-08-17 20:19:56,242 - notification3ab8f474409a - INFO - [NOTIFICATION RECEIVED] frame_id=None | camera=ppe_test_cam1 | Type=PPE Alert | timestamp=2026-08-17 20:19:56.180000
2026-08-17 20:19:56,243 - notification3ab8f474409a - INFO - send_notifications | camera=ppe_test_cam1 | Type=PPE Alert | recipients=['your_actual_email@example.com'] | thread_id=19ffc22af1a6056d
2026-08-17 20:19:56,244 - notification3ab8f474409a - INFO - Queuing email task | camera=ppe_test_cam1 | to=['your_actual_email@example.com']
2026-08-17 20:19:56,244 - notification3ab8f474409a - INFO - Queuing telegram task | camera=ppe_test_cam1 | chat_ids=[]
2026-08-17 20:19:56,245 - notification3ab8f474409a - INFO - Running 2 notification task(s) | camera=ppe_test_cam1
2026-08-17 20:19:56,245 - notification3ab8f474409a - INFO - email gmail function started for camera: ppe_test_cam1, Type: PPE Alert
2026-08-17 20:19:56,246 - notification3ab8f474409a - INFO - DataPath: /Aksha, main_dir: /Aksha
2026-08-17 20:19:56,252 - notification3ab8f474409a - INFO - Loaded config from: /usr/src/app/app/socialPlatforms/keys.yaml
2026-08-17 20:19:56,252 - notification3ab8f474409a - INFO - Using threadId from namespace: 19ffc22af1a6056d
2026-08-17 20:19:56,252 - notification3ab8f474409a - INFO - Credentials loaded successfully
2026-08-17 20:19:56,253 - notification3ab8f474409a - INFO - telegram() | camera=ppe_test_cam1 | Type=PPE Alert | subscription=notification_results | service_status=True | chat_ids=[]
2026-08-17 20:19:56,254 - notification3ab8f474409a - ERROR - Missing chat_ids or bot_token for Telegram
2026-08-17 20:19:56,623 - notification3ab8f474409a - INFO - Gmail API discovered
2026-08-17 20:19:58,201 - notification3ab8f474409a - INFO - Added threading headers for thread: 19ffc22af1a6056d
2026-08-17 20:19:58,201 - notification3ab8f474409a - INFO - Attached logo1 from: /usr/src/app/app/logo.png
2026-08-17 20:19:58,202 - notification3ab8f474409a - INFO - Attached logo2 from: /usr/src/app/app/logo2.png
2026-08-17 20:19:58,202 - notification3ab8f474409a - INFO - Looking for alert image at: /Aksha/ppe_test_cam1/alerts/2026-08-17/2026-08-17 20:19:56.18_alert.jpg
2026-08-17 20:19:58,204 - notification3ab8f474409a - INFO - Attached alert image: /Aksha/ppe_test_cam1/alerts/2026-08-17/2026-08-17 20:19:56.18_alert.jpg
2026-08-17 20:19:58,214 - notification3ab8f474409a - INFO - Sending email with threadId: 19ffc22af1a6056d
2026-08-17 20:19:59,290 - notification3ab8f474409a - ERROR - Error sending email: 



Too Many Requests

Content:
{'code': 429,
 'errors': [{'domain': 'global',
             'message': 'User-rate limit exceeded.  Retry after '
                        '2026-08-17T15:04:59.165Z (Mail sending)',
             'reason': 'rateLimitExceeded'}],
 'message': 'User-rate limit exceeded.  Retry after 2026-08-17T15:04:59.165Z '
            '(Mail sending)',
 'status': 'RESOURCE_EXHAUSTED'}

Request URL:
https://gmail.googleapis.com/gmail/v1/users/me/messages/send
2026-08-17 20:19:59,291 - notification3ab8f474409a - ERROR - Traceback: Traceback (most recent call last):
  File "/usr/src/app/app/socialPlatforms/email.py", line 767, in email_gmail
    response = await google.as_user(
  File "/usr/local/lib/python3.10/site-packages/aiogoogle/client.py", line 270, in as_user
    return await self.send(
  File "/usr/local/lib/python3.10/site-packages/aiogoogle/client.py", line 425, in send
    return await session.send(*args, **kwargs)
  File "/usr/local/lib/python3.10/site-packages/aiogoogle/sessions/aiohttp_session.py", line 192, in send
    results = await schedule_tasks()
  File "/usr/local/lib/python3.10/site-packages/aiogoogle/sessions/aiohttp_session.py", line 177, in schedule_tasks
    return await asyncio.gather(
  File "/usr/local/lib/python3.10/site-packages/aiogoogle/sessions/aiohttp_session.py", line 171, in get_content
    response = await get_response(request)
  File "/usr/local/lib/python3.10/site-packages/aiogoogle/sessions/aiohttp_session.py", line 167, in get_response
    response.raise_for_status()
  File "/usr/local/lib/python3.10/site-packages/aiogoogle/models.py", line 481, in raise_for_status
    raise HTTPError(msg=self.reason, req=self.req, res=self)
aiogoogle.excs.HTTPError: 



Too Many Requests

Content:
{'code': 429,
 'errors': [{'domain': 'global',
             'message': 'User-rate limit exceeded.  Retry after '
                        '2026-08-17T15:04:59.165Z (Mail sending)',
             'reason': 'rateLimitExceeded'}],
 'message': 'User-rate limit exceeded.  Retry after 2026-08-17T15:04:59.165Z '
            '(Mail sending)',
 'status': 'RESOURCE_EXHAUSTED'}

Request URL:
https://gmail.googleapis.com/gmail/v1/users/me/messages/send

2026-08-17 20:19:59,292 - notification3ab8f474409a - INFO - Updated threadId in app.config: 19ffc22af1a6056d
2026-08-17 20:19:59,293 - notification3ab8f474409a - INFO - [NOTIFICATION SENT] frame_id=None | camera=ppe_test_cam1 | Type=PPE Alert | topic=notification_results
2026-08-17 20:20:56,300 - notification3ab8f474409a - INFO - _poll_kafka: 1 message(s) received from Kafka
2026-08-17 20:20:56,300 - notification3ab8f474409a - INFO - [NOTIFICATION RECEIVED] frame_id=None | camera=ppe_test_cam1 | Type=PPE Alert | timestamp=2026-08-17 20:20:56.240000
2026-08-17 20:20:56,300 - notification3ab8f474409a - INFO - send_notifications | camera=ppe_test_cam1 | Type=PPE Alert | recipients=['your_actual_email@example.com'] | thread_id=19ffc22af1a6056d
2026-08-17 20:20:56,300 - notification3ab8f474409a - INFO - Queuing email task | camera=ppe_test_cam1 | to=['your_actual_email@example.com']
2026-08-17 20:20:56,300 - notification3ab8f474409a - INFO - Queuing telegram task | camera=ppe_test_cam1 | chat_ids=[]
2026-08-17 20:20:56,300 - notification3ab8f474409a - INFO - Running 2 notification task(s) | camera=ppe_test_cam1
2026-08-17 20:20:56,300 - notification3ab8f474409a - INFO - email gmail function started for camera: ppe_test_cam1, Type: PPE Alert
2026-08-17 20:20:56,300 - notification3ab8f474409a - INFO - DataPath: /Aksha, main_dir: /Aksha
2026-08-17 20:20:56,302 - notification3ab8f474409a - INFO - Loaded config from: /usr/src/app/app/socialPlatforms/keys.yaml
2026-08-17 20:20:56,302 - notification3ab8f474409a - INFO - Using threadId from namespace: 19ffc22af1a6056d
2026-08-17 20:20:56,302 - notification3ab8f474409a - INFO - Credentials loaded successfully
2026-08-17 20:20:56,302 - notification3ab8f474409a - INFO - telegram() | camera=ppe_test_cam1 | Type=PPE Alert | subscription=notification_results | service_status=True | chat_ids=[]
2026-08-17 20:20:56,302 - notification3ab8f474409a - ERROR - Missing chat_ids or bot_token for Telegram
2026-08-17 20:20:56,605 - notification3ab8f474409a - INFO - Gmail API discovered
2026-08-17 20:20:58,065 - notification3ab8f474409a - INFO - Added threading headers for thread: 19ffc22af1a6056d
2026-08-17 20:20:58,066 - notification3ab8f474409a - INFO - Attached logo1 from: /usr/src/app/app/logo.png
2026-08-17 20:20:58,066 - notification3ab8f474409a - INFO - Attached logo2 from: /usr/src/app/app/logo2.png
2026-08-17 20:20:58,066 - notification3ab8f474409a - INFO - Looking for alert image at: /Aksha/ppe_test_cam1/alerts/2026-08-17/2026-08-17 20:20:56.24_alert.jpg
2026-08-17 20:20:58,068 - notification3ab8f474409a - INFO - Attached alert image: /Aksha/ppe_test_cam1/alerts/2026-08-17/2026-08-17 20:20:56.24_alert.jpg
2026-08-17 20:20:58,078 - notification3ab8f474409a - INFO - Sending email with threadId: 19ffc22af1a6056d
2026-08-17 20:20:58,838 - notification3ab8f474409a - ERROR - Error sending email: 



Too Many Requests

Content:
{'code': 429,
 'errors': [{'domain': 'global',
             'message': 'User-rate limit exceeded.  Retry after '
                        '2026-08-17T15:05:58.710Z (Mail sending)',
             'reason': 'rateLimitExceeded'}],
 'message': 'User-rate limit exceeded.  Retry after 2026-08-17T15:05:58.710Z '
            '(Mail sending)',
 'status': 'RESOURCE_EXHAUSTED'}

Request URL:
https://gmail.googleapis.com/gmail/v1/users/me/messages/send
2026-08-17 20:20:58,838 - notification3ab8f474409a - ERROR - Traceback: Traceback (most recent call last):
  File "/usr/src/app/app/socialPlatforms/email.py", line 767, in email_gmail
    response = await google.as_user(
  File "/usr/local/lib/python3.10/site-packages/aiogoogle/client.py", line 270, in as_user
    return await self.send(
  File "/usr/local/lib/python3.10/site-packages/aiogoogle/client.py", line 425, in send
    return await session.send(*args, **kwargs)
  File "/usr/local/lib/python3.10/site-packages/aiogoogle/sessions/aiohttp_session.py", line 192, in send
    results = await schedule_tasks()
  File "/usr/local/lib/python3.10/site-packages/aiogoogle/sessions/aiohttp_session.py", line 177, in schedule_tasks
    return await asyncio.gather(
  File "/usr/local/lib/python3.10/site-packages/aiogoogle/sessions/aiohttp_session.py", line 171, in get_content
    response = await get_response(request)
  File "/usr/local/lib/python3.10/site-packages/aiogoogle/sessions/aiohttp_session.py", line 167, in get_response
    response.raise_for_status()
  File "/usr/local/lib/python3.10/site-packages/aiogoogle/models.py", line 481, in raise_for_status
    raise HTTPError(msg=self.reason, req=self.req, res=self)
aiogoogle.excs.HTTPError: 



Too Many Requests

Content:
{'code': 429,
 'errors': [{'domain': 'global',
             'message': 'User-rate limit exceeded.  Retry after '
                        '2026-08-17T15:05:58.710Z (Mail sending)',
             'reason': 'rateLimitExceeded'}],
 'message': 'User-rate limit exceeded.  Retry after 2026-08-17T15:05:58.710Z '
            '(Mail sending)',
 'status': 'RESOURCE_EXHAUSTED'}

Request URL:
https://gmail.googleapis.com/gmail/v1/users/me/messages/send

2026-08-17 20:20:58,846 - notification3ab8f474409a - INFO - Updated threadId in app.config: 19ffc22af1a6056d
2026-08-17 20:20:58,849 - notification3ab8f474409a - INFO - [NOTIFICATION SENT] frame_id=None | camera=ppe_test_cam1 | Type=PPE Alert | topic=notification_results
2026-08-17 20:21:56,287 - notification3ab8f474409a - INFO - _poll_kafka: 1 message(s) received from Kafka
2026-08-17 20:21:56,287 - notification3ab8f474409a - INFO - [NOTIFICATION RECEIVED] frame_id=None | camera=ppe_test_cam1 | Type=PPE Alert | timestamp=2026-08-17 20:21:56.230000
2026-08-17 20:21:56,288 - notification3ab8f474409a - INFO - send_notifications | camera=ppe_test_cam1 | Type=PPE Alert | recipients=['your_actual_email@example.com'] | thread_id=19ffc22af1a6056d
2026-08-17 20:21:56,288 - notification3ab8f474409a - INFO - Queuing email task | camera=ppe_test_cam1 | to=['your_actual_email@example.com']
2026-08-17 20:21:56,288 - notification3ab8f474409a - INFO - Queuing telegram task | camera=ppe_test_cam1 | chat_ids=[]
2026-08-17 20:21:56,288 - notification3ab8f474409a - INFO - Running 2 notification task(s) | camera=ppe_test_cam1
2026-08-17 20:21:56,288 - notification3ab8f474409a - INFO - email gmail function started for camera: ppe_test_cam1, Type: PPE Alert
2026-08-17 20:21:56,288 - notification3ab8f474409a - INFO - DataPath: /Aksha, main_dir: /Aksha
2026-08-17 20:21:56,290 - notification3ab8f474409a - INFO - Loaded config from: /usr/src/app/app/socialPlatforms/keys.yaml
2026-08-17 20:21:56,290 - notification3ab8f474409a - INFO - Using threadId from namespace: 19ffc22af1a6056d
2026-08-17 20:21:56,290 - notification3ab8f474409a - INFO - Credentials loaded successfully
2026-08-17 20:21:56,291 - notification3ab8f474409a - INFO - telegram() | camera=ppe_test_cam1 | Type=PPE Alert | subscription=notification_results | service_status=True | chat_ids=[]
2026-08-17 20:21:56,291 - notification3ab8f474409a - ERROR - Missing chat_ids or bot_token for Telegram
2026-08-17 20:21:56,588 - notification3ab8f474409a - INFO - Gmail API discovered
2026-08-17 20:21:58,173 - notification3ab8f474409a - INFO - Added threading headers for thread: 19ffc22af1a6056d
2026-08-17 20:21:58,174 - notification3ab8f474409a - INFO - Attached logo1 from: /usr/src/app/app/logo.png
2026-08-17 20:21:58,174 - notification3ab8f474409a - INFO - Attached logo2 from: /usr/src/app/app/logo2.png
2026-08-17 20:21:58,175 - notification3ab8f474409a - INFO - Looking for alert image at: /Aksha/ppe_test_cam1/alerts/2026-08-17/2026-08-17 20:21:56.23_alert.jpg
2026-08-17 20:21:58,177 - notification3ab8f474409a - INFO - Attached alert image: /Aksha/ppe_test_cam1/alerts/2026-08-17/2026-08-17 20:21:56.23_alert.jpg
2026-08-17 20:21:58,183 - notification3ab8f474409a - INFO - Sending email with threadId: 19ffc22af1a6056d
2026-08-17 20:21:58,948 - notification3ab8f474409a - ERROR - Error sending email: 



Too Many Requests

Content:
{'code': 429,
 'errors': [{'domain': 'global',
             'message': 'User-rate limit exceeded.  Retry after '
                        '2026-08-17T15:06:58.820Z (Mail sending)',
             'reason': 'rateLimitExceeded'}],
 'message': 'User-rate limit exceeded.  Retry after 2026-08-17T15:06:58.820Z '
            '(Mail sending)',
 'status': 'RESOURCE_EXHAUSTED'}

Request URL:
https://gmail.googleapis.com/gmail/v1/users/me/messages/send
2026-08-17 20:21:58,948 - notification3ab8f474409a - ERROR - Traceback: Traceback (most recent call last):
  File "/usr/src/app/app/socialPlatforms/email.py", line 767, in email_gmail
    response = await google.as_user(
  File "/usr/local/lib/python3.10/site-packages/aiogoogle/client.py", line 270, in as_user
    return await self.send(
  File "/usr/local/lib/python3.10/site-packages/aiogoogle/client.py", line 425, in send
    return await session.send(*args, **kwargs)
  File "/usr/local/lib/python3.10/site-packages/aiogoogle/sessions/aiohttp_session.py", line 192, in send
    results = await schedule_tasks()
  File "/usr/local/lib/python3.10/site-packages/aiogoogle/sessions/aiohttp_session.py", line 177, in schedule_tasks
    return await asyncio.gather(
  File "/usr/local/lib/python3.10/site-packages/aiogoogle/sessions/aiohttp_session.py", line 171, in get_content
    response = await get_response(request)
  File "/usr/local/lib/python3.10/site-packages/aiogoogle/sessions/aiohttp_session.py", line 167, in get_response
    response.raise_for_status()
  File "/usr/local/lib/python3.10/site-packages/aiogoogle/models.py", line 481, in raise_for_status
    raise HTTPError(msg=self.reason, req=self.req, res=self)
aiogoogle.excs.HTTPError: 



Too Many Requests

Content:
{'code': 429,
 'errors': [{'domain': 'global',
             'message': 'User-rate limit exceeded.  Retry after '
                        '2026-08-17T15:06:58.820Z (Mail sending)',
             'reason': 'rateLimitExceeded'}],
 'message': 'User-rate limit exceeded.  Retry after 2026-08-17T15:06:58.820Z '
            '(Mail sending)',
 'status': 'RESOURCE_EXHAUSTED'}

Request URL:
https://gmail.googleapis.com/gmail/v1/users/me/messages/send

2026-08-17 20:21:58,950 - notification3ab8f474409a - INFO - Updated threadId in app.config: 19ffc22af1a6056d
2026-08-17 20:21:58,950 - notification3ab8f474409a - INFO - [NOTIFICATION SENT] frame_id=None | camera=ppe_test_cam1 | Type=PPE Alert | topic=notification_results
2026-08-17 20:22:56,235 - notification3ab8f474409a - INFO - _poll_kafka: 1 message(s) received from Kafka
2026-08-17 20:22:56,235 - notification3ab8f474409a - INFO - [NOTIFICATION RECEIVED] frame_id=None | camera=ppe_test_cam1 | Type=PPE Alert | timestamp=2026-08-17 20:22:56.210000
2026-08-17 20:22:56,236 - notification3ab8f474409a - INFO - send_notifications | camera=ppe_test_cam1 | Type=PPE Alert | recipients=['your_actual_email@example.com'] | thread_id=19ffc22af1a6056d
2026-08-17 20:22:56,236 - notification3ab8f474409a - INFO - Queuing email task | camera=ppe_test_cam1 | to=['your_actual_email@example.com']
2026-08-17 20:22:56,236 - notification3ab8f474409a - INFO - Queuing telegram task | camera=ppe_test_cam1 | chat_ids=[]
2026-08-17 20:22:56,236 - notification3ab8f474409a - INFO - Running 2 notification task(s) | camera=ppe_test_cam1
2026-08-17 20:22:56,236 - notification3ab8f474409a - INFO - email gmail function started for camera: ppe_test_cam1, Type: PPE Alert
2026-08-17 20:22:56,236 - notification3ab8f474409a - INFO - DataPath: /Aksha, main_dir: /Aksha
2026-08-17 20:22:56,237 - notification3ab8f474409a - INFO - Loaded config from: /usr/src/app/app/socialPlatforms/keys.yaml
2026-08-17 20:22:56,237 - notification3ab8f474409a - INFO - Using threadId from namespace: 19ffc22af1a6056d
2026-08-17 20:22:56,238 - notification3ab8f474409a - INFO - Credentials loaded successfully
2026-08-17 20:22:56,238 - notification3ab8f474409a - INFO - telegram() | camera=ppe_test_cam1 | Type=PPE Alert | subscription=notification_results | service_status=True | chat_ids=[]
2026-08-17 20:22:56,238 - notification3ab8f474409a - ERROR - Missing chat_ids or bot_token for Telegram
2026-08-17 20:22:57,165 - notification3ab8f474409a - INFO - Gmail API discovered
2026-08-17 20:22:59,335 - notification3ab8f474409a - INFO - Added threading headers for thread: 19ffc22af1a6056d
2026-08-17 20:22:59,337 - notification3ab8f474409a - INFO - Attached logo1 from: /usr/src/app/app/logo.png
2026-08-17 20:22:59,340 - notification3ab8f474409a - INFO - Attached logo2 from: /usr/src/app/app/logo2.png
2026-08-17 20:22:59,340 - notification3ab8f474409a - INFO - Looking for alert image at: /Aksha/ppe_test_cam1/alerts/2026-08-17/2026-08-17 20:22:56.21_alert.jpg
2026-08-17 20:22:59,350 - notification3ab8f474409a - INFO - Attached alert image: /Aksha/ppe_test_cam1/alerts/2026-08-17/2026-08-17 20:22:56.21_alert.jpg
2026-08-17 20:22:59,375 - notification3ab8f474409a - INFO - Sending email with threadId: 19ffc22af1a6056d
2026-08-17 20:23:00,474 - notification3ab8f474409a - ERROR - Error sending email: 



Too Many Requests

Content:
{'code': 429,
 'errors': [{'domain': 'global',
             'message': 'User-rate limit exceeded.  Retry after '
                        '2026-08-17T15:08:00.336Z (Mail sending)',
             'reason': 'rateLimitExceeded'}],
 'message': 'User-rate limit exceeded.  Retry after 2026-08-17T15:08:00.336Z '
            '(Mail sending)',
 'status': 'RESOURCE_EXHAUSTED'}

Request URL:
https://gmail.googleapis.com/gmail/v1/users/me/messages/send
2026-08-17 20:23:00,475 - notification3ab8f474409a - ERROR - Traceback: Traceback (most recent call last):
  File "/usr/src/app/app/socialPlatforms/email.py", line 767, in email_gmail
    response = await google.as_user(
  File "/usr/local/lib/python3.10/site-packages/aiogoogle/client.py", line 270, in as_user
    return await self.send(
  File "/usr/local/lib/python3.10/site-packages/aiogoogle/client.py", line 425, in send
    return await session.send(*args, **kwargs)
  File "/usr/local/lib/python3.10/site-packages/aiogoogle/sessions/aiohttp_session.py", line 192, in send
    results = await schedule_tasks()
  File "/usr/local/lib/python3.10/site-packages/aiogoogle/sessions/aiohttp_session.py", line 177, in schedule_tasks
    return await asyncio.gather(
  File "/usr/local/lib/python3.10/site-packages/aiogoogle/sessions/aiohttp_session.py", line 171, in get_content
    response = await get_response(request)
  File "/usr/local/lib/python3.10/site-packages/aiogoogle/sessions/aiohttp_session.py", line 167, in get_response
    response.raise_for_status()
  File "/usr/local/lib/python3.10/site-packages/aiogoogle/models.py", line 481, in raise_for_status
    raise HTTPError(msg=self.reason, req=self.req, res=self)
aiogoogle.excs.HTTPError: 



Too Many Requests

Content:
{'code': 429,
 'errors': [{'domain': 'global',
             'message': 'User-rate limit exceeded.  Retry after '
                        '2026-08-17T15:08:00.336Z (Mail sending)',
             'reason': 'rateLimitExceeded'}],
 'message': 'User-rate limit exceeded.  Retry after 2026-08-17T15:08:00.336Z '
            '(Mail sending)',
 'status': 'RESOURCE_EXHAUSTED'}

Request URL:
https://gmail.googleapis.com/gmail/v1/users/me/messages/send

2026-08-17 20:23:00,492 - notification3ab8f474409a - INFO - Updated threadId in app.config: 19ffc22af1a6056d
2026-08-17 20:23:00,493 - notification3ab8f474409a - INFO - [NOTIFICATION SENT] frame_id=None | camera=ppe_test_cam1 | Type=PPE Alert | topic=notification_results
2026-08-17 20:23:56,150 - notification3ab8f474409a - INFO - _poll_kafka: 1 message(s) received from Kafka
2026-08-17 20:23:56,150 - notification3ab8f474409a - INFO - [NOTIFICATION RECEIVED] frame_id=None | camera=ppe_test_cam1 | Type=PPE Alert | timestamp=2026-08-17 20:23:56.120000
2026-08-17 20:23:56,150 - notification3ab8f474409a - INFO - send_notifications | camera=ppe_test_cam1 | Type=PPE Alert | recipients=['your_actual_email@example.com'] | thread_id=19ffc22af1a6056d
2026-08-17 20:23:56,150 - notification3ab8f474409a - INFO - Queuing email task | camera=ppe_test_cam1 | to=['your_actual_email@example.com']
2026-08-17 20:23:56,150 - notification3ab8f474409a - INFO - Queuing telegram task | camera=ppe_test_cam1 | chat_ids=[]
2026-08-17 20:23:56,151 - notification3ab8f474409a - INFO - Running 2 notification task(s) | camera=ppe_test_cam1
2026-08-17 20:23:56,151 - notification3ab8f474409a - INFO - email gmail function started for camera: ppe_test_cam1, Type: PPE Alert
2026-08-17 20:23:56,151 - notification3ab8f474409a - INFO - DataPath: /Aksha, main_dir: /Aksha
2026-08-17 20:23:56,152 - notification3ab8f474409a - INFO - Loaded config from: /usr/src/app/app/socialPlatforms/keys.yaml
2026-08-17 20:23:56,152 - notification3ab8f474409a - INFO - Using threadId from namespace: 19ffc22af1a6056d
2026-08-17 20:23:56,152 - notification3ab8f474409a - INFO - Credentials loaded successfully
2026-08-17 20:23:56,152 - notification3ab8f474409a - INFO - telegram() | camera=ppe_test_cam1 | Type=PPE Alert | subscription=notification_results | service_status=True | chat_ids=[]
2026-08-17 20:23:56,152 - notification3ab8f474409a - ERROR - Missing chat_ids or bot_token for Telegram
2026-08-17 20:23:57,082 - notification3ab8f474409a - INFO - Gmail API discovered
2026-08-17 20:23:58,461 - notification3ab8f474409a - INFO - Added threading headers for thread: 19ffc22af1a6056d
2026-08-17 20:23:58,463 - notification3ab8f474409a - INFO - Attached logo1 from: /usr/src/app/app/logo.png
2026-08-17 20:23:58,469 - notification3ab8f474409a - INFO - Attached logo2 from: /usr/src/app/app/logo2.png
2026-08-17 20:23:58,470 - notification3ab8f474409a - INFO - Looking for alert image at: /Aksha/ppe_test_cam1/alerts/2026-08-17/2026-08-17 20:23:56.12_alert.jpg
2026-08-17 20:23:58,487 - notification3ab8f474409a - INFO - Attached alert image: /Aksha/ppe_test_cam1/alerts/2026-08-17/2026-08-17 20:23:56.12_alert.jpg
2026-08-17 20:23:58,523 - notification3ab8f474409a - INFO - Sending email with threadId: 19ffc22af1a6056d
2026-08-17 20:23:59,312 - notification3ab8f474409a - ERROR - Error sending email: 



Too Many Requests

Content:
{'code': 429,
 'errors': [{'domain': 'global',
             'message': 'User-rate limit exceeded.  Retry after '
                        '2026-08-17T15:08:59.195Z (Mail sending)',
             'reason': 'rateLimitExceeded'}],
 'message': 'User-rate limit exceeded.  Retry after 2026-08-17T15:08:59.195Z '
            '(Mail sending)',
 'status': 'RESOURCE_EXHAUSTED'}

Request URL:
https://gmail.googleapis.com/gmail/v1/users/me/messages/send
2026-08-17 20:23:59,313 - notification3ab8f474409a - ERROR - Traceback: Traceback (most recent call last):
  File "/usr/src/app/app/socialPlatforms/email.py", line 767, in email_gmail
    response = await google.as_user(
  File "/usr/local/lib/python3.10/site-packages/aiogoogle/client.py", line 270, in as_user
    return await self.send(
  File "/usr/local/lib/python3.10/site-packages/aiogoogle/client.py", line 425, in send
    return await session.send(*args, **kwargs)
  File "/usr/local/lib/python3.10/site-packages/aiogoogle/sessions/aiohttp_session.py", line 192, in send
    results = await schedule_tasks()
  File "/usr/local/lib/python3.10/site-packages/aiogoogle/sessions/aiohttp_session.py", line 177, in schedule_tasks
    return await asyncio.gather(
  File "/usr/local/lib/python3.10/site-packages/aiogoogle/sessions/aiohttp_session.py", line 171, in get_content
    response = await get_response(request)
  File "/usr/local/lib/python3.10/site-packages/aiogoogle/sessions/aiohttp_session.py", line 167, in get_response
    response.raise_for_status()
  File "/usr/local/lib/python3.10/site-packages/aiogoogle/models.py", line 481, in raise_for_status
    raise HTTPError(msg=self.reason, req=self.req, res=self)
aiogoogle.excs.HTTPError: 



Too Many Requests

Content:
{'code': 429,
 'errors': [{'domain': 'global',
             'message': 'User-rate limit exceeded.  Retry after '
                        '2026-08-17T15:08:59.195Z (Mail sending)',
             'reason': 'rateLimitExceeded'}],
 'message': 'User-rate limit exceeded.  Retry after 2026-08-17T15:08:59.195Z '
            '(Mail sending)',
 'status': 'RESOURCE_EXHAUSTED'}

Request URL:
https://gmail.googleapis.com/gmail/v1/users/me/messages/send

2026-08-17 20:23:59,317 - notification3ab8f474409a - INFO - Updated threadId in app.config: 19ffc22af1a6056d
2026-08-17 20:23:59,318 - notification3ab8f474409a - INFO - [NOTIFICATION SENT] frame_id=None | camera=ppe_test_cam1 | Type=PPE Alert | topic=notification_results
2026-08-17 20:24:56,307 - notification3ab8f474409a - INFO - _poll_kafka: 1 message(s) received from Kafka
2026-08-17 20:24:56,307 - notification3ab8f474409a - INFO - [NOTIFICATION RECEIVED] frame_id=None | camera=ppe_test_cam1 | Type=PPE Alert | timestamp=2026-08-17 20:24:56.210000
2026-08-17 20:24:56,308 - notification3ab8f474409a - INFO - send_notifications | camera=ppe_test_cam1 | Type=PPE Alert | recipients=['your_actual_email@example.com'] | thread_id=19ffc22af1a6056d
2026-08-17 20:24:56,308 - notification3ab8f474409a - INFO - Queuing email task | camera=ppe_test_cam1 | to=['your_actual_email@example.com']
2026-08-17 20:24:56,308 - notification3ab8f474409a - INFO - Queuing telegram task | camera=ppe_test_cam1 | chat_ids=[]
2026-08-17 20:24:56,308 - notification3ab8f474409a - INFO - Running 2 notification task(s) | camera=ppe_test_cam1
2026-08-17 20:24:56,308 - notification3ab8f474409a - INFO - email gmail function started for camera: ppe_test_cam1, Type: PPE Alert
2026-08-17 20:24:56,308 - notification3ab8f474409a - INFO - DataPath: /Aksha, main_dir: /Aksha
2026-08-17 20:24:56,311 - notification3ab8f474409a - INFO - Loaded config from: /usr/src/app/app/socialPlatforms/keys.yaml
2026-08-17 20:24:56,311 - notification3ab8f474409a - INFO - Using threadId from namespace: 19ffc22af1a6056d
2026-08-17 20:24:56,311 - notification3ab8f474409a - INFO - Credentials loaded successfully
2026-08-17 20:24:56,312 - notification3ab8f474409a - INFO - telegram() | camera=ppe_test_cam1 | Type=PPE Alert | subscription=notification_results | service_status=True | chat_ids=[]
2026-08-17 20:24:56,312 - notification3ab8f474409a - ERROR - Missing chat_ids or bot_token for Telegram
2026-08-17 20:24:56,883 - notification3ab8f474409a - INFO - Gmail API discovered
2026-08-17 20:24:58,047 - notification3ab8f474409a - INFO - Added threading headers for thread: 19ffc22af1a6056d
2026-08-17 20:24:58,047 - notification3ab8f474409a - INFO - Attached logo1 from: /usr/src/app/app/logo.png
2026-08-17 20:24:58,048 - notification3ab8f474409a - INFO - Attached logo2 from: /usr/src/app/app/logo2.png
2026-08-17 20:24:58,048 - notification3ab8f474409a - INFO - Looking for alert image at: /Aksha/ppe_test_cam1/alerts/2026-08-17/2026-08-17 20:24:56.21_alert.jpg
2026-08-17 20:24:58,050 - notification3ab8f474409a - INFO - Attached alert image: /Aksha/ppe_test_cam1/alerts/2026-08-17/2026-08-17 20:24:56.21_alert.jpg
2026-08-17 20:24:58,055 - notification3ab8f474409a - INFO - Sending email with threadId: 19ffc22af1a6056d
2026-08-17 20:24:58,743 - notification3ab8f474409a - ERROR - Error sending email: 



Too Many Requests

Content:
{'code': 429,
 'errors': [{'domain': 'global',
             'message': 'User-rate limit exceeded.  Retry after '
                        '2026-08-17T15:09:58.613Z (Mail sending)',
             'reason': 'rateLimitExceeded'}],
 'message': 'User-rate limit exceeded.  Retry after 2026-08-17T15:09:58.613Z '
            '(Mail sending)',
 'status': 'RESOURCE_EXHAUSTED'}

Request URL:
https://gmail.googleapis.com/gmail/v1/users/me/messages/send
2026-08-17 20:24:58,744 - notification3ab8f474409a - ERROR - Traceback: Traceback (most recent call last):
  File "/usr/src/app/app/socialPlatforms/email.py", line 767, in email_gmail
    response = await google.as_user(
  File "/usr/local/lib/python3.10/site-packages/aiogoogle/client.py", line 270, in as_user
    return await self.send(
  File "/usr/local/lib/python3.10/site-packages/aiogoogle/client.py", line 425, in send
    return await session.send(*args, **kwargs)
  File "/usr/local/lib/python3.10/site-packages/aiogoogle/sessions/aiohttp_session.py", line 192, in send
    results = await schedule_tasks()
  File "/usr/local/lib/python3.10/site-packages/aiogoogle/sessions/aiohttp_session.py", line 177, in schedule_tasks
    return await asyncio.gather(
  File "/usr/local/lib/python3.10/site-packages/aiogoogle/sessions/aiohttp_session.py", line 171, in get_content
    response = await get_response(request)
  File "/usr/local/lib/python3.10/site-packages/aiogoogle/sessions/aiohttp_session.py", line 167, in get_response
    response.raise_for_status()
  File "/usr/local/lib/python3.10/site-packages/aiogoogle/models.py", line 481, in raise_for_status
    raise HTTPError(msg=self.reason, req=self.req, res=self)
aiogoogle.excs.HTTPError: 



Too Many Requests

Content:
{'code': 429,
 'errors': [{'domain': 'global',
             'message': 'User-rate limit exceeded.  Retry after '
                        '2026-08-17T15:09:58.613Z (Mail sending)',
             'reason': 'rateLimitExceeded'}],
 'message': 'User-rate limit exceeded.  Retry after 2026-08-17T15:09:58.613Z '
            '(Mail sending)',
 'status': 'RESOURCE_EXHAUSTED'}

Request URL:
https://gmail.googleapis.com/gmail/v1/users/me/messages/send

2026-08-17 20:24:58,748 - notification3ab8f474409a - INFO - Updated threadId in app.config: 19ffc22af1a6056d
2026-08-17 20:24:58,748 - notification3ab8f474409a - INFO - [NOTIFICATION SENT] frame_id=None | camera=ppe_test_cam1 | Type=PPE Alert | topic=notification_results
2026-08-17 20:25:56,271 - notification3ab8f474409a - INFO - _poll_kafka: 1 message(s) received from Kafka
2026-08-17 20:25:56,271 - notification3ab8f474409a - INFO - [NOTIFICATION RECEIVED] frame_id=None | camera=ppe_test_cam1 | Type=PPE Alert | timestamp=2026-08-17 20:25:56.240000
2026-08-17 20:25:56,272 - notification3ab8f474409a - INFO - send_notifications | camera=ppe_test_cam1 | Type=PPE Alert | recipients=['your_actual_email@example.com'] | thread_id=19ffc22af1a6056d
2026-08-17 20:25:56,272 - notification3ab8f474409a - INFO - Queuing email task | camera=ppe_test_cam1 | to=['your_actual_email@example.com']
2026-08-17 20:25:56,272 - notification3ab8f474409a - INFO - Queuing telegram task | camera=ppe_test_cam1 | chat_ids=[]
2026-08-17 20:25:56,272 - notification3ab8f474409a - INFO - Running 2 notification task(s) | camera=ppe_test_cam1
2026-08-17 20:25:56,272 - notification3ab8f474409a - INFO - email gmail function started for camera: ppe_test_cam1, Type: PPE Alert
2026-08-17 20:25:56,272 - notification3ab8f474409a - INFO - DataPath: /Aksha, main_dir: /Aksha
2026-08-17 20:25:56,273 - notification3ab8f474409a - INFO - Loaded config from: /usr/src/app/app/socialPlatforms/keys.yaml
2026-08-17 20:25:56,274 - notification3ab8f474409a - INFO - Using threadId from namespace: 19ffc22af1a6056d
2026-08-17 20:25:56,274 - notification3ab8f474409a - INFO - Credentials loaded successfully
2026-08-17 20:25:56,274 - notification3ab8f474409a - INFO - telegram() | camera=ppe_test_cam1 | Type=PPE Alert | subscription=notification_results | service_status=True | chat_ids=[]
2026-08-17 20:25:56,274 - notification3ab8f474409a - ERROR - Missing chat_ids or bot_token for Telegram
2026-08-17 20:25:56,581 - notification3ab8f474409a - INFO - Gmail API discovered
2026-08-17 20:25:58,012 - notification3ab8f474409a - INFO - Added threading headers for thread: 19ffc22af1a6056d
2026-08-17 20:25:58,012 - notification3ab8f474409a - INFO - Attached logo1 from: /usr/src/app/app/logo.png
2026-08-17 20:25:58,013 - notification3ab8f474409a - INFO - Attached logo2 from: /usr/src/app/app/logo2.png
2026-08-17 20:25:58,013 - notification3ab8f474409a - INFO - Looking for alert image at: /Aksha/ppe_test_cam1/alerts/2026-08-17/2026-08-17 20:25:56.24_alert.jpg
2026-08-17 20:25:58,015 - notification3ab8f474409a - INFO - Attached alert image: /Aksha/ppe_test_cam1/alerts/2026-08-17/2026-08-17 20:25:56.24_alert.jpg
2026-08-17 20:25:58,020 - notification3ab8f474409a - INFO - Sending email with threadId: 19ffc22af1a6056d
2026-08-17 20:25:58,766 - notification3ab8f474409a - ERROR - Error sending email: 



Too Many Requests

Content:
{'code': 429,
 'errors': [{'domain': 'global',
             'message': 'User-rate limit exceeded.  Retry after '
                        '2026-08-17T15:10:58.637Z (Mail sending)',
             'reason': 'rateLimitExceeded'}],
 'message': 'User-rate limit exceeded.  Retry after 2026-08-17T15:10:58.637Z '
            '(Mail sending)',
 'status': 'RESOURCE_EXHAUSTED'}

Request URL:
https://gmail.googleapis.com/gmail/v1/users/me/messages/send
2026-08-17 20:25:58,766 - notification3ab8f474409a - ERROR - Traceback: Traceback (most recent call last):
  File "/usr/src/app/app/socialPlatforms/email.py", line 767, in email_gmail
    response = await google.as_user(
  File "/usr/local/lib/python3.10/site-packages/aiogoogle/client.py", line 270, in as_user
    return await self.send(
  File "/usr/local/lib/python3.10/site-packages/aiogoogle/client.py", line 425, in send
    return await session.send(*args, **kwargs)
  File "/usr/local/lib/python3.10/site-packages/aiogoogle/sessions/aiohttp_session.py", line 192, in send
    results = await schedule_tasks()
  File "/usr/local/lib/python3.10/site-packages/aiogoogle/sessions/aiohttp_session.py", line 177, in schedule_tasks
    return await asyncio.gather(
  File "/usr/local/lib/python3.10/site-packages/aiogoogle/sessions/aiohttp_session.py", line 171, in get_content
    response = await get_response(request)
  File "/usr/local/lib/python3.10/site-packages/aiogoogle/sessions/aiohttp_session.py", line 167, in get_response
    response.raise_for_status()
  File "/usr/local/lib/python3.10/site-packages/aiogoogle/models.py", line 481, in raise_for_status
    raise HTTPError(msg=self.reason, req=self.req, res=self)
aiogoogle.excs.HTTPError: 



Too Many Requests

Content:
{'code': 429,
 'errors': [{'domain': 'global',
             'message': 'User-rate limit exceeded.  Retry after '
                        '2026-08-17T15:10:58.637Z (Mail sending)',
             'reason': 'rateLimitExceeded'}],
 'message': 'User-rate limit exceeded.  Retry after 2026-08-17T15:10:58.637Z '
            '(Mail sending)',
 'status': 'RESOURCE_EXHAUSTED'}

Request URL:
https://gmail.googleapis.com/gmail/v1/users/me/messages/send

2026-08-17 20:25:58,769 - notification3ab8f474409a - INFO - Updated threadId in app.config: 19ffc22af1a6056d
2026-08-17 20:25:58,770 - notification3ab8f474409a - INFO - [NOTIFICATION SENT] frame_id=None | camera=ppe_test_cam1 | Type=PPE Alert | topic=notification_results
2026-08-17 20:26:56,202 - notification3ab8f474409a - INFO - _poll_kafka: 1 message(s) received from Kafka
2026-08-17 20:26:56,203 - notification3ab8f474409a - INFO - [NOTIFICATION RECEIVED] frame_id=None | camera=ppe_test_cam1 | Type=PPE Alert | timestamp=2026-08-17 20:26:56.170000
2026-08-17 20:26:56,203 - notification3ab8f474409a - INFO - send_notifications | camera=ppe_test_cam1 | Type=PPE Alert | recipients=['your_actual_email@example.com'] | thread_id=19ffc22af1a6056d
2026-08-17 20:26:56,203 - notification3ab8f474409a - INFO - Queuing email task | camera=ppe_test_cam1 | to=['your_actual_email@example.com']
2026-08-17 20:26:56,203 - notification3ab8f474409a - INFO - Queuing telegram task | camera=ppe_test_cam1 | chat_ids=[]
2026-08-17 20:26:56,203 - notification3ab8f474409a - INFO - Running 2 notification task(s) | camera=ppe_test_cam1
2026-08-17 20:26:56,203 - notification3ab8f474409a - INFO - email gmail function started for camera: ppe_test_cam1, Type: PPE Alert
2026-08-17 20:26:56,203 - notification3ab8f474409a - INFO - DataPath: /Aksha, main_dir: /Aksha
2026-08-17 20:26:56,205 - notification3ab8f474409a - INFO - Loaded config from: /usr/src/app/app/socialPlatforms/keys.yaml
2026-08-17 20:26:56,205 - notification3ab8f474409a - INFO - Using threadId from namespace: 19ffc22af1a6056d
2026-08-17 20:26:56,205 - notification3ab8f474409a - INFO - Credentials loaded successfully
2026-08-17 20:26:56,205 - notification3ab8f474409a - INFO - telegram() | camera=ppe_test_cam1 | Type=PPE Alert | subscription=notification_results | service_status=True | chat_ids=[]
2026-08-17 20:26:56,205 - notification3ab8f474409a - ERROR - Missing chat_ids or bot_token for Telegram
2026-08-17 20:26:56,558 - notification3ab8f474409a - INFO - Gmail API discovered
2026-08-17 20:26:57,939 - notification3ab8f474409a - INFO - Added threading headers for thread: 19ffc22af1a6056d
2026-08-17 20:26:57,939 - notification3ab8f474409a - INFO - Attached logo1 from: /usr/src/app/app/logo.png
2026-08-17 20:26:57,940 - notification3ab8f474409a - INFO - Attached logo2 from: /usr/src/app/app/logo2.png
2026-08-17 20:26:57,940 - notification3ab8f474409a - INFO - Looking for alert image at: /Aksha/ppe_test_cam1/alerts/2026-08-17/2026-08-17 20:26:56.17_alert.jpg
2026-08-17 20:26:57,942 - notification3ab8f474409a - INFO - Attached alert image: /Aksha/ppe_test_cam1/alerts/2026-08-17/2026-08-17 20:26:56.17_alert.jpg
2026-08-17 20:26:57,947 - notification3ab8f474409a - INFO - Sending email with threadId: 19ffc22af1a6056d
2026-08-17 20:26:59,819 - notification3ab8f474409a - ERROR - Error sending email: 



Too Many Requests

Content:
{'code': 429,
 'errors': [{'domain': 'global',
             'message': 'User-rate limit exceeded.  Retry after '
                        '2026-08-17T15:11:59.697Z (Mail sending)',
             'reason': 'rateLimitExceeded'}],
 'message': 'User-rate limit exceeded.  Retry after 2026-08-17T15:11:59.697Z '
            '(Mail sending)',
 'status': 'RESOURCE_EXHAUSTED'}

Request URL:
https://gmail.googleapis.com/gmail/v1/users/me/messages/send
2026-08-17 20:26:59,819 - notification3ab8f474409a - ERROR - Traceback: Traceback (most recent call last):
  File "/usr/src/app/app/socialPlatforms/email.py", line 767, in email_gmail
    response = await google.as_user(
  File "/usr/local/lib/python3.10/site-packages/aiogoogle/client.py", line 270, in as_user
    return await self.send(
  File "/usr/local/lib/python3.10/site-packages/aiogoogle/client.py", line 425, in send
    return await session.send(*args, **kwargs)
  File "/usr/local/lib/python3.10/site-packages/aiogoogle/sessions/aiohttp_session.py", line 192, in send
    results = await schedule_tasks()
  File "/usr/local/lib/python3.10/site-packages/aiogoogle/sessions/aiohttp_session.py", line 177, in schedule_tasks
    return await asyncio.gather(
  File "/usr/local/lib/python3.10/site-packages/aiogoogle/sessions/aiohttp_session.py", line 171, in get_content
    response = await get_response(request)
  File "/usr/local/lib/python3.10/site-packages/aiogoogle/sessions/aiohttp_session.py", line 167, in get_response
    response.raise_for_status()
  File "/usr/local/lib/python3.10/site-packages/aiogoogle/models.py", line 481, in raise_for_status
    raise HTTPError(msg=self.reason, req=self.req, res=self)
aiogoogle.excs.HTTPError: 



Too Many Requests

Content:
{'code': 429,
 'errors': [{'domain': 'global',
             'message': 'User-rate limit exceeded.  Retry after '
                        '2026-08-17T15:11:59.697Z (Mail sending)',
             'reason': 'rateLimitExceeded'}],
 'message': 'User-rate limit exceeded.  Retry after 2026-08-17T15:11:59.697Z '
            '(Mail sending)',
 'status': 'RESOURCE_EXHAUSTED'}

Request URL:
https://gmail.googleapis.com/gmail/v1/users/me/messages/send

2026-08-17 20:26:59,822 - notification3ab8f474409a - INFO - Updated threadId in app.config: 19ffc22af1a6056d
2026-08-17 20:26:59,823 - notification3ab8f474409a - INFO - [NOTIFICATION SENT] frame_id=None | camera=ppe_test_cam1 | Type=PPE Alert | topic=notification_results
2026-08-17 20:27:56,229 - notification3ab8f474409a - INFO - _poll_kafka: 1 message(s) received from Kafka
2026-08-17 20:27:56,229 - notification3ab8f474409a - INFO - [NOTIFICATION RECEIVED] frame_id=None | camera=ppe_test_cam1 | Type=PPE Alert | timestamp=2026-08-17 20:27:56.180000
2026-08-17 20:27:56,229 - notification3ab8f474409a - INFO - send_notifications | camera=ppe_test_cam1 | Type=PPE Alert | recipients=['your_actual_email@example.com'] | thread_id=19ffc22af1a6056d
2026-08-17 20:27:56,230 - notification3ab8f474409a - INFO - Queuing email task | camera=ppe_test_cam1 | to=['your_actual_email@example.com']
2026-08-17 20:27:56,230 - notification3ab8f474409a - INFO - Queuing telegram task | camera=ppe_test_cam1 | chat_ids=[]
2026-08-17 20:27:56,230 - notification3ab8f474409a - INFO - Running 2 notification task(s) | camera=ppe_test_cam1
2026-08-17 20:27:56,230 - notification3ab8f474409a - INFO - email gmail function started for camera: ppe_test_cam1, Type: PPE Alert
2026-08-17 20:27:56,230 - notification3ab8f474409a - INFO - DataPath: /Aksha, main_dir: /Aksha
2026-08-17 20:27:56,231 - notification3ab8f474409a - INFO - Loaded config from: /usr/src/app/app/socialPlatforms/keys.yaml
2026-08-17 20:27:56,231 - notification3ab8f474409a - INFO - Using threadId from namespace: 19ffc22af1a6056d
2026-08-17 20:27:56,231 - notification3ab8f474409a - INFO - Credentials loaded successfully
2026-08-17 20:27:56,232 - notification3ab8f474409a - INFO - telegram() | camera=ppe_test_cam1 | Type=PPE Alert | subscription=notification_results | service_status=True | chat_ids=[]
2026-08-17 20:27:56,232 - notification3ab8f474409a - ERROR - Missing chat_ids or bot_token for Telegram
2026-08-17 20:27:56,596 - notification3ab8f474409a - INFO - Gmail API discovered
2026-08-17 20:27:57,984 - notification3ab8f474409a - INFO - Added threading headers for thread: 19ffc22af1a6056d
2026-08-17 20:27:57,984 - notification3ab8f474409a - INFO - Attached logo1 from: /usr/src/app/app/logo.png
2026-08-17 20:27:57,985 - notification3ab8f474409a - INFO - Attached logo2 from: /usr/src/app/app/logo2.png
2026-08-17 20:27:57,985 - notification3ab8f474409a - INFO - Looking for alert image at: /Aksha/ppe_test_cam1/alerts/2026-08-17/2026-08-17 20:27:56.18_alert.jpg
2026-08-17 20:27:57,987 - notification3ab8f474409a - INFO - Attached alert image: /Aksha/ppe_test_cam1/alerts/2026-08-17/2026-08-17 20:27:56.18_alert.jpg
2026-08-17 20:27:57,992 - notification3ab8f474409a - INFO - Sending email with threadId: 19ffc22af1a6056d
2026-08-17 20:27:58,770 - notification3ab8f474409a - ERROR - Error sending email: 



Too Many Requests

Content:
{'code': 429,
 'errors': [{'domain': 'global',
             'message': 'User-rate limit exceeded.  Retry after '
                        '2026-08-17T15:12:58.653Z (Mail sending)',
             'reason': 'rateLimitExceeded'}],
 'message': 'User-rate limit exceeded.  Retry after 2026-08-17T15:12:58.653Z '
            '(Mail sending)',
 'status': 'RESOURCE_EXHAUSTED'}

Request URL:
https://gmail.googleapis.com/gmail/v1/users/me/messages/send
2026-08-17 20:27:58,770 - notification3ab8f474409a - ERROR - Traceback: Traceback (most recent call last):
  File "/usr/src/app/app/socialPlatforms/email.py", line 767, in email_gmail
    response = await google.as_user(
  File "/usr/local/lib/python3.10/site-packages/aiogoogle/client.py", line 270, in as_user
    return await self.send(
  File "/usr/local/lib/python3.10/site-packages/aiogoogle/client.py", line 425, in send
    return await session.send(*args, **kwargs)
  File "/usr/local/lib/python3.10/site-packages/aiogoogle/sessions/aiohttp_session.py", line 192, in send
    results = await schedule_tasks()
  File "/usr/local/lib/python3.10/site-packages/aiogoogle/sessions/aiohttp_session.py", line 177, in schedule_tasks
    return await asyncio.gather(
  File "/usr/local/lib/python3.10/site-packages/aiogoogle/sessions/aiohttp_session.py", line 171, in get_content
    response = await get_response(request)
  File "/usr/local/lib/python3.10/site-packages/aiogoogle/sessions/aiohttp_session.py", line 167, in get_response
    response.raise_for_status()
  File "/usr/local/lib/python3.10/site-packages/aiogoogle/models.py", line 481, in raise_for_status
    raise HTTPError(msg=self.reason, req=self.req, res=self)
aiogoogle.excs.HTTPError: 



Too Many Requests

Content:
{'code': 429,
 'errors': [{'domain': 'global',
             'message': 'User-rate limit exceeded.  Retry after '
                        '2026-08-17T15:12:58.653Z (Mail sending)',
             'reason': 'rateLimitExceeded'}],
 'message': 'User-rate limit exceeded.  Retry after 2026-08-17T15:12:58.653Z '
            '(Mail sending)',
 'status': 'RESOURCE_EXHAUSTED'}

Request URL:
https://gmail.googleapis.com/gmail/v1/users/me/messages/send

2026-08-17 20:27:58,772 - notification3ab8f474409a - INFO - Updated threadId in app.config: 19ffc22af1a6056d
2026-08-17 20:27:58,773 - notification3ab8f474409a - INFO - [NOTIFICATION SENT] frame_id=None | camera=ppe_test_cam1 | Type=PPE Alert | topic=notification_results
2026-08-17 20:28:56,207 - notification3ab8f474409a - INFO - _poll_kafka: 1 message(s) received from Kafka
2026-08-17 20:28:56,207 - notification3ab8f474409a - INFO - [NOTIFICATION RECEIVED] frame_id=None | camera=ppe_test_cam1 | Type=PPE Alert | timestamp=2026-08-17 20:28:56.180000
2026-08-17 20:28:56,207 - notification3ab8f474409a - INFO - send_notifications | camera=ppe_test_cam1 | Type=PPE Alert | recipients=['your_actual_email@example.com'] | thread_id=19ffc22af1a6056d
2026-08-17 20:28:56,207 - notification3ab8f474409a - INFO - Queuing email task | camera=ppe_test_cam1 | to=['your_actual_email@example.com']
2026-08-17 20:28:56,207 - notification3ab8f474409a - INFO - Queuing telegram task | camera=ppe_test_cam1 | chat_ids=[]
2026-08-17 20:28:56,207 - notification3ab8f474409a - INFO - Running 2 notification task(s) | camera=ppe_test_cam1
2026-08-17 20:28:56,207 - notification3ab8f474409a - INFO - email gmail function started for camera: ppe_test_cam1, Type: PPE Alert
2026-08-17 20:28:56,208 - notification3ab8f474409a - INFO - DataPath: /Aksha, main_dir: /Aksha
2026-08-17 20:28:56,209 - notification3ab8f474409a - INFO - Loaded config from: /usr/src/app/app/socialPlatforms/keys.yaml
2026-08-17 20:28:56,209 - notification3ab8f474409a - INFO - Using threadId from namespace: 19ffc22af1a6056d
2026-08-17 20:28:56,209 - notification3ab8f474409a - INFO - Credentials loaded successfully
2026-08-17 20:28:56,209 - notification3ab8f474409a - INFO - telegram() | camera=ppe_test_cam1 | Type=PPE Alert | subscription=notification_results | service_status=True | chat_ids=[]
2026-08-17 20:28:56,209 - notification3ab8f474409a - ERROR - Missing chat_ids or bot_token for Telegram
2026-08-17 20:28:56,546 - notification3ab8f474409a - INFO - Gmail API discovered
2026-08-17 20:28:57,767 - notification3ab8f474409a - INFO - Added threading headers for thread: 19ffc22af1a6056d
2026-08-17 20:28:57,767 - notification3ab8f474409a - INFO - Attached logo1 from: /usr/src/app/app/logo.png
2026-08-17 20:28:57,768 - notification3ab8f474409a - INFO - Attached logo2 from: /usr/src/app/app/logo2.png
2026-08-17 20:28:57,768 - notification3ab8f474409a - INFO - Looking for alert image at: /Aksha/ppe_test_cam1/alerts/2026-08-17/2026-08-17 20:28:56.18_alert.jpg
2026-08-17 20:28:57,772 - notification3ab8f474409a - INFO - Attached alert image: /Aksha/ppe_test_cam1/alerts/2026-08-17/2026-08-17 20:28:56.18_alert.jpg
2026-08-17 20:28:57,789 - notification3ab8f474409a - INFO - Sending email with threadId: 19ffc22af1a6056d
2026-08-17 20:28:58,546 - notification3ab8f474409a - ERROR - Error sending email: 



Too Many Requests

Content:
{'code': 429,
 'errors': [{'domain': 'global',
             'message': 'User-rate limit exceeded.  Retry after '
                        '2026-08-17T15:13:58.423Z (Mail sending)',
             'reason': 'rateLimitExceeded'}],
 'message': 'User-rate limit exceeded.  Retry after 2026-08-17T15:13:58.423Z '
            '(Mail sending)',
 'status': 'RESOURCE_EXHAUSTED'}

Request URL:
https://gmail.googleapis.com/gmail/v1/users/me/messages/send
2026-08-17 20:28:58,549 - notification3ab8f474409a - ERROR - Traceback: Traceback (most recent call last):
  File "/usr/src/app/app/socialPlatforms/email.py", line 767, in email_gmail
    response = await google.as_user(
  File "/usr/local/lib/python3.10/site-packages/aiogoogle/client.py", line 270, in as_user
    return await self.send(
  File "/usr/local/lib/python3.10/site-packages/aiogoogle/client.py", line 425, in send
    return await session.send(*args, **kwargs)
  File "/usr/local/lib/python3.10/site-packages/aiogoogle/sessions/aiohttp_session.py", line 192, in send
    results = await schedule_tasks()
  File "/usr/local/lib/python3.10/site-packages/aiogoogle/sessions/aiohttp_session.py", line 177, in schedule_tasks
    return await asyncio.gather(
  File "/usr/local/lib/python3.10/site-packages/aiogoogle/sessions/aiohttp_session.py", line 171, in get_content
    response = await get_response(request)
  File "/usr/local/lib/python3.10/site-packages/aiogoogle/sessions/aiohttp_session.py", line 167, in get_response
    response.raise_for_status()
  File "/usr/local/lib/python3.10/site-packages/aiogoogle/models.py", line 481, in raise_for_status
    raise HTTPError(msg=self.reason, req=self.req, res=self)
aiogoogle.excs.HTTPError: 



Too Many Requests

Content:
{'code': 429,
 'errors': [{'domain': 'global',
             'message': 'User-rate limit exceeded.  Retry after '
                        '2026-08-17T15:13:58.423Z (Mail sending)',
             'reason': 'rateLimitExceeded'}],
 'message': 'User-rate limit exceeded.  Retry after 2026-08-17T15:13:58.423Z '
            '(Mail sending)',
 'status': 'RESOURCE_EXHAUSTED'}

Request URL:
https://gmail.googleapis.com/gmail/v1/users/me/messages/send

2026-08-17 20:28:58,550 - notification3ab8f474409a - INFO - Updated threadId in app.config: 19ffc22af1a6056d
2026-08-17 20:28:58,551 - notification3ab8f474409a - INFO - [NOTIFICATION SENT] frame_id=None | camera=ppe_test_cam1 | Type=PPE Alert | topic=notification_results
2026-08-17 20:29:56,330 - notification3ab8f474409a - INFO - _poll_kafka: 1 message(s) received from Kafka
2026-08-17 20:29:56,330 - notification3ab8f474409a - INFO - [NOTIFICATION RECEIVED] frame_id=None | camera=ppe_test_cam1 | Type=PPE Alert | timestamp=2026-08-17 20:29:56.300000
2026-08-17 20:29:56,331 - notification3ab8f474409a - INFO - send_notifications | camera=ppe_test_cam1 | Type=PPE Alert | recipients=['your_actual_email@example.com'] | thread_id=19ffc22af1a6056d
2026-08-17 20:29:56,331 - notification3ab8f474409a - INFO - Queuing email task | camera=ppe_test_cam1 | to=['your_actual_email@example.com']
2026-08-17 20:29:56,331 - notification3ab8f474409a - INFO - Queuing telegram task | camera=ppe_test_cam1 | chat_ids=[]
2026-08-17 20:29:56,331 - notification3ab8f474409a - INFO - Running 2 notification task(s) | camera=ppe_test_cam1
2026-08-17 20:29:56,331 - notification3ab8f474409a - INFO - email gmail function started for camera: ppe_test_cam1, Type: PPE Alert
2026-08-17 20:29:56,332 - notification3ab8f474409a - INFO - DataPath: /Aksha, main_dir: /Aksha
2026-08-17 20:29:56,333 - notification3ab8f474409a - INFO - Loaded config from: /usr/src/app/app/socialPlatforms/keys.yaml
2026-08-17 20:29:56,333 - notification3ab8f474409a - INFO - Using threadId from namespace: 19ffc22af1a6056d
2026-08-17 20:29:56,333 - notification3ab8f474409a - INFO - Credentials loaded successfully
2026-08-17 20:29:56,333 - notification3ab8f474409a - INFO - telegram() | camera=ppe_test_cam1 | Type=PPE Alert | subscription=notification_results | service_status=True | chat_ids=[]
2026-08-17 20:29:56,333 - notification3ab8f474409a - ERROR - Missing chat_ids or bot_token for Telegram
2026-08-17 20:29:56,634 - notification3ab8f474409a - INFO - Gmail API discovered
2026-08-17 20:29:58,018 - notification3ab8f474409a - INFO - Added threading headers for thread: 19ffc22af1a6056d
2026-08-17 20:29:58,018 - notification3ab8f474409a - INFO - Attached logo1 from: /usr/src/app/app/logo.png
2026-08-17 20:29:58,019 - notification3ab8f474409a - INFO - Attached logo2 from: /usr/src/app/app/logo2.png
2026-08-17 20:29:58,019 - notification3ab8f474409a - INFO - Looking for alert image at: /Aksha/ppe_test_cam1/alerts/2026-08-17/2026-08-17 20:29:56.30_alert.jpg
2026-08-17 20:29:58,021 - notification3ab8f474409a - INFO - Attached alert image: /Aksha/ppe_test_cam1/alerts/2026-08-17/2026-08-17 20:29:56.30_alert.jpg
2026-08-17 20:29:58,026 - notification3ab8f474409a - INFO - Sending email with threadId: 19ffc22af1a6056d
2026-08-17 20:29:58,801 - notification3ab8f474409a - ERROR - Error sending email: 



Too Many Requests

Content:
{'code': 429,
 'errors': [{'domain': 'global',
             'message': 'User-rate limit exceeded.  Retry after '
                        '2026-08-17T15:14:58.659Z (Mail sending)',
             'reason': 'rateLimitExceeded'}],
 'message': 'User-rate limit exceeded.  Retry after 2026-08-17T15:14:58.659Z '
            '(Mail sending)',
 'status': 'RESOURCE_EXHAUSTED'}

Request URL:
https://gmail.googleapis.com/gmail/v1/users/me/messages/send
2026-08-17 20:29:58,802 - notification3ab8f474409a - ERROR - Traceback: Traceback (most recent call last):
  File "/usr/src/app/app/socialPlatforms/email.py", line 767, in email_gmail
    response = await google.as_user(
  File "/usr/local/lib/python3.10/site-packages/aiogoogle/client.py", line 270, in as_user
    return await self.send(
  File "/usr/local/lib/python3.10/site-packages/aiogoogle/client.py", line 425, in send
    return await session.send(*args, **kwargs)
  File "/usr/local/lib/python3.10/site-packages/aiogoogle/sessions/aiohttp_session.py", line 192, in send
    results = await schedule_tasks()
  File "/usr/local/lib/python3.10/site-packages/aiogoogle/sessions/aiohttp_session.py", line 177, in schedule_tasks
    return await asyncio.gather(
  File "/usr/local/lib/python3.10/site-packages/aiogoogle/sessions/aiohttp_session.py", line 171, in get_content
    response = await get_response(request)
  File "/usr/local/lib/python3.10/site-packages/aiogoogle/sessions/aiohttp_session.py", line 167, in get_response
    response.raise_for_status()
  File "/usr/local/lib/python3.10/site-packages/aiogoogle/models.py", line 481, in raise_for_status
    raise HTTPError(msg=self.reason, req=self.req, res=self)
aiogoogle.excs.HTTPError: 



Too Many Requests

Content:
{'code': 429,
 'errors': [{'domain': 'global',
             'message': 'User-rate limit exceeded.  Retry after '
                        '2026-08-17T15:14:58.659Z (Mail sending)',
             'reason': 'rateLimitExceeded'}],
 'message': 'User-rate limit exceeded.  Retry after 2026-08-17T15:14:58.659Z '
            '(Mail sending)',
 'status': 'RESOURCE_EXHAUSTED'}

Request URL:
https://gmail.googleapis.com/gmail/v1/users/me/messages/send

2026-08-17 20:29:58,803 - notification3ab8f474409a - INFO - Updated threadId in app.config: 19ffc22af1a6056d
2026-08-17 20:29:58,803 - notification3ab8f474409a - INFO - [NOTIFICATION SENT] frame_id=None | camera=ppe_test_cam1 | Type=PPE Alert | topic=notification_results
2026-08-17 20:30:56,215 - notification3ab8f474409a - INFO - _poll_kafka: 1 message(s) received from Kafka
2026-08-17 20:30:56,215 - notification3ab8f474409a - INFO - [NOTIFICATION RECEIVED] frame_id=None | camera=ppe_test_cam1 | Type=PPE Alert | timestamp=2026-08-17 20:30:56.150000
2026-08-17 20:30:56,215 - notification3ab8f474409a - INFO - send_notifications | camera=ppe_test_cam1 | Type=PPE Alert | recipients=['your_actual_email@example.com'] | thread_id=19ffc22af1a6056d
2026-08-17 20:30:56,215 - notification3ab8f474409a - INFO - Queuing email task | camera=ppe_test_cam1 | to=['your_actual_email@example.com']
2026-08-17 20:30:56,216 - notification3ab8f474409a - INFO - Queuing telegram task | camera=ppe_test_cam1 | chat_ids=[]
2026-08-17 20:30:56,216 - notification3ab8f474409a - INFO - Running 2 notification task(s) | camera=ppe_test_cam1
2026-08-17 20:30:56,216 - notification3ab8f474409a - INFO - email gmail function started for camera: ppe_test_cam1, Type: PPE Alert
2026-08-17 20:30:56,216 - notification3ab8f474409a - INFO - DataPath: /Aksha, main_dir: /Aksha
2026-08-17 20:30:56,218 - notification3ab8f474409a - INFO - Loaded config from: /usr/src/app/app/socialPlatforms/keys.yaml
2026-08-17 20:30:56,218 - notification3ab8f474409a - INFO - Using threadId from namespace: 19ffc22af1a6056d
2026-08-17 20:30:56,218 - notification3ab8f474409a - INFO - Credentials loaded successfully
2026-08-17 20:30:56,219 - notification3ab8f474409a - INFO - telegram() | camera=ppe_test_cam1 | Type=PPE Alert | subscription=notification_results | service_status=True | chat_ids=[]
2026-08-17 20:30:56,219 - notification3ab8f474409a - ERROR - Missing chat_ids or bot_token for Telegram
2026-08-17 20:30:56,510 - notification3ab8f474409a - INFO - Gmail API discovered
2026-08-17 20:30:58,312 - notification3ab8f474409a - INFO - Added threading headers for thread: 19ffc22af1a6056d
2026-08-17 20:30:58,312 - notification3ab8f474409a - INFO - Attached logo1 from: /usr/src/app/app/logo.png
2026-08-17 20:30:58,313 - notification3ab8f474409a - INFO - Attached logo2 from: /usr/src/app/app/logo2.png
2026-08-17 20:30:58,313 - notification3ab8f474409a - INFO - Looking for alert image at: /Aksha/ppe_test_cam1/alerts/2026-08-17/2026-08-17 20:30:56.15_alert.jpg
2026-08-17 20:30:58,315 - notification3ab8f474409a - INFO - Attached alert image: /Aksha/ppe_test_cam1/alerts/2026-08-17/2026-08-17 20:30:56.15_alert.jpg
2026-08-17 20:30:58,322 - notification3ab8f474409a - INFO - Sending email with threadId: 19ffc22af1a6056d
2026-08-17 20:30:59,278 - notification3ab8f474409a - ERROR - Error sending email: 



Too Many Requests

Content:
{'code': 429,
 'errors': [{'domain': 'global',
             'message': 'User-rate limit exceeded.  Retry after '
                        '2026-08-17T15:15:59.148Z (Mail sending)',
             'reason': 'rateLimitExceeded'}],
 'message': 'User-rate limit exceeded.  Retry after 2026-08-17T15:15:59.148Z '
            '(Mail sending)',
 'status': 'RESOURCE_EXHAUSTED'}

Request URL:
https://gmail.googleapis.com/gmail/v1/users/me/messages/send
2026-08-17 20:30:59,278 - notification3ab8f474409a - ERROR - Traceback: Traceback (most recent call last):
  File "/usr/src/app/app/socialPlatforms/email.py", line 767, in email_gmail
    response = await google.as_user(
  File "/usr/local/lib/python3.10/site-packages/aiogoogle/client.py", line 270, in as_user
    return await self.send(
  File "/usr/local/lib/python3.10/site-packages/aiogoogle/client.py", line 425, in send
    return await session.send(*args, **kwargs)
  File "/usr/local/lib/python3.10/site-packages/aiogoogle/sessions/aiohttp_session.py", line 192, in send
    results = await schedule_tasks()
  File "/usr/local/lib/python3.10/site-packages/aiogoogle/sessions/aiohttp_session.py", line 177, in schedule_tasks
    return await asyncio.gather(
  File "/usr/local/lib/python3.10/site-packages/aiogoogle/sessions/aiohttp_session.py", line 171, in get_content
    response = await get_response(request)
  File "/usr/local/lib/python3.10/site-packages/aiogoogle/sessions/aiohttp_session.py", line 167, in get_response
    response.raise_for_status()
  File "/usr/local/lib/python3.10/site-packages/aiogoogle/models.py", line 481, in raise_for_status
    raise HTTPError(msg=self.reason, req=self.req, res=self)
aiogoogle.excs.HTTPError: 



Too Many Requests

Content:
{'code': 429,
 'errors': [{'domain': 'global',
             'message': 'User-rate limit exceeded.  Retry after '
                        '2026-08-17T15:15:59.148Z (Mail sending)',
             'reason': 'rateLimitExceeded'}],
 'message': 'User-rate limit exceeded.  Retry after 2026-08-17T15:15:59.148Z '
            '(Mail sending)',
 'status': 'RESOURCE_EXHAUSTED'}

Request URL:
https://gmail.googleapis.com/gmail/v1/users/me/messages/send

2026-08-17 20:30:59,279 - notification3ab8f474409a - INFO - Updated threadId in app.config: 19ffc22af1a6056d
2026-08-17 20:30:59,279 - notification3ab8f474409a - INFO - [NOTIFICATION SENT] frame_id=None | camera=ppe_test_cam1 | Type=PPE Alert | topic=notification_results
2026-08-17 20:31:56,231 - notification3ab8f474409a - INFO - _poll_kafka: 1 message(s) received from Kafka
2026-08-17 20:31:56,231 - notification3ab8f474409a - INFO - [NOTIFICATION RECEIVED] frame_id=None | camera=ppe_test_cam1 | Type=PPE Alert | timestamp=2026-08-17 20:31:56.190000
2026-08-17 20:31:56,231 - notification3ab8f474409a - INFO - send_notifications | camera=ppe_test_cam1 | Type=PPE Alert | recipients=['your_actual_email@example.com'] | thread_id=19ffc22af1a6056d
2026-08-17 20:31:56,231 - notification3ab8f474409a - INFO - Queuing email task | camera=ppe_test_cam1 | to=['your_actual_email@example.com']
2026-08-17 20:31:56,231 - notification3ab8f474409a - INFO - Queuing telegram task | camera=ppe_test_cam1 | chat_ids=[]
2026-08-17 20:31:56,231 - notification3ab8f474409a - INFO - Running 2 notification task(s) | camera=ppe_test_cam1
2026-08-17 20:31:56,232 - notification3ab8f474409a - INFO - email gmail function started for camera: ppe_test_cam1, Type: PPE Alert
2026-08-17 20:31:56,232 - notification3ab8f474409a - INFO - DataPath: /Aksha, main_dir: /Aksha
2026-08-17 20:31:56,233 - notification3ab8f474409a - INFO - Loaded config from: /usr/src/app/app/socialPlatforms/keys.yaml
2026-08-17 20:31:56,233 - notification3ab8f474409a - INFO - Using threadId from namespace: 19ffc22af1a6056d
2026-08-17 20:31:56,233 - notification3ab8f474409a - INFO - Credentials loaded successfully
2026-08-17 20:31:56,233 - notification3ab8f474409a - INFO - telegram() | camera=ppe_test_cam1 | Type=PPE Alert | subscription=notification_results | service_status=True | chat_ids=[]
2026-08-17 20:31:56,233 - notification3ab8f474409a - ERROR - Missing chat_ids or bot_token for Telegram
2026-08-17 20:31:56,605 - notification3ab8f474409a - INFO - Gmail API discovered
2026-08-17 20:31:58,812 - notification3ab8f474409a - INFO - Added threading headers for thread: 19ffc22af1a6056d
2026-08-17 20:31:58,812 - notification3ab8f474409a - INFO - Attached logo1 from: /usr/src/app/app/logo.png
2026-08-17 20:31:58,813 - notification3ab8f474409a - INFO - Attached logo2 from: /usr/src/app/app/logo2.png
2026-08-17 20:31:58,813 - notification3ab8f474409a - INFO - Looking for alert image at: /Aksha/ppe_test_cam1/alerts/2026-08-17/2026-08-17 20:31:56.19_alert.jpg
2026-08-17 20:31:58,815 - notification3ab8f474409a - INFO - Attached alert image: /Aksha/ppe_test_cam1/alerts/2026-08-17/2026-08-17 20:31:56.19_alert.jpg
2026-08-17 20:31:58,824 - notification3ab8f474409a - INFO - Sending email with threadId: 19ffc22af1a6056d
2026-08-17 20:31:59,603 - notification3ab8f474409a - ERROR - Error sending email: 



Too Many Requests

Content:
{'code': 429,
 'errors': [{'domain': 'global',
             'message': 'User-rate limit exceeded.  Retry after '
                        '2026-08-17T15:16:59.473Z (Mail sending)',
             'reason': 'rateLimitExceeded'}],
 'message': 'User-rate limit exceeded.  Retry after 2026-08-17T15:16:59.473Z '
            '(Mail sending)',
 'status': 'RESOURCE_EXHAUSTED'}

Request URL:
https://gmail.googleapis.com/gmail/v1/users/me/messages/send
2026-08-17 20:31:59,603 - notification3ab8f474409a - ERROR - Traceback: Traceback (most recent call last):
  File "/usr/src/app/app/socialPlatforms/email.py", line 767, in email_gmail
    response = await google.as_user(
  File "/usr/local/lib/python3.10/site-packages/aiogoogle/client.py", line 270, in as_user
    return await self.send(
  File "/usr/local/lib/python3.10/site-packages/aiogoogle/client.py", line 425, in send
    return await session.send(*args, **kwargs)
  File "/usr/local/lib/python3.10/site-packages/aiogoogle/sessions/aiohttp_session.py", line 192, in send
    results = await schedule_tasks()
  File "/usr/local/lib/python3.10/site-packages/aiogoogle/sessions/aiohttp_session.py", line 177, in schedule_tasks
    return await asyncio.gather(
  File "/usr/local/lib/python3.10/site-packages/aiogoogle/sessions/aiohttp_session.py", line 171, in get_content
    response = await get_response(request)
  File "/usr/local/lib/python3.10/site-packages/aiogoogle/sessions/aiohttp_session.py", line 167, in get_response
    response.raise_for_status()
  File "/usr/local/lib/python3.10/site-packages/aiogoogle/models.py", line 481, in raise_for_status
    raise HTTPError(msg=self.reason, req=self.req, res=self)
aiogoogle.excs.HTTPError: 



Too Many Requests

Content:
{'code': 429,
 'errors': [{'domain': 'global',
             'message': 'User-rate limit exceeded.  Retry after '
                        '2026-08-17T15:16:59.473Z (Mail sending)',
             'reason': 'rateLimitExceeded'}],
 'message': 'User-rate limit exceeded.  Retry after 2026-08-17T15:16:59.473Z '
            '(Mail sending)',
 'status': 'RESOURCE_EXHAUSTED'}

Request URL:
https://gmail.googleapis.com/gmail/v1/users/me/messages/send

2026-08-17 20:31:59,614 - notification3ab8f474409a - INFO - Updated threadId in app.config: 19ffc22af1a6056d
2026-08-17 20:31:59,615 - notification3ab8f474409a - INFO - [NOTIFICATION SENT] frame_id=None | camera=ppe_test_cam1 | Type=PPE Alert | topic=notification_results
2026-08-17 20:32:56,123 - notification3ab8f474409a - INFO - _poll_kafka: 1 message(s) received from Kafka
2026-08-17 20:32:56,124 - notification3ab8f474409a - INFO - [NOTIFICATION RECEIVED] frame_id=None | camera=ppe_test_cam1 | Type=PPE Alert | timestamp=2026-08-17 20:32:56.090000
2026-08-17 20:32:56,124 - notification3ab8f474409a - INFO - send_notifications | camera=ppe_test_cam1 | Type=PPE Alert | recipients=['your_actual_email@example.com'] | thread_id=19ffc22af1a6056d
2026-08-17 20:32:56,124 - notification3ab8f474409a - INFO - Queuing email task | camera=ppe_test_cam1 | to=['your_actual_email@example.com']
2026-08-17 20:32:56,124 - notification3ab8f474409a - INFO - Queuing telegram task | camera=ppe_test_cam1 | chat_ids=[]
2026-08-17 20:32:56,124 - notification3ab8f474409a - INFO - Running 2 notification task(s) | camera=ppe_test_cam1
2026-08-17 20:32:56,124 - notification3ab8f474409a - INFO - email gmail function started for camera: ppe_test_cam1, Type: PPE Alert
2026-08-17 20:32:56,124 - notification3ab8f474409a - INFO - DataPath: /Aksha, main_dir: /Aksha
2026-08-17 20:32:56,125 - notification3ab8f474409a - INFO - Loaded config from: /usr/src/app/app/socialPlatforms/keys.yaml
2026-08-17 20:32:56,126 - notification3ab8f474409a - INFO - Using threadId from namespace: 19ffc22af1a6056d
2026-08-17 20:32:56,126 - notification3ab8f474409a - INFO - Credentials loaded successfully
2026-08-17 20:32:56,126 - notification3ab8f474409a - INFO - telegram() | camera=ppe_test_cam1 | Type=PPE Alert | subscription=notification_results | service_status=True | chat_ids=[]
2026-08-17 20:32:56,126 - notification3ab8f474409a - ERROR - Missing chat_ids or bot_token for Telegram
2026-08-17 20:32:56,413 - notification3ab8f474409a - INFO - Gmail API discovered
2026-08-17 20:32:57,883 - notification3ab8f474409a - INFO - Added threading headers for thread: 19ffc22af1a6056d
2026-08-17 20:32:57,883 - notification3ab8f474409a - INFO - Attached logo1 from: /usr/src/app/app/logo.png
2026-08-17 20:32:57,884 - notification3ab8f474409a - INFO - Attached logo2 from: /usr/src/app/app/logo2.png
2026-08-17 20:32:57,885 - notification3ab8f474409a - INFO - Looking for alert image at: /Aksha/ppe_test_cam1/alerts/2026-08-17/2026-08-17 20:32:56.09_alert.jpg
2026-08-17 20:32:57,886 - notification3ab8f474409a - INFO - Attached alert image: /Aksha/ppe_test_cam1/alerts/2026-08-17/2026-08-17 20:32:56.09_alert.jpg
2026-08-17 20:32:57,892 - notification3ab8f474409a - INFO - Sending email with threadId: 19ffc22af1a6056d
2026-08-17 20:32:58,441 - notification3ab8f474409a - ERROR - Error sending email: 



Too Many Requests

Content:
{'code': 429,
 'errors': [{'domain': 'global',
             'message': 'User-rate limit exceeded.  Retry after '
                        '2026-08-17T15:17:58.320Z (Mail sending)',
             'reason': 'rateLimitExceeded'}],
 'message': 'User-rate limit exceeded.  Retry after 2026-08-17T15:17:58.320Z '
            '(Mail sending)',
 'status': 'RESOURCE_EXHAUSTED'}

Request URL:
https://gmail.googleapis.com/gmail/v1/users/me/messages/send
2026-08-17 20:32:58,442 - notification3ab8f474409a - ERROR - Traceback: Traceback (most recent call last):
  File "/usr/src/app/app/socialPlatforms/email.py", line 767, in email_gmail
    response = await google.as_user(
  File "/usr/local/lib/python3.10/site-packages/aiogoogle/client.py", line 270, in as_user
    return await self.send(
  File "/usr/local/lib/python3.10/site-packages/aiogoogle/client.py", line 425, in send
    return await session.send(*args, **kwargs)
  File "/usr/local/lib/python3.10/site-packages/aiogoogle/sessions/aiohttp_session.py", line 192, in send
    results = await schedule_tasks()
  File "/usr/local/lib/python3.10/site-packages/aiogoogle/sessions/aiohttp_session.py", line 177, in schedule_tasks
    return await asyncio.gather(
  File "/usr/local/lib/python3.10/site-packages/aiogoogle/sessions/aiohttp_session.py", line 171, in get_content
    response = await get_response(request)
  File "/usr/local/lib/python3.10/site-packages/aiogoogle/sessions/aiohttp_session.py", line 167, in get_response
    response.raise_for_status()
  File "/usr/local/lib/python3.10/site-packages/aiogoogle/models.py", line 481, in raise_for_status
    raise HTTPError(msg=self.reason, req=self.req, res=self)
aiogoogle.excs.HTTPError: 



Too Many Requests

Content:
{'code': 429,
 'errors': [{'domain': 'global',
             'message': 'User-rate limit exceeded.  Retry after '
                        '2026-08-17T15:17:58.320Z (Mail sending)',
             'reason': 'rateLimitExceeded'}],
 'message': 'User-rate limit exceeded.  Retry after 2026-08-17T15:17:58.320Z '
            '(Mail sending)',
 'status': 'RESOURCE_EXHAUSTED'}

Request URL:
https://gmail.googleapis.com/gmail/v1/users/me/messages/send

2026-08-17 20:32:58,446 - notification3ab8f474409a - INFO - Updated threadId in app.config: 19ffc22af1a6056d
2026-08-17 20:32:58,447 - notification3ab8f474409a - INFO - [NOTIFICATION SENT] frame_id=None | camera=ppe_test_cam1 | Type=PPE Alert | topic=notification_results
2026-08-17 20:33:56,256 - notification3ab8f474409a - INFO - _poll_kafka: 1 message(s) received from Kafka
2026-08-17 20:33:56,257 - notification3ab8f474409a - INFO - [NOTIFICATION RECEIVED] frame_id=None | camera=ppe_test_cam1 | Type=PPE Alert | timestamp=2026-08-17 20:33:56.190000
2026-08-17 20:33:56,257 - notification3ab8f474409a - INFO - send_notifications | camera=ppe_test_cam1 | Type=PPE Alert | recipients=['your_actual_email@example.com'] | thread_id=19ffc22af1a6056d
2026-08-17 20:33:56,257 - notification3ab8f474409a - INFO - Queuing email task | camera=ppe_test_cam1 | to=['your_actual_email@example.com']
2026-08-17 20:33:56,257 - notification3ab8f474409a - INFO - Queuing telegram task | camera=ppe_test_cam1 | chat_ids=[]
2026-08-17 20:33:56,257 - notification3ab8f474409a - INFO - Running 2 notification task(s) | camera=ppe_test_cam1
2026-08-17 20:33:56,257 - notification3ab8f474409a - INFO - email gmail function started for camera: ppe_test_cam1, Type: PPE Alert
2026-08-17 20:33:56,257 - notification3ab8f474409a - INFO - DataPath: /Aksha, main_dir: /Aksha
2026-08-17 20:33:56,259 - notification3ab8f474409a - INFO - Loaded config from: /usr/src/app/app/socialPlatforms/keys.yaml
2026-08-17 20:33:56,259 - notification3ab8f474409a - INFO - Using threadId from namespace: 19ffc22af1a6056d
2026-08-17 20:33:56,259 - notification3ab8f474409a - INFO - Credentials loaded successfully
2026-08-17 20:33:56,259 - notification3ab8f474409a - INFO - telegram() | camera=ppe_test_cam1 | Type=PPE Alert | subscription=notification_results | service_status=True | chat_ids=[]
2026-08-17 20:33:56,259 - notification3ab8f474409a - ERROR - Missing chat_ids or bot_token for Telegram
2026-08-17 20:33:56,557 - notification3ab8f474409a - INFO - Gmail API discovered
2026-08-17 20:33:57,757 - notification3ab8f474409a - INFO - Added threading headers for thread: 19ffc22af1a6056d
2026-08-17 20:33:57,757 - notification3ab8f474409a - INFO - Attached logo1 from: /usr/src/app/app/logo.png
2026-08-17 20:33:57,758 - notification3ab8f474409a - INFO - Attached logo2 from: /usr/src/app/app/logo2.png
2026-08-17 20:33:57,758 - notification3ab8f474409a - INFO - Looking for alert image at: /Aksha/ppe_test_cam1/alerts/2026-08-17/2026-08-17 20:33:56.19_alert.jpg
2026-08-17 20:33:57,765 - notification3ab8f474409a - INFO - Attached alert image: /Aksha/ppe_test_cam1/alerts/2026-08-17/2026-08-17 20:33:56.19_alert.jpg
2026-08-17 20:33:57,776 - notification3ab8f474409a - INFO - Sending email with threadId: 19ffc22af1a6056d
2026-08-17 20:33:58,550 - notification3ab8f474409a - ERROR - Error sending email: 



Too Many Requests

Content:
{'code': 429,
 'errors': [{'domain': 'global',
             'message': 'User-rate limit exceeded.  Retry after '
                        '2026-08-17T15:18:58.410Z (Mail sending)',
             'reason': 'rateLimitExceeded'}],
 'message': 'User-rate limit exceeded.  Retry after 2026-08-17T15:18:58.410Z '
            '(Mail sending)',
 'status': 'RESOURCE_EXHAUSTED'}

Request URL:
https://gmail.googleapis.com/gmail/v1/users/me/messages/send
2026-08-17 20:33:58,551 - notification3ab8f474409a - ERROR - Traceback: Traceback (most recent call last):
  File "/usr/src/app/app/socialPlatforms/email.py", line 767, in email_gmail
    response = await google.as_user(
  File "/usr/local/lib/python3.10/site-packages/aiogoogle/client.py", line 270, in as_user
    return await self.send(
  File "/usr/local/lib/python3.10/site-packages/aiogoogle/client.py", line 425, in send
    return await session.send(*args, **kwargs)
  File "/usr/local/lib/python3.10/site-packages/aiogoogle/sessions/aiohttp_session.py", line 192, in send
    results = await schedule_tasks()
  File "/usr/local/lib/python3.10/site-packages/aiogoogle/sessions/aiohttp_session.py", line 177, in schedule_tasks
    return await asyncio.gather(
  File "/usr/local/lib/python3.10/site-packages/aiogoogle/sessions/aiohttp_session.py", line 171, in get_content
    response = await get_response(request)
  File "/usr/local/lib/python3.10/site-packages/aiogoogle/sessions/aiohttp_session.py", line 167, in get_response
    response.raise_for_status()
  File "/usr/local/lib/python3.10/site-packages/aiogoogle/models.py", line 481, in raise_for_status
    raise HTTPError(msg=self.reason, req=self.req, res=self)
aiogoogle.excs.HTTPError: 



Too Many Requests

Content:
{'code': 429,
 'errors': [{'domain': 'global',
             'message': 'User-rate limit exceeded.  Retry after '
                        '2026-08-17T15:18:58.410Z (Mail sending)',
             'reason': 'rateLimitExceeded'}],
 'message': 'User-rate limit exceeded.  Retry after 2026-08-17T15:18:58.410Z '
            '(Mail sending)',
 'status': 'RESOURCE_EXHAUSTED'}

Request URL:
https://gmail.googleapis.com/gmail/v1/users/me/messages/send

2026-08-17 20:33:58,556 - notification3ab8f474409a - INFO - Updated threadId in app.config: 19ffc22af1a6056d
2026-08-17 20:33:58,557 - notification3ab8f474409a - INFO - [NOTIFICATION SENT] frame_id=None | camera=ppe_test_cam1 | Type=PPE Alert | topic=notification_results
2026-08-17 20:34:56,211 - notification3ab8f474409a - INFO - _poll_kafka: 1 message(s) received from Kafka
2026-08-17 20:34:56,211 - notification3ab8f474409a - INFO - [NOTIFICATION RECEIVED] frame_id=None | camera=ppe_test_cam1 | Type=PPE Alert | timestamp=2026-08-17 20:34:56.180000
2026-08-17 20:34:56,211 - notification3ab8f474409a - INFO - send_notifications | camera=ppe_test_cam1 | Type=PPE Alert | recipients=['your_actual_email@example.com'] | thread_id=19ffc22af1a6056d
2026-08-17 20:34:56,212 - notification3ab8f474409a - INFO - Queuing email task | camera=ppe_test_cam1 | to=['your_actual_email@example.com']
2026-08-17 20:34:56,212 - notification3ab8f474409a - INFO - Queuing telegram task | camera=ppe_test_cam1 | chat_ids=[]
2026-08-17 20:34:56,212 - notification3ab8f474409a - INFO - Running 2 notification task(s) | camera=ppe_test_cam1
2026-08-17 20:34:56,212 - notification3ab8f474409a - INFO - email gmail function started for camera: ppe_test_cam1, Type: PPE Alert
2026-08-17 20:34:56,212 - notification3ab8f474409a - INFO - DataPath: /Aksha, main_dir: /Aksha
2026-08-17 20:34:56,213 - notification3ab8f474409a - INFO - Loaded config from: /usr/src/app/app/socialPlatforms/keys.yaml
2026-08-17 20:34:56,213 - notification3ab8f474409a - INFO - Using threadId from namespace: 19ffc22af1a6056d
2026-08-17 20:34:56,213 - notification3ab8f474409a - INFO - Credentials loaded successfully
2026-08-17 20:34:56,214 - notification3ab8f474409a - INFO - telegram() | camera=ppe_test_cam1 | Type=PPE Alert | subscription=notification_results | service_status=True | chat_ids=[]
2026-08-17 20:34:56,214 - notification3ab8f474409a - ERROR - Missing chat_ids or bot_token for Telegram
2026-08-17 20:34:56,512 - notification3ab8f474409a - INFO - Gmail API discovered
2026-08-17 20:34:57,937 - notification3ab8f474409a - INFO - Added threading headers for thread: 19ffc22af1a6056d
2026-08-17 20:34:57,938 - notification3ab8f474409a - INFO - Attached logo1 from: /usr/src/app/app/logo.png
2026-08-17 20:34:57,939 - notification3ab8f474409a - INFO - Attached logo2 from: /usr/src/app/app/logo2.png
2026-08-17 20:34:57,939 - notification3ab8f474409a - INFO - Looking for alert image at: /Aksha/ppe_test_cam1/alerts/2026-08-17/2026-08-17 20:34:56.18_alert.jpg
2026-08-17 20:34:57,941 - notification3ab8f474409a - INFO - Attached alert image: /Aksha/ppe_test_cam1/alerts/2026-08-17/2026-08-17 20:34:56.18_alert.jpg
2026-08-17 20:34:57,946 - notification3ab8f474409a - INFO - Sending email with threadId: 19ffc22af1a6056d
2026-08-17 20:34:58,723 - notification3ab8f474409a - ERROR - Error sending email: 



Too Many Requests

Content:
{'code': 429,
 'errors': [{'domain': 'global',
             'message': 'User-rate limit exceeded.  Retry after '
                        '2026-08-17T15:19:58.593Z (Mail sending)',
             'reason': 'rateLimitExceeded'}],
 'message': 'User-rate limit exceeded.  Retry after 2026-08-17T15:19:58.593Z '
            '(Mail sending)',
 'status': 'RESOURCE_EXHAUSTED'}

Request URL:
https://gmail.googleapis.com/gmail/v1/users/me/messages/send
2026-08-17 20:34:58,724 - notification3ab8f474409a - ERROR - Traceback: Traceback (most recent call last):
  File "/usr/src/app/app/socialPlatforms/email.py", line 767, in email_gmail
    response = await google.as_user(
  File "/usr/local/lib/python3.10/site-packages/aiogoogle/client.py", line 270, in as_user
    return await self.send(
  File "/usr/local/lib/python3.10/site-packages/aiogoogle/client.py", line 425, in send
    return await session.send(*args, **kwargs)
  File "/usr/local/lib/python3.10/site-packages/aiogoogle/sessions/aiohttp_session.py", line 192, in send
    results = await schedule_tasks()
  File "/usr/local/lib/python3.10/site-packages/aiogoogle/sessions/aiohttp_session.py", line 177, in schedule_tasks
    return await asyncio.gather(
  File "/usr/local/lib/python3.10/site-packages/aiogoogle/sessions/aiohttp_session.py", line 171, in get_content
    response = await get_response(request)
  File "/usr/local/lib/python3.10/site-packages/aiogoogle/sessions/aiohttp_session.py", line 167, in get_response
    response.raise_for_status()
  File "/usr/local/lib/python3.10/site-packages/aiogoogle/models.py", line 481, in raise_for_status
    raise HTTPError(msg=self.reason, req=self.req, res=self)
aiogoogle.excs.HTTPError: 



Too Many Requests

Content:
{'code': 429,
 'errors': [{'domain': 'global',
             'message': 'User-rate limit exceeded.  Retry after '
                        '2026-08-17T15:19:58.593Z (Mail sending)',
             'reason': 'rateLimitExceeded'}],
 'message': 'User-rate limit exceeded.  Retry after 2026-08-17T15:19:58.593Z '
            '(Mail sending)',
 'status': 'RESOURCE_EXHAUSTED'}

Request URL:
https://gmail.googleapis.com/gmail/v1/users/me/messages/send

2026-08-17 20:34:58,726 - notification3ab8f474409a - INFO - Updated threadId in app.config: 19ffc22af1a6056d
2026-08-17 20:34:58,726 - notification3ab8f474409a - INFO - [NOTIFICATION SENT] frame_id=None | camera=ppe_test_cam1 | Type=PPE Alert | topic=notification_results
2026-08-17 20:35:56,167 - notification3ab8f474409a - INFO - _poll_kafka: 1 message(s) received from Kafka
2026-08-17 20:35:56,167 - notification3ab8f474409a - INFO - [NOTIFICATION RECEIVED] frame_id=None | camera=ppe_test_cam1 | Type=PPE Alert | timestamp=2026-08-17 20:35:56.130000
2026-08-17 20:35:56,168 - notification3ab8f474409a - INFO - send_notifications | camera=ppe_test_cam1 | Type=PPE Alert | recipients=['your_actual_email@example.com'] | thread_id=19ffc22af1a6056d
2026-08-17 20:35:56,168 - notification3ab8f474409a - INFO - Queuing email task | camera=ppe_test_cam1 | to=['your_actual_email@example.com']
2026-08-17 20:35:56,168 - notification3ab8f474409a - INFO - Queuing telegram task | camera=ppe_test_cam1 | chat_ids=[]
2026-08-17 20:35:56,168 - notification3ab8f474409a - INFO - Running 2 notification task(s) | camera=ppe_test_cam1
2026-08-17 20:35:56,168 - notification3ab8f474409a - INFO - email gmail function started for camera: ppe_test_cam1, Type: PPE Alert
2026-08-17 20:35:56,168 - notification3ab8f474409a - INFO - DataPath: /Aksha, main_dir: /Aksha
2026-08-17 20:35:56,169 - notification3ab8f474409a - INFO - Loaded config from: /usr/src/app/app/socialPlatforms/keys.yaml
2026-08-17 20:35:56,169 - notification3ab8f474409a - INFO - Using threadId from namespace: 19ffc22af1a6056d
2026-08-17 20:35:56,170 - notification3ab8f474409a - INFO - Credentials loaded successfully
2026-08-17 20:35:56,170 - notification3ab8f474409a - INFO - telegram() | camera=ppe_test_cam1 | Type=PPE Alert | subscription=notification_results | service_status=True | chat_ids=[]
2026-08-17 20:35:56,170 - notification3ab8f474409a - ERROR - Missing chat_ids or bot_token for Telegram
2026-08-17 20:35:56,497 - notification3ab8f474409a - INFO - Gmail API discovered
2026-08-17 20:35:57,918 - notification3ab8f474409a - INFO - Added threading headers for thread: 19ffc22af1a6056d
2026-08-17 20:35:57,918 - notification3ab8f474409a - INFO - Attached logo1 from: /usr/src/app/app/logo.png
2026-08-17 20:35:57,919 - notification3ab8f474409a - INFO - Attached logo2 from: /usr/src/app/app/logo2.png
2026-08-17 20:35:57,919 - notification3ab8f474409a - INFO - Looking for alert image at: /Aksha/ppe_test_cam1/alerts/2026-08-17/2026-08-17 20:35:56.13_alert.jpg
2026-08-17 20:35:57,921 - notification3ab8f474409a - INFO - Attached alert image: /Aksha/ppe_test_cam1/alerts/2026-08-17/2026-08-17 20:35:56.13_alert.jpg
2026-08-17 20:35:57,926 - notification3ab8f474409a - INFO - Sending email with threadId: 19ffc22af1a6056d
2026-08-17 20:35:58,688 - notification3ab8f474409a - ERROR - Error sending email: 



Too Many Requests

Content:
{'code': 429,
 'errors': [{'domain': 'global',
             'message': 'User-rate limit exceeded.  Retry after '
                        '2026-08-17T15:20:58.561Z (Mail sending)',
             'reason': 'rateLimitExceeded'}],
 'message': 'User-rate limit exceeded.  Retry after 2026-08-17T15:20:58.561Z '
            '(Mail sending)',
 'status': 'RESOURCE_EXHAUSTED'}

Request URL:
https://gmail.googleapis.com/gmail/v1/users/me/messages/send
2026-08-17 20:35:58,689 - notification3ab8f474409a - ERROR - Traceback: Traceback (most recent call last):
  File "/usr/src/app/app/socialPlatforms/email.py", line 767, in email_gmail
    response = await google.as_user(
  File "/usr/local/lib/python3.10/site-packages/aiogoogle/client.py", line 270, in as_user
    return await self.send(
  File "/usr/local/lib/python3.10/site-packages/aiogoogle/client.py", line 425, in send
    return await session.send(*args, **kwargs)
  File "/usr/local/lib/python3.10/site-packages/aiogoogle/sessions/aiohttp_session.py", line 192, in send
    results = await schedule_tasks()
  File "/usr/local/lib/python3.10/site-packages/aiogoogle/sessions/aiohttp_session.py", line 177, in schedule_tasks
    return await asyncio.gather(
  File "/usr/local/lib/python3.10/site-packages/aiogoogle/sessions/aiohttp_session.py", line 171, in get_content
    response = await get_response(request)
  File "/usr/local/lib/python3.10/site-packages/aiogoogle/sessions/aiohttp_session.py", line 167, in get_response
    response.raise_for_status()
  File "/usr/local/lib/python3.10/site-packages/aiogoogle/models.py", line 481, in raise_for_status
    raise HTTPError(msg=self.reason, req=self.req, res=self)
aiogoogle.excs.HTTPError: 



Too Many Requests

Content:
{'code': 429,
 'errors': [{'domain': 'global',
             'message': 'User-rate limit exceeded.  Retry after '
                        '2026-08-17T15:20:58.561Z (Mail sending)',
             'reason': 'rateLimitExceeded'}],
 'message': 'User-rate limit exceeded.  Retry after 2026-08-17T15:20:58.561Z '
            '(Mail sending)',
 'status': 'RESOURCE_EXHAUSTED'}

Request URL:
https://gmail.googleapis.com/gmail/v1/users/me/messages/send

2026-08-17 20:35:58,690 - notification3ab8f474409a - INFO - Updated threadId in app.config: 19ffc22af1a6056d
2026-08-17 20:35:58,690 - notification3ab8f474409a - INFO - [NOTIFICATION SENT] frame_id=None | camera=ppe_test_cam1 | Type=PPE Alert | topic=notification_results
2026-08-17 20:36:56,207 - notification3ab8f474409a - INFO - _poll_kafka: 1 message(s) received from Kafka
2026-08-17 20:36:56,207 - notification3ab8f474409a - INFO - [NOTIFICATION RECEIVED] frame_id=None | camera=ppe_test_cam1 | Type=PPE Alert | timestamp=2026-08-17 20:36:56.150000
2026-08-17 20:36:56,208 - notification3ab8f474409a - INFO - send_notifications | camera=ppe_test_cam1 | Type=PPE Alert | recipients=['your_actual_email@example.com'] | thread_id=19ffc22af1a6056d
2026-08-17 20:36:56,208 - notification3ab8f474409a - INFO - Queuing email task | camera=ppe_test_cam1 | to=['your_actual_email@example.com']
2026-08-17 20:36:56,208 - notification3ab8f474409a - INFO - Queuing telegram task | camera=ppe_test_cam1 | chat_ids=[]
2026-08-17 20:36:56,208 - notification3ab8f474409a - INFO - Running 2 notification task(s) | camera=ppe_test_cam1
2026-08-17 20:36:56,208 - notification3ab8f474409a - INFO - email gmail function started for camera: ppe_test_cam1, Type: PPE Alert
2026-08-17 20:36:56,208 - notification3ab8f474409a - INFO - DataPath: /Aksha, main_dir: /Aksha
2026-08-17 20:36:56,209 - notification3ab8f474409a - INFO - Loaded config from: /usr/src/app/app/socialPlatforms/keys.yaml
2026-08-17 20:36:56,209 - notification3ab8f474409a - INFO - Using threadId from namespace: 19ffc22af1a6056d
2026-08-17 20:36:56,209 - notification3ab8f474409a - INFO - Credentials loaded successfully
2026-08-17 20:36:56,210 - notification3ab8f474409a - INFO - telegram() | camera=ppe_test_cam1 | Type=PPE Alert | subscription=notification_results | service_status=True | chat_ids=[]
2026-08-17 20:36:56,210 - notification3ab8f474409a - ERROR - Missing chat_ids or bot_token for Telegram
2026-08-17 20:36:56,513 - notification3ab8f474409a - INFO - Gmail API discovered
2026-08-17 20:36:57,867 - notification3ab8f474409a - INFO - Added threading headers for thread: 19ffc22af1a6056d
2026-08-17 20:36:57,867 - notification3ab8f474409a - INFO - Attached logo1 from: /usr/src/app/app/logo.png
2026-08-17 20:36:57,874 - notification3ab8f474409a - INFO - Attached logo2 from: /usr/src/app/app/logo2.png
2026-08-17 20:36:57,877 - notification3ab8f474409a - INFO - Looking for alert image at: /Aksha/ppe_test_cam1/alerts/2026-08-17/2026-08-17 20:36:56.15_alert.jpg
2026-08-17 20:36:57,880 - notification3ab8f474409a - INFO - Attached alert image: /Aksha/ppe_test_cam1/alerts/2026-08-17/2026-08-17 20:36:56.15_alert.jpg
2026-08-17 20:36:57,893 - notification3ab8f474409a - INFO - Sending email with threadId: 19ffc22af1a6056d
2026-08-17 20:36:58,680 - notification3ab8f474409a - ERROR - Error sending email: 



Too Many Requests

Content:
{'code': 429,
 'errors': [{'domain': 'global',
             'message': 'User-rate limit exceeded.  Retry after '
                        '2026-08-17T15:21:58.557Z (Mail sending)',
             'reason': 'rateLimitExceeded'}],
 'message': 'User-rate limit exceeded.  Retry after 2026-08-17T15:21:58.557Z '
            '(Mail sending)',
 'status': 'RESOURCE_EXHAUSTED'}

Request URL:
https://gmail.googleapis.com/gmail/v1/users/me/messages/send
2026-08-17 20:36:58,681 - notification3ab8f474409a - ERROR - Traceback: Traceback (most recent call last):
  File "/usr/src/app/app/socialPlatforms/email.py", line 767, in email_gmail
    response = await google.as_user(
  File "/usr/local/lib/python3.10/site-packages/aiogoogle/client.py", line 270, in as_user
    return await self.send(
  File "/usr/local/lib/python3.10/site-packages/aiogoogle/client.py", line 425, in send
    return await session.send(*args, **kwargs)
  File "/usr/local/lib/python3.10/site-packages/aiogoogle/sessions/aiohttp_session.py", line 192, in send
    results = await schedule_tasks()
  File "/usr/local/lib/python3.10/site-packages/aiogoogle/sessions/aiohttp_session.py", line 177, in schedule_tasks
    return await asyncio.gather(
  File "/usr/local/lib/python3.10/site-packages/aiogoogle/sessions/aiohttp_session.py", line 171, in get_content
    response = await get_response(request)
  File "/usr/local/lib/python3.10/site-packages/aiogoogle/sessions/aiohttp_session.py", line 167, in get_response
    response.raise_for_status()
  File "/usr/local/lib/python3.10/site-packages/aiogoogle/models.py", line 481, in raise_for_status
    raise HTTPError(msg=self.reason, req=self.req, res=self)
aiogoogle.excs.HTTPError: 



Too Many Requests

Content:
{'code': 429,
 'errors': [{'domain': 'global',
             'message': 'User-rate limit exceeded.  Retry after '
                        '2026-08-17T15:21:58.557Z (Mail sending)',
             'reason': 'rateLimitExceeded'}],
 'message': 'User-rate limit exceeded.  Retry after 2026-08-17T15:21:58.557Z '
            '(Mail sending)',
 'status': 'RESOURCE_EXHAUSTED'}

Request URL:
https://gmail.googleapis.com/gmail/v1/users/me/messages/send

2026-08-17 20:36:58,684 - notification3ab8f474409a - INFO - Updated threadId in app.config: 19ffc22af1a6056d
2026-08-17 20:36:58,684 - notification3ab8f474409a - INFO - [NOTIFICATION SENT] frame_id=None | camera=ppe_test_cam1 | Type=PPE Alert | topic=notification_results
2026-08-17 20:37:56,265 - notification3ab8f474409a - INFO - _poll_kafka: 1 message(s) received from Kafka
2026-08-17 20:37:56,265 - notification3ab8f474409a - INFO - [NOTIFICATION RECEIVED] frame_id=None | camera=ppe_test_cam1 | Type=PPE Alert | timestamp=2026-08-17 20:37:56.230000
2026-08-17 20:37:56,265 - notification3ab8f474409a - INFO - send_notifications | camera=ppe_test_cam1 | Type=PPE Alert | recipients=['your_actual_email@example.com'] | thread_id=19ffc22af1a6056d
2026-08-17 20:37:56,265 - notification3ab8f474409a - INFO - Queuing email task | camera=ppe_test_cam1 | to=['your_actual_email@example.com']
2026-08-17 20:37:56,265 - notification3ab8f474409a - INFO - Queuing telegram task | camera=ppe_test_cam1 | chat_ids=[]
2026-08-17 20:37:56,266 - notification3ab8f474409a - INFO - Running 2 notification task(s) | camera=ppe_test_cam1
2026-08-17 20:37:56,266 - notification3ab8f474409a - INFO - email gmail function started for camera: ppe_test_cam1, Type: PPE Alert
2026-08-17 20:37:56,266 - notification3ab8f474409a - INFO - DataPath: /Aksha, main_dir: /Aksha
2026-08-17 20:37:56,267 - notification3ab8f474409a - INFO - Loaded config from: /usr/src/app/app/socialPlatforms/keys.yaml
2026-08-17 20:37:56,267 - notification3ab8f474409a - INFO - Using threadId from namespace: 19ffc22af1a6056d
2026-08-17 20:37:56,268 - notification3ab8f474409a - INFO - Credentials loaded successfully
2026-08-17 20:37:56,268 - notification3ab8f474409a - INFO - telegram() | camera=ppe_test_cam1 | Type=PPE Alert | subscription=notification_results | service_status=True | chat_ids=[]
2026-08-17 20:37:56,268 - notification3ab8f474409a - ERROR - Missing chat_ids or bot_token for Telegram
2026-08-17 20:37:56,580 - notification3ab8f474409a - INFO - Gmail API discovered
2026-08-17 20:37:58,154 - notification3ab8f474409a - INFO - Added threading headers for thread: 19ffc22af1a6056d
2026-08-17 20:37:58,156 - notification3ab8f474409a - INFO - Attached logo1 from: /usr/src/app/app/logo.png
2026-08-17 20:37:58,157 - notification3ab8f474409a - INFO - Attached logo2 from: /usr/src/app/app/logo2.png
2026-08-17 20:37:58,157 - notification3ab8f474409a - INFO - Looking for alert image at: /Aksha/ppe_test_cam1/alerts/2026-08-17/2026-08-17 20:37:56.23_alert.jpg
2026-08-17 20:37:58,159 - notification3ab8f474409a - INFO - Attached alert image: /Aksha/ppe_test_cam1/alerts/2026-08-17/2026-08-17 20:37:56.23_alert.jpg
2026-08-17 20:37:58,166 - notification3ab8f474409a - INFO - Sending email with threadId: 19ffc22af1a6056d
2026-08-17 20:37:59,238 - notification3ab8f474409a - ERROR - Error sending email: 



Too Many Requests

Content:
{'code': 429,
 'errors': [{'domain': 'global',
             'message': 'User-rate limit exceeded.  Retry after '
                        '2026-08-17T15:22:59.112Z (Mail sending)',
             'reason': 'rateLimitExceeded'}],
 'message': 'User-rate limit exceeded.  Retry after 2026-08-17T15:22:59.112Z '
            '(Mail sending)',
 'status': 'RESOURCE_EXHAUSTED'}

Request URL:
https://gmail.googleapis.com/gmail/v1/users/me/messages/send
2026-08-17 20:37:59,238 - notification3ab8f474409a - ERROR - Traceback: Traceback (most recent call last):
  File "/usr/src/app/app/socialPlatforms/email.py", line 767, in email_gmail
    response = await google.as_user(
  File "/usr/local/lib/python3.10/site-packages/aiogoogle/client.py", line 270, in as_user
    return await self.send(
  File "/usr/local/lib/python3.10/site-packages/aiogoogle/client.py", line 425, in send
    return await session.send(*args, **kwargs)
  File "/usr/local/lib/python3.10/site-packages/aiogoogle/sessions/aiohttp_session.py", line 192, in send
    results = await schedule_tasks()
  File "/usr/local/lib/python3.10/site-packages/aiogoogle/sessions/aiohttp_session.py", line 177, in schedule_tasks
    return await asyncio.gather(
  File "/usr/local/lib/python3.10/site-packages/aiogoogle/sessions/aiohttp_session.py", line 171, in get_content
    response = await get_response(request)
  File "/usr/local/lib/python3.10/site-packages/aiogoogle/sessions/aiohttp_session.py", line 167, in get_response
    response.raise_for_status()
  File "/usr/local/lib/python3.10/site-packages/aiogoogle/models.py", line 481, in raise_for_status
    raise HTTPError(msg=self.reason, req=self.req, res=self)
aiogoogle.excs.HTTPError: 



Too Many Requests

Content:
{'code': 429,
 'errors': [{'domain': 'global',
             'message': 'User-rate limit exceeded.  Retry after '
                        '2026-08-17T15:22:59.112Z (Mail sending)',
             'reason': 'rateLimitExceeded'}],
 'message': 'User-rate limit exceeded.  Retry after 2026-08-17T15:22:59.112Z '
            '(Mail sending)',
 'status': 'RESOURCE_EXHAUSTED'}

Request URL:
https://gmail.googleapis.com/gmail/v1/users/me/messages/send

2026-08-17 20:37:59,239 - notification3ab8f474409a - INFO - Updated threadId in app.config: 19ffc22af1a6056d
2026-08-17 20:37:59,240 - notification3ab8f474409a - INFO - [NOTIFICATION SENT] frame_id=None | camera=ppe_test_cam1 | Type=PPE Alert | topic=notification_results
2026-08-17 20:38:56,203 - notification3ab8f474409a - INFO - _poll_kafka: 1 message(s) received from Kafka
2026-08-17 20:38:56,204 - notification3ab8f474409a - INFO - [NOTIFICATION RECEIVED] frame_id=None | camera=ppe_test_cam1 | Type=PPE Alert | timestamp=2026-08-17 20:38:56.160000
2026-08-17 20:38:56,204 - notification3ab8f474409a - INFO - send_notifications | camera=ppe_test_cam1 | Type=PPE Alert | recipients=['your_actual_email@example.com'] | thread_id=19ffc22af1a6056d
2026-08-17 20:38:56,204 - notification3ab8f474409a - INFO - Queuing email task | camera=ppe_test_cam1 | to=['your_actual_email@example.com']
2026-08-17 20:38:56,204 - notification3ab8f474409a - INFO - Queuing telegram task | camera=ppe_test_cam1 | chat_ids=[]
2026-08-17 20:38:56,204 - notification3ab8f474409a - INFO - Running 2 notification task(s) | camera=ppe_test_cam1
2026-08-17 20:38:56,204 - notification3ab8f474409a - INFO - email gmail function started for camera: ppe_test_cam1, Type: PPE Alert
2026-08-17 20:38:56,204 - notification3ab8f474409a - INFO - DataPath: /Aksha, main_dir: /Aksha
2026-08-17 20:38:56,206 - notification3ab8f474409a - INFO - Loaded config from: /usr/src/app/app/socialPlatforms/keys.yaml
2026-08-17 20:38:56,206 - notification3ab8f474409a - INFO - Using threadId from namespace: 19ffc22af1a6056d
2026-08-17 20:38:56,206 - notification3ab8f474409a - INFO - Credentials loaded successfully
2026-08-17 20:38:56,206 - notification3ab8f474409a - INFO - telegram() | camera=ppe_test_cam1 | Type=PPE Alert | subscription=notification_results | service_status=True | chat_ids=[]
2026-08-17 20:38:56,206 - notification3ab8f474409a - ERROR - Missing chat_ids or bot_token for Telegram
2026-08-17 20:38:56,510 - notification3ab8f474409a - INFO - Gmail API discovered
2026-08-17 20:38:57,721 - notification3ab8f474409a - INFO - Added threading headers for thread: 19ffc22af1a6056d
2026-08-17 20:38:57,722 - notification3ab8f474409a - INFO - Attached logo1 from: /usr/src/app/app/logo.png
2026-08-17 20:38:57,722 - notification3ab8f474409a - INFO - Attached logo2 from: /usr/src/app/app/logo2.png
2026-08-17 20:38:57,723 - notification3ab8f474409a - INFO - Looking for alert image at: /Aksha/ppe_test_cam1/alerts/2026-08-17/2026-08-17 20:38:56.16_alert.jpg
2026-08-17 20:38:57,731 - notification3ab8f474409a - INFO - Attached alert image: /Aksha/ppe_test_cam1/alerts/2026-08-17/2026-08-17 20:38:56.16_alert.jpg
2026-08-17 20:38:57,737 - notification3ab8f474409a - INFO - Sending email with threadId: 19ffc22af1a6056d
2026-08-17 20:38:58,524 - notification3ab8f474409a - ERROR - Error sending email: 



Too Many Requests

Content:
{'code': 429,
 'errors': [{'domain': 'global',
             'message': 'User-rate limit exceeded.  Retry after '
                        '2026-08-17T15:23:58.399Z (Mail sending)',
             'reason': 'rateLimitExceeded'}],
 'message': 'User-rate limit exceeded.  Retry after 2026-08-17T15:23:58.399Z '
            '(Mail sending)',
 'status': 'RESOURCE_EXHAUSTED'}

Request URL:
https://gmail.googleapis.com/gmail/v1/users/me/messages/send
2026-08-17 20:38:58,526 - notification3ab8f474409a - ERROR - Traceback: Traceback (most recent call last):
  File "/usr/src/app/app/socialPlatforms/email.py", line 767, in email_gmail
    response = await google.as_user(
  File "/usr/local/lib/python3.10/site-packages/aiogoogle/client.py", line 270, in as_user
    return await self.send(
  File "/usr/local/lib/python3.10/site-packages/aiogoogle/client.py", line 425, in send
    return await session.send(*args, **kwargs)
  File "/usr/local/lib/python3.10/site-packages/aiogoogle/sessions/aiohttp_session.py", line 192, in send
    results = await schedule_tasks()
  File "/usr/local/lib/python3.10/site-packages/aiogoogle/sessions/aiohttp_session.py", line 177, in schedule_tasks
    return await asyncio.gather(
  File "/usr/local/lib/python3.10/site-packages/aiogoogle/sessions/aiohttp_session.py", line 171, in get_content
    response = await get_response(request)
  File "/usr/local/lib/python3.10/site-packages/aiogoogle/sessions/aiohttp_session.py", line 167, in get_response
    response.raise_for_status()
  File "/usr/local/lib/python3.10/site-packages/aiogoogle/models.py", line 481, in raise_for_status
    raise HTTPError(msg=self.reason, req=self.req, res=self)
aiogoogle.excs.HTTPError: 



Too Many Requests

Content:
{'code': 429,
 'errors': [{'domain': 'global',
             'message': 'User-rate limit exceeded.  Retry after '
                        '2026-08-17T15:23:58.399Z (Mail sending)',
             'reason': 'rateLimitExceeded'}],
 'message': 'User-rate limit exceeded.  Retry after 2026-08-17T15:23:58.399Z '
            '(Mail sending)',
 'status': 'RESOURCE_EXHAUSTED'}

Request URL:
https://gmail.googleapis.com/gmail/v1/users/me/messages/send

2026-08-17 20:38:58,534 - notification3ab8f474409a - INFO - Updated threadId in app.config: 19ffc22af1a6056d
2026-08-17 20:38:58,535 - notification3ab8f474409a - INFO - [NOTIFICATION SENT] frame_id=None | camera=ppe_test_cam1 | Type=PPE Alert | topic=notification_results
2026-08-17 20:39:56,225 - notification3ab8f474409a - INFO - _poll_kafka: 1 message(s) received from Kafka
2026-08-17 20:39:56,225 - notification3ab8f474409a - INFO - [NOTIFICATION RECEIVED] frame_id=None | camera=ppe_test_cam1 | Type=PPE Alert | timestamp=2026-08-17 20:39:56.160000
2026-08-17 20:39:56,226 - notification3ab8f474409a - INFO - send_notifications | camera=ppe_test_cam1 | Type=PPE Alert | recipients=['your_actual_email@example.com'] | thread_id=19ffc22af1a6056d
2026-08-17 20:39:56,226 - notification3ab8f474409a - INFO - Queuing email task | camera=ppe_test_cam1 | to=['your_actual_email@example.com']
2026-08-17 20:39:56,226 - notification3ab8f474409a - INFO - Queuing telegram task | camera=ppe_test_cam1 | chat_ids=[]
2026-08-17 20:39:56,226 - notification3ab8f474409a - INFO - Running 2 notification task(s) | camera=ppe_test_cam1
2026-08-17 20:39:56,226 - notification3ab8f474409a - INFO - email gmail function started for camera: ppe_test_cam1, Type: PPE Alert
2026-08-17 20:39:56,226 - notification3ab8f474409a - INFO - DataPath: /Aksha, main_dir: /Aksha
2026-08-17 20:39:56,228 - notification3ab8f474409a - INFO - Loaded config from: /usr/src/app/app/socialPlatforms/keys.yaml
2026-08-17 20:39:56,228 - notification3ab8f474409a - INFO - Using threadId from namespace: 19ffc22af1a6056d
2026-08-17 20:39:56,228 - notification3ab8f474409a - INFO - Credentials loaded successfully
2026-08-17 20:39:56,228 - notification3ab8f474409a - INFO - telegram() | camera=ppe_test_cam1 | Type=PPE Alert | subscription=notification_results | service_status=True | chat_ids=[]
2026-08-17 20:39:56,228 - notification3ab8f474409a - ERROR - Missing chat_ids or bot_token for Telegram
2026-08-17 20:39:56,517 - notification3ab8f474409a - INFO - Gmail API discovered
2026-08-17 20:39:57,987 - notification3ab8f474409a - INFO - Added threading headers for thread: 19ffc22af1a6056d
2026-08-17 20:39:57,988 - notification3ab8f474409a - INFO - Attached logo1 from: /usr/src/app/app/logo.png
2026-08-17 20:39:57,989 - notification3ab8f474409a - INFO - Attached logo2 from: /usr/src/app/app/logo2.png
2026-08-17 20:39:57,989 - notification3ab8f474409a - INFO - Looking for alert image at: /Aksha/ppe_test_cam1/alerts/2026-08-17/2026-08-17 20:39:56.16_alert.jpg
2026-08-17 20:39:57,991 - notification3ab8f474409a - INFO - Attached alert image: /Aksha/ppe_test_cam1/alerts/2026-08-17/2026-08-17 20:39:56.16_alert.jpg
2026-08-17 20:39:57,996 - notification3ab8f474409a - INFO - Sending email with threadId: 19ffc22af1a6056d
2026-08-17 20:39:58,754 - notification3ab8f474409a - ERROR - Error sending email: 



Too Many Requests

Content:
{'code': 429,
 'errors': [{'domain': 'global',
             'message': 'User-rate limit exceeded.  Retry after '
                        '2026-08-17T15:24:58.624Z (Mail sending)',
             'reason': 'rateLimitExceeded'}],
 'message': 'User-rate limit exceeded.  Retry after 2026-08-17T15:24:58.624Z '
            '(Mail sending)',
 'status': 'RESOURCE_EXHAUSTED'}

Request URL:
https://gmail.googleapis.com/gmail/v1/users/me/messages/send
2026-08-17 20:39:58,755 - notification3ab8f474409a - ERROR - Traceback: Traceback (most recent call last):
  File "/usr/src/app/app/socialPlatforms/email.py", line 767, in email_gmail
    response = await google.as_user(
  File "/usr/local/lib/python3.10/site-packages/aiogoogle/client.py", line 270, in as_user
    return await self.send(
  File "/usr/local/lib/python3.10/site-packages/aiogoogle/client.py", line 425, in send
    return await session.send(*args, **kwargs)
  File "/usr/local/lib/python3.10/site-packages/aiogoogle/sessions/aiohttp_session.py", line 192, in send
    results = await schedule_tasks()
  File "/usr/local/lib/python3.10/site-packages/aiogoogle/sessions/aiohttp_session.py", line 177, in schedule_tasks
    return await asyncio.gather(
  File "/usr/local/lib/python3.10/site-packages/aiogoogle/sessions/aiohttp_session.py", line 171, in get_content
    response = await get_response(request)
  File "/usr/local/lib/python3.10/site-packages/aiogoogle/sessions/aiohttp_session.py", line 167, in get_response
    response.raise_for_status()
  File "/usr/local/lib/python3.10/site-packages/aiogoogle/models.py", line 481, in raise_for_status
    raise HTTPError(msg=self.reason, req=self.req, res=self)
aiogoogle.excs.HTTPError: 



Too Many Requests

Content:
{'code': 429,
 'errors': [{'domain': 'global',
             'message': 'User-rate limit exceeded.  Retry after '
                        '2026-08-17T15:24:58.624Z (Mail sending)',
             'reason': 'rateLimitExceeded'}],
 'message': 'User-rate limit exceeded.  Retry after 2026-08-17T15:24:58.624Z '
            '(Mail sending)',
 'status': 'RESOURCE_EXHAUSTED'}

Request URL:
https://gmail.googleapis.com/gmail/v1/users/me/messages/send

2026-08-17 20:39:58,758 - notification3ab8f474409a - INFO - Updated threadId in app.config: 19ffc22af1a6056d
2026-08-17 20:39:58,758 - notification3ab8f474409a - INFO - [NOTIFICATION SENT] frame_id=None | camera=ppe_test_cam1 | Type=PPE Alert | topic=notification_results
2026-08-17 20:40:56,224 - notification3ab8f474409a - INFO - _poll_kafka: 1 message(s) received from Kafka
2026-08-17 20:40:56,224 - notification3ab8f474409a - INFO - [NOTIFICATION RECEIVED] frame_id=None | camera=ppe_test_cam1 | Type=PPE Alert | timestamp=2026-08-17 20:40:56.110000
2026-08-17 20:40:56,224 - notification3ab8f474409a - INFO - send_notifications | camera=ppe_test_cam1 | Type=PPE Alert | recipients=['your_actual_email@example.com'] | thread_id=19ffc22af1a6056d
2026-08-17 20:40:56,225 - notification3ab8f474409a - INFO - Queuing email task | camera=ppe_test_cam1 | to=['your_actual_email@example.com']
2026-08-17 20:40:56,225 - notification3ab8f474409a - INFO - Queuing telegram task | camera=ppe_test_cam1 | chat_ids=[]
2026-08-17 20:40:56,225 - notification3ab8f474409a - INFO - Running 2 notification task(s) | camera=ppe_test_cam1
2026-08-17 20:40:56,225 - notification3ab8f474409a - INFO - email gmail function started for camera: ppe_test_cam1, Type: PPE Alert
2026-08-17 20:40:56,225 - notification3ab8f474409a - INFO - DataPath: /Aksha, main_dir: /Aksha
2026-08-17 20:40:56,228 - notification3ab8f474409a - INFO - Loaded config from: /usr/src/app/app/socialPlatforms/keys.yaml
2026-08-17 20:40:56,228 - notification3ab8f474409a - INFO - Using threadId from namespace: 19ffc22af1a6056d
2026-08-17 20:40:56,228 - notification3ab8f474409a - INFO - Credentials loaded successfully
2026-08-17 20:40:56,229 - notification3ab8f474409a - INFO - telegram() | camera=ppe_test_cam1 | Type=PPE Alert | subscription=notification_results | service_status=True | chat_ids=[]
2026-08-17 20:40:56,229 - notification3ab8f474409a - ERROR - Missing chat_ids or bot_token for Telegram
2026-08-17 20:40:56,540 - notification3ab8f474409a - INFO - Gmail API discovered
2026-08-17 20:40:57,972 - notification3ab8f474409a - INFO - Added threading headers for thread: 19ffc22af1a6056d
2026-08-17 20:40:57,972 - notification3ab8f474409a - INFO - Attached logo1 from: /usr/src/app/app/logo.png
2026-08-17 20:40:57,973 - notification3ab8f474409a - INFO - Attached logo2 from: /usr/src/app/app/logo2.png
2026-08-17 20:40:57,973 - notification3ab8f474409a - INFO - Looking for alert image at: /Aksha/ppe_test_cam1/alerts/2026-08-17/2026-08-17 20:40:56.11_alert.jpg
2026-08-17 20:40:57,975 - notification3ab8f474409a - INFO - Attached alert image: /Aksha/ppe_test_cam1/alerts/2026-08-17/2026-08-17 20:40:56.11_alert.jpg
2026-08-17 20:40:57,982 - notification3ab8f474409a - INFO - Sending email with threadId: 19ffc22af1a6056d
2026-08-17 20:40:58,736 - notification3ab8f474409a - ERROR - Error sending email: 



Too Many Requests

Content:
{'code': 429,
 'errors': [{'domain': 'global',
             'message': 'User-rate limit exceeded.  Retry after '
                        '2026-08-17T15:25:58.612Z (Mail sending)',
             'reason': 'rateLimitExceeded'}],
 'message': 'User-rate limit exceeded.  Retry after 2026-08-17T15:25:58.612Z '
            '(Mail sending)',
 'status': 'RESOURCE_EXHAUSTED'}

Request URL:
https://gmail.googleapis.com/gmail/v1/users/me/messages/send
2026-08-17 20:40:58,737 - notification3ab8f474409a - ERROR - Traceback: Traceback (most recent call last):
  File "/usr/src/app/app/socialPlatforms/email.py", line 767, in email_gmail
    response = await google.as_user(
  File "/usr/local/lib/python3.10/site-packages/aiogoogle/client.py", line 270, in as_user
    return await self.send(
  File "/usr/local/lib/python3.10/site-packages/aiogoogle/client.py", line 425, in send
    return await session.send(*args, **kwargs)
  File "/usr/local/lib/python3.10/site-packages/aiogoogle/sessions/aiohttp_session.py", line 192, in send
    results = await schedule_tasks()
  File "/usr/local/lib/python3.10/site-packages/aiogoogle/sessions/aiohttp_session.py", line 177, in schedule_tasks
    return await asyncio.gather(
  File "/usr/local/lib/python3.10/site-packages/aiogoogle/sessions/aiohttp_session.py", line 171, in get_content
    response = await get_response(request)
  File "/usr/local/lib/python3.10/site-packages/aiogoogle/sessions/aiohttp_session.py", line 167, in get_response
    response.raise_for_status()
  File "/usr/local/lib/python3.10/site-packages/aiogoogle/models.py", line 481, in raise_for_status
    raise HTTPError(msg=self.reason, req=self.req, res=self)
aiogoogle.excs.HTTPError: 



Too Many Requests

Content:
{'code': 429,
 'errors': [{'domain': 'global',
             'message': 'User-rate limit exceeded.  Retry after '
                        '2026-08-17T15:25:58.612Z (Mail sending)',
             'reason': 'rateLimitExceeded'}],
 'message': 'User-rate limit exceeded.  Retry after 2026-08-17T15:25:58.612Z '
            '(Mail sending)',
 'status': 'RESOURCE_EXHAUSTED'}

Request URL:
https://gmail.googleapis.com/gmail/v1/users/me/messages/send

2026-08-17 20:40:58,739 - notification3ab8f474409a - INFO - Updated threadId in app.config: 19ffc22af1a6056d
2026-08-17 20:40:58,739 - notification3ab8f474409a - INFO - [NOTIFICATION SENT] frame_id=None | camera=ppe_test_cam1 | Type=PPE Alert | topic=notification_results
2026-08-17 20:41:56,137 - notification3ab8f474409a - INFO - _poll_kafka: 1 message(s) received from Kafka
2026-08-17 20:41:56,137 - notification3ab8f474409a - INFO - [NOTIFICATION RECEIVED] frame_id=None | camera=ppe_test_cam1 | Type=PPE Alert | timestamp=2026-08-17 20:41:56.110000
2026-08-17 20:41:56,138 - notification3ab8f474409a - INFO - send_notifications | camera=ppe_test_cam1 | Type=PPE Alert | recipients=['your_actual_email@example.com'] | thread_id=19ffc22af1a6056d
2026-08-17 20:41:56,138 - notification3ab8f474409a - INFO - Queuing email task | camera=ppe_test_cam1 | to=['your_actual_email@example.com']
2026-08-17 20:41:56,138 - notification3ab8f474409a - INFO - Queuing telegram task | camera=ppe_test_cam1 | chat_ids=[]
2026-08-17 20:41:56,138 - notification3ab8f474409a - INFO - Running 2 notification task(s) | camera=ppe_test_cam1
2026-08-17 20:41:56,138 - notification3ab8f474409a - INFO - email gmail function started for camera: ppe_test_cam1, Type: PPE Alert
2026-08-17 20:41:56,138 - notification3ab8f474409a - INFO - DataPath: /Aksha, main_dir: /Aksha
2026-08-17 20:41:56,139 - notification3ab8f474409a - INFO - Loaded config from: /usr/src/app/app/socialPlatforms/keys.yaml
2026-08-17 20:41:56,139 - notification3ab8f474409a - INFO - Using threadId from namespace: 19ffc22af1a6056d
2026-08-17 20:41:56,139 - notification3ab8f474409a - INFO - Credentials loaded successfully
2026-08-17 20:41:56,140 - notification3ab8f474409a - INFO - telegram() | camera=ppe_test_cam1 | Type=PPE Alert | subscription=notification_results | service_status=True | chat_ids=[]
2026-08-17 20:41:56,140 - notification3ab8f474409a - ERROR - Missing chat_ids or bot_token for Telegram
2026-08-17 20:41:56,438 - notification3ab8f474409a - INFO - Gmail API discovered
2026-08-17 20:41:58,004 - notification3ab8f474409a - INFO - Added threading headers for thread: 19ffc22af1a6056d
2026-08-17 20:41:58,004 - notification3ab8f474409a - INFO - Attached logo1 from: /usr/src/app/app/logo.png
2026-08-17 20:41:58,005 - notification3ab8f474409a - INFO - Attached logo2 from: /usr/src/app/app/logo2.png
2026-08-17 20:41:58,006 - notification3ab8f474409a - INFO - Looking for alert image at: /Aksha/ppe_test_cam1/alerts/2026-08-17/2026-08-17 20:41:56.11_alert.jpg
2026-08-17 20:41:58,008 - notification3ab8f474409a - INFO - Attached alert image: /Aksha/ppe_test_cam1/alerts/2026-08-17/2026-08-17 20:41:56.11_alert.jpg
2026-08-17 20:41:58,016 - notification3ab8f474409a - INFO - Sending email with threadId: 19ffc22af1a6056d
2026-08-17 20:41:58,801 - notification3ab8f474409a - ERROR - Error sending email: 



Too Many Requests

Content:
{'code': 429,
 'errors': [{'domain': 'global',
             'message': 'User-rate limit exceeded.  Retry after '
                        '2026-08-17T15:26:58.649Z (Mail sending)',
             'reason': 'rateLimitExceeded'}],
 'message': 'User-rate limit exceeded.  Retry after 2026-08-17T15:26:58.649Z '
            '(Mail sending)',
 'status': 'RESOURCE_EXHAUSTED'}

Request URL:
https://gmail.googleapis.com/gmail/v1/users/me/messages/send
2026-08-17 20:41:58,803 - notification3ab8f474409a - ERROR - Traceback: Traceback (most recent call last):
  File "/usr/src/app/app/socialPlatforms/email.py", line 767, in email_gmail
    response = await google.as_user(
  File "/usr/local/lib/python3.10/site-packages/aiogoogle/client.py", line 270, in as_user
    return await self.send(
  File "/usr/local/lib/python3.10/site-packages/aiogoogle/client.py", line 425, in send
    return await session.send(*args, **kwargs)
  File "/usr/local/lib/python3.10/site-packages/aiogoogle/sessions/aiohttp_session.py", line 192, in send
    results = await schedule_tasks()
  File "/usr/local/lib/python3.10/site-packages/aiogoogle/sessions/aiohttp_session.py", line 177, in schedule_tasks
    return await asyncio.gather(
  File "/usr/local/lib/python3.10/site-packages/aiogoogle/sessions/aiohttp_session.py", line 171, in get_content
    response = await get_response(request)
  File "/usr/local/lib/python3.10/site-packages/aiogoogle/sessions/aiohttp_session.py", line 167, in get_response
    response.raise_for_status()
  File "/usr/local/lib/python3.10/site-packages/aiogoogle/models.py", line 481, in raise_for_status
    raise HTTPError(msg=self.reason, req=self.req, res=self)
aiogoogle.excs.HTTPError: 



Too Many Requests

Content:
{'code': 429,
 'errors': [{'domain': 'global',
             'message': 'User-rate limit exceeded.  Retry after '
                        '2026-08-17T15:26:58.649Z (Mail sending)',
             'reason': 'rateLimitExceeded'}],
 'message': 'User-rate limit exceeded.  Retry after 2026-08-17T15:26:58.649Z '
            '(Mail sending)',
 'status': 'RESOURCE_EXHAUSTED'}

Request URL:
https://gmail.googleapis.com/gmail/v1/users/me/messages/send

2026-08-17 20:41:58,805 - notification3ab8f474409a - INFO - Updated threadId in app.config: 19ffc22af1a6056d
2026-08-17 20:41:58,806 - notification3ab8f474409a - INFO - [NOTIFICATION SENT] frame_id=None | camera=ppe_test_cam1 | Type=PPE Alert | topic=notification_results
2026-08-17 20:42:56,246 - notification3ab8f474409a - INFO - _poll_kafka: 1 message(s) received from Kafka
2026-08-17 20:42:56,247 - notification3ab8f474409a - INFO - [NOTIFICATION RECEIVED] frame_id=None | camera=ppe_test_cam1 | Type=PPE Alert | timestamp=2026-08-17 20:42:56.160000
2026-08-17 20:42:56,247 - notification3ab8f474409a - INFO - send_notifications | camera=ppe_test_cam1 | Type=PPE Alert | recipients=['your_actual_email@example.com'] | thread_id=19ffc22af1a6056d
2026-08-17 20:42:56,248 - notification3ab8f474409a - INFO - Queuing email task | camera=ppe_test_cam1 | to=['your_actual_email@example.com']
2026-08-17 20:42:56,249 - notification3ab8f474409a - INFO - Queuing telegram task | camera=ppe_test_cam1 | chat_ids=[]
2026-08-17 20:42:56,249 - notification3ab8f474409a - INFO - Running 2 notification task(s) | camera=ppe_test_cam1
2026-08-17 20:42:56,249 - notification3ab8f474409a - INFO - email gmail function started for camera: ppe_test_cam1, Type: PPE Alert
2026-08-17 20:42:56,250 - notification3ab8f474409a - INFO - DataPath: /Aksha, main_dir: /Aksha
2026-08-17 20:42:56,256 - notification3ab8f474409a - INFO - Loaded config from: /usr/src/app/app/socialPlatforms/keys.yaml
2026-08-17 20:42:56,256 - notification3ab8f474409a - INFO - Using threadId from namespace: 19ffc22af1a6056d
2026-08-17 20:42:56,256 - notification3ab8f474409a - INFO - Credentials loaded successfully
2026-08-17 20:42:56,257 - notification3ab8f474409a - INFO - telegram() | camera=ppe_test_cam1 | Type=PPE Alert | subscription=notification_results | service_status=True | chat_ids=[]
2026-08-17 20:42:56,258 - notification3ab8f474409a - ERROR - Missing chat_ids or bot_token for Telegram
2026-08-17 20:42:56,541 - notification3ab8f474409a - INFO - Gmail API discovered
2026-08-17 20:42:57,935 - notification3ab8f474409a - INFO - Added threading headers for thread: 19ffc22af1a6056d
2026-08-17 20:42:57,936 - notification3ab8f474409a - INFO - Attached logo1 from: /usr/src/app/app/logo.png
2026-08-17 20:42:57,936 - notification3ab8f474409a - INFO - Attached logo2 from: /usr/src/app/app/logo2.png
2026-08-17 20:42:57,937 - notification3ab8f474409a - INFO - Looking for alert image at: /Aksha/ppe_test_cam1/alerts/2026-08-17/2026-08-17 20:42:56.16_alert.jpg
2026-08-17 20:42:57,938 - notification3ab8f474409a - INFO - Attached alert image: /Aksha/ppe_test_cam1/alerts/2026-08-17/2026-08-17 20:42:56.16_alert.jpg
2026-08-17 20:42:57,943 - notification3ab8f474409a - INFO - Sending email with threadId: 19ffc22af1a6056d
2026-08-17 20:42:59,605 - notification3ab8f474409a - INFO - Email sent successfully. Thread ID: 19ffc22af1a6056d
2026-08-17 20:42:59,606 - notification3ab8f474409a - INFO - Updated namespace.threadId to: 19ffc22af1a6056d
2026-08-17 20:42:59,610 - notification3ab8f474409a - INFO - Updated threadId in app.config: 19ffc22af1a6056d
2026-08-17 20:42:59,612 - notification3ab8f474409a - INFO - Email notification sent in 3.36 seconds
2026-08-17 20:42:59,614 - notification3ab8f474409a - INFO - Updated threadId in app.config: 19ffc22af1a6056d
2026-08-17 20:42:59,614 - notification3ab8f474409a - INFO - [NOTIFICATION SENT] frame_id=None | camera=ppe_test_cam1 | Type=PPE Alert | topic=notification_results
2026-08-17 20:43:56,192 - notification3ab8f474409a - INFO - _poll_kafka: 1 message(s) received from Kafka
2026-08-17 20:43:56,192 - notification3ab8f474409a - INFO - [NOTIFICATION RECEIVED] frame_id=None | camera=ppe_test_cam1 | Type=PPE Alert | timestamp=2026-08-17 20:43:56.140000
2026-08-17 20:43:56,193 - notification3ab8f474409a - INFO - send_notifications | camera=ppe_test_cam1 | Type=PPE Alert | recipients=['your_actual_email@example.com'] | thread_id=19ffc22af1a6056d
2026-08-17 20:43:56,193 - notification3ab8f474409a - INFO - Queuing email task | camera=ppe_test_cam1 | to=['your_actual_email@example.com']
2026-08-17 20:43:56,193 - notification3ab8f474409a - INFO - Queuing telegram task | camera=ppe_test_cam1 | chat_ids=[]
2026-08-17 20:43:56,193 - notification3ab8f474409a - INFO - Running 2 notification task(s) | camera=ppe_test_cam1
2026-08-17 20:43:56,193 - notification3ab8f474409a - INFO - email gmail function started for camera: ppe_test_cam1, Type: PPE Alert
2026-08-17 20:43:56,193 - notification3ab8f474409a - INFO - DataPath: /Aksha, main_dir: /Aksha
2026-08-17 20:43:56,194 - notification3ab8f474409a - INFO - Loaded config from: /usr/src/app/app/socialPlatforms/keys.yaml
2026-08-17 20:43:56,194 - notification3ab8f474409a - INFO - Using threadId from namespace: 19ffc22af1a6056d
2026-08-17 20:43:56,194 - notification3ab8f474409a - INFO - Credentials loaded successfully
2026-08-17 20:43:56,195 - notification3ab8f474409a - INFO - telegram() | camera=ppe_test_cam1 | Type=PPE Alert | subscription=notification_results | service_status=True | chat_ids=[]
2026-08-17 20:43:56,195 - notification3ab8f474409a - ERROR - Missing chat_ids or bot_token for Telegram
2026-08-17 20:43:56,480 - notification3ab8f474409a - INFO - Gmail API discovered
2026-08-17 20:43:57,927 - notification3ab8f474409a - INFO - Added threading headers for thread: 19ffc22af1a6056d
2026-08-17 20:43:57,928 - notification3ab8f474409a - INFO - Attached logo1 from: /usr/src/app/app/logo.png
2026-08-17 20:43:57,929 - notification3ab8f474409a - INFO - Attached logo2 from: /usr/src/app/app/logo2.png
2026-08-17 20:43:57,929 - notification3ab8f474409a - INFO - Looking for alert image at: /Aksha/ppe_test_cam1/alerts/2026-08-17/2026-08-17 20:43:56.14_alert.jpg
2026-08-17 20:43:57,931 - notification3ab8f474409a - INFO - Attached alert image: /Aksha/ppe_test_cam1/alerts/2026-08-17/2026-08-17 20:43:56.14_alert.jpg
2026-08-17 20:43:57,936 - notification3ab8f474409a - INFO - Sending email with threadId: 19ffc22af1a6056d
2026-08-17 20:43:59,283 - notification3ab8f474409a - INFO - Email sent successfully. Thread ID: 19ffc22af1a6056d
2026-08-17 20:43:59,283 - notification3ab8f474409a - INFO - Updated namespace.threadId to: 19ffc22af1a6056d
2026-08-17 20:43:59,284 - notification3ab8f474409a - INFO - Updated threadId in app.config: 19ffc22af1a6056d
2026-08-17 20:43:59,285 - notification3ab8f474409a - INFO - Email notification sent in 3.09 seconds
2026-08-17 20:43:59,288 - notification3ab8f474409a - INFO - Updated threadId in app.config: 19ffc22af1a6056d
2026-08-17 20:43:59,289 - notification3ab8f474409a - INFO - [NOTIFICATION SENT] frame_id=None | camera=ppe_test_cam1 | Type=PPE Alert | topic=notification_results
2026-08-17 20:44:56,114 - notification3ab8f474409a - INFO - _poll_kafka: 1 message(s) received from Kafka
2026-08-17 20:44:56,115 - notification3ab8f474409a - INFO - [NOTIFICATION RECEIVED] frame_id=None | camera=ppe_test_cam1 | Type=PPE Alert | timestamp=2026-08-17 20:44:56.090000
2026-08-17 20:44:56,115 - notification3ab8f474409a - INFO - send_notifications | camera=ppe_test_cam1 | Type=PPE Alert | recipients=['your_actual_email@example.com'] | thread_id=19ffc22af1a6056d
2026-08-17 20:44:56,115 - notification3ab8f474409a - INFO - Queuing email task | camera=ppe_test_cam1 | to=['your_actual_email@example.com']
2026-08-17 20:44:56,115 - notification3ab8f474409a - INFO - Queuing telegram task | camera=ppe_test_cam1 | chat_ids=[]
2026-08-17 20:44:56,115 - notification3ab8f474409a - INFO - Running 2 notification task(s) | camera=ppe_test_cam1
2026-08-17 20:44:56,115 - notification3ab8f474409a - INFO - email gmail function started for camera: ppe_test_cam1, Type: PPE Alert
2026-08-17 20:44:56,115 - notification3ab8f474409a - INFO - DataPath: /Aksha, main_dir: /Aksha
2026-08-17 20:44:56,116 - notification3ab8f474409a - INFO - Loaded config from: /usr/src/app/app/socialPlatforms/keys.yaml
2026-08-17 20:44:56,116 - notification3ab8f474409a - INFO - Using threadId from namespace: 19ffc22af1a6056d
2026-08-17 20:44:56,117 - notification3ab8f474409a - INFO - Credentials loaded successfully
2026-08-17 20:44:56,117 - notification3ab8f474409a - INFO - telegram() | camera=ppe_test_cam1 | Type=PPE Alert | subscription=notification_results | service_status=True | chat_ids=[]
2026-08-17 20:44:56,117 - notification3ab8f474409a - ERROR - Missing chat_ids or bot_token for Telegram
2026-08-17 20:44:56,408 - notification3ab8f474409a - INFO - Gmail API discovered
2026-08-17 20:44:57,791 - notification3ab8f474409a - INFO - Added threading headers for thread: 19ffc22af1a6056d
2026-08-17 20:44:57,791 - notification3ab8f474409a - INFO - Attached logo1 from: /usr/src/app/app/logo.png
2026-08-17 20:44:57,792 - notification3ab8f474409a - INFO - Attached logo2 from: /usr/src/app/app/logo2.png
2026-08-17 20:44:57,792 - notification3ab8f474409a - INFO - Looking for alert image at: /Aksha/ppe_test_cam1/alerts/2026-08-17/2026-08-17 20:44:56.09_alert.jpg
2026-08-17 20:44:57,796 - notification3ab8f474409a - INFO - Attached alert image: /Aksha/ppe_test_cam1/alerts/2026-08-17/2026-08-17 20:44:56.09_alert.jpg
2026-08-17 20:44:57,815 - notification3ab8f474409a - INFO - Sending email with threadId: 19ffc22af1a6056d
2026-08-17 20:44:59,200 - notification3ab8f474409a - INFO - Email sent successfully. Thread ID: 19ffc22af1a6056d
2026-08-17 20:44:59,200 - notification3ab8f474409a - INFO - Updated namespace.threadId to: 19ffc22af1a6056d
2026-08-17 20:44:59,202 - notification3ab8f474409a - INFO - Updated threadId in app.config: 19ffc22af1a6056d
2026-08-17 20:44:59,203 - notification3ab8f474409a - INFO - Email notification sent in 3.09 seconds
2026-08-17 20:44:59,207 - notification3ab8f474409a - INFO - Updated threadId in app.config: 19ffc22af1a6056d
2026-08-17 20:44:59,208 - notification3ab8f474409a - INFO - [NOTIFICATION SENT] frame_id=None | camera=ppe_test_cam1 | Type=PPE Alert | topic=notification_results
2026-08-17 20:45:56,971 - notification3ab8f474409a - INFO - _poll_kafka: 1 message(s) received from Kafka
2026-08-17 20:45:56,971 - notification3ab8f474409a - INFO - [NOTIFICATION RECEIVED] frame_id=None | camera=ppe_test_cam1 | Type=PPE Alert | timestamp=2026-08-17 20:45:56.140000
2026-08-17 20:45:56,971 - notification3ab8f474409a - INFO - send_notifications | camera=ppe_test_cam1 | Type=PPE Alert | recipients=['your_actual_email@example.com'] | thread_id=19ffc22af1a6056d
2026-08-17 20:45:56,972 - notification3ab8f474409a - INFO - Queuing email task | camera=ppe_test_cam1 | to=['your_actual_email@example.com']
2026-08-17 20:45:56,972 - notification3ab8f474409a - INFO - Queuing telegram task | camera=ppe_test_cam1 | chat_ids=[]
2026-08-17 20:45:56,972 - notification3ab8f474409a - INFO - Running 2 notification task(s) | camera=ppe_test_cam1
2026-08-17 20:45:56,972 - notification3ab8f474409a - INFO - email gmail function started for camera: ppe_test_cam1, Type: PPE Alert
2026-08-17 20:45:56,972 - notification3ab8f474409a - INFO - DataPath: /Aksha, main_dir: /Aksha
2026-08-17 20:45:56,973 - notification3ab8f474409a - INFO - Loaded config from: /usr/src/app/app/socialPlatforms/keys.yaml
2026-08-17 20:45:56,973 - notification3ab8f474409a - INFO - Using threadId from namespace: 19ffc22af1a6056d
2026-08-17 20:45:56,973 - notification3ab8f474409a - INFO - Credentials loaded successfully
2026-08-17 20:45:56,973 - notification3ab8f474409a - INFO - telegram() | camera=ppe_test_cam1 | Type=PPE Alert | subscription=notification_results | service_status=True | chat_ids=[]
2026-08-17 20:45:56,973 - notification3ab8f474409a - ERROR - Missing chat_ids or bot_token for Telegram
2026-08-17 20:45:57,990 - notification3ab8f474409a - INFO - Gmail API discovered
2026-08-17 20:45:59,509 - notification3ab8f474409a - INFO - Added threading headers for thread: 19ffc22af1a6056d
2026-08-17 20:45:59,510 - notification3ab8f474409a - INFO - Attached logo1 from: /usr/src/app/app/logo.png
2026-08-17 20:45:59,511 - notification3ab8f474409a - INFO - Attached logo2 from: /usr/src/app/app/logo2.png
2026-08-17 20:45:59,511 - notification3ab8f474409a - INFO - Looking for alert image at: /Aksha/ppe_test_cam1/alerts/2026-08-17/2026-08-17 20:45:56.14_alert.jpg
2026-08-17 20:45:59,515 - notification3ab8f474409a - INFO - Attached alert image: /Aksha/ppe_test_cam1/alerts/2026-08-17/2026-08-17 20:45:56.14_alert.jpg
2026-08-17 20:45:59,525 - notification3ab8f474409a - INFO - Sending email with threadId: 19ffc22af1a6056d
2026-08-17 20:46:00,292 - notification3ab8f474409a - ERROR - Error sending email: 



Too Many Requests

Content:
{'code': 429,
 'errors': [{'domain': 'global',
             'message': 'User-rate limit exceeded.  Retry after '
                        '2026-08-17T15:31:00.161Z (Mail sending)',
             'reason': 'rateLimitExceeded'}],
 'message': 'User-rate limit exceeded.  Retry after 2026-08-17T15:31:00.161Z '
            '(Mail sending)',
 'status': 'RESOURCE_EXHAUSTED'}

Request URL:
https://gmail.googleapis.com/gmail/v1/users/me/messages/send
2026-08-17 20:46:00,293 - notification3ab8f474409a - ERROR - Traceback: Traceback (most recent call last):
  File "/usr/src/app/app/socialPlatforms/email.py", line 767, in email_gmail
    response = await google.as_user(
  File "/usr/local/lib/python3.10/site-packages/aiogoogle/client.py", line 270, in as_user
    return await self.send(
  File "/usr/local/lib/python3.10/site-packages/aiogoogle/client.py", line 425, in send
    return await session.send(*args, **kwargs)
  File "/usr/local/lib/python3.10/site-packages/aiogoogle/sessions/aiohttp_session.py", line 192, in send
    results = await schedule_tasks()
  File "/usr/local/lib/python3.10/site-packages/aiogoogle/sessions/aiohttp_session.py", line 177, in schedule_tasks
    return await asyncio.gather(
  File "/usr/local/lib/python3.10/site-packages/aiogoogle/sessions/aiohttp_session.py", line 171, in get_content
    response = await get_response(request)
  File "/usr/local/lib/python3.10/site-packages/aiogoogle/sessions/aiohttp_session.py", line 167, in get_response
    response.raise_for_status()
  File "/usr/local/lib/python3.10/site-packages/aiogoogle/models.py", line 481, in raise_for_status
    raise HTTPError(msg=self.reason, req=self.req, res=self)
aiogoogle.excs.HTTPError: 



Too Many Requests

Content:
{'code': 429,
 'errors': [{'domain': 'global',
             'message': 'User-rate limit exceeded.  Retry after '
                        '2026-08-17T15:31:00.161Z (Mail sending)',
             'reason': 'rateLimitExceeded'}],
 'message': 'User-rate limit exceeded.  Retry after 2026-08-17T15:31:00.161Z '
            '(Mail sending)',
 'status': 'RESOURCE_EXHAUSTED'}

Request URL:
https://gmail.googleapis.com/gmail/v1/users/me/messages/send

2026-08-17 20:46:00,297 - notification3ab8f474409a - INFO - Updated threadId in app.config: 19ffc22af1a6056d
2026-08-17 20:46:00,298 - notification3ab8f474409a - INFO - [NOTIFICATION SENT] frame_id=None | camera=ppe_test_cam1 | Type=PPE Alert | topic=notification_results
2026-08-17 20:46:56,394 - notification3ab8f474409a - INFO - _poll_kafka: 1 message(s) received from Kafka
2026-08-17 20:46:56,394 - notification3ab8f474409a - INFO - [NOTIFICATION RECEIVED] frame_id=None | camera=ppe_test_cam1 | Type=PPE Alert | timestamp=2026-08-17 20:46:56.330000
2026-08-17 20:46:56,394 - notification3ab8f474409a - INFO - send_notifications | camera=ppe_test_cam1 | Type=PPE Alert | recipients=['your_actual_email@example.com'] | thread_id=19ffc22af1a6056d
2026-08-17 20:46:56,394 - notification3ab8f474409a - INFO - Queuing email task | camera=ppe_test_cam1 | to=['your_actual_email@example.com']
2026-08-17 20:46:56,394 - notification3ab8f474409a - INFO - Queuing telegram task | camera=ppe_test_cam1 | chat_ids=[]
2026-08-17 20:46:56,394 - notification3ab8f474409a - INFO - Running 2 notification task(s) | camera=ppe_test_cam1
2026-08-17 20:46:56,395 - notification3ab8f474409a - INFO - email gmail function started for camera: ppe_test_cam1, Type: PPE Alert
2026-08-17 20:46:56,395 - notification3ab8f474409a - INFO - DataPath: /Aksha, main_dir: /Aksha
2026-08-17 20:46:56,396 - notification3ab8f474409a - INFO - Loaded config from: /usr/src/app/app/socialPlatforms/keys.yaml
2026-08-17 20:46:56,396 - notification3ab8f474409a - INFO - Using threadId from namespace: 19ffc22af1a6056d
2026-08-17 20:46:56,396 - notification3ab8f474409a - INFO - Credentials loaded successfully
2026-08-17 20:46:56,397 - notification3ab8f474409a - INFO - telegram() | camera=ppe_test_cam1 | Type=PPE Alert | subscription=notification_results | service_status=True | chat_ids=[]
2026-08-17 20:46:56,397 - notification3ab8f474409a - ERROR - Missing chat_ids or bot_token for Telegram
2026-08-17 20:46:56,745 - notification3ab8f474409a - INFO - Gmail API discovered
2026-08-17 20:46:58,181 - notification3ab8f474409a - INFO - Added threading headers for thread: 19ffc22af1a6056d
2026-08-17 20:46:58,182 - notification3ab8f474409a - INFO - Attached logo1 from: /usr/src/app/app/logo.png
2026-08-17 20:46:58,183 - notification3ab8f474409a - INFO - Attached logo2 from: /usr/src/app/app/logo2.png
2026-08-17 20:46:58,183 - notification3ab8f474409a - INFO - Looking for alert image at: /Aksha/ppe_test_cam1/alerts/2026-08-17/2026-08-17 20:46:56.33_alert.jpg
2026-08-17 20:46:58,186 - notification3ab8f474409a - INFO - Attached alert image: /Aksha/ppe_test_cam1/alerts/2026-08-17/2026-08-17 20:46:56.33_alert.jpg
2026-08-17 20:46:58,196 - notification3ab8f474409a - INFO - Sending email with threadId: 19ffc22af1a6056d
2026-08-17 20:46:59,036 - notification3ab8f474409a - ERROR - Error sending email: 



Too Many Requests

Content:
{'code': 429,
 'errors': [{'domain': 'global',
             'message': 'User-rate limit exceeded.  Retry after '
                        '2026-08-17T15:31:58.891Z (Mail sending)',
             'reason': 'rateLimitExceeded'}],
 'message': 'User-rate limit exceeded.  Retry after 2026-08-17T15:31:58.891Z '
            '(Mail sending)',
 'status': 'RESOURCE_EXHAUSTED'}

Request URL:
https://gmail.googleapis.com/gmail/v1/users/me/messages/send
2026-08-17 20:46:59,037 - notification3ab8f474409a - ERROR - Traceback: Traceback (most recent call last):
  File "/usr/src/app/app/socialPlatforms/email.py", line 767, in email_gmail
    response = await google.as_user(
  File "/usr/local/lib/python3.10/site-packages/aiogoogle/client.py", line 270, in as_user
    return await self.send(
  File "/usr/local/lib/python3.10/site-packages/aiogoogle/client.py", line 425, in send
    return await session.send(*args, **kwargs)
  File "/usr/local/lib/python3.10/site-packages/aiogoogle/sessions/aiohttp_session.py", line 192, in send
    results = await schedule_tasks()
  File "/usr/local/lib/python3.10/site-packages/aiogoogle/sessions/aiohttp_session.py", line 177, in schedule_tasks
    return await asyncio.gather(
  File "/usr/local/lib/python3.10/site-packages/aiogoogle/sessions/aiohttp_session.py", line 171, in get_content
    response = await get_response(request)
  File "/usr/local/lib/python3.10/site-packages/aiogoogle/sessions/aiohttp_session.py", line 167, in get_response
    response.raise_for_status()
  File "/usr/local/lib/python3.10/site-packages/aiogoogle/models.py", line 481, in raise_for_status
    raise HTTPError(msg=self.reason, req=self.req, res=self)
aiogoogle.excs.HTTPError: 



Too Many Requests

Content:
{'code': 429,
 'errors': [{'domain': 'global',
             'message': 'User-rate limit exceeded.  Retry after '
                        '2026-08-17T15:31:58.891Z (Mail sending)',
             'reason': 'rateLimitExceeded'}],
 'message': 'User-rate limit exceeded.  Retry after 2026-08-17T15:31:58.891Z '
            '(Mail sending)',
 'status': 'RESOURCE_EXHAUSTED'}

Request URL:
https://gmail.googleapis.com/gmail/v1/users/me/messages/send

2026-08-17 20:46:59,038 - notification3ab8f474409a - INFO - Updated threadId in app.config: 19ffc22af1a6056d
2026-08-17 20:46:59,039 - notification3ab8f474409a - INFO - [NOTIFICATION SENT] frame_id=None | camera=ppe_test_cam1 | Type=PPE Alert | topic=notification_results
2026-08-17 20:47:56,116 - notification3ab8f474409a - INFO - _poll_kafka: 1 message(s) received from Kafka
2026-08-17 20:47:56,116 - notification3ab8f474409a - INFO - [NOTIFICATION RECEIVED] frame_id=None | camera=ppe_test_cam1 | Type=PPE Alert | timestamp=2026-08-17 20:47:56.080000
2026-08-17 20:47:56,117 - notification3ab8f474409a - INFO - send_notifications | camera=ppe_test_cam1 | Type=PPE Alert | recipients=['your_actual_email@example.com'] | thread_id=19ffc22af1a6056d
2026-08-17 20:47:56,117 - notification3ab8f474409a - INFO - Queuing email task | camera=ppe_test_cam1 | to=['your_actual_email@example.com']
2026-08-17 20:47:56,117 - notification3ab8f474409a - INFO - Queuing telegram task | camera=ppe_test_cam1 | chat_ids=[]
2026-08-17 20:47:56,117 - notification3ab8f474409a - INFO - Running 2 notification task(s) | camera=ppe_test_cam1
2026-08-17 20:47:56,117 - notification3ab8f474409a - INFO - email gmail function started for camera: ppe_test_cam1, Type: PPE Alert
2026-08-17 20:47:56,117 - notification3ab8f474409a - INFO - DataPath: /Aksha, main_dir: /Aksha
2026-08-17 20:47:56,118 - notification3ab8f474409a - INFO - Loaded config from: /usr/src/app/app/socialPlatforms/keys.yaml
2026-08-17 20:47:56,118 - notification3ab8f474409a - INFO - Using threadId from namespace: 19ffc22af1a6056d
2026-08-17 20:47:56,118 - notification3ab8f474409a - INFO - Credentials loaded successfully
2026-08-17 20:47:56,119 - notification3ab8f474409a - INFO - telegram() | camera=ppe_test_cam1 | Type=PPE Alert | subscription=notification_results | service_status=True | chat_ids=[]
2026-08-17 20:47:56,119 - notification3ab8f474409a - ERROR - Missing chat_ids or bot_token for Telegram
2026-08-17 20:47:56,469 - notification3ab8f474409a - INFO - Gmail API discovered
2026-08-17 20:47:57,423 - notification3ab8f474409a - INFO - Added threading headers for thread: 19ffc22af1a6056d
2026-08-17 20:47:57,424 - notification3ab8f474409a - INFO - Attached logo1 from: /usr/src/app/app/logo.png
2026-08-17 20:47:57,427 - notification3ab8f474409a - INFO - Attached logo2 from: /usr/src/app/app/logo2.png
2026-08-17 20:47:57,428 - notification3ab8f474409a - INFO - Looking for alert image at: /Aksha/ppe_test_cam1/alerts/2026-08-17/2026-08-17 20:47:56.08_alert.jpg
2026-08-17 20:47:57,437 - notification3ab8f474409a - INFO - Attached alert image: /Aksha/ppe_test_cam1/alerts/2026-08-17/2026-08-17 20:47:56.08_alert.jpg
2026-08-17 20:47:57,462 - notification3ab8f474409a - INFO - Sending email with threadId: 19ffc22af1a6056d
2026-08-17 20:47:58,227 - notification3ab8f474409a - ERROR - Error sending email: 



Too Many Requests

Content:
{'code': 429,
 'errors': [{'domain': 'global',
             'message': 'User-rate limit exceeded.  Retry after '
                        '2026-08-17T15:32:58.103Z (Mail sending)',
             'reason': 'rateLimitExceeded'}],
 'message': 'User-rate limit exceeded.  Retry after 2026-08-17T15:32:58.103Z '
            '(Mail sending)',
 'status': 'RESOURCE_EXHAUSTED'}

Request URL:
https://gmail.googleapis.com/gmail/v1/users/me/messages/send
2026-08-17 20:47:58,297 - notification3ab8f474409a - ERROR - Traceback: Traceback (most recent call last):
  File "/usr/src/app/app/socialPlatforms/email.py", line 767, in email_gmail
    response = await google.as_user(
  File "/usr/local/lib/python3.10/site-packages/aiogoogle/client.py", line 270, in as_user
    return await self.send(
  File "/usr/local/lib/python3.10/site-packages/aiogoogle/client.py", line 425, in send
    return await session.send(*args, **kwargs)
  File "/usr/local/lib/python3.10/site-packages/aiogoogle/sessions/aiohttp_session.py", line 192, in send
    results = await schedule_tasks()
  File "/usr/local/lib/python3.10/site-packages/aiogoogle/sessions/aiohttp_session.py", line 177, in schedule_tasks
    return await asyncio.gather(
  File "/usr/local/lib/python3.10/site-packages/aiogoogle/sessions/aiohttp_session.py", line 171, in get_content
    response = await get_response(request)
  File "/usr/local/lib/python3.10/site-packages/aiogoogle/sessions/aiohttp_session.py", line 167, in get_response
    response.raise_for_status()
  File "/usr/local/lib/python3.10/site-packages/aiogoogle/models.py", line 481, in raise_for_status
    raise HTTPError(msg=self.reason, req=self.req, res=self)
aiogoogle.excs.HTTPError: 



Too Many Requests

Content:
{'code': 429,
 'errors': [{'domain': 'global',
             'message': 'User-rate limit exceeded.  Retry after '
                        '2026-08-17T15:32:58.103Z (Mail sending)',
             'reason': 'rateLimitExceeded'}],
 'message': 'User-rate limit exceeded.  Retry after 2026-08-17T15:32:58.103Z '
            '(Mail sending)',
 'status': 'RESOURCE_EXHAUSTED'}

Request URL:
https://gmail.googleapis.com/gmail/v1/users/me/messages/send

2026-08-17 20:47:58,571 - notification3ab8f474409a - INFO - Updated threadId in app.config: 19ffc22af1a6056d
2026-08-17 20:47:58,572 - notification3ab8f474409a - INFO - [NOTIFICATION SENT] frame_id=None | camera=ppe_test_cam1 | Type=PPE Alert | topic=notification_results
2026-08-17 20:48:56,165 - notification3ab8f474409a - INFO - _poll_kafka: 1 message(s) received from Kafka
2026-08-17 20:48:56,165 - notification3ab8f474409a - INFO - [NOTIFICATION RECEIVED] frame_id=None | camera=ppe_test_cam1 | Type=PPE Alert | timestamp=2026-08-17 20:48:56.090000
2026-08-17 20:48:56,166 - notification3ab8f474409a - INFO - send_notifications | camera=ppe_test_cam1 | Type=PPE Alert | recipients=['your_actual_email@example.com'] | thread_id=19ffc22af1a6056d
2026-08-17 20:48:56,166 - notification3ab8f474409a - INFO - Queuing email task | camera=ppe_test_cam1 | to=['your_actual_email@example.com']
2026-08-17 20:48:56,166 - notification3ab8f474409a - INFO - Queuing telegram task | camera=ppe_test_cam1 | chat_ids=[]
2026-08-17 20:48:56,166 - notification3ab8f474409a - INFO - Running 2 notification task(s) | camera=ppe_test_cam1
2026-08-17 20:48:56,166 - notification3ab8f474409a - INFO - email gmail function started for camera: ppe_test_cam1, Type: PPE Alert
2026-08-17 20:48:56,166 - notification3ab8f474409a - INFO - DataPath: /Aksha, main_dir: /Aksha
2026-08-17 20:48:56,168 - notification3ab8f474409a - INFO - Loaded config from: /usr/src/app/app/socialPlatforms/keys.yaml
2026-08-17 20:48:56,168 - notification3ab8f474409a - INFO - Using threadId from namespace: 19ffc22af1a6056d
2026-08-17 20:48:56,168 - notification3ab8f474409a - INFO - Credentials loaded successfully
2026-08-17 20:48:56,168 - notification3ab8f474409a - INFO - telegram() | camera=ppe_test_cam1 | Type=PPE Alert | subscription=notification_results | service_status=True | chat_ids=[]
2026-08-17 20:48:56,168 - notification3ab8f474409a - ERROR - Missing chat_ids or bot_token for Telegram
2026-08-17 20:48:56,437 - notification3ab8f474409a - INFO - Gmail API discovered
2026-08-17 20:48:57,914 - notification3ab8f474409a - INFO - Added threading headers for thread: 19ffc22af1a6056d
2026-08-17 20:48:57,915 - notification3ab8f474409a - INFO - Attached logo1 from: /usr/src/app/app/logo.png
2026-08-17 20:48:57,915 - notification3ab8f474409a - INFO - Attached logo2 from: /usr/src/app/app/logo2.png
2026-08-17 20:48:57,916 - notification3ab8f474409a - INFO - Looking for alert image at: /Aksha/ppe_test_cam1/alerts/2026-08-17/2026-08-17 20:48:56.09_alert.jpg
2026-08-17 20:48:57,917 - notification3ab8f474409a - INFO - Attached alert image: /Aksha/ppe_test_cam1/alerts/2026-08-17/2026-08-17 20:48:56.09_alert.jpg
2026-08-17 20:48:57,923 - notification3ab8f474409a - INFO - Sending email with threadId: 19ffc22af1a6056d
2026-08-17 20:48:58,694 - notification3ab8f474409a - ERROR - Error sending email: 



Too Many Requests

Content:
{'code': 429,
 'errors': [{'domain': 'global',
             'message': 'User-rate limit exceeded.  Retry after '
                        '2026-08-17T15:33:58.546Z (Mail sending)',
             'reason': 'rateLimitExceeded'}],
 'message': 'User-rate limit exceeded.  Retry after 2026-08-17T15:33:58.546Z '
            '(Mail sending)',
 'status': 'RESOURCE_EXHAUSTED'}

Request URL:
https://gmail.googleapis.com/gmail/v1/users/me/messages/send
2026-08-17 20:48:58,694 - notification3ab8f474409a - ERROR - Traceback: Traceback (most recent call last):
  File "/usr/src/app/app/socialPlatforms/email.py", line 767, in email_gmail
    response = await google.as_user(
  File "/usr/local/lib/python3.10/site-packages/aiogoogle/client.py", line 270, in as_user
    return await self.send(
  File "/usr/local/lib/python3.10/site-packages/aiogoogle/client.py", line 425, in send
    return await session.send(*args, **kwargs)
  File "/usr/local/lib/python3.10/site-packages/aiogoogle/sessions/aiohttp_session.py", line 192, in send
    results = await schedule_tasks()
  File "/usr/local/lib/python3.10/site-packages/aiogoogle/sessions/aiohttp_session.py", line 177, in schedule_tasks
    return await asyncio.gather(
  File "/usr/local/lib/python3.10/site-packages/aiogoogle/sessions/aiohttp_session.py", line 171, in get_content
    response = await get_response(request)
  File "/usr/local/lib/python3.10/site-packages/aiogoogle/sessions/aiohttp_session.py", line 167, in get_response
    response.raise_for_status()
  File "/usr/local/lib/python3.10/site-packages/aiogoogle/models.py", line 481, in raise_for_status
    raise HTTPError(msg=self.reason, req=self.req, res=self)
aiogoogle.excs.HTTPError: 



Too Many Requests

Content:
{'code': 429,
 'errors': [{'domain': 'global',
             'message': 'User-rate limit exceeded.  Retry after '
                        '2026-08-17T15:33:58.546Z (Mail sending)',
             'reason': 'rateLimitExceeded'}],
 'message': 'User-rate limit exceeded.  Retry after 2026-08-17T15:33:58.546Z '
            '(Mail sending)',
 'status': 'RESOURCE_EXHAUSTED'}

Request URL:
https://gmail.googleapis.com/gmail/v1/users/me/messages/send

2026-08-17 20:48:58,703 - notification3ab8f474409a - INFO - Updated threadId in app.config: 19ffc22af1a6056d
2026-08-17 20:48:58,704 - notification3ab8f474409a - INFO - [NOTIFICATION SENT] frame_id=None | camera=ppe_test_cam1 | Type=PPE Alert | topic=notification_results
2026-08-17 20:49:56,617 - notification3ab8f474409a - INFO - _poll_kafka: 1 message(s) received from Kafka
2026-08-17 20:49:56,618 - notification3ab8f474409a - INFO - [NOTIFICATION RECEIVED] frame_id=None | camera=ppe_test_cam1 | Type=PPE Alert | timestamp=2026-08-17 20:49:56.130000
2026-08-17 20:49:56,618 - notification3ab8f474409a - INFO - send_notifications | camera=ppe_test_cam1 | Type=PPE Alert | recipients=['your_actual_email@example.com'] | thread_id=19ffc22af1a6056d
2026-08-17 20:49:56,619 - notification3ab8f474409a - INFO - Queuing email task | camera=ppe_test_cam1 | to=['your_actual_email@example.com']
2026-08-17 20:49:56,619 - notification3ab8f474409a - INFO - Queuing telegram task | camera=ppe_test_cam1 | chat_ids=[]
2026-08-17 20:49:56,619 - notification3ab8f474409a - INFO - Running 2 notification task(s) | camera=ppe_test_cam1
2026-08-17 20:49:56,619 - notification3ab8f474409a - INFO - email gmail function started for camera: ppe_test_cam1, Type: PPE Alert
2026-08-17 20:49:56,619 - notification3ab8f474409a - INFO - DataPath: /Aksha, main_dir: /Aksha
2026-08-17 20:49:56,621 - notification3ab8f474409a - INFO - Loaded config from: /usr/src/app/app/socialPlatforms/keys.yaml
2026-08-17 20:49:56,621 - notification3ab8f474409a - INFO - Using threadId from namespace: 19ffc22af1a6056d
2026-08-17 20:49:56,621 - notification3ab8f474409a - INFO - Credentials loaded successfully
2026-08-17 20:49:56,622 - notification3ab8f474409a - INFO - telegram() | camera=ppe_test_cam1 | Type=PPE Alert | subscription=notification_results | service_status=True | chat_ids=[]
2026-08-17 20:49:56,622 - notification3ab8f474409a - ERROR - Missing chat_ids or bot_token for Telegram
2026-08-17 20:49:57,646 - notification3ab8f474409a - INFO - Gmail API discovered
2026-08-17 20:49:59,092 - notification3ab8f474409a - INFO - Added threading headers for thread: 19ffc22af1a6056d
2026-08-17 20:49:59,092 - notification3ab8f474409a - INFO - Attached logo1 from: /usr/src/app/app/logo.png
2026-08-17 20:49:59,093 - notification3ab8f474409a - INFO - Attached logo2 from: /usr/src/app/app/logo2.png
2026-08-17 20:49:59,093 - notification3ab8f474409a - INFO - Looking for alert image at: /Aksha/ppe_test_cam1/alerts/2026-08-17/2026-08-17 20:49:56.13_alert.jpg
2026-08-17 20:49:59,095 - notification3ab8f474409a - INFO - Attached alert image: /Aksha/ppe_test_cam1/alerts/2026-08-17/2026-08-17 20:49:56.13_alert.jpg
2026-08-17 20:49:59,103 - notification3ab8f474409a - INFO - Sending email with threadId: 19ffc22af1a6056d
2026-08-17 20:49:59,859 - notification3ab8f474409a - ERROR - Error sending email: 



Too Many Requests

Content:
{'code': 429,
 'errors': [{'domain': 'global',
             'message': 'User-rate limit exceeded.  Retry after '
                        '2026-08-17T15:34:59.738Z (Mail sending)',
             'reason': 'rateLimitExceeded'}],
 'message': 'User-rate limit exceeded.  Retry after 2026-08-17T15:34:59.738Z '
            '(Mail sending)',
 'status': 'RESOURCE_EXHAUSTED'}

Request URL:
https://gmail.googleapis.com/gmail/v1/users/me/messages/send
2026-08-17 20:49:59,859 - notification3ab8f474409a - ERROR - Traceback: Traceback (most recent call last):
  File "/usr/src/app/app/socialPlatforms/email.py", line 767, in email_gmail
    response = await google.as_user(
  File "/usr/local/lib/python3.10/site-packages/aiogoogle/client.py", line 270, in as_user
    return await self.send(
  File "/usr/local/lib/python3.10/site-packages/aiogoogle/client.py", line 425, in send
    return await session.send(*args, **kwargs)
  File "/usr/local/lib/python3.10/site-packages/aiogoogle/sessions/aiohttp_session.py", line 192, in send
    results = await schedule_tasks()
  File "/usr/local/lib/python3.10/site-packages/aiogoogle/sessions/aiohttp_session.py", line 177, in schedule_tasks
    return await asyncio.gather(
  File "/usr/local/lib/python3.10/site-packages/aiogoogle/sessions/aiohttp_session.py", line 171, in get_content
    response = await get_response(request)
  File "/usr/local/lib/python3.10/site-packages/aiogoogle/sessions/aiohttp_session.py", line 167, in get_response
    response.raise_for_status()
  File "/usr/local/lib/python3.10/site-packages/aiogoogle/models.py", line 481, in raise_for_status
    raise HTTPError(msg=self.reason, req=self.req, res=self)
aiogoogle.excs.HTTPError: 



Too Many Requests

Content:
{'code': 429,
 'errors': [{'domain': 'global',
             'message': 'User-rate limit exceeded.  Retry after '
                        '2026-08-17T15:34:59.738Z (Mail sending)',
             'reason': 'rateLimitExceeded'}],
 'message': 'User-rate limit exceeded.  Retry after 2026-08-17T15:34:59.738Z '
            '(Mail sending)',
 'status': 'RESOURCE_EXHAUSTED'}

Request URL:
https://gmail.googleapis.com/gmail/v1/users/me/messages/send

2026-08-17 20:49:59,872 - notification3ab8f474409a - INFO - Updated threadId in app.config: 19ffc22af1a6056d
2026-08-17 20:49:59,873 - notification3ab8f474409a - INFO - [NOTIFICATION SENT] frame_id=None | camera=ppe_test_cam1 | Type=PPE Alert | topic=notification_results
2026-08-17 20:50:56,810 - notification3ab8f474409a - INFO - _poll_kafka: 1 message(s) received from Kafka
2026-08-17 20:50:56,812 - notification3ab8f474409a - INFO - [NOTIFICATION RECEIVED] frame_id=None | camera=ppe_test_cam1 | Type=PPE Alert | timestamp=2026-08-17 20:50:56.140000
2026-08-17 20:50:56,814 - notification3ab8f474409a - INFO - send_notifications | camera=ppe_test_cam1 | Type=PPE Alert | recipients=['your_actual_email@example.com'] | thread_id=19ffc22af1a6056d
2026-08-17 20:50:56,814 - notification3ab8f474409a - INFO - Queuing email task | camera=ppe_test_cam1 | to=['your_actual_email@example.com']
2026-08-17 20:50:56,815 - notification3ab8f474409a - INFO - Queuing telegram task | camera=ppe_test_cam1 | chat_ids=[]
2026-08-17 20:50:56,815 - notification3ab8f474409a - INFO - Running 2 notification task(s) | camera=ppe_test_cam1
2026-08-17 20:50:56,815 - notification3ab8f474409a - INFO - email gmail function started for camera: ppe_test_cam1, Type: PPE Alert
2026-08-17 20:50:56,816 - notification3ab8f474409a - INFO - DataPath: /Aksha, main_dir: /Aksha
2026-08-17 20:50:56,823 - notification3ab8f474409a - INFO - Loaded config from: /usr/src/app/app/socialPlatforms/keys.yaml
2026-08-17 20:50:56,823 - notification3ab8f474409a - INFO - Using threadId from namespace: 19ffc22af1a6056d
2026-08-17 20:50:56,824 - notification3ab8f474409a - INFO - Credentials loaded successfully
2026-08-17 20:50:56,826 - notification3ab8f474409a - INFO - telegram() | camera=ppe_test_cam1 | Type=PPE Alert | subscription=notification_results | service_status=True | chat_ids=[]
2026-08-17 20:50:56,826 - notification3ab8f474409a - ERROR - Missing chat_ids or bot_token for Telegram
2026-08-17 20:50:57,115 - notification3ab8f474409a - INFO - Gmail API discovered
2026-08-17 20:50:58,536 - notification3ab8f474409a - INFO - Added threading headers for thread: 19ffc22af1a6056d
2026-08-17 20:50:58,540 - notification3ab8f474409a - INFO - Attached logo1 from: /usr/src/app/app/logo.png
2026-08-17 20:50:58,543 - notification3ab8f474409a - INFO - Attached logo2 from: /usr/src/app/app/logo2.png
2026-08-17 20:50:58,545 - notification3ab8f474409a - INFO - Looking for alert image at: /Aksha/ppe_test_cam1/alerts/2026-08-17/2026-08-17 20:50:56.14_alert.jpg
2026-08-17 20:50:58,557 - notification3ab8f474409a - INFO - Attached alert image: /Aksha/ppe_test_cam1/alerts/2026-08-17/2026-08-17 20:50:56.14_alert.jpg
2026-08-17 20:50:58,581 - notification3ab8f474409a - INFO - Sending email with threadId: 19ffc22af1a6056d
2026-08-17 20:50:59,343 - notification3ab8f474409a - ERROR - Error sending email: 



Too Many Requests

Content:
{'code': 429,
 'errors': [{'domain': 'global',
             'message': 'User-rate limit exceeded.  Retry after '
                        '2026-08-17T15:35:59.217Z (Mail sending)',
             'reason': 'rateLimitExceeded'}],
 'message': 'User-rate limit exceeded.  Retry after 2026-08-17T15:35:59.217Z '
            '(Mail sending)',
 'status': 'RESOURCE_EXHAUSTED'}

Request URL:
https://gmail.googleapis.com/gmail/v1/users/me/messages/send
2026-08-17 20:50:59,344 - notification3ab8f474409a - ERROR - Traceback: Traceback (most recent call last):
  File "/usr/src/app/app/socialPlatforms/email.py", line 767, in email_gmail
    response = await google.as_user(
  File "/usr/local/lib/python3.10/site-packages/aiogoogle/client.py", line 270, in as_user
    return await self.send(
  File "/usr/local/lib/python3.10/site-packages/aiogoogle/client.py", line 425, in send
    return await session.send(*args, **kwargs)
  File "/usr/local/lib/python3.10/site-packages/aiogoogle/sessions/aiohttp_session.py", line 192, in send
    results = await schedule_tasks()
  File "/usr/local/lib/python3.10/site-packages/aiogoogle/sessions/aiohttp_session.py", line 177, in schedule_tasks
    return await asyncio.gather(
  File "/usr/local/lib/python3.10/site-packages/aiogoogle/sessions/aiohttp_session.py", line 171, in get_content
    response = await get_response(request)
  File "/usr/local/lib/python3.10/site-packages/aiogoogle/sessions/aiohttp_session.py", line 167, in get_response
    response.raise_for_status()
  File "/usr/local/lib/python3.10/site-packages/aiogoogle/models.py", line 481, in raise_for_status
    raise HTTPError(msg=self.reason, req=self.req, res=self)
aiogoogle.excs.HTTPError: 



Too Many Requests

Content:
{'code': 429,
 'errors': [{'domain': 'global',
             'message': 'User-rate limit exceeded.  Retry after '
                        '2026-08-17T15:35:59.217Z (Mail sending)',
             'reason': 'rateLimitExceeded'}],
 'message': 'User-rate limit exceeded.  Retry after 2026-08-17T15:35:59.217Z '
            '(Mail sending)',
 'status': 'RESOURCE_EXHAUSTED'}

Request URL:
https://gmail.googleapis.com/gmail/v1/users/me/messages/send

2026-08-17 20:50:59,348 - notification3ab8f474409a - INFO - Updated threadId in app.config: 19ffc22af1a6056d
2026-08-17 20:50:59,349 - notification3ab8f474409a - INFO - [NOTIFICATION SENT] frame_id=None | camera=ppe_test_cam1 | Type=PPE Alert | topic=notification_results
2026-08-17 20:51:56,255 - notification3ab8f474409a - INFO - _poll_kafka: 1 message(s) received from Kafka
2026-08-17 20:51:56,255 - notification3ab8f474409a - INFO - [NOTIFICATION RECEIVED] frame_id=None | camera=ppe_test_cam1 | Type=PPE Alert | timestamp=2026-08-17 20:51:56.180000
2026-08-17 20:51:56,256 - notification3ab8f474409a - INFO - send_notifications | camera=ppe_test_cam1 | Type=PPE Alert | recipients=['your_actual_email@example.com'] | thread_id=19ffc22af1a6056d
2026-08-17 20:51:56,257 - notification3ab8f474409a - INFO - Queuing email task | camera=ppe_test_cam1 | to=['your_actual_email@example.com']
2026-08-17 20:51:56,257 - notification3ab8f474409a - INFO - Queuing telegram task | camera=ppe_test_cam1 | chat_ids=[]
2026-08-17 20:51:56,257 - notification3ab8f474409a - INFO - Running 2 notification task(s) | camera=ppe_test_cam1
2026-08-17 20:51:56,257 - notification3ab8f474409a - INFO - email gmail function started for camera: ppe_test_cam1, Type: PPE Alert
2026-08-17 20:51:56,257 - notification3ab8f474409a - INFO - DataPath: /Aksha, main_dir: /Aksha
2026-08-17 20:51:56,259 - notification3ab8f474409a - INFO - Loaded config from: /usr/src/app/app/socialPlatforms/keys.yaml
2026-08-17 20:51:56,259 - notification3ab8f474409a - INFO - Using threadId from namespace: 19ffc22af1a6056d
2026-08-17 20:51:56,259 - notification3ab8f474409a - INFO - Credentials loaded successfully
2026-08-17 20:51:56,260 - notification3ab8f474409a - INFO - telegram() | camera=ppe_test_cam1 | Type=PPE Alert | subscription=notification_results | service_status=True | chat_ids=[]
2026-08-17 20:51:56,260 - notification3ab8f474409a - ERROR - Missing chat_ids or bot_token for Telegram
2026-08-17 20:51:56,608 - notification3ab8f474409a - INFO - Gmail API discovered
2026-08-17 20:51:58,027 - notification3ab8f474409a - INFO - Added threading headers for thread: 19ffc22af1a6056d
2026-08-17 20:51:58,028 - notification3ab8f474409a - INFO - Attached logo1 from: /usr/src/app/app/logo.png
2026-08-17 20:51:58,029 - notification3ab8f474409a - INFO - Attached logo2 from: /usr/src/app/app/logo2.png
2026-08-17 20:51:58,029 - notification3ab8f474409a - INFO - Looking for alert image at: /Aksha/ppe_test_cam1/alerts/2026-08-17/2026-08-17 20:51:56.18_alert.jpg
2026-08-17 20:51:58,031 - notification3ab8f474409a - INFO - Attached alert image: /Aksha/ppe_test_cam1/alerts/2026-08-17/2026-08-17 20:51:56.18_alert.jpg
2026-08-17 20:51:58,036 - notification3ab8f474409a - INFO - Sending email with threadId: 19ffc22af1a6056d
2026-08-17 20:51:58,793 - notification3ab8f474409a - ERROR - Error sending email: 



Too Many Requests

Content:
{'code': 429,
 'errors': [{'domain': 'global',
             'message': 'User-rate limit exceeded.  Retry after '
                        '2026-08-17T15:36:58.668Z (Mail sending)',
             'reason': 'rateLimitExceeded'}],
 'message': 'User-rate limit exceeded.  Retry after 2026-08-17T15:36:58.668Z '
            '(Mail sending)',
 'status': 'RESOURCE_EXHAUSTED'}

Request URL:
https://gmail.googleapis.com/gmail/v1/users/me/messages/send
2026-08-17 20:51:58,793 - notification3ab8f474409a - ERROR - Traceback: Traceback (most recent call last):
  File "/usr/src/app/app/socialPlatforms/email.py", line 767, in email_gmail
    response = await google.as_user(
  File "/usr/local/lib/python3.10/site-packages/aiogoogle/client.py", line 270, in as_user
    return await self.send(
  File "/usr/local/lib/python3.10/site-packages/aiogoogle/client.py", line 425, in send
    return await session.send(*args, **kwargs)
  File "/usr/local/lib/python3.10/site-packages/aiogoogle/sessions/aiohttp_session.py", line 192, in send
    results = await schedule_tasks()
  File "/usr/local/lib/python3.10/site-packages/aiogoogle/sessions/aiohttp_session.py", line 177, in schedule_tasks
    return await asyncio.gather(
  File "/usr/local/lib/python3.10/site-packages/aiogoogle/sessions/aiohttp_session.py", line 171, in get_content
    response = await get_response(request)
  File "/usr/local/lib/python3.10/site-packages/aiogoogle/sessions/aiohttp_session.py", line 167, in get_response
    response.raise_for_status()
  File "/usr/local/lib/python3.10/site-packages/aiogoogle/models.py", line 481, in raise_for_status
    raise HTTPError(msg=self.reason, req=self.req, res=self)
aiogoogle.excs.HTTPError: 



Too Many Requests

Content:
{'code': 429,
 'errors': [{'domain': 'global',
             'message': 'User-rate limit exceeded.  Retry after '
                        '2026-08-17T15:36:58.668Z (Mail sending)',
             'reason': 'rateLimitExceeded'}],
 'message': 'User-rate limit exceeded.  Retry after 2026-08-17T15:36:58.668Z '
            '(Mail sending)',
 'status': 'RESOURCE_EXHAUSTED'}

Request URL:
https://gmail.googleapis.com/gmail/v1/users/me/messages/send

2026-08-17 20:51:58,798 - notification3ab8f474409a - INFO - Updated threadId in app.config: 19ffc22af1a6056d
2026-08-17 20:51:58,801 - notification3ab8f474409a - INFO - [NOTIFICATION SENT] frame_id=None | camera=ppe_test_cam1 | Type=PPE Alert | topic=notification_results
2026-08-17 20:52:56,097 - notification3ab8f474409a - INFO - _poll_kafka: 1 message(s) received from Kafka
2026-08-17 20:52:56,097 - notification3ab8f474409a - INFO - [NOTIFICATION RECEIVED] frame_id=None | camera=ppe_test_cam1 | Type=PPE Alert | timestamp=2026-08-17 20:52:56.070000
2026-08-17 20:52:56,098 - notification3ab8f474409a - INFO - send_notifications | camera=ppe_test_cam1 | Type=PPE Alert | recipients=['your_actual_email@example.com'] | thread_id=19ffc22af1a6056d
2026-08-17 20:52:56,098 - notification3ab8f474409a - INFO - Queuing email task | camera=ppe_test_cam1 | to=['your_actual_email@example.com']
2026-08-17 20:52:56,098 - notification3ab8f474409a - INFO - Queuing telegram task | camera=ppe_test_cam1 | chat_ids=[]
2026-08-17 20:52:56,098 - notification3ab8f474409a - INFO - Running 2 notification task(s) | camera=ppe_test_cam1
2026-08-17 20:52:56,098 - notification3ab8f474409a - INFO - email gmail function started for camera: ppe_test_cam1, Type: PPE Alert
2026-08-17 20:52:56,098 - notification3ab8f474409a - INFO - DataPath: /Aksha, main_dir: /Aksha
2026-08-17 20:52:56,099 - notification3ab8f474409a - INFO - Loaded config from: /usr/src/app/app/socialPlatforms/keys.yaml
2026-08-17 20:52:56,099 - notification3ab8f474409a - INFO - Using threadId from namespace: 19ffc22af1a6056d
2026-08-17 20:52:56,099 - notification3ab8f474409a - INFO - Credentials loaded successfully
2026-08-17 20:52:56,100 - notification3ab8f474409a - INFO - telegram() | camera=ppe_test_cam1 | Type=PPE Alert | subscription=notification_results | service_status=True | chat_ids=[]
2026-08-17 20:52:56,100 - notification3ab8f474409a - ERROR - Missing chat_ids or bot_token for Telegram
2026-08-17 20:52:56,462 - notification3ab8f474409a - INFO - Gmail API discovered
2026-08-17 20:52:57,453 - notification3ab8f474409a - INFO - Added threading headers for thread: 19ffc22af1a6056d
2026-08-17 20:52:57,459 - notification3ab8f474409a - INFO - Attached logo1 from: /usr/src/app/app/logo.png
2026-08-17 20:52:57,465 - notification3ab8f474409a - INFO - Attached logo2 from: /usr/src/app/app/logo2.png
2026-08-17 20:52:57,465 - notification3ab8f474409a - INFO - Looking for alert image at: /Aksha/ppe_test_cam1/alerts/2026-08-17/2026-08-17 20:52:56.07_alert.jpg
2026-08-17 20:52:57,479 - notification3ab8f474409a - INFO - Attached alert image: /Aksha/ppe_test_cam1/alerts/2026-08-17/2026-08-17 20:52:56.07_alert.jpg
2026-08-17 20:52:57,507 - notification3ab8f474409a - INFO - Sending email with threadId: 19ffc22af1a6056d
2026-08-17 20:52:58,276 - notification3ab8f474409a - ERROR - Error sending email: 



Too Many Requests

Content:
{'code': 429,
 'errors': [{'domain': 'global',
             'message': 'User-rate limit exceeded.  Retry after '
                        '2026-08-17T15:37:58.147Z (Mail sending)',
             'reason': 'rateLimitExceeded'}],
 'message': 'User-rate limit exceeded.  Retry after 2026-08-17T15:37:58.147Z '
            '(Mail sending)',
 'status': 'RESOURCE_EXHAUSTED'}

Request URL:
https://gmail.googleapis.com/gmail/v1/users/me/messages/send
2026-08-17 20:52:58,277 - notification3ab8f474409a - ERROR - Traceback: Traceback (most recent call last):
  File "/usr/src/app/app/socialPlatforms/email.py", line 767, in email_gmail
    response = await google.as_user(
  File "/usr/local/lib/python3.10/site-packages/aiogoogle/client.py", line 270, in as_user
    return await self.send(
  File "/usr/local/lib/python3.10/site-packages/aiogoogle/client.py", line 425, in send
    return await session.send(*args, **kwargs)
  File "/usr/local/lib/python3.10/site-packages/aiogoogle/sessions/aiohttp_session.py", line 192, in send
    results = await schedule_tasks()
  File "/usr/local/lib/python3.10/site-packages/aiogoogle/sessions/aiohttp_session.py", line 177, in schedule_tasks
    return await asyncio.gather(
  File "/usr/local/lib/python3.10/site-packages/aiogoogle/sessions/aiohttp_session.py", line 171, in get_content
    response = await get_response(request)
  File "/usr/local/lib/python3.10/site-packages/aiogoogle/sessions/aiohttp_session.py", line 167, in get_response
    response.raise_for_status()
  File "/usr/local/lib/python3.10/site-packages/aiogoogle/models.py", line 481, in raise_for_status
    raise HTTPError(msg=self.reason, req=self.req, res=self)
aiogoogle.excs.HTTPError: 



Too Many Requests

Content:
{'code': 429,
 'errors': [{'domain': 'global',
             'message': 'User-rate limit exceeded.  Retry after '
                        '2026-08-17T15:37:58.147Z (Mail sending)',
             'reason': 'rateLimitExceeded'}],
 'message': 'User-rate limit exceeded.  Retry after 2026-08-17T15:37:58.147Z '
            '(Mail sending)',
 'status': 'RESOURCE_EXHAUSTED'}

Request URL:
https://gmail.googleapis.com/gmail/v1/users/me/messages/send

2026-08-17 20:52:58,491 - notification3ab8f474409a - INFO - Updated threadId in app.config: 19ffc22af1a6056d
2026-08-17 20:52:58,492 - notification3ab8f474409a - INFO - [NOTIFICATION SENT] frame_id=None | camera=ppe_test_cam1 | Type=PPE Alert | topic=notification_results
2026-08-17 20:53:56,203 - notification3ab8f474409a - INFO - _poll_kafka: 1 message(s) received from Kafka
2026-08-17 20:53:56,203 - notification3ab8f474409a - INFO - [NOTIFICATION RECEIVED] frame_id=None | camera=ppe_test_cam1 | Type=PPE Alert | timestamp=2026-08-17 20:53:56.180000
2026-08-17 20:53:56,204 - notification3ab8f474409a - INFO - send_notifications | camera=ppe_test_cam1 | Type=PPE Alert | recipients=['your_actual_email@example.com'] | thread_id=19ffc22af1a6056d
2026-08-17 20:53:56,204 - notification3ab8f474409a - INFO - Queuing email task | camera=ppe_test_cam1 | to=['your_actual_email@example.com']
2026-08-17 20:53:56,204 - notification3ab8f474409a - INFO - Queuing telegram task | camera=ppe_test_cam1 | chat_ids=[]
2026-08-17 20:53:56,204 - notification3ab8f474409a - INFO - Running 2 notification task(s) | camera=ppe_test_cam1
2026-08-17 20:53:56,204 - notification3ab8f474409a - INFO - email gmail function started for camera: ppe_test_cam1, Type: PPE Alert
2026-08-17 20:53:56,204 - notification3ab8f474409a - INFO - DataPath: /Aksha, main_dir: /Aksha
2026-08-17 20:53:56,205 - notification3ab8f474409a - INFO - Loaded config from: /usr/src/app/app/socialPlatforms/keys.yaml
2026-08-17 20:53:56,205 - notification3ab8f474409a - INFO - Using threadId from namespace: 19ffc22af1a6056d
2026-08-17 20:53:56,205 - notification3ab8f474409a - INFO - Credentials loaded successfully
2026-08-17 20:53:56,206 - notification3ab8f474409a - INFO - telegram() | camera=ppe_test_cam1 | Type=PPE Alert | subscription=notification_results | service_status=True | chat_ids=[]
2026-08-17 20:53:56,206 - notification3ab8f474409a - ERROR - Missing chat_ids or bot_token for Telegram
2026-08-17 20:53:56,559 - notification3ab8f474409a - INFO - Gmail API discovered
2026-08-17 20:53:57,611 - notification3ab8f474409a - INFO - Added threading headers for thread: 19ffc22af1a6056d
2026-08-17 20:53:57,611 - notification3ab8f474409a - INFO - Attached logo1 from: /usr/src/app/app/logo.png
2026-08-17 20:53:57,613 - notification3ab8f474409a - INFO - Attached logo2 from: /usr/src/app/app/logo2.png
2026-08-17 20:53:57,613 - notification3ab8f474409a - INFO - Looking for alert image at: /Aksha/ppe_test_cam1/alerts/2026-08-17/2026-08-17 20:53:56.18_alert.jpg
2026-08-17 20:53:57,616 - notification3ab8f474409a - INFO - Attached alert image: /Aksha/ppe_test_cam1/alerts/2026-08-17/2026-08-17 20:53:56.18_alert.jpg
2026-08-17 20:53:57,625 - notification3ab8f474409a - INFO - Sending email with threadId: 19ffc22af1a6056d
2026-08-17 20:53:58,383 - notification3ab8f474409a - ERROR - Error sending email: 



Too Many Requests

Content:
{'code': 429,
 'errors': [{'domain': 'global',
             'message': 'User-rate limit exceeded.  Retry after '
                        '2026-08-17T15:38:58.261Z (Mail sending)',
             'reason': 'rateLimitExceeded'}],
 'message': 'User-rate limit exceeded.  Retry after 2026-08-17T15:38:58.261Z '
            '(Mail sending)',
 'status': 'RESOURCE_EXHAUSTED'}

Request URL:
https://gmail.googleapis.com/gmail/v1/users/me/messages/send
2026-08-17 20:53:58,383 - notification3ab8f474409a - ERROR - Traceback: Traceback (most recent call last):
  File "/usr/src/app/app/socialPlatforms/email.py", line 767, in email_gmail
    response = await google.as_user(
  File "/usr/local/lib/python3.10/site-packages/aiogoogle/client.py", line 270, in as_user
    return await self.send(
  File "/usr/local/lib/python3.10/site-packages/aiogoogle/client.py", line 425, in send
    return await session.send(*args, **kwargs)
  File "/usr/local/lib/python3.10/site-packages/aiogoogle/sessions/aiohttp_session.py", line 192, in send
    results = await schedule_tasks()
  File "/usr/local/lib/python3.10/site-packages/aiogoogle/sessions/aiohttp_session.py", line 177, in schedule_tasks
    return await asyncio.gather(
  File "/usr/local/lib/python3.10/site-packages/aiogoogle/sessions/aiohttp_session.py", line 171, in get_content
    response = await get_response(request)
  File "/usr/local/lib/python3.10/site-packages/aiogoogle/sessions/aiohttp_session.py", line 167, in get_response
    response.raise_for_status()
  File "/usr/local/lib/python3.10/site-packages/aiogoogle/models.py", line 481, in raise_for_status
    raise HTTPError(msg=self.reason, req=self.req, res=self)
aiogoogle.excs.HTTPError: 



Too Many Requests

Content:
{'code': 429,
 'errors': [{'domain': 'global',
             'message': 'User-rate limit exceeded.  Retry after '
                        '2026-08-17T15:38:58.261Z (Mail sending)',
             'reason': 'rateLimitExceeded'}],
 'message': 'User-rate limit exceeded.  Retry after 2026-08-17T15:38:58.261Z '
            '(Mail sending)',
 'status': 'RESOURCE_EXHAUSTED'}

Request URL:
https://gmail.googleapis.com/gmail/v1/users/me/messages/send

2026-08-17 20:53:58,384 - notification3ab8f474409a - INFO - Updated threadId in app.config: 19ffc22af1a6056d
2026-08-17 20:53:58,385 - notification3ab8f474409a - INFO - [NOTIFICATION SENT] frame_id=None | camera=ppe_test_cam1 | Type=PPE Alert | topic=notification_results
2026-08-17 20:54:56,040 - notification3ab8f474409a - INFO - _poll_kafka: 1 message(s) received from Kafka
2026-08-17 20:54:56,040 - notification3ab8f474409a - INFO - [NOTIFICATION RECEIVED] frame_id=None | camera=ppe_test_cam1 | Type=PPE Alert | timestamp=2026-08-17 20:54:55.970000
2026-08-17 20:54:56,040 - notification3ab8f474409a - INFO - send_notifications | camera=ppe_test_cam1 | Type=PPE Alert | recipients=['your_actual_email@example.com'] | thread_id=19ffc22af1a6056d
2026-08-17 20:54:56,040 - notification3ab8f474409a - INFO - Queuing email task | camera=ppe_test_cam1 | to=['your_actual_email@example.com']
2026-08-17 20:54:56,040 - notification3ab8f474409a - INFO - Queuing telegram task | camera=ppe_test_cam1 | chat_ids=[]
2026-08-17 20:54:56,040 - notification3ab8f474409a - INFO - Running 2 notification task(s) | camera=ppe_test_cam1
2026-08-17 20:54:56,040 - notification3ab8f474409a - INFO - email gmail function started for camera: ppe_test_cam1, Type: PPE Alert
2026-08-17 20:54:56,040 - notification3ab8f474409a - INFO - DataPath: /Aksha, main_dir: /Aksha
2026-08-17 20:54:56,042 - notification3ab8f474409a - INFO - Loaded config from: /usr/src/app/app/socialPlatforms/keys.yaml
2026-08-17 20:54:56,042 - notification3ab8f474409a - INFO - Using threadId from namespace: 19ffc22af1a6056d
2026-08-17 20:54:56,042 - notification3ab8f474409a - INFO - Credentials loaded successfully
2026-08-17 20:54:56,042 - notification3ab8f474409a - INFO - telegram() | camera=ppe_test_cam1 | Type=PPE Alert | subscription=notification_results | service_status=True | chat_ids=[]
2026-08-17 20:54:56,042 - notification3ab8f474409a - ERROR - Missing chat_ids or bot_token for Telegram
2026-08-17 20:54:56,372 - notification3ab8f474409a - INFO - Gmail API discovered
2026-08-17 20:54:59,048 - notification3ab8f474409a - INFO - Added threading headers for thread: 19ffc22af1a6056d
2026-08-17 20:54:59,048 - notification3ab8f474409a - INFO - Attached logo1 from: /usr/src/app/app/logo.png
2026-08-17 20:54:59,049 - notification3ab8f474409a - INFO - Attached logo2 from: /usr/src/app/app/logo2.png
2026-08-17 20:54:59,049 - notification3ab8f474409a - INFO - Looking for alert image at: /Aksha/ppe_test_cam1/alerts/2026-08-17/2026-08-17 20:54:55.97_alert.jpg
2026-08-17 20:54:59,051 - notification3ab8f474409a - INFO - Attached alert image: /Aksha/ppe_test_cam1/alerts/2026-08-17/2026-08-17 20:54:55.97_alert.jpg
2026-08-17 20:54:59,056 - notification3ab8f474409a - INFO - Sending email with threadId: 19ffc22af1a6056d
2026-08-17 20:55:00,138 - notification3ab8f474409a - ERROR - Error sending email: 



Too Many Requests

Content:
{'code': 429,
 'errors': [{'domain': 'global',
             'message': 'User-rate limit exceeded.  Retry after '
                        '2026-08-17T15:40:00.006Z (Mail sending)',
             'reason': 'rateLimitExceeded'}],
 'message': 'User-rate limit exceeded.  Retry after 2026-08-17T15:40:00.006Z '
            '(Mail sending)',
 'status': 'RESOURCE_EXHAUSTED'}

Request URL:
https://gmail.googleapis.com/gmail/v1/users/me/messages/send
2026-08-17 20:55:00,138 - notification3ab8f474409a - ERROR - Traceback: Traceback (most recent call last):
  File "/usr/src/app/app/socialPlatforms/email.py", line 767, in email_gmail
    response = await google.as_user(
  File "/usr/local/lib/python3.10/site-packages/aiogoogle/client.py", line 270, in as_user
    return await self.send(
  File "/usr/local/lib/python3.10/site-packages/aiogoogle/client.py", line 425, in send
    return await session.send(*args, **kwargs)
  File "/usr/local/lib/python3.10/site-packages/aiogoogle/sessions/aiohttp_session.py", line 192, in send
    results = await schedule_tasks()
  File "/usr/local/lib/python3.10/site-packages/aiogoogle/sessions/aiohttp_session.py", line 177, in schedule_tasks
    return await asyncio.gather(
  File "/usr/local/lib/python3.10/site-packages/aiogoogle/sessions/aiohttp_session.py", line 171, in get_content
    response = await get_response(request)
  File "/usr/local/lib/python3.10/site-packages/aiogoogle/sessions/aiohttp_session.py", line 167, in get_response
    response.raise_for_status()
  File "/usr/local/lib/python3.10/site-packages/aiogoogle/models.py", line 481, in raise_for_status
    raise HTTPError(msg=self.reason, req=self.req, res=self)
aiogoogle.excs.HTTPError: 



Too Many Requests

Content:
{'code': 429,
 'errors': [{'domain': 'global',
             'message': 'User-rate limit exceeded.  Retry after '
                        '2026-08-17T15:40:00.006Z (Mail sending)',
             'reason': 'rateLimitExceeded'}],
 'message': 'User-rate limit exceeded.  Retry after 2026-08-17T15:40:00.006Z '
            '(Mail sending)',
 'status': 'RESOURCE_EXHAUSTED'}

Request URL:
https://gmail.googleapis.com/gmail/v1/users/me/messages/send

2026-08-17 20:55:00,689 - notification3ab8f474409a - INFO - Updated threadId in app.config: 19ffc22af1a6056d
2026-08-17 20:55:00,690 - notification3ab8f474409a - INFO - [NOTIFICATION SENT] frame_id=None | camera=ppe_test_cam1 | Type=PPE Alert | topic=notification_results
2026-08-17 20:55:56,157 - notification3ab8f474409a - INFO - _poll_kafka: 1 message(s) received from Kafka
2026-08-17 20:55:56,157 - notification3ab8f474409a - INFO - [NOTIFICATION RECEIVED] frame_id=None | camera=ppe_test_cam1 | Type=PPE Alert | timestamp=2026-08-17 20:55:56.130000
2026-08-17 20:55:56,157 - notification3ab8f474409a - INFO - send_notifications | camera=ppe_test_cam1 | Type=PPE Alert | recipients=['your_actual_email@example.com'] | thread_id=19ffc22af1a6056d
2026-08-17 20:55:56,158 - notification3ab8f474409a - INFO - Queuing email task | camera=ppe_test_cam1 | to=['your_actual_email@example.com']
2026-08-17 20:55:56,158 - notification3ab8f474409a - INFO - Queuing telegram task | camera=ppe_test_cam1 | chat_ids=[]
2026-08-17 20:55:56,158 - notification3ab8f474409a - INFO - Running 2 notification task(s) | camera=ppe_test_cam1
2026-08-17 20:55:56,158 - notification3ab8f474409a - INFO - email gmail function started for camera: ppe_test_cam1, Type: PPE Alert
2026-08-17 20:55:56,158 - notification3ab8f474409a - INFO - DataPath: /Aksha, main_dir: /Aksha
2026-08-17 20:55:56,159 - notification3ab8f474409a - INFO - Loaded config from: /usr/src/app/app/socialPlatforms/keys.yaml
2026-08-17 20:55:56,159 - notification3ab8f474409a - INFO - Using threadId from namespace: 19ffc22af1a6056d
2026-08-17 20:55:56,159 - notification3ab8f474409a - INFO - Credentials loaded successfully
2026-08-17 20:55:56,160 - notification3ab8f474409a - INFO - telegram() | camera=ppe_test_cam1 | Type=PPE Alert | subscription=notification_results | service_status=True | chat_ids=[]
2026-08-17 20:55:56,160 - notification3ab8f474409a - ERROR - Missing chat_ids or bot_token for Telegram
2026-08-17 20:55:56,467 - notification3ab8f474409a - INFO - Gmail API discovered
2026-08-17 20:55:58,855 - notification3ab8f474409a - INFO - Added threading headers for thread: 19ffc22af1a6056d
2026-08-17 20:55:58,857 - notification3ab8f474409a - INFO - Attached logo1 from: /usr/src/app/app/logo.png
2026-08-17 20:55:58,858 - notification3ab8f474409a - INFO - Attached logo2 from: /usr/src/app/app/logo2.png
2026-08-17 20:55:58,860 - notification3ab8f474409a - INFO - Looking for alert image at: /Aksha/ppe_test_cam1/alerts/2026-08-17/2026-08-17 20:55:56.13_alert.jpg
2026-08-17 20:55:58,865 - notification3ab8f474409a - INFO - Attached alert image: /Aksha/ppe_test_cam1/alerts/2026-08-17/2026-08-17 20:55:56.13_alert.jpg
2026-08-17 20:55:58,875 - notification3ab8f474409a - INFO - Sending email with threadId: 19ffc22af1a6056d
2026-08-17 20:55:59,630 - notification3ab8f474409a - ERROR - Error sending email: 



Too Many Requests

Content:
{'code': 429,
 'errors': [{'domain': 'global',
             'message': 'User-rate limit exceeded.  Retry after '
                        '2026-08-17T15:40:59.514Z (Mail sending)',
             'reason': 'rateLimitExceeded'}],
 'message': 'User-rate limit exceeded.  Retry after 2026-08-17T15:40:59.514Z '
            '(Mail sending)',
 'status': 'RESOURCE_EXHAUSTED'}

Request URL:
https://gmail.googleapis.com/gmail/v1/users/me/messages/send
2026-08-17 20:55:59,630 - notification3ab8f474409a - ERROR - Traceback: Traceback (most recent call last):
  File "/usr/src/app/app/socialPlatforms/email.py", line 767, in email_gmail
    response = await google.as_user(
  File "/usr/local/lib/python3.10/site-packages/aiogoogle/client.py", line 270, in as_user
    return await self.send(
  File "/usr/local/lib/python3.10/site-packages/aiogoogle/client.py", line 425, in send
    return await session.send(*args, **kwargs)
  File "/usr/local/lib/python3.10/site-packages/aiogoogle/sessions/aiohttp_session.py", line 192, in send
    results = await schedule_tasks()
  File "/usr/local/lib/python3.10/site-packages/aiogoogle/sessions/aiohttp_session.py", line 177, in schedule_tasks
    return await asyncio.gather(
  File "/usr/local/lib/python3.10/site-packages/aiogoogle/sessions/aiohttp_session.py", line 171, in get_content
    response = await get_response(request)
  File "/usr/local/lib/python3.10/site-packages/aiogoogle/sessions/aiohttp_session.py", line 167, in get_response
    response.raise_for_status()
  File "/usr/local/lib/python3.10/site-packages/aiogoogle/models.py", line 481, in raise_for_status
    raise HTTPError(msg=self.reason, req=self.req, res=self)
aiogoogle.excs.HTTPError: 



Too Many Requests

Content:
{'code': 429,
 'errors': [{'domain': 'global',
             'message': 'User-rate limit exceeded.  Retry after '
                        '2026-08-17T15:40:59.514Z (Mail sending)',
             'reason': 'rateLimitExceeded'}],
 'message': 'User-rate limit exceeded.  Retry after 2026-08-17T15:40:59.514Z '
            '(Mail sending)',
 'status': 'RESOURCE_EXHAUSTED'}

Request URL:
https://gmail.googleapis.com/gmail/v1/users/me/messages/send

2026-08-17 20:55:59,632 - notification3ab8f474409a - INFO - Updated threadId in app.config: 19ffc22af1a6056d
2026-08-17 20:55:59,633 - notification3ab8f474409a - INFO - [NOTIFICATION SENT] frame_id=None | camera=ppe_test_cam1 | Type=PPE Alert | topic=notification_results
2026-08-17 20:56:56,095 - notification3ab8f474409a - INFO - _poll_kafka: 1 message(s) received from Kafka
2026-08-17 20:56:56,095 - notification3ab8f474409a - INFO - [NOTIFICATION RECEIVED] frame_id=None | camera=ppe_test_cam1 | Type=PPE Alert | timestamp=2026-08-17 20:56:56.060000
2026-08-17 20:56:56,095 - notification3ab8f474409a - INFO - send_notifications | camera=ppe_test_cam1 | Type=PPE Alert | recipients=['your_actual_email@example.com'] | thread_id=19ffc22af1a6056d
2026-08-17 20:56:56,095 - notification3ab8f474409a - INFO - Queuing email task | camera=ppe_test_cam1 | to=['your_actual_email@example.com']
2026-08-17 20:56:56,096 - notification3ab8f474409a - INFO - Queuing telegram task | camera=ppe_test_cam1 | chat_ids=[]
2026-08-17 20:56:56,096 - notification3ab8f474409a - INFO - Running 2 notification task(s) | camera=ppe_test_cam1
2026-08-17 20:56:56,096 - notification3ab8f474409a - INFO - email gmail function started for camera: ppe_test_cam1, Type: PPE Alert
2026-08-17 20:56:56,096 - notification3ab8f474409a - INFO - DataPath: /Aksha, main_dir: /Aksha
2026-08-17 20:56:56,097 - notification3ab8f474409a - INFO - Loaded config from: /usr/src/app/app/socialPlatforms/keys.yaml
2026-08-17 20:56:56,097 - notification3ab8f474409a - INFO - Using threadId from namespace: 19ffc22af1a6056d
2026-08-17 20:56:56,097 - notification3ab8f474409a - INFO - Credentials loaded successfully
2026-08-17 20:56:56,097 - notification3ab8f474409a - INFO - telegram() | camera=ppe_test_cam1 | Type=PPE Alert | subscription=notification_results | service_status=True | chat_ids=[]
2026-08-17 20:56:56,098 - notification3ab8f474409a - ERROR - Missing chat_ids or bot_token for Telegram
2026-08-17 20:56:56,468 - notification3ab8f474409a - INFO - Gmail API discovered
2026-08-17 20:56:57,573 - notification3ab8f474409a - INFO - Added threading headers for thread: 19ffc22af1a6056d
2026-08-17 20:56:57,575 - notification3ab8f474409a - INFO - Attached logo1 from: /usr/src/app/app/logo.png
2026-08-17 20:56:57,577 - notification3ab8f474409a - INFO - Attached logo2 from: /usr/src/app/app/logo2.png
2026-08-17 20:56:57,578 - notification3ab8f474409a - INFO - Looking for alert image at: /Aksha/ppe_test_cam1/alerts/2026-08-17/2026-08-17 20:56:56.06_alert.jpg
2026-08-17 20:56:57,592 - notification3ab8f474409a - INFO - Attached alert image: /Aksha/ppe_test_cam1/alerts/2026-08-17/2026-08-17 20:56:56.06_alert.jpg
2026-08-17 20:56:57,604 - notification3ab8f474409a - INFO - Sending email with threadId: 19ffc22af1a6056d
2026-08-17 20:56:58,383 - notification3ab8f474409a - ERROR - Error sending email: 



Too Many Requests

Content:
{'code': 429,
 'errors': [{'domain': 'global',
             'message': 'User-rate limit exceeded.  Retry after '
                        '2026-08-17T15:41:58.267Z (Mail sending)',
             'reason': 'rateLimitExceeded'}],
 'message': 'User-rate limit exceeded.  Retry after 2026-08-17T15:41:58.267Z '
            '(Mail sending)',
 'status': 'RESOURCE_EXHAUSTED'}

Request URL:
https://gmail.googleapis.com/gmail/v1/users/me/messages/send
2026-08-17 20:56:58,384 - notification3ab8f474409a - ERROR - Traceback: Traceback (most recent call last):
  File "/usr/src/app/app/socialPlatforms/email.py", line 767, in email_gmail
    response = await google.as_user(
  File "/usr/local/lib/python3.10/site-packages/aiogoogle/client.py", line 270, in as_user
    return await self.send(
  File "/usr/local/lib/python3.10/site-packages/aiogoogle/client.py", line 425, in send
    return await session.send(*args, **kwargs)
  File "/usr/local/lib/python3.10/site-packages/aiogoogle/sessions/aiohttp_session.py", line 192, in send
    results = await schedule_tasks()
  File "/usr/local/lib/python3.10/site-packages/aiogoogle/sessions/aiohttp_session.py", line 177, in schedule_tasks
    return await asyncio.gather(
  File "/usr/local/lib/python3.10/site-packages/aiogoogle/sessions/aiohttp_session.py", line 171, in get_content
    response = await get_response(request)
  File "/usr/local/lib/python3.10/site-packages/aiogoogle/sessions/aiohttp_session.py", line 167, in get_response
    response.raise_for_status()
  File "/usr/local/lib/python3.10/site-packages/aiogoogle/models.py", line 481, in raise_for_status
    raise HTTPError(msg=self.reason, req=self.req, res=self)
aiogoogle.excs.HTTPError: 



Too Many Requests

Content:
{'code': 429,
 'errors': [{'domain': 'global',
             'message': 'User-rate limit exceeded.  Retry after '
                        '2026-08-17T15:41:58.267Z (Mail sending)',
             'reason': 'rateLimitExceeded'}],
 'message': 'User-rate limit exceeded.  Retry after 2026-08-17T15:41:58.267Z '
            '(Mail sending)',
 'status': 'RESOURCE_EXHAUSTED'}

Request URL:
https://gmail.googleapis.com/gmail/v1/users/me/messages/send

2026-08-17 20:56:58,388 - notification3ab8f474409a - INFO - Updated threadId in app.config: 19ffc22af1a6056d
2026-08-17 20:56:58,389 - notification3ab8f474409a - INFO - [NOTIFICATION SENT] frame_id=None | camera=ppe_test_cam1 | Type=PPE Alert | topic=notification_results
2026-08-17 20:57:56,063 - notification3ab8f474409a - INFO - _poll_kafka: 1 message(s) received from Kafka
2026-08-17 20:57:56,063 - notification3ab8f474409a - INFO - [NOTIFICATION RECEIVED] frame_id=None | camera=ppe_test_cam1 | Type=PPE Alert | timestamp=2026-08-17 20:57:55.980000
2026-08-17 20:57:56,064 - notification3ab8f474409a - INFO - send_notifications | camera=ppe_test_cam1 | Type=PPE Alert | recipients=['your_actual_email@example.com'] | thread_id=19ffc22af1a6056d
2026-08-17 20:57:56,064 - notification3ab8f474409a - INFO - Queuing email task | camera=ppe_test_cam1 | to=['your_actual_email@example.com']
2026-08-17 20:57:56,064 - notification3ab8f474409a - INFO - Queuing telegram task | camera=ppe_test_cam1 | chat_ids=[]
2026-08-17 20:57:56,065 - notification3ab8f474409a - INFO - Running 2 notification task(s) | camera=ppe_test_cam1
2026-08-17 20:57:56,066 - notification3ab8f474409a - INFO - email gmail function started for camera: ppe_test_cam1, Type: PPE Alert
2026-08-17 20:57:56,066 - notification3ab8f474409a - INFO - DataPath: /Aksha, main_dir: /Aksha
2026-08-17 20:57:56,072 - notification3ab8f474409a - INFO - Loaded config from: /usr/src/app/app/socialPlatforms/keys.yaml
2026-08-17 20:57:56,072 - notification3ab8f474409a - INFO - Using threadId from namespace: 19ffc22af1a6056d
2026-08-17 20:57:56,073 - notification3ab8f474409a - INFO - Credentials loaded successfully
2026-08-17 20:57:56,074 - notification3ab8f474409a - INFO - telegram() | camera=ppe_test_cam1 | Type=PPE Alert | subscription=notification_results | service_status=True | chat_ids=[]
2026-08-17 20:57:56,074 - notification3ab8f474409a - ERROR - Missing chat_ids or bot_token for Telegram
2026-08-17 20:57:56,366 - notification3ab8f474409a - INFO - Gmail API discovered
2026-08-17 20:57:57,862 - notification3ab8f474409a - INFO - Added threading headers for thread: 19ffc22af1a6056d
2026-08-17 20:57:57,862 - notification3ab8f474409a - INFO - Attached logo1 from: /usr/src/app/app/logo.png
2026-08-17 20:57:57,863 - notification3ab8f474409a - INFO - Attached logo2 from: /usr/src/app/app/logo2.png
2026-08-17 20:57:57,866 - notification3ab8f474409a - INFO - Looking for alert image at: /Aksha/ppe_test_cam1/alerts/2026-08-17/2026-08-17 20:57:55.98_alert.jpg
2026-08-17 20:57:57,868 - notification3ab8f474409a - INFO - Attached alert image: /Aksha/ppe_test_cam1/alerts/2026-08-17/2026-08-17 20:57:55.98_alert.jpg
2026-08-17 20:57:57,874 - notification3ab8f474409a - INFO - Sending email with threadId: 19ffc22af1a6056d
2026-08-17 20:57:58,685 - notification3ab8f474409a - ERROR - Error sending email: 



Too Many Requests

Content:
{'code': 429,
 'errors': [{'domain': 'global',
             'message': 'User-rate limit exceeded.  Retry after '
                        '2026-08-17T15:42:58.570Z (Mail sending)',
             'reason': 'rateLimitExceeded'}],
 'message': 'User-rate limit exceeded.  Retry after 2026-08-17T15:42:58.570Z '
            '(Mail sending)',
 'status': 'RESOURCE_EXHAUSTED'}

Request URL:
https://gmail.googleapis.com/gmail/v1/users/me/messages/send
2026-08-17 20:57:58,685 - notification3ab8f474409a - ERROR - Traceback: Traceback (most recent call last):
  File "/usr/src/app/app/socialPlatforms/email.py", line 767, in email_gmail
    response = await google.as_user(
  File "/usr/local/lib/python3.10/site-packages/aiogoogle/client.py", line 270, in as_user
    return await self.send(
  File "/usr/local/lib/python3.10/site-packages/aiogoogle/client.py", line 425, in send
    return await session.send(*args, **kwargs)
  File "/usr/local/lib/python3.10/site-packages/aiogoogle/sessions/aiohttp_session.py", line 192, in send
    results = await schedule_tasks()
  File "/usr/local/lib/python3.10/site-packages/aiogoogle/sessions/aiohttp_session.py", line 177, in schedule_tasks
    return await asyncio.gather(
  File "/usr/local/lib/python3.10/site-packages/aiogoogle/sessions/aiohttp_session.py", line 171, in get_content
    response = await get_response(request)
  File "/usr/local/lib/python3.10/site-packages/aiogoogle/sessions/aiohttp_session.py", line 167, in get_response
    response.raise_for_status()
  File "/usr/local/lib/python3.10/site-packages/aiogoogle/models.py", line 481, in raise_for_status
    raise HTTPError(msg=self.reason, req=self.req, res=self)
aiogoogle.excs.HTTPError: 



Too Many Requests

Content:
{'code': 429,
 'errors': [{'domain': 'global',
             'message': 'User-rate limit exceeded.  Retry after '
                        '2026-08-17T15:42:58.570Z (Mail sending)',
             'reason': 'rateLimitExceeded'}],
 'message': 'User-rate limit exceeded.  Retry after 2026-08-17T15:42:58.570Z '
            '(Mail sending)',
 'status': 'RESOURCE_EXHAUSTED'}

Request URL:
https://gmail.googleapis.com/gmail/v1/users/me/messages/send

2026-08-17 20:57:58,686 - notification3ab8f474409a - INFO - Updated threadId in app.config: 19ffc22af1a6056d
2026-08-17 20:57:58,687 - notification3ab8f474409a - INFO - [NOTIFICATION SENT] frame_id=None | camera=ppe_test_cam1 | Type=PPE Alert | topic=notification_results
2026-08-17 20:58:56,103 - notification3ab8f474409a - INFO - _poll_kafka: 1 message(s) received from Kafka
2026-08-17 20:58:56,103 - notification3ab8f474409a - INFO - [NOTIFICATION RECEIVED] frame_id=None | camera=ppe_test_cam1 | Type=PPE Alert | timestamp=2026-08-17 20:58:56.070000
2026-08-17 20:58:56,103 - notification3ab8f474409a - INFO - send_notifications | camera=ppe_test_cam1 | Type=PPE Alert | recipients=['your_actual_email@example.com'] | thread_id=19ffc22af1a6056d
2026-08-17 20:58:56,104 - notification3ab8f474409a - INFO - Queuing email task | camera=ppe_test_cam1 | to=['your_actual_email@example.com']
2026-08-17 20:58:56,104 - notification3ab8f474409a - INFO - Queuing telegram task | camera=ppe_test_cam1 | chat_ids=[]
2026-08-17 20:58:56,104 - notification3ab8f474409a - INFO - Running 2 notification task(s) | camera=ppe_test_cam1
2026-08-17 20:58:56,104 - notification3ab8f474409a - INFO - email gmail function started for camera: ppe_test_cam1, Type: PPE Alert
2026-08-17 20:58:56,104 - notification3ab8f474409a - INFO - DataPath: /Aksha, main_dir: /Aksha
2026-08-17 20:58:56,105 - notification3ab8f474409a - INFO - Loaded config from: /usr/src/app/app/socialPlatforms/keys.yaml
2026-08-17 20:58:56,105 - notification3ab8f474409a - INFO - Using threadId from namespace: 19ffc22af1a6056d
2026-08-17 20:58:56,105 - notification3ab8f474409a - INFO - Credentials loaded successfully
2026-08-17 20:58:56,106 - notification3ab8f474409a - INFO - telegram() | camera=ppe_test_cam1 | Type=PPE Alert | subscription=notification_results | service_status=True | chat_ids=[]
2026-08-17 20:58:56,106 - notification3ab8f474409a - ERROR - Missing chat_ids or bot_token for Telegram
2026-08-17 20:58:56,390 - notification3ab8f474409a - INFO - Gmail API discovered
2026-08-17 20:58:58,193 - notification3ab8f474409a - INFO - Added threading headers for thread: 19ffc22af1a6056d
2026-08-17 20:58:58,194 - notification3ab8f474409a - INFO - Attached logo1 from: /usr/src/app/app/logo.png
2026-08-17 20:58:58,197 - notification3ab8f474409a - INFO - Attached logo2 from: /usr/src/app/app/logo2.png
2026-08-17 20:58:58,198 - notification3ab8f474409a - INFO - Looking for alert image at: /Aksha/ppe_test_cam1/alerts/2026-08-17/2026-08-17 20:58:56.07_alert.jpg
2026-08-17 20:58:58,206 - notification3ab8f474409a - INFO - Attached alert image: /Aksha/ppe_test_cam1/alerts/2026-08-17/2026-08-17 20:58:56.07_alert.jpg
2026-08-17 20:58:58,231 - notification3ab8f474409a - INFO - Sending email with threadId: 19ffc22af1a6056d
2026-08-17 20:58:59,313 - notification3ab8f474409a - ERROR - Error sending email: 



Too Many Requests

Content:
{'code': 429,
 'errors': [{'domain': 'global',
             'message': 'User-rate limit exceeded.  Retry after '
                        '2026-08-17T15:43:59.187Z (Mail sending)',
             'reason': 'rateLimitExceeded'}],
 'message': 'User-rate limit exceeded.  Retry after 2026-08-17T15:43:59.187Z '
            '(Mail sending)',
 'status': 'RESOURCE_EXHAUSTED'}

Request URL:
https://gmail.googleapis.com/gmail/v1/users/me/messages/send
2026-08-17 20:58:59,314 - notification3ab8f474409a - ERROR - Traceback: Traceback (most recent call last):
  File "/usr/src/app/app/socialPlatforms/email.py", line 767, in email_gmail
    response = await google.as_user(
  File "/usr/local/lib/python3.10/site-packages/aiogoogle/client.py", line 270, in as_user
    return await self.send(
  File "/usr/local/lib/python3.10/site-packages/aiogoogle/client.py", line 425, in send
    return await session.send(*args, **kwargs)
  File "/usr/local/lib/python3.10/site-packages/aiogoogle/sessions/aiohttp_session.py", line 192, in send
    results = await schedule_tasks()
  File "/usr/local/lib/python3.10/site-packages/aiogoogle/sessions/aiohttp_session.py", line 177, in schedule_tasks
    return await asyncio.gather(
  File "/usr/local/lib/python3.10/site-packages/aiogoogle/sessions/aiohttp_session.py", line 171, in get_content
    response = await get_response(request)
  File "/usr/local/lib/python3.10/site-packages/aiogoogle/sessions/aiohttp_session.py", line 167, in get_response
    response.raise_for_status()
  File "/usr/local/lib/python3.10/site-packages/aiogoogle/models.py", line 481, in raise_for_status
    raise HTTPError(msg=self.reason, req=self.req, res=self)
aiogoogle.excs.HTTPError: 



Too Many Requests

Content:
{'code': 429,
 'errors': [{'domain': 'global',
             'message': 'User-rate limit exceeded.  Retry after '
                        '2026-08-17T15:43:59.187Z (Mail sending)',
             'reason': 'rateLimitExceeded'}],
 'message': 'User-rate limit exceeded.  Retry after 2026-08-17T15:43:59.187Z '
            '(Mail sending)',
 'status': 'RESOURCE_EXHAUSTED'}

Request URL:
https://gmail.googleapis.com/gmail/v1/users/me/messages/send

2026-08-17 20:58:59,318 - notification3ab8f474409a - INFO - Updated threadId in app.config: 19ffc22af1a6056d
2026-08-17 20:58:59,319 - notification3ab8f474409a - INFO - [NOTIFICATION SENT] frame_id=None | camera=ppe_test_cam1 | Type=PPE Alert | topic=notification_results
2026-08-17 20:59:56,149 - notification3ab8f474409a - INFO - _poll_kafka: 1 message(s) received from Kafka
2026-08-17 20:59:56,149 - notification3ab8f474409a - INFO - [NOTIFICATION RECEIVED] frame_id=None | camera=ppe_test_cam1 | Type=PPE Alert | timestamp=2026-08-17 20:59:56.120000
2026-08-17 20:59:56,149 - notification3ab8f474409a - INFO - send_notifications | camera=ppe_test_cam1 | Type=PPE Alert | recipients=['your_actual_email@example.com'] | thread_id=19ffc22af1a6056d
2026-08-17 20:59:56,149 - notification3ab8f474409a - INFO - Queuing email task | camera=ppe_test_cam1 | to=['your_actual_email@example.com']
2026-08-17 20:59:56,149 - notification3ab8f474409a - INFO - Queuing telegram task | camera=ppe_test_cam1 | chat_ids=[]
2026-08-17 20:59:56,149 - notification3ab8f474409a - INFO - Running 2 notification task(s) | camera=ppe_test_cam1
2026-08-17 20:59:56,150 - notification3ab8f474409a - INFO - email gmail function started for camera: ppe_test_cam1, Type: PPE Alert
2026-08-17 20:59:56,150 - notification3ab8f474409a - INFO - DataPath: /Aksha, main_dir: /Aksha
2026-08-17 20:59:56,151 - notification3ab8f474409a - INFO - Loaded config from: /usr/src/app/app/socialPlatforms/keys.yaml
2026-08-17 20:59:56,151 - notification3ab8f474409a - INFO - Using threadId from namespace: 19ffc22af1a6056d
2026-08-17 20:59:56,151 - notification3ab8f474409a - INFO - Credentials loaded successfully
2026-08-17 20:59:56,151 - notification3ab8f474409a - INFO - telegram() | camera=ppe_test_cam1 | Type=PPE Alert | subscription=notification_results | service_status=True | chat_ids=[]
2026-08-17 20:59:56,151 - notification3ab8f474409a - ERROR - Missing chat_ids or bot_token for Telegram
2026-08-17 20:59:56,438 - notification3ab8f474409a - INFO - Gmail API discovered
2026-08-17 20:59:59,656 - notification3ab8f474409a - INFO - Added threading headers for thread: 19ffc22af1a6056d
2026-08-17 20:59:59,657 - notification3ab8f474409a - INFO - Attached logo1 from: /usr/src/app/app/logo.png
2026-08-17 20:59:59,657 - notification3ab8f474409a - INFO - Attached logo2 from: /usr/src/app/app/logo2.png
2026-08-17 20:59:59,657 - notification3ab8f474409a - INFO - Looking for alert image at: /Aksha/ppe_test_cam1/alerts/2026-08-17/2026-08-17 20:59:56.12_alert.jpg
2026-08-17 20:59:59,659 - notification3ab8f474409a - INFO - Attached alert image: /Aksha/ppe_test_cam1/alerts/2026-08-17/2026-08-17 20:59:56.12_alert.jpg
2026-08-17 20:59:59,668 - notification3ab8f474409a - INFO - Sending email with threadId: 19ffc22af1a6056d
2026-08-17 21:00:00,577 - notification3ab8f474409a - ERROR - Error sending email: 



Too Many Requests

Content:
{'code': 429,
 'errors': [{'domain': 'global',
             'message': 'User-rate limit exceeded.  Retry after '
                        '2026-08-17T15:45:00.448Z (Mail sending)',
             'reason': 'rateLimitExceeded'}],
 'message': 'User-rate limit exceeded.  Retry after 2026-08-17T15:45:00.448Z '
            '(Mail sending)',
 'status': 'RESOURCE_EXHAUSTED'}

Request URL:
https://gmail.googleapis.com/gmail/v1/users/me/messages/send
2026-08-17 21:00:00,578 - notification3ab8f474409a - ERROR - Traceback: Traceback (most recent call last):
  File "/usr/src/app/app/socialPlatforms/email.py", line 767, in email_gmail
    response = await google.as_user(
  File "/usr/local/lib/python3.10/site-packages/aiogoogle/client.py", line 270, in as_user
    return await self.send(
  File "/usr/local/lib/python3.10/site-packages/aiogoogle/client.py", line 425, in send
    return await session.send(*args, **kwargs)
  File "/usr/local/lib/python3.10/site-packages/aiogoogle/sessions/aiohttp_session.py", line 192, in send
    results = await schedule_tasks()
  File "/usr/local/lib/python3.10/site-packages/aiogoogle/sessions/aiohttp_session.py", line 177, in schedule_tasks
    return await asyncio.gather(
  File "/usr/local/lib/python3.10/site-packages/aiogoogle/sessions/aiohttp_session.py", line 171, in get_content
    response = await get_response(request)
  File "/usr/local/lib/python3.10/site-packages/aiogoogle/sessions/aiohttp_session.py", line 167, in get_response
    response.raise_for_status()
  File "/usr/local/lib/python3.10/site-packages/aiogoogle/models.py", line 481, in raise_for_status
    raise HTTPError(msg=self.reason, req=self.req, res=self)
aiogoogle.excs.HTTPError: 



Too Many Requests

Content:
{'code': 429,
 'errors': [{'domain': 'global',
             'message': 'User-rate limit exceeded.  Retry after '
                        '2026-08-17T15:45:00.448Z (Mail sending)',
             'reason': 'rateLimitExceeded'}],
 'message': 'User-rate limit exceeded.  Retry after 2026-08-17T15:45:00.448Z '
            '(Mail sending)',
 'status': 'RESOURCE_EXHAUSTED'}

Request URL:
https://gmail.googleapis.com/gmail/v1/users/me/messages/send

2026-08-17 21:00:00,589 - notification3ab8f474409a - INFO - Updated threadId in app.config: 19ffc22af1a6056d
2026-08-17 21:00:00,590 - notification3ab8f474409a - INFO - [NOTIFICATION SENT] frame_id=None | camera=ppe_test_cam1 | Type=PPE Alert | topic=notification_results
2026-08-17 21:00:56,163 - notification3ab8f474409a - INFO - _poll_kafka: 1 message(s) received from Kafka
2026-08-17 21:00:56,163 - notification3ab8f474409a - INFO - [NOTIFICATION RECEIVED] frame_id=None | camera=ppe_test_cam1 | Type=PPE Alert | timestamp=2026-08-17 21:00:56.080000
2026-08-17 21:00:56,163 - notification3ab8f474409a - INFO - send_notifications | camera=ppe_test_cam1 | Type=PPE Alert | recipients=['your_actual_email@example.com'] | thread_id=19ffc22af1a6056d
2026-08-17 21:00:56,163 - notification3ab8f474409a - INFO - Queuing email task | camera=ppe_test_cam1 | to=['your_actual_email@example.com']
2026-08-17 21:00:56,164 - notification3ab8f474409a - INFO - Queuing telegram task | camera=ppe_test_cam1 | chat_ids=[]
2026-08-17 21:00:56,164 - notification3ab8f474409a - INFO - Running 2 notification task(s) | camera=ppe_test_cam1
2026-08-17 21:00:56,164 - notification3ab8f474409a - INFO - email gmail function started for camera: ppe_test_cam1, Type: PPE Alert
2026-08-17 21:00:56,164 - notification3ab8f474409a - INFO - DataPath: /Aksha, main_dir: /Aksha
2026-08-17 21:00:56,165 - notification3ab8f474409a - INFO - Loaded config from: /usr/src/app/app/socialPlatforms/keys.yaml
2026-08-17 21:00:56,165 - notification3ab8f474409a - INFO - Using threadId from namespace: 19ffc22af1a6056d
2026-08-17 21:00:56,165 - notification3ab8f474409a - INFO - Credentials loaded successfully
2026-08-17 21:00:56,166 - notification3ab8f474409a - INFO - telegram() | camera=ppe_test_cam1 | Type=PPE Alert | subscription=notification_results | service_status=True | chat_ids=[]
2026-08-17 21:00:56,166 - notification3ab8f474409a - ERROR - Missing chat_ids or bot_token for Telegram
2026-08-17 21:00:56,549 - notification3ab8f474409a - INFO - Gmail API discovered
2026-08-17 21:00:58,051 - notification3ab8f474409a - INFO - Added threading headers for thread: 19ffc22af1a6056d
2026-08-17 21:00:58,051 - notification3ab8f474409a - INFO - Attached logo1 from: /usr/src/app/app/logo.png
2026-08-17 21:00:58,052 - notification3ab8f474409a - INFO - Attached logo2 from: /usr/src/app/app/logo2.png
2026-08-17 21:00:58,052 - notification3ab8f474409a - INFO - Looking for alert image at: /Aksha/ppe_test_cam1/alerts/2026-08-17/2026-08-17 21:00:56.08_alert.jpg
2026-08-17 21:00:58,054 - notification3ab8f474409a - INFO - Attached alert image: /Aksha/ppe_test_cam1/alerts/2026-08-17/2026-08-17 21:00:56.08_alert.jpg
2026-08-17 21:00:58,059 - notification3ab8f474409a - INFO - Sending email with threadId: 19ffc22af1a6056d
2026-08-17 21:00:58,814 - notification3ab8f474409a - ERROR - Error sending email: 



Too Many Requests

Content:
{'code': 429,
 'errors': [{'domain': 'global',
             'message': 'User-rate limit exceeded.  Retry after '
                        '2026-08-17T15:45:58.702Z (Mail sending)',
             'reason': 'rateLimitExceeded'}],
 'message': 'User-rate limit exceeded.  Retry after 2026-08-17T15:45:58.702Z '
            '(Mail sending)',
 'status': 'RESOURCE_EXHAUSTED'}

Request URL:
https://gmail.googleapis.com/gmail/v1/users/me/messages/send
2026-08-17 21:00:58,815 - notification3ab8f474409a - ERROR - Traceback: Traceback (most recent call last):
  File "/usr/src/app/app/socialPlatforms/email.py", line 767, in email_gmail
    response = await google.as_user(
  File "/usr/local/lib/python3.10/site-packages/aiogoogle/client.py", line 270, in as_user
    return await self.send(
  File "/usr/local/lib/python3.10/site-packages/aiogoogle/client.py", line 425, in send
    return await session.send(*args, **kwargs)
  File "/usr/local/lib/python3.10/site-packages/aiogoogle/sessions/aiohttp_session.py", line 192, in send
    results = await schedule_tasks()
  File "/usr/local/lib/python3.10/site-packages/aiogoogle/sessions/aiohttp_session.py", line 177, in schedule_tasks
    return await asyncio.gather(
  File "/usr/local/lib/python3.10/site-packages/aiogoogle/sessions/aiohttp_session.py", line 171, in get_content
    response = await get_response(request)
  File "/usr/local/lib/python3.10/site-packages/aiogoogle/sessions/aiohttp_session.py", line 167, in get_response
    response.raise_for_status()
  File "/usr/local/lib/python3.10/site-packages/aiogoogle/models.py", line 481, in raise_for_status
    raise HTTPError(msg=self.reason, req=self.req, res=self)
aiogoogle.excs.HTTPError: 



Too Many Requests

Content:
{'code': 429,
 'errors': [{'domain': 'global',
             'message': 'User-rate limit exceeded.  Retry after '
                        '2026-08-17T15:45:58.702Z (Mail sending)',
             'reason': 'rateLimitExceeded'}],
 'message': 'User-rate limit exceeded.  Retry after 2026-08-17T15:45:58.702Z '
            '(Mail sending)',
 'status': 'RESOURCE_EXHAUSTED'}

Request URL:
https://gmail.googleapis.com/gmail/v1/users/me/messages/send

2026-08-17 21:00:58,821 - notification3ab8f474409a - INFO - Updated threadId in app.config: 19ffc22af1a6056d
2026-08-17 21:00:58,822 - notification3ab8f474409a - INFO - [NOTIFICATION SENT] frame_id=None | camera=ppe_test_cam1 | Type=PPE Alert | topic=notification_results
2026-08-17 21:01:56,033 - notification3ab8f474409a - INFO - _poll_kafka: 1 message(s) received from Kafka
2026-08-17 21:01:56,033 - notification3ab8f474409a - INFO - [NOTIFICATION RECEIVED] frame_id=None | camera=ppe_test_cam1 | Type=PPE Alert | timestamp=2026-08-17 21:01:56.010000
2026-08-17 21:01:56,033 - notification3ab8f474409a - INFO - send_notifications | camera=ppe_test_cam1 | Type=PPE Alert | recipients=['your_actual_email@example.com'] | thread_id=19ffc22af1a6056d
2026-08-17 21:01:56,033 - notification3ab8f474409a - INFO - Queuing email task | camera=ppe_test_cam1 | to=['your_actual_email@example.com']
2026-08-17 21:01:56,033 - notification3ab8f474409a - INFO - Queuing telegram task | camera=ppe_test_cam1 | chat_ids=[]
2026-08-17 21:01:56,033 - notification3ab8f474409a - INFO - Running 2 notification task(s) | camera=ppe_test_cam1
2026-08-17 21:01:56,033 - notification3ab8f474409a - INFO - email gmail function started for camera: ppe_test_cam1, Type: PPE Alert
2026-08-17 21:01:56,033 - notification3ab8f474409a - INFO - DataPath: /Aksha, main_dir: /Aksha
2026-08-17 21:01:56,035 - notification3ab8f474409a - INFO - Loaded config from: /usr/src/app/app/socialPlatforms/keys.yaml
2026-08-17 21:01:56,035 - notification3ab8f474409a - INFO - Using threadId from namespace: 19ffc22af1a6056d
2026-08-17 21:01:56,035 - notification3ab8f474409a - INFO - Credentials loaded successfully
2026-08-17 21:01:56,035 - notification3ab8f474409a - INFO - telegram() | camera=ppe_test_cam1 | Type=PPE Alert | subscription=notification_results | service_status=True | chat_ids=[]
2026-08-17 21:01:56,035 - notification3ab8f474409a - ERROR - Missing chat_ids or bot_token for Telegram
2026-08-17 21:01:56,328 - notification3ab8f474409a - INFO - Gmail API discovered
2026-08-17 21:01:58,142 - notification3ab8f474409a - INFO - Added threading headers for thread: 19ffc22af1a6056d
2026-08-17 21:01:58,144 - notification3ab8f474409a - INFO - Attached logo1 from: /usr/src/app/app/logo.png
2026-08-17 21:01:58,147 - notification3ab8f474409a - INFO - Attached logo2 from: /usr/src/app/app/logo2.png
2026-08-17 21:01:58,147 - notification3ab8f474409a - INFO - Looking for alert image at: /Aksha/ppe_test_cam1/alerts/2026-08-17/2026-08-17 21:01:56.01_alert.jpg
2026-08-17 21:01:58,156 - notification3ab8f474409a - INFO - Attached alert image: /Aksha/ppe_test_cam1/alerts/2026-08-17/2026-08-17 21:01:56.01_alert.jpg
2026-08-17 21:01:58,180 - notification3ab8f474409a - INFO - Sending email with threadId: 19ffc22af1a6056d
2026-08-17 21:01:59,300 - notification3ab8f474409a - ERROR - Error sending email: 



Too Many Requests

Content:
{'code': 429,
 'errors': [{'domain': 'global',
             'message': 'User-rate limit exceeded.  Retry after '
                        '2026-08-17T15:46:59.184Z (Mail sending)',
             'reason': 'rateLimitExceeded'}],
 'message': 'User-rate limit exceeded.  Retry after 2026-08-17T15:46:59.184Z '
            '(Mail sending)',
 'status': 'RESOURCE_EXHAUSTED'}

Request URL:
https://gmail.googleapis.com/gmail/v1/users/me/messages/send
2026-08-17 21:01:59,301 - notification3ab8f474409a - ERROR - Traceback: Traceback (most recent call last):
  File "/usr/src/app/app/socialPlatforms/email.py", line 767, in email_gmail
    response = await google.as_user(
  File "/usr/local/lib/python3.10/site-packages/aiogoogle/client.py", line 270, in as_user
    return await self.send(
  File "/usr/local/lib/python3.10/site-packages/aiogoogle/client.py", line 425, in send
    return await session.send(*args, **kwargs)
  File "/usr/local/lib/python3.10/site-packages/aiogoogle/sessions/aiohttp_session.py", line 192, in send
    results = await schedule_tasks()
  File "/usr/local/lib/python3.10/site-packages/aiogoogle/sessions/aiohttp_session.py", line 177, in schedule_tasks
    return await asyncio.gather(
  File "/usr/local/lib/python3.10/site-packages/aiogoogle/sessions/aiohttp_session.py", line 171, in get_content
    response = await get_response(request)
  File "/usr/local/lib/python3.10/site-packages/aiogoogle/sessions/aiohttp_session.py", line 167, in get_response
    response.raise_for_status()
  File "/usr/local/lib/python3.10/site-packages/aiogoogle/models.py", line 481, in raise_for_status
    raise HTTPError(msg=self.reason, req=self.req, res=self)
aiogoogle.excs.HTTPError: 



Too Many Requests

Content:
{'code': 429,
 'errors': [{'domain': 'global',
             'message': 'User-rate limit exceeded.  Retry after '
                        '2026-08-17T15:46:59.184Z (Mail sending)',
             'reason': 'rateLimitExceeded'}],
 'message': 'User-rate limit exceeded.  Retry after 2026-08-17T15:46:59.184Z '
            '(Mail sending)',
 'status': 'RESOURCE_EXHAUSTED'}

Request URL:
https://gmail.googleapis.com/gmail/v1/users/me/messages/send

2026-08-17 21:01:59,304 - notification3ab8f474409a - INFO - Updated threadId in app.config: 19ffc22af1a6056d
2026-08-17 21:01:59,305 - notification3ab8f474409a - INFO - [NOTIFICATION SENT] frame_id=None | camera=ppe_test_cam1 | Type=PPE Alert | topic=notification_results
2026-08-17 21:02:56,146 - notification3ab8f474409a - INFO - _poll_kafka: 1 message(s) received from Kafka
2026-08-17 21:02:56,146 - notification3ab8f474409a - INFO - [NOTIFICATION RECEIVED] frame_id=None | camera=ppe_test_cam1 | Type=PPE Alert | timestamp=2026-08-17 21:02:56.110000
2026-08-17 21:02:56,146 - notification3ab8f474409a - INFO - send_notifications | camera=ppe_test_cam1 | Type=PPE Alert | recipients=['your_actual_email@example.com'] | thread_id=19ffc22af1a6056d
2026-08-17 21:02:56,146 - notification3ab8f474409a - INFO - Queuing email task | camera=ppe_test_cam1 | to=['your_actual_email@example.com']
2026-08-17 21:02:56,146 - notification3ab8f474409a - INFO - Queuing telegram task | camera=ppe_test_cam1 | chat_ids=[]
2026-08-17 21:02:56,146 - notification3ab8f474409a - INFO - Running 2 notification task(s) | camera=ppe_test_cam1
2026-08-17 21:02:56,147 - notification3ab8f474409a - INFO - email gmail function started for camera: ppe_test_cam1, Type: PPE Alert
2026-08-17 21:02:56,147 - notification3ab8f474409a - INFO - DataPath: /Aksha, main_dir: /Aksha
2026-08-17 21:02:56,148 - notification3ab8f474409a - INFO - Loaded config from: /usr/src/app/app/socialPlatforms/keys.yaml
2026-08-17 21:02:56,148 - notification3ab8f474409a - INFO - Using threadId from namespace: 19ffc22af1a6056d
2026-08-17 21:02:56,148 - notification3ab8f474409a - INFO - Credentials loaded successfully
2026-08-17 21:02:56,148 - notification3ab8f474409a - INFO - telegram() | camera=ppe_test_cam1 | Type=PPE Alert | subscription=notification_results | service_status=True | chat_ids=[]
2026-08-17 21:02:56,148 - notification3ab8f474409a - ERROR - Missing chat_ids or bot_token for Telegram
2026-08-17 21:02:56,444 - notification3ab8f474409a - INFO - Gmail API discovered
2026-08-17 21:02:57,923 - notification3ab8f474409a - INFO - Added threading headers for thread: 19ffc22af1a6056d
2026-08-17 21:02:57,924 - notification3ab8f474409a - INFO - Attached logo1 from: /usr/src/app/app/logo.png
2026-08-17 21:02:57,924 - notification3ab8f474409a - INFO - Attached logo2 from: /usr/src/app/app/logo2.png
2026-08-17 21:02:57,924 - notification3ab8f474409a - INFO - Looking for alert image at: /Aksha/ppe_test_cam1/alerts/2026-08-17/2026-08-17 21:02:56.11_alert.jpg
2026-08-17 21:02:57,926 - notification3ab8f474409a - INFO - Attached alert image: /Aksha/ppe_test_cam1/alerts/2026-08-17/2026-08-17 21:02:56.11_alert.jpg
2026-08-17 21:02:57,931 - notification3ab8f474409a - INFO - Sending email with threadId: 19ffc22af1a6056d
2026-08-17 21:02:58,694 - notification3ab8f474409a - ERROR - Error sending email: 



Too Many Requests

Content:
{'code': 429,
 'errors': [{'domain': 'global',
             'message': 'User-rate limit exceeded.  Retry after '
                        '2026-08-17T15:47:58.578Z (Mail sending)',
             'reason': 'rateLimitExceeded'}],
 'message': 'User-rate limit exceeded.  Retry after 2026-08-17T15:47:58.578Z '
            '(Mail sending)',
 'status': 'RESOURCE_EXHAUSTED'}

Request URL:
https://gmail.googleapis.com/gmail/v1/users/me/messages/send
2026-08-17 21:02:58,694 - notification3ab8f474409a - ERROR - Traceback: Traceback (most recent call last):
  File "/usr/src/app/app/socialPlatforms/email.py", line 767, in email_gmail
    response = await google.as_user(
  File "/usr/local/lib/python3.10/site-packages/aiogoogle/client.py", line 270, in as_user
    return await self.send(
  File "/usr/local/lib/python3.10/site-packages/aiogoogle/client.py", line 425, in send
    return await session.send(*args, **kwargs)
  File "/usr/local/lib/python3.10/site-packages/aiogoogle/sessions/aiohttp_session.py", line 192, in send
    results = await schedule_tasks()
  File "/usr/local/lib/python3.10/site-packages/aiogoogle/sessions/aiohttp_session.py", line 177, in schedule_tasks
    return await asyncio.gather(
  File "/usr/local/lib/python3.10/site-packages/aiogoogle/sessions/aiohttp_session.py", line 171, in get_content
    response = await get_response(request)
  File "/usr/local/lib/python3.10/site-packages/aiogoogle/sessions/aiohttp_session.py", line 167, in get_response
    response.raise_for_status()
  File "/usr/local/lib/python3.10/site-packages/aiogoogle/models.py", line 481, in raise_for_status
    raise HTTPError(msg=self.reason, req=self.req, res=self)
aiogoogle.excs.HTTPError: 



Too Many Requests

Content:
{'code': 429,
 'errors': [{'domain': 'global',
             'message': 'User-rate limit exceeded.  Retry after '
                        '2026-08-17T15:47:58.578Z (Mail sending)',
             'reason': 'rateLimitExceeded'}],
 'message': 'User-rate limit exceeded.  Retry after 2026-08-17T15:47:58.578Z '
            '(Mail sending)',
 'status': 'RESOURCE_EXHAUSTED'}

Request URL:
https://gmail.googleapis.com/gmail/v1/users/me/messages/send

2026-08-17 21:02:58,695 - notification3ab8f474409a - INFO - Updated threadId in app.config: 19ffc22af1a6056d
2026-08-17 21:02:58,695 - notification3ab8f474409a - INFO - [NOTIFICATION SENT] frame_id=None | camera=ppe_test_cam1 | Type=PPE Alert | topic=notification_results
2026-08-17 21:03:56,157 - notification3ab8f474409a - INFO - _poll_kafka: 1 message(s) received from Kafka
2026-08-17 21:03:56,157 - notification3ab8f474409a - INFO - [NOTIFICATION RECEIVED] frame_id=None | camera=ppe_test_cam1 | Type=PPE Alert | timestamp=2026-08-17 21:03:56.100000
2026-08-17 21:03:56,157 - notification3ab8f474409a - INFO - send_notifications | camera=ppe_test_cam1 | Type=PPE Alert | recipients=['your_actual_email@example.com'] | thread_id=19ffc22af1a6056d
2026-08-17 21:03:56,158 - notification3ab8f474409a - INFO - Queuing email task | camera=ppe_test_cam1 | to=['your_actual_email@example.com']
2026-08-17 21:03:56,158 - notification3ab8f474409a - INFO - Queuing telegram task | camera=ppe_test_cam1 | chat_ids=[]
2026-08-17 21:03:56,158 - notification3ab8f474409a - INFO - Running 2 notification task(s) | camera=ppe_test_cam1
2026-08-17 21:03:56,158 - notification3ab8f474409a - INFO - email gmail function started for camera: ppe_test_cam1, Type: PPE Alert
2026-08-17 21:03:56,158 - notification3ab8f474409a - INFO - DataPath: /Aksha, main_dir: /Aksha
2026-08-17 21:03:56,160 - notification3ab8f474409a - INFO - Loaded config from: /usr/src/app/app/socialPlatforms/keys.yaml
2026-08-17 21:03:56,160 - notification3ab8f474409a - INFO - Using threadId from namespace: 19ffc22af1a6056d
2026-08-17 21:03:56,160 - notification3ab8f474409a - INFO - Credentials loaded successfully
2026-08-17 21:03:56,160 - notification3ab8f474409a - INFO - telegram() | camera=ppe_test_cam1 | Type=PPE Alert | subscription=notification_results | service_status=True | chat_ids=[]
2026-08-17 21:03:56,160 - notification3ab8f474409a - ERROR - Missing chat_ids or bot_token for Telegram
2026-08-17 21:03:56,471 - notification3ab8f474409a - INFO - Gmail API discovered
2026-08-17 21:03:57,942 - notification3ab8f474409a - INFO - Added threading headers for thread: 19ffc22af1a6056d
2026-08-17 21:03:57,942 - notification3ab8f474409a - INFO - Attached logo1 from: /usr/src/app/app/logo.png
2026-08-17 21:03:57,943 - notification3ab8f474409a - INFO - Attached logo2 from: /usr/src/app/app/logo2.png
2026-08-17 21:03:57,943 - notification3ab8f474409a - INFO - Looking for alert image at: /Aksha/ppe_test_cam1/alerts/2026-08-17/2026-08-17 21:03:56.10_alert.jpg
2026-08-17 21:03:57,945 - notification3ab8f474409a - INFO - Attached alert image: /Aksha/ppe_test_cam1/alerts/2026-08-17/2026-08-17 21:03:56.10_alert.jpg
2026-08-17 21:03:57,952 - notification3ab8f474409a - INFO - Sending email with threadId: 19ffc22af1a6056d
2026-08-17 21:03:58,706 - notification3ab8f474409a - ERROR - Error sending email: 



Too Many Requests

Content:
{'code': 429,
 'errors': [{'domain': 'global',
             'message': 'User-rate limit exceeded.  Retry after '
                        '2026-08-17T15:48:58.593Z (Mail sending)',
             'reason': 'rateLimitExceeded'}],
 'message': 'User-rate limit exceeded.  Retry after 2026-08-17T15:48:58.593Z '
            '(Mail sending)',
 'status': 'RESOURCE_EXHAUSTED'}

Request URL:
https://gmail.googleapis.com/gmail/v1/users/me/messages/send
2026-08-17 21:03:58,706 - notification3ab8f474409a - ERROR - Traceback: Traceback (most recent call last):
  File "/usr/src/app/app/socialPlatforms/email.py", line 767, in email_gmail
    response = await google.as_user(
  File "/usr/local/lib/python3.10/site-packages/aiogoogle/client.py", line 270, in as_user
    return await self.send(
  File "/usr/local/lib/python3.10/site-packages/aiogoogle/client.py", line 425, in send
    return await session.send(*args, **kwargs)
  File "/usr/local/lib/python3.10/site-packages/aiogoogle/sessions/aiohttp_session.py", line 192, in send
    results = await schedule_tasks()
  File "/usr/local/lib/python3.10/site-packages/aiogoogle/sessions/aiohttp_session.py", line 177, in schedule_tasks
    return await asyncio.gather(
  File "/usr/local/lib/python3.10/site-packages/aiogoogle/sessions/aiohttp_session.py", line 171, in get_content
    response = await get_response(request)
  File "/usr/local/lib/python3.10/site-packages/aiogoogle/sessions/aiohttp_session.py", line 167, in get_response
    response.raise_for_status()
  File "/usr/local/lib/python3.10/site-packages/aiogoogle/models.py", line 481, in raise_for_status
    raise HTTPError(msg=self.reason, req=self.req, res=self)
aiogoogle.excs.HTTPError: 



Too Many Requests

Content:
{'code': 429,
 'errors': [{'domain': 'global',
             'message': 'User-rate limit exceeded.  Retry after '
                        '2026-08-17T15:48:58.593Z (Mail sending)',
             'reason': 'rateLimitExceeded'}],
 'message': 'User-rate limit exceeded.  Retry after 2026-08-17T15:48:58.593Z '
            '(Mail sending)',
 'status': 'RESOURCE_EXHAUSTED'}

Request URL:
https://gmail.googleapis.com/gmail/v1/users/me/messages/send

2026-08-17 21:03:58,707 - notification3ab8f474409a - INFO - Updated threadId in app.config: 19ffc22af1a6056d
2026-08-17 21:03:58,711 - notification3ab8f474409a - INFO - [NOTIFICATION SENT] frame_id=None | camera=ppe_test_cam1 | Type=PPE Alert | topic=notification_results
2026-08-17 21:04:56,080 - notification3ab8f474409a - INFO - _poll_kafka: 1 message(s) received from Kafka
2026-08-17 21:04:56,080 - notification3ab8f474409a - INFO - [NOTIFICATION RECEIVED] frame_id=None | camera=ppe_test_cam1 | Type=PPE Alert | timestamp=2026-08-17 21:04:56.050000
2026-08-17 21:04:56,080 - notification3ab8f474409a - INFO - send_notifications | camera=ppe_test_cam1 | Type=PPE Alert | recipients=['your_actual_email@example.com'] | thread_id=19ffc22af1a6056d
2026-08-17 21:04:56,080 - notification3ab8f474409a - INFO - Queuing email task | camera=ppe_test_cam1 | to=['your_actual_email@example.com']
2026-08-17 21:04:56,080 - notification3ab8f474409a - INFO - Queuing telegram task | camera=ppe_test_cam1 | chat_ids=[]
2026-08-17 21:04:56,081 - notification3ab8f474409a - INFO - Running 2 notification task(s) | camera=ppe_test_cam1
2026-08-17 21:04:56,081 - notification3ab8f474409a - INFO - email gmail function started for camera: ppe_test_cam1, Type: PPE Alert
2026-08-17 21:04:56,081 - notification3ab8f474409a - INFO - DataPath: /Aksha, main_dir: /Aksha
2026-08-17 21:04:56,082 - notification3ab8f474409a - INFO - Loaded config from: /usr/src/app/app/socialPlatforms/keys.yaml
2026-08-17 21:04:56,082 - notification3ab8f474409a - INFO - Using threadId from namespace: 19ffc22af1a6056d
2026-08-17 21:04:56,082 - notification3ab8f474409a - INFO - Credentials loaded successfully
2026-08-17 21:04:56,083 - notification3ab8f474409a - INFO - telegram() | camera=ppe_test_cam1 | Type=PPE Alert | subscription=notification_results | service_status=True | chat_ids=[]
2026-08-17 21:04:56,083 - notification3ab8f474409a - ERROR - Missing chat_ids or bot_token for Telegram
2026-08-17 21:04:56,359 - notification3ab8f474409a - INFO - Gmail API discovered
2026-08-17 21:04:57,875 - notification3ab8f474409a - INFO - Added threading headers for thread: 19ffc22af1a6056d
2026-08-17 21:04:57,875 - notification3ab8f474409a - INFO - Attached logo1 from: /usr/src/app/app/logo.png
2026-08-17 21:04:57,877 - notification3ab8f474409a - INFO - Attached logo2 from: /usr/src/app/app/logo2.png
2026-08-17 21:04:57,877 - notification3ab8f474409a - INFO - Looking for alert image at: /Aksha/ppe_test_cam1/alerts/2026-08-17/2026-08-17 21:04:56.05_alert.jpg
2026-08-17 21:04:57,880 - notification3ab8f474409a - INFO - Attached alert image: /Aksha/ppe_test_cam1/alerts/2026-08-17/2026-08-17 21:04:56.05_alert.jpg
2026-08-17 21:04:57,889 - notification3ab8f474409a - INFO - Sending email with threadId: 19ffc22af1a6056d
2026-08-17 21:04:58,653 - notification3ab8f474409a - ERROR - Error sending email: 



Too Many Requests

Content:
{'code': 429,
 'errors': [{'domain': 'global',
             'message': 'User-rate limit exceeded.  Retry after '
                        '2026-08-17T15:49:58.541Z (Mail sending)',
             'reason': 'rateLimitExceeded'}],
 'message': 'User-rate limit exceeded.  Retry after 2026-08-17T15:49:58.541Z '
            '(Mail sending)',
 'status': 'RESOURCE_EXHAUSTED'}

Request URL:
https://gmail.googleapis.com/gmail/v1/users/me/messages/send
2026-08-17 21:04:58,654 - notification3ab8f474409a - ERROR - Traceback: Traceback (most recent call last):
  File "/usr/src/app/app/socialPlatforms/email.py", line 767, in email_gmail
    response = await google.as_user(
  File "/usr/local/lib/python3.10/site-packages/aiogoogle/client.py", line 270, in as_user
    return await self.send(
  File "/usr/local/lib/python3.10/site-packages/aiogoogle/client.py", line 425, in send
    return await session.send(*args, **kwargs)
  File "/usr/local/lib/python3.10/site-packages/aiogoogle/sessions/aiohttp_session.py", line 192, in send
    results = await schedule_tasks()
  File "/usr/local/lib/python3.10/site-packages/aiogoogle/sessions/aiohttp_session.py", line 177, in schedule_tasks
    return await asyncio.gather(
  File "/usr/local/lib/python3.10/site-packages/aiogoogle/sessions/aiohttp_session.py", line 171, in get_content
    response = await get_response(request)
  File "/usr/local/lib/python3.10/site-packages/aiogoogle/sessions/aiohttp_session.py", line 167, in get_response
    response.raise_for_status()
  File "/usr/local/lib/python3.10/site-packages/aiogoogle/models.py", line 481, in raise_for_status
    raise HTTPError(msg=self.reason, req=self.req, res=self)
aiogoogle.excs.HTTPError: 



Too Many Requests

Content:
{'code': 429,
 'errors': [{'domain': 'global',
             'message': 'User-rate limit exceeded.  Retry after '
                        '2026-08-17T15:49:58.541Z (Mail sending)',
             'reason': 'rateLimitExceeded'}],
 'message': 'User-rate limit exceeded.  Retry after 2026-08-17T15:49:58.541Z '
            '(Mail sending)',
 'status': 'RESOURCE_EXHAUSTED'}

Request URL:
https://gmail.googleapis.com/gmail/v1/users/me/messages/send

2026-08-17 21:04:58,661 - notification3ab8f474409a - INFO - Updated threadId in app.config: 19ffc22af1a6056d
2026-08-17 21:04:58,662 - notification3ab8f474409a - INFO - [NOTIFICATION SENT] frame_id=None | camera=ppe_test_cam1 | Type=PPE Alert | topic=notification_results
2026-08-17 21:05:56,168 - notification3ab8f474409a - INFO - _poll_kafka: 1 message(s) received from Kafka
2026-08-17 21:05:56,168 - notification3ab8f474409a - INFO - [NOTIFICATION RECEIVED] frame_id=None | camera=ppe_test_cam1 | Type=PPE Alert | timestamp=2026-08-17 21:05:56.140000
2026-08-17 21:05:56,169 - notification3ab8f474409a - INFO - send_notifications | camera=ppe_test_cam1 | Type=PPE Alert | recipients=['your_actual_email@example.com'] | thread_id=19ffc22af1a6056d
2026-08-17 21:05:56,169 - notification3ab8f474409a - INFO - Queuing email task | camera=ppe_test_cam1 | to=['your_actual_email@example.com']
2026-08-17 21:05:56,169 - notification3ab8f474409a - INFO - Queuing telegram task | camera=ppe_test_cam1 | chat_ids=[]
2026-08-17 21:05:56,169 - notification3ab8f474409a - INFO - Running 2 notification task(s) | camera=ppe_test_cam1
2026-08-17 21:05:56,169 - notification3ab8f474409a - INFO - email gmail function started for camera: ppe_test_cam1, Type: PPE Alert
2026-08-17 21:05:56,169 - notification3ab8f474409a - INFO - DataPath: /Aksha, main_dir: /Aksha
2026-08-17 21:05:56,171 - notification3ab8f474409a - INFO - Loaded config from: /usr/src/app/app/socialPlatforms/keys.yaml
2026-08-17 21:05:56,171 - notification3ab8f474409a - INFO - Using threadId from namespace: 19ffc22af1a6056d
2026-08-17 21:05:56,171 - notification3ab8f474409a - INFO - Credentials loaded successfully
2026-08-17 21:05:56,172 - notification3ab8f474409a - INFO - telegram() | camera=ppe_test_cam1 | Type=PPE Alert | subscription=notification_results | service_status=True | chat_ids=[]
2026-08-17 21:05:56,172 - notification3ab8f474409a - ERROR - Missing chat_ids or bot_token for Telegram
2026-08-17 21:05:56,497 - notification3ab8f474409a - INFO - Gmail API discovered
2026-08-17 21:05:58,131 - notification3ab8f474409a - INFO - Added threading headers for thread: 19ffc22af1a6056d
2026-08-17 21:05:58,131 - notification3ab8f474409a - INFO - Attached logo1 from: /usr/src/app/app/logo.png
2026-08-17 21:05:58,132 - notification3ab8f474409a - INFO - Attached logo2 from: /usr/src/app/app/logo2.png
2026-08-17 21:05:58,132 - notification3ab8f474409a - INFO - Looking for alert image at: /Aksha/ppe_test_cam1/alerts/2026-08-17/2026-08-17 21:05:56.14_alert.jpg
2026-08-17 21:05:58,134 - notification3ab8f474409a - INFO - Attached alert image: /Aksha/ppe_test_cam1/alerts/2026-08-17/2026-08-17 21:05:56.14_alert.jpg
2026-08-17 21:05:58,139 - notification3ab8f474409a - INFO - Sending email with threadId: 19ffc22af1a6056d
2026-08-17 21:05:59,226 - notification3ab8f474409a - ERROR - Error sending email: 



Too Many Requests

Content:
{'code': 429,
 'errors': [{'domain': 'global',
             'message': 'User-rate limit exceeded.  Retry after '
                        '2026-08-17T15:50:59.114Z (Mail sending)',
             'reason': 'rateLimitExceeded'}],
 'message': 'User-rate limit exceeded.  Retry after 2026-08-17T15:50:59.114Z '
            '(Mail sending)',
 'status': 'RESOURCE_EXHAUSTED'}

Request URL:
https://gmail.googleapis.com/gmail/v1/users/me/messages/send
2026-08-17 21:05:59,227 - notification3ab8f474409a - ERROR - Traceback: Traceback (most recent call last):
  File "/usr/src/app/app/socialPlatforms/email.py", line 767, in email_gmail
    response = await google.as_user(
  File "/usr/local/lib/python3.10/site-packages/aiogoogle/client.py", line 270, in as_user
    return await self.send(
  File "/usr/local/lib/python3.10/site-packages/aiogoogle/client.py", line 425, in send
    return await session.send(*args, **kwargs)
  File "/usr/local/lib/python3.10/site-packages/aiogoogle/sessions/aiohttp_session.py", line 192, in send
    results = await schedule_tasks()
  File "/usr/local/lib/python3.10/site-packages/aiogoogle/sessions/aiohttp_session.py", line 177, in schedule_tasks
    return await asyncio.gather(
  File "/usr/local/lib/python3.10/site-packages/aiogoogle/sessions/aiohttp_session.py", line 171, in get_content
    response = await get_response(request)
  File "/usr/local/lib/python3.10/site-packages/aiogoogle/sessions/aiohttp_session.py", line 167, in get_response
    response.raise_for_status()
  File "/usr/local/lib/python3.10/site-packages/aiogoogle/models.py", line 481, in raise_for_status
    raise HTTPError(msg=self.reason, req=self.req, res=self)
aiogoogle.excs.HTTPError: 



Too Many Requests

Content:
{'code': 429,
 'errors': [{'domain': 'global',
             'message': 'User-rate limit exceeded.  Retry after '
                        '2026-08-17T15:50:59.114Z (Mail sending)',
             'reason': 'rateLimitExceeded'}],
 'message': 'User-rate limit exceeded.  Retry after 2026-08-17T15:50:59.114Z '
            '(Mail sending)',
 'status': 'RESOURCE_EXHAUSTED'}

Request URL:
https://gmail.googleapis.com/gmail/v1/users/me/messages/send

2026-08-17 21:05:59,229 - notification3ab8f474409a - INFO - Updated threadId in app.config: 19ffc22af1a6056d
2026-08-17 21:05:59,230 - notification3ab8f474409a - INFO - [NOTIFICATION SENT] frame_id=None | camera=ppe_test_cam1 | Type=PPE Alert | topic=notification_results
2026-08-17 21:06:56,115 - notification3ab8f474409a - INFO - _poll_kafka: 1 message(s) received from Kafka
2026-08-17 21:06:56,116 - notification3ab8f474409a - INFO - [NOTIFICATION RECEIVED] frame_id=None | camera=ppe_test_cam1 | Type=PPE Alert | timestamp=2026-08-17 21:06:56.080000
2026-08-17 21:06:56,116 - notification3ab8f474409a - INFO - send_notifications | camera=ppe_test_cam1 | Type=PPE Alert | recipients=['your_actual_email@example.com'] | thread_id=19ffc22af1a6056d
2026-08-17 21:06:56,116 - notification3ab8f474409a - INFO - Queuing email task | camera=ppe_test_cam1 | to=['your_actual_email@example.com']
2026-08-17 21:06:56,116 - notification3ab8f474409a - INFO - Queuing telegram task | camera=ppe_test_cam1 | chat_ids=[]
2026-08-17 21:06:56,116 - notification3ab8f474409a - INFO - Running 2 notification task(s) | camera=ppe_test_cam1
2026-08-17 21:06:56,116 - notification3ab8f474409a - INFO - email gmail function started for camera: ppe_test_cam1, Type: PPE Alert
2026-08-17 21:06:56,116 - notification3ab8f474409a - INFO - DataPath: /Aksha, main_dir: /Aksha
2026-08-17 21:06:56,118 - notification3ab8f474409a - INFO - Loaded config from: /usr/src/app/app/socialPlatforms/keys.yaml
2026-08-17 21:06:56,118 - notification3ab8f474409a - INFO - Using threadId from namespace: 19ffc22af1a6056d
2026-08-17 21:06:56,118 - notification3ab8f474409a - INFO - Credentials loaded successfully
2026-08-17 21:06:56,118 - notification3ab8f474409a - INFO - telegram() | camera=ppe_test_cam1 | Type=PPE Alert | subscription=notification_results | service_status=True | chat_ids=[]
2026-08-17 21:06:56,118 - notification3ab8f474409a - ERROR - Missing chat_ids or bot_token for Telegram
2026-08-17 21:06:56,415 - notification3ab8f474409a - INFO - Gmail API discovered
2026-08-17 21:06:59,052 - notification3ab8f474409a - INFO - Added threading headers for thread: 19ffc22af1a6056d
2026-08-17 21:06:59,052 - notification3ab8f474409a - INFO - Attached logo1 from: /usr/src/app/app/logo.png
2026-08-17 21:06:59,053 - notification3ab8f474409a - INFO - Attached logo2 from: /usr/src/app/app/logo2.png
2026-08-17 21:06:59,053 - notification3ab8f474409a - INFO - Looking for alert image at: /Aksha/ppe_test_cam1/alerts/2026-08-17/2026-08-17 21:06:56.08_alert.jpg
2026-08-17 21:06:59,055 - notification3ab8f474409a - INFO - Attached alert image: /Aksha/ppe_test_cam1/alerts/2026-08-17/2026-08-17 21:06:56.08_alert.jpg
2026-08-17 21:06:59,060 - notification3ab8f474409a - INFO - Sending email with threadId: 19ffc22af1a6056d
2026-08-17 21:07:00,110 - notification3ab8f474409a - ERROR - Error sending email: 



Too Many Requests

Content:
{'code': 429,
 'errors': [{'domain': 'global',
             'message': 'User-rate limit exceeded.  Retry after '
                        '2026-08-17T15:52:00.007Z (Mail sending)',
             'reason': 'rateLimitExceeded'}],
 'message': 'User-rate limit exceeded.  Retry after 2026-08-17T15:52:00.007Z '
            '(Mail sending)',
 'status': 'RESOURCE_EXHAUSTED'}

Request URL:
https://gmail.googleapis.com/gmail/v1/users/me/messages/send
2026-08-17 21:07:00,111 - notification3ab8f474409a - ERROR - Traceback: Traceback (most recent call last):
  File "/usr/src/app/app/socialPlatforms/email.py", line 767, in email_gmail
    response = await google.as_user(
  File "/usr/local/lib/python3.10/site-packages/aiogoogle/client.py", line 270, in as_user
    return await self.send(
  File "/usr/local/lib/python3.10/site-packages/aiogoogle/client.py", line 425, in send
    return await session.send(*args, **kwargs)
  File "/usr/local/lib/python3.10/site-packages/aiogoogle/sessions/aiohttp_session.py", line 192, in send
    results = await schedule_tasks()
  File "/usr/local/lib/python3.10/site-packages/aiogoogle/sessions/aiohttp_session.py", line 177, in schedule_tasks
    return await asyncio.gather(
  File "/usr/local/lib/python3.10/site-packages/aiogoogle/sessions/aiohttp_session.py", line 171, in get_content
    response = await get_response(request)
  File "/usr/local/lib/python3.10/site-packages/aiogoogle/sessions/aiohttp_session.py", line 167, in get_response
    response.raise_for_status()
  File "/usr/local/lib/python3.10/site-packages/aiogoogle/models.py", line 481, in raise_for_status
    raise HTTPError(msg=self.reason, req=self.req, res=self)
aiogoogle.excs.HTTPError: 



Too Many Requests

Content:
{'code': 429,
 'errors': [{'domain': 'global',
             'message': 'User-rate limit exceeded.  Retry after '
                        '2026-08-17T15:52:00.007Z (Mail sending)',
             'reason': 'rateLimitExceeded'}],
 'message': 'User-rate limit exceeded.  Retry after 2026-08-17T15:52:00.007Z '
            '(Mail sending)',
 'status': 'RESOURCE_EXHAUSTED'}

Request URL:
https://gmail.googleapis.com/gmail/v1/users/me/messages/send

2026-08-17 21:07:00,113 - notification3ab8f474409a - INFO - Updated threadId in app.config: 19ffc22af1a6056d
2026-08-17 21:07:00,113 - notification3ab8f474409a - INFO - [NOTIFICATION SENT] frame_id=None | camera=ppe_test_cam1 | Type=PPE Alert | topic=notification_results
2026-08-17 21:07:56,129 - notification3ab8f474409a - INFO - _poll_kafka: 1 message(s) received from Kafka
2026-08-17 21:07:56,129 - notification3ab8f474409a - INFO - [NOTIFICATION RECEIVED] frame_id=None | camera=ppe_test_cam1 | Type=PPE Alert | timestamp=2026-08-17 21:07:56.090000
2026-08-17 21:07:56,129 - notification3ab8f474409a - INFO - send_notifications | camera=ppe_test_cam1 | Type=PPE Alert | recipients=['your_actual_email@example.com'] | thread_id=19ffc22af1a6056d
2026-08-17 21:07:56,129 - notification3ab8f474409a - INFO - Queuing email task | camera=ppe_test_cam1 | to=['your_actual_email@example.com']
2026-08-17 21:07:56,129 - notification3ab8f474409a - INFO - Queuing telegram task | camera=ppe_test_cam1 | chat_ids=[]
2026-08-17 21:07:56,129 - notification3ab8f474409a - INFO - Running 2 notification task(s) | camera=ppe_test_cam1
2026-08-17 21:07:56,129 - notification3ab8f474409a - INFO - email gmail function started for camera: ppe_test_cam1, Type: PPE Alert
2026-08-17 21:07:56,130 - notification3ab8f474409a - INFO - DataPath: /Aksha, main_dir: /Aksha
2026-08-17 21:07:56,131 - notification3ab8f474409a - INFO - Loaded config from: /usr/src/app/app/socialPlatforms/keys.yaml
2026-08-17 21:07:56,131 - notification3ab8f474409a - INFO - Using threadId from namespace: 19ffc22af1a6056d
2026-08-17 21:07:56,131 - notification3ab8f474409a - INFO - Credentials loaded successfully
2026-08-17 21:07:56,131 - notification3ab8f474409a - INFO - telegram() | camera=ppe_test_cam1 | Type=PPE Alert | subscription=notification_results | service_status=True | chat_ids=[]
2026-08-17 21:07:56,131 - notification3ab8f474409a - ERROR - Missing chat_ids or bot_token for Telegram
2026-08-17 21:07:56,512 - notification3ab8f474409a - INFO - Gmail API discovered
2026-08-17 21:07:57,986 - notification3ab8f474409a - INFO - Added threading headers for thread: 19ffc22af1a6056d
2026-08-17 21:07:57,987 - notification3ab8f474409a - INFO - Attached logo1 from: /usr/src/app/app/logo.png
2026-08-17 21:07:57,987 - notification3ab8f474409a - INFO - Attached logo2 from: /usr/src/app/app/logo2.png
2026-08-17 21:07:57,988 - notification3ab8f474409a - INFO - Looking for alert image at: /Aksha/ppe_test_cam1/alerts/2026-08-17/2026-08-17 21:07:56.09_alert.jpg
2026-08-17 21:07:57,989 - notification3ab8f474409a - INFO - Attached alert image: /Aksha/ppe_test_cam1/alerts/2026-08-17/2026-08-17 21:07:56.09_alert.jpg
2026-08-17 21:07:57,994 - notification3ab8f474409a - INFO - Sending email with threadId: 19ffc22af1a6056d
2026-08-17 21:07:58,775 - notification3ab8f474409a - ERROR - Error sending email: 



Too Many Requests

Content:
{'code': 429,
 'errors': [{'domain': 'global',
             'message': 'User-rate limit exceeded.  Retry after '
                        '2026-08-17T15:52:58.643Z (Mail sending)',
             'reason': 'rateLimitExceeded'}],
 'message': 'User-rate limit exceeded.  Retry after 2026-08-17T15:52:58.643Z '
            '(Mail sending)',
 'status': 'RESOURCE_EXHAUSTED'}

Request URL:
https://gmail.googleapis.com/gmail/v1/users/me/messages/send
2026-08-17 21:07:58,775 - notification3ab8f474409a - ERROR - Traceback: Traceback (most recent call last):
  File "/usr/src/app/app/socialPlatforms/email.py", line 767, in email_gmail
    response = await google.as_user(
  File "/usr/local/lib/python3.10/site-packages/aiogoogle/client.py", line 270, in as_user
    return await self.send(
  File "/usr/local/lib/python3.10/site-packages/aiogoogle/client.py", line 425, in send
    return await session.send(*args, **kwargs)
  File "/usr/local/lib/python3.10/site-packages/aiogoogle/sessions/aiohttp_session.py", line 192, in send
    results = await schedule_tasks()
  File "/usr/local/lib/python3.10/site-packages/aiogoogle/sessions/aiohttp_session.py", line 177, in schedule_tasks
    return await asyncio.gather(
  File "/usr/local/lib/python3.10/site-packages/aiogoogle/sessions/aiohttp_session.py", line 171, in get_content
    response = await get_response(request)
  File "/usr/local/lib/python3.10/site-packages/aiogoogle/sessions/aiohttp_session.py", line 167, in get_response
    response.raise_for_status()
  File "/usr/local/lib/python3.10/site-packages/aiogoogle/models.py", line 481, in raise_for_status
    raise HTTPError(msg=self.reason, req=self.req, res=self)
aiogoogle.excs.HTTPError: 



Too Many Requests

Content:
{'code': 429,
 'errors': [{'domain': 'global',
             'message': 'User-rate limit exceeded.  Retry after '
                        '2026-08-17T15:52:58.643Z (Mail sending)',
             'reason': 'rateLimitExceeded'}],
 'message': 'User-rate limit exceeded.  Retry after 2026-08-17T15:52:58.643Z '
            '(Mail sending)',
 'status': 'RESOURCE_EXHAUSTED'}

Request URL:
https://gmail.googleapis.com/gmail/v1/users/me/messages/send

2026-08-17 21:07:58,780 - notification3ab8f474409a - INFO - Updated threadId in app.config: 19ffc22af1a6056d
2026-08-17 21:07:58,780 - notification3ab8f474409a - INFO - [NOTIFICATION SENT] frame_id=None | camera=ppe_test_cam1 | Type=PPE Alert | topic=notification_results
2026-08-17 21:08:56,084 - notification3ab8f474409a - INFO - _poll_kafka: 1 message(s) received from Kafka
2026-08-17 21:08:56,084 - notification3ab8f474409a - INFO - [NOTIFICATION RECEIVED] frame_id=None | camera=ppe_test_cam1 | Type=PPE Alert | timestamp=2026-08-17 21:08:56.060000
2026-08-17 21:08:56,084 - notification3ab8f474409a - INFO - send_notifications | camera=ppe_test_cam1 | Type=PPE Alert | recipients=['your_actual_email@example.com'] | thread_id=19ffc22af1a6056d
2026-08-17 21:08:56,085 - notification3ab8f474409a - INFO - Queuing email task | camera=ppe_test_cam1 | to=['your_actual_email@example.com']
2026-08-17 21:08:56,085 - notification3ab8f474409a - INFO - Queuing telegram task | camera=ppe_test_cam1 | chat_ids=[]
2026-08-17 21:08:56,085 - notification3ab8f474409a - INFO - Running 2 notification task(s) | camera=ppe_test_cam1
2026-08-17 21:08:56,085 - notification3ab8f474409a - INFO - email gmail function started for camera: ppe_test_cam1, Type: PPE Alert
2026-08-17 21:08:56,085 - notification3ab8f474409a - INFO - DataPath: /Aksha, main_dir: /Aksha
2026-08-17 21:08:56,086 - notification3ab8f474409a - INFO - Loaded config from: /usr/src/app/app/socialPlatforms/keys.yaml
2026-08-17 21:08:56,086 - notification3ab8f474409a - INFO - Using threadId from namespace: 19ffc22af1a6056d
2026-08-17 21:08:56,086 - notification3ab8f474409a - INFO - Credentials loaded successfully
2026-08-17 21:08:56,087 - notification3ab8f474409a - INFO - telegram() | camera=ppe_test_cam1 | Type=PPE Alert | subscription=notification_results | service_status=True | chat_ids=[]
2026-08-17 21:08:56,087 - notification3ab8f474409a - ERROR - Missing chat_ids or bot_token for Telegram
2026-08-17 21:08:56,395 - notification3ab8f474409a - INFO - Gmail API discovered
2026-08-17 21:08:57,519 - notification3ab8f474409a - INFO - Added threading headers for thread: 19ffc22af1a6056d
2026-08-17 21:08:57,521 - notification3ab8f474409a - INFO - Attached logo1 from: /usr/src/app/app/logo.png
2026-08-17 21:08:57,522 - notification3ab8f474409a - INFO - Attached logo2 from: /usr/src/app/app/logo2.png
2026-08-17 21:08:57,523 - notification3ab8f474409a - INFO - Looking for alert image at: /Aksha/ppe_test_cam1/alerts/2026-08-17/2026-08-17 21:08:56.06_alert.jpg
2026-08-17 21:08:57,531 - notification3ab8f474409a - INFO - Attached alert image: /Aksha/ppe_test_cam1/alerts/2026-08-17/2026-08-17 21:08:56.06_alert.jpg
2026-08-17 21:08:57,555 - notification3ab8f474409a - INFO - Sending email with threadId: 19ffc22af1a6056d
2026-08-17 21:08:58,328 - notification3ab8f474409a - ERROR - Error sending email: 



Too Many Requests

Content:
{'code': 429,
 'errors': [{'domain': 'global',
             'message': 'User-rate limit exceeded.  Retry after '
                        '2026-08-17T15:53:58.221Z (Mail sending)',
             'reason': 'rateLimitExceeded'}],
 'message': 'User-rate limit exceeded.  Retry after 2026-08-17T15:53:58.221Z '
            '(Mail sending)',
 'status': 'RESOURCE_EXHAUSTED'}

Request URL:
https://gmail.googleapis.com/gmail/v1/users/me/messages/send
2026-08-17 21:08:58,329 - notification3ab8f474409a - ERROR - Traceback: Traceback (most recent call last):
  File "/usr/src/app/app/socialPlatforms/email.py", line 767, in email_gmail
    response = await google.as_user(
  File "/usr/local/lib/python3.10/site-packages/aiogoogle/client.py", line 270, in as_user
    return await self.send(
  File "/usr/local/lib/python3.10/site-packages/aiogoogle/client.py", line 425, in send
    return await session.send(*args, **kwargs)
  File "/usr/local/lib/python3.10/site-packages/aiogoogle/sessions/aiohttp_session.py", line 192, in send
    results = await schedule_tasks()
  File "/usr/local/lib/python3.10/site-packages/aiogoogle/sessions/aiohttp_session.py", line 177, in schedule_tasks
    return await asyncio.gather(
  File "/usr/local/lib/python3.10/site-packages/aiogoogle/sessions/aiohttp_session.py", line 171, in get_content
    response = await get_response(request)
  File "/usr/local/lib/python3.10/site-packages/aiogoogle/sessions/aiohttp_session.py", line 167, in get_response
    response.raise_for_status()
  File "/usr/local/lib/python3.10/site-packages/aiogoogle/models.py", line 481, in raise_for_status
    raise HTTPError(msg=self.reason, req=self.req, res=self)
aiogoogle.excs.HTTPError: 



Too Many Requests

Content:
{'code': 429,
 'errors': [{'domain': 'global',
             'message': 'User-rate limit exceeded.  Retry after '
                        '2026-08-17T15:53:58.221Z (Mail sending)',
             'reason': 'rateLimitExceeded'}],
 'message': 'User-rate limit exceeded.  Retry after 2026-08-17T15:53:58.221Z '
            '(Mail sending)',
 'status': 'RESOURCE_EXHAUSTED'}

Request URL:
https://gmail.googleapis.com/gmail/v1/users/me/messages/send

2026-08-17 21:08:58,332 - notification3ab8f474409a - INFO - Updated threadId in app.config: 19ffc22af1a6056d
2026-08-17 21:08:58,333 - notification3ab8f474409a - INFO - [NOTIFICATION SENT] frame_id=None | camera=ppe_test_cam1 | Type=PPE Alert | topic=notification_results
2026-08-17 21:09:56,136 - notification3ab8f474409a - INFO - _poll_kafka: 1 message(s) received from Kafka
2026-08-17 21:09:56,136 - notification3ab8f474409a - INFO - [NOTIFICATION RECEIVED] frame_id=None | camera=ppe_test_cam1 | Type=PPE Alert | timestamp=2026-08-17 21:09:56.080000
2026-08-17 21:09:56,137 - notification3ab8f474409a - INFO - send_notifications | camera=ppe_test_cam1 | Type=PPE Alert | recipients=['your_actual_email@example.com'] | thread_id=19ffc22af1a6056d
2026-08-17 21:09:56,137 - notification3ab8f474409a - INFO - Queuing email task | camera=ppe_test_cam1 | to=['your_actual_email@example.com']
2026-08-17 21:09:56,137 - notification3ab8f474409a - INFO - Queuing telegram task | camera=ppe_test_cam1 | chat_ids=[]
2026-08-17 21:09:56,137 - notification3ab8f474409a - INFO - Running 2 notification task(s) | camera=ppe_test_cam1
2026-08-17 21:09:56,137 - notification3ab8f474409a - INFO - email gmail function started for camera: ppe_test_cam1, Type: PPE Alert
2026-08-17 21:09:56,137 - notification3ab8f474409a - INFO - DataPath: /Aksha, main_dir: /Aksha
2026-08-17 21:09:56,138 - notification3ab8f474409a - INFO - Loaded config from: /usr/src/app/app/socialPlatforms/keys.yaml
2026-08-17 21:09:56,138 - notification3ab8f474409a - INFO - Using threadId from namespace: 19ffc22af1a6056d
2026-08-17 21:09:56,138 - notification3ab8f474409a - INFO - Credentials loaded successfully
2026-08-17 21:09:56,139 - notification3ab8f474409a - INFO - telegram() | camera=ppe_test_cam1 | Type=PPE Alert | subscription=notification_results | service_status=True | chat_ids=[]
2026-08-17 21:09:56,139 - notification3ab8f474409a - ERROR - Missing chat_ids or bot_token for Telegram
2026-08-17 21:09:56,434 - notification3ab8f474409a - INFO - Gmail API discovered
2026-08-17 21:09:57,809 - notification3ab8f474409a - INFO - Added threading headers for thread: 19ffc22af1a6056d
2026-08-17 21:09:57,810 - notification3ab8f474409a - INFO - Attached logo1 from: /usr/src/app/app/logo.png
2026-08-17 21:09:57,811 - notification3ab8f474409a - INFO - Attached logo2 from: /usr/src/app/app/logo2.png
2026-08-17 21:09:57,812 - notification3ab8f474409a - INFO - Looking for alert image at: /Aksha/ppe_test_cam1/alerts/2026-08-17/2026-08-17 21:09:56.08_alert.jpg
2026-08-17 21:09:57,814 - notification3ab8f474409a - INFO - Attached alert image: /Aksha/ppe_test_cam1/alerts/2026-08-17/2026-08-17 21:09:56.08_alert.jpg
2026-08-17 21:09:57,823 - notification3ab8f474409a - INFO - Sending email with threadId: 19ffc22af1a6056d
2026-08-17 21:09:58,591 - notification3ab8f474409a - ERROR - Error sending email: 



Too Many Requests

Content:
{'code': 429,
 'errors': [{'domain': 'global',
             'message': 'User-rate limit exceeded.  Retry after '
                        '2026-08-17T15:54:58.480Z (Mail sending)',
             'reason': 'rateLimitExceeded'}],
 'message': 'User-rate limit exceeded.  Retry after 2026-08-17T15:54:58.480Z '
            '(Mail sending)',
 'status': 'RESOURCE_EXHAUSTED'}

Request URL:
https://gmail.googleapis.com/gmail/v1/users/me/messages/send
2026-08-17 21:09:58,594 - notification3ab8f474409a - ERROR - Traceback: Traceback (most recent call last):
  File "/usr/src/app/app/socialPlatforms/email.py", line 767, in email_gmail
    response = await google.as_user(
  File "/usr/local/lib/python3.10/site-packages/aiogoogle/client.py", line 270, in as_user
    return await self.send(
  File "/usr/local/lib/python3.10/site-packages/aiogoogle/client.py", line 425, in send
    return await session.send(*args, **kwargs)
  File "/usr/local/lib/python3.10/site-packages/aiogoogle/sessions/aiohttp_session.py", line 192, in send
    results = await schedule_tasks()
  File "/usr/local/lib/python3.10/site-packages/aiogoogle/sessions/aiohttp_session.py", line 177, in schedule_tasks
    return await asyncio.gather(
  File "/usr/local/lib/python3.10/site-packages/aiogoogle/sessions/aiohttp_session.py", line 171, in get_content
    response = await get_response(request)
  File "/usr/local/lib/python3.10/site-packages/aiogoogle/sessions/aiohttp_session.py", line 167, in get_response
    response.raise_for_status()
  File "/usr/local/lib/python3.10/site-packages/aiogoogle/models.py", line 481, in raise_for_status
    raise HTTPError(msg=self.reason, req=self.req, res=self)
aiogoogle.excs.HTTPError: 



Too Many Requests

Content:
{'code': 429,
 'errors': [{'domain': 'global',
             'message': 'User-rate limit exceeded.  Retry after '
                        '2026-08-17T15:54:58.480Z (Mail sending)',
             'reason': 'rateLimitExceeded'}],
 'message': 'User-rate limit exceeded.  Retry after 2026-08-17T15:54:58.480Z '
            '(Mail sending)',
 'status': 'RESOURCE_EXHAUSTED'}

Request URL:
https://gmail.googleapis.com/gmail/v1/users/me/messages/send

2026-08-17 21:09:58,603 - notification3ab8f474409a - INFO - Updated threadId in app.config: 19ffc22af1a6056d
2026-08-17 21:09:58,604 - notification3ab8f474409a - INFO - [NOTIFICATION SENT] frame_id=None | camera=ppe_test_cam1 | Type=PPE Alert | topic=notification_results
2026-08-17 21:10:56,153 - notification3ab8f474409a - INFO - _poll_kafka: 1 message(s) received from Kafka
2026-08-17 21:10:56,153 - notification3ab8f474409a - INFO - [NOTIFICATION RECEIVED] frame_id=None | camera=ppe_test_cam1 | Type=PPE Alert | timestamp=2026-08-17 21:10:56.120000
2026-08-17 21:10:56,153 - notification3ab8f474409a - INFO - send_notifications | camera=ppe_test_cam1 | Type=PPE Alert | recipients=['your_actual_email@example.com'] | thread_id=19ffc22af1a6056d
2026-08-17 21:10:56,153 - notification3ab8f474409a - INFO - Queuing email task | camera=ppe_test_cam1 | to=['your_actual_email@example.com']
2026-08-17 21:10:56,154 - notification3ab8f474409a - INFO - Queuing telegram task | camera=ppe_test_cam1 | chat_ids=[]
2026-08-17 21:10:56,154 - notification3ab8f474409a - INFO - Running 2 notification task(s) | camera=ppe_test_cam1
2026-08-17 21:10:56,154 - notification3ab8f474409a - INFO - email gmail function started for camera: ppe_test_cam1, Type: PPE Alert
2026-08-17 21:10:56,154 - notification3ab8f474409a - INFO - DataPath: /Aksha, main_dir: /Aksha
2026-08-17 21:10:56,155 - notification3ab8f474409a - INFO - Loaded config from: /usr/src/app/app/socialPlatforms/keys.yaml
2026-08-17 21:10:56,155 - notification3ab8f474409a - INFO - Using threadId from namespace: 19ffc22af1a6056d
2026-08-17 21:10:56,155 - notification3ab8f474409a - INFO - Credentials loaded successfully
2026-08-17 21:10:56,156 - notification3ab8f474409a - INFO - telegram() | camera=ppe_test_cam1 | Type=PPE Alert | subscription=notification_results | service_status=True | chat_ids=[]
2026-08-17 21:10:56,156 - notification3ab8f474409a - ERROR - Missing chat_ids or bot_token for Telegram
2026-08-17 21:10:57,187 - notification3ab8f474409a - INFO - Gmail API discovered
2026-08-17 21:10:59,774 - notification3ab8f474409a - INFO - Added threading headers for thread: 19ffc22af1a6056d
2026-08-17 21:10:59,775 - notification3ab8f474409a - INFO - Attached logo1 from: /usr/src/app/app/logo.png
2026-08-17 21:10:59,779 - notification3ab8f474409a - INFO - Attached logo2 from: /usr/src/app/app/logo2.png
2026-08-17 21:10:59,779 - notification3ab8f474409a - INFO - Looking for alert image at: /Aksha/ppe_test_cam1/alerts/2026-08-17/2026-08-17 21:10:56.12_alert.jpg
2026-08-17 21:10:59,781 - notification3ab8f474409a - INFO - Attached alert image: /Aksha/ppe_test_cam1/alerts/2026-08-17/2026-08-17 21:10:56.12_alert.jpg
2026-08-17 21:10:59,786 - notification3ab8f474409a - INFO - Sending email with threadId: 19ffc22af1a6056d
2026-08-17 21:11:01,530 - notification3ab8f474409a - ERROR - Error sending email: 



Too Many Requests

Content:
{'code': 429,
 'errors': [{'domain': 'global',
             'message': 'User-rate limit exceeded.  Retry after '
                        '2026-08-17T15:56:01.418Z (Mail sending)',
             'reason': 'rateLimitExceeded'}],
 'message': 'User-rate limit exceeded.  Retry after 2026-08-17T15:56:01.418Z '
            '(Mail sending)',
 'status': 'RESOURCE_EXHAUSTED'}

Request URL:
https://gmail.googleapis.com/gmail/v1/users/me/messages/send
2026-08-17 21:11:01,535 - notification3ab8f474409a - ERROR - Traceback: Traceback (most recent call last):
  File "/usr/src/app/app/socialPlatforms/email.py", line 767, in email_gmail
    response = await google.as_user(
  File "/usr/local/lib/python3.10/site-packages/aiogoogle/client.py", line 270, in as_user
    return await self.send(
  File "/usr/local/lib/python3.10/site-packages/aiogoogle/client.py", line 425, in send
    return await session.send(*args, **kwargs)
  File "/usr/local/lib/python3.10/site-packages/aiogoogle/sessions/aiohttp_session.py", line 192, in send
    results = await schedule_tasks()
  File "/usr/local/lib/python3.10/site-packages/aiogoogle/sessions/aiohttp_session.py", line 177, in schedule_tasks
    return await asyncio.gather(
  File "/usr/local/lib/python3.10/site-packages/aiogoogle/sessions/aiohttp_session.py", line 171, in get_content
    response = await get_response(request)
  File "/usr/local/lib/python3.10/site-packages/aiogoogle/sessions/aiohttp_session.py", line 167, in get_response
    response.raise_for_status()
  File "/usr/local/lib/python3.10/site-packages/aiogoogle/models.py", line 481, in raise_for_status
    raise HTTPError(msg=self.reason, req=self.req, res=self)
aiogoogle.excs.HTTPError: 



Too Many Requests

Content:
{'code': 429,
 'errors': [{'domain': 'global',
             'message': 'User-rate limit exceeded.  Retry after '
                        '2026-08-17T15:56:01.418Z (Mail sending)',
             'reason': 'rateLimitExceeded'}],
 'message': 'User-rate limit exceeded.  Retry after 2026-08-17T15:56:01.418Z '
            '(Mail sending)',
 'status': 'RESOURCE_EXHAUSTED'}

Request URL:
https://gmail.googleapis.com/gmail/v1/users/me/messages/send

2026-08-17 21:11:01,541 - notification3ab8f474409a - INFO - Updated threadId in app.config: 19ffc22af1a6056d
2026-08-17 21:11:01,545 - notification3ab8f474409a - INFO - [NOTIFICATION SENT] frame_id=None | camera=ppe_test_cam1 | Type=PPE Alert | topic=notification_results
2026-08-17 21:11:56,026 - notification3ab8f474409a - INFO - _poll_kafka: 1 message(s) received from Kafka
2026-08-17 21:11:56,026 - notification3ab8f474409a - INFO - [NOTIFICATION RECEIVED] frame_id=None | camera=ppe_test_cam1 | Type=PPE Alert | timestamp=2026-08-17 21:11:56
2026-08-17 21:11:56,026 - notification3ab8f474409a - INFO - send_notifications | camera=ppe_test_cam1 | Type=PPE Alert | recipients=['your_actual_email@example.com'] | thread_id=19ffc22af1a6056d
2026-08-17 21:11:56,026 - notification3ab8f474409a - INFO - Queuing email task | camera=ppe_test_cam1 | to=['your_actual_email@example.com']
2026-08-17 21:11:56,026 - notification3ab8f474409a - INFO - Queuing telegram task | camera=ppe_test_cam1 | chat_ids=[]
2026-08-17 21:11:56,026 - notification3ab8f474409a - INFO - Running 2 notification task(s) | camera=ppe_test_cam1
2026-08-17 21:11:56,026 - notification3ab8f474409a - INFO - email gmail function started for camera: ppe_test_cam1, Type: PPE Alert
2026-08-17 21:11:56,026 - notification3ab8f474409a - INFO - DataPath: /Aksha, main_dir: /Aksha
2026-08-17 21:11:56,028 - notification3ab8f474409a - INFO - Loaded config from: /usr/src/app/app/socialPlatforms/keys.yaml
2026-08-17 21:11:56,028 - notification3ab8f474409a - INFO - Using threadId from namespace: 19ffc22af1a6056d
2026-08-17 21:11:56,028 - notification3ab8f474409a - INFO - Credentials loaded successfully
2026-08-17 21:11:56,028 - notification3ab8f474409a - INFO - telegram() | camera=ppe_test_cam1 | Type=PPE Alert | subscription=notification_results | service_status=True | chat_ids=[]
2026-08-17 21:11:56,028 - notification3ab8f474409a - ERROR - Missing chat_ids or bot_token for Telegram
2026-08-17 21:11:56,324 - notification3ab8f474409a - INFO - Gmail API discovered
2026-08-17 21:11:58,280 - notification3ab8f474409a - INFO - Added threading headers for thread: 19ffc22af1a6056d
2026-08-17 21:11:58,282 - notification3ab8f474409a - INFO - Attached logo1 from: /usr/src/app/app/logo.png
2026-08-17 21:11:58,285 - notification3ab8f474409a - INFO - Attached logo2 from: /usr/src/app/app/logo2.png
2026-08-17 21:11:58,286 - notification3ab8f474409a - INFO - Looking for alert image at: /Aksha/ppe_test_cam1/alerts/2026-08-17/2026-08-17 21:1_alert.jpg
2026-08-17 21:11:58,286 - notification3ab8f474409a - WARNING - No alert image found at: /Aksha/ppe_test_cam1/alerts/2026-08-17/2026-08-17 21:1_alert.jpg
2026-08-17 21:11:58,297 - notification3ab8f474409a - INFO - Sending email with threadId: 19ffc22af1a6056d
2026-08-17 21:11:58,749 - notification3ab8f474409a - ERROR - Error sending email: 



Too Many Requests

Content:
{'code': 429,
 'errors': [{'domain': 'global',
             'message': 'User-rate limit exceeded.  Retry after '
                        '2026-08-17T15:56:58.655Z (Mail sending)',
             'reason': 'rateLimitExceeded'}],
 'message': 'User-rate limit exceeded.  Retry after 2026-08-17T15:56:58.655Z '
            '(Mail sending)',
 'status': 'RESOURCE_EXHAUSTED'}

Request URL:
https://gmail.googleapis.com/gmail/v1/users/me/messages/send
2026-08-17 21:11:58,752 - notification3ab8f474409a - ERROR - Traceback: Traceback (most recent call last):
  File "/usr/src/app/app/socialPlatforms/email.py", line 767, in email_gmail
    response = await google.as_user(
  File "/usr/local/lib/python3.10/site-packages/aiogoogle/client.py", line 270, in as_user
    return await self.send(
  File "/usr/local/lib/python3.10/site-packages/aiogoogle/client.py", line 425, in send
    return await session.send(*args, **kwargs)
  File "/usr/local/lib/python3.10/site-packages/aiogoogle/sessions/aiohttp_session.py", line 192, in send
    results = await schedule_tasks()
  File "/usr/local/lib/python3.10/site-packages/aiogoogle/sessions/aiohttp_session.py", line 177, in schedule_tasks
    return await asyncio.gather(
  File "/usr/local/lib/python3.10/site-packages/aiogoogle/sessions/aiohttp_session.py", line 171, in get_content
    response = await get_response(request)
  File "/usr/local/lib/python3.10/site-packages/aiogoogle/sessions/aiohttp_session.py", line 167, in get_response
    response.raise_for_status()
  File "/usr/local/lib/python3.10/site-packages/aiogoogle/models.py", line 481, in raise_for_status
    raise HTTPError(msg=self.reason, req=self.req, res=self)
aiogoogle.excs.HTTPError: 



Too Many Requests

Content:
{'code': 429,
 'errors': [{'domain': 'global',
             'message': 'User-rate limit exceeded.  Retry after '
                        '2026-08-17T15:56:58.655Z (Mail sending)',
             'reason': 'rateLimitExceeded'}],
 'message': 'User-rate limit exceeded.  Retry after 2026-08-17T15:56:58.655Z '
            '(Mail sending)',
 'status': 'RESOURCE_EXHAUSTED'}

Request URL:
https://gmail.googleapis.com/gmail/v1/users/me/messages/send

2026-08-17 21:11:58,753 - notification3ab8f474409a - INFO - Updated threadId in app.config: 19ffc22af1a6056d
2026-08-17 21:11:58,753 - notification3ab8f474409a - INFO - [NOTIFICATION SENT] frame_id=None | camera=ppe_test_cam1 | Type=PPE Alert | topic=notification_results
2026-08-17 21:12:56,050 - notification3ab8f474409a - INFO - _poll_kafka: 1 message(s) received from Kafka
2026-08-17 21:12:56,050 - notification3ab8f474409a - INFO - [NOTIFICATION RECEIVED] frame_id=None | camera=ppe_test_cam1 | Type=PPE Alert | timestamp=2026-08-17 21:12:55.980000
2026-08-17 21:12:56,050 - notification3ab8f474409a - INFO - send_notifications | camera=ppe_test_cam1 | Type=PPE Alert | recipients=['your_actual_email@example.com'] | thread_id=19ffc22af1a6056d
2026-08-17 21:12:56,050 - notification3ab8f474409a - INFO - Queuing email task | camera=ppe_test_cam1 | to=['your_actual_email@example.com']
2026-08-17 21:12:56,050 - notification3ab8f474409a - INFO - Queuing telegram task | camera=ppe_test_cam1 | chat_ids=[]
2026-08-17 21:12:56,050 - notification3ab8f474409a - INFO - Running 2 notification task(s) | camera=ppe_test_cam1
2026-08-17 21:12:56,051 - notification3ab8f474409a - INFO - email gmail function started for camera: ppe_test_cam1, Type: PPE Alert
2026-08-17 21:12:56,051 - notification3ab8f474409a - INFO - DataPath: /Aksha, main_dir: /Aksha
2026-08-17 21:12:56,052 - notification3ab8f474409a - INFO - Loaded config from: /usr/src/app/app/socialPlatforms/keys.yaml
2026-08-17 21:12:56,052 - notification3ab8f474409a - INFO - Using threadId from namespace: 19ffc22af1a6056d
2026-08-17 21:12:56,052 - notification3ab8f474409a - INFO - Credentials loaded successfully
2026-08-17 21:12:56,053 - notification3ab8f474409a - INFO - telegram() | camera=ppe_test_cam1 | Type=PPE Alert | subscription=notification_results | service_status=True | chat_ids=[]
2026-08-17 21:12:56,053 - notification3ab8f474409a - ERROR - Missing chat_ids or bot_token for Telegram
2026-08-17 21:12:57,083 - notification3ab8f474409a - INFO - Gmail API discovered
2026-08-17 21:12:58,360 - notification3ab8f474409a - INFO - Added threading headers for thread: 19ffc22af1a6056d
2026-08-17 21:12:58,362 - notification3ab8f474409a - INFO - Attached logo1 from: /usr/src/app/app/logo.png
2026-08-17 21:12:58,365 - notification3ab8f474409a - INFO - Attached logo2 from: /usr/src/app/app/logo2.png
2026-08-17 21:12:58,365 - notification3ab8f474409a - INFO - Looking for alert image at: /Aksha/ppe_test_cam1/alerts/2026-08-17/2026-08-17 21:12:55.98_alert.jpg
2026-08-17 21:12:58,374 - notification3ab8f474409a - INFO - Attached alert image: /Aksha/ppe_test_cam1/alerts/2026-08-17/2026-08-17 21:12:55.98_alert.jpg
2026-08-17 21:12:58,398 - notification3ab8f474409a - INFO - Sending email with threadId: 19ffc22af1a6056d
2026-08-17 21:12:59,157 - notification3ab8f474409a - ERROR - Error sending email: 



Too Many Requests

Content:
{'code': 429,
 'errors': [{'domain': 'global',
             'message': 'User-rate limit exceeded.  Retry after '
                        '2026-08-17T15:57:59.053Z (Mail sending)',
             'reason': 'rateLimitExceeded'}],
 'message': 'User-rate limit exceeded.  Retry after 2026-08-17T15:57:59.053Z '
            '(Mail sending)',
 'status': 'RESOURCE_EXHAUSTED'}

Request URL:
https://gmail.googleapis.com/gmail/v1/users/me/messages/send
2026-08-17 21:12:59,157 - notification3ab8f474409a - ERROR - Traceback: Traceback (most recent call last):
  File "/usr/src/app/app/socialPlatforms/email.py", line 767, in email_gmail
    response = await google.as_user(
  File "/usr/local/lib/python3.10/site-packages/aiogoogle/client.py", line 270, in as_user
    return await self.send(
  File "/usr/local/lib/python3.10/site-packages/aiogoogle/client.py", line 425, in send
    return await session.send(*args, **kwargs)
  File "/usr/local/lib/python3.10/site-packages/aiogoogle/sessions/aiohttp_session.py", line 192, in send
    results = await schedule_tasks()
  File "/usr/local/lib/python3.10/site-packages/aiogoogle/sessions/aiohttp_session.py", line 177, in schedule_tasks
    return await asyncio.gather(
  File "/usr/local/lib/python3.10/site-packages/aiogoogle/sessions/aiohttp_session.py", line 171, in get_content
    response = await get_response(request)
  File "/usr/local/lib/python3.10/site-packages/aiogoogle/sessions/aiohttp_session.py", line 167, in get_response
    response.raise_for_status()
  File "/usr/local/lib/python3.10/site-packages/aiogoogle/models.py", line 481, in raise_for_status
    raise HTTPError(msg=self.reason, req=self.req, res=self)
aiogoogle.excs.HTTPError: 



Too Many Requests

Content:
{'code': 429,
 'errors': [{'domain': 'global',
             'message': 'User-rate limit exceeded.  Retry after '
                        '2026-08-17T15:57:59.053Z (Mail sending)',
             'reason': 'rateLimitExceeded'}],
 'message': 'User-rate limit exceeded.  Retry after 2026-08-17T15:57:59.053Z '
            '(Mail sending)',
 'status': 'RESOURCE_EXHAUSTED'}

Request URL:
https://gmail.googleapis.com/gmail/v1/users/me/messages/send

2026-08-17 21:12:59,158 - notification3ab8f474409a - INFO - Updated threadId in app.config: 19ffc22af1a6056d
2026-08-17 21:12:59,159 - notification3ab8f474409a - INFO - [NOTIFICATION SENT] frame_id=None | camera=ppe_test_cam1 | Type=PPE Alert | topic=notification_results
2026-08-17 21:13:56,005 - notification3ab8f474409a - INFO - _poll_kafka: 1 message(s) received from Kafka
2026-08-17 21:13:56,005 - notification3ab8f474409a - INFO - [NOTIFICATION RECEIVED] frame_id=None | camera=ppe_test_cam1 | Type=PPE Alert | timestamp=2026-08-17 21:13:55.970000
2026-08-17 21:13:56,005 - notification3ab8f474409a - INFO - send_notifications | camera=ppe_test_cam1 | Type=PPE Alert | recipients=['your_actual_email@example.com'] | thread_id=19ffc22af1a6056d
2026-08-17 21:13:56,005 - notification3ab8f474409a - INFO - Queuing email task | camera=ppe_test_cam1 | to=['your_actual_email@example.com']
2026-08-17 21:13:56,005 - notification3ab8f474409a - INFO - Queuing telegram task | camera=ppe_test_cam1 | chat_ids=[]
2026-08-17 21:13:56,005 - notification3ab8f474409a - INFO - Running 2 notification task(s) | camera=ppe_test_cam1
2026-08-17 21:13:56,005 - notification3ab8f474409a - INFO - email gmail function started for camera: ppe_test_cam1, Type: PPE Alert
2026-08-17 21:13:56,005 - notification3ab8f474409a - INFO - DataPath: /Aksha, main_dir: /Aksha
2026-08-17 21:13:56,006 - notification3ab8f474409a - INFO - Loaded config from: /usr/src/app/app/socialPlatforms/keys.yaml
2026-08-17 21:13:56,007 - notification3ab8f474409a - INFO - Using threadId from namespace: 19ffc22af1a6056d
2026-08-17 21:13:56,007 - notification3ab8f474409a - INFO - Credentials loaded successfully
2026-08-17 21:13:56,007 - notification3ab8f474409a - INFO - telegram() | camera=ppe_test_cam1 | Type=PPE Alert | subscription=notification_results | service_status=True | chat_ids=[]
2026-08-17 21:13:56,007 - notification3ab8f474409a - ERROR - Missing chat_ids or bot_token for Telegram
2026-08-17 21:13:56,300 - notification3ab8f474409a - INFO - Gmail API discovered
2026-08-17 21:13:57,853 - notification3ab8f474409a - INFO - Added threading headers for thread: 19ffc22af1a6056d
2026-08-17 21:13:57,858 - notification3ab8f474409a - INFO - Attached logo1 from: /usr/src/app/app/logo.png
2026-08-17 21:13:57,862 - notification3ab8f474409a - INFO - Attached logo2 from: /usr/src/app/app/logo2.png
2026-08-17 21:13:57,863 - notification3ab8f474409a - INFO - Looking for alert image at: /Aksha/ppe_test_cam1/alerts/2026-08-17/2026-08-17 21:13:55.97_alert.jpg
2026-08-17 21:13:57,866 - notification3ab8f474409a - INFO - Attached alert image: /Aksha/ppe_test_cam1/alerts/2026-08-17/2026-08-17 21:13:55.97_alert.jpg
2026-08-17 21:13:57,873 - notification3ab8f474409a - INFO - Sending email with threadId: 19ffc22af1a6056d
2026-08-17 21:13:58,633 - notification3ab8f474409a - ERROR - Error sending email: 



Too Many Requests

Content:
{'code': 429,
 'errors': [{'domain': 'global',
             'message': 'User-rate limit exceeded.  Retry after '
                        '2026-08-17T15:58:58.531Z (Mail sending)',
             'reason': 'rateLimitExceeded'}],
 'message': 'User-rate limit exceeded.  Retry after 2026-08-17T15:58:58.531Z '
            '(Mail sending)',
 'status': 'RESOURCE_EXHAUSTED'}

Request URL:
https://gmail.googleapis.com/gmail/v1/users/me/messages/send
2026-08-17 21:13:58,633 - notification3ab8f474409a - ERROR - Traceback: Traceback (most recent call last):
  File "/usr/src/app/app/socialPlatforms/email.py", line 767, in email_gmail
    response = await google.as_user(
  File "/usr/local/lib/python3.10/site-packages/aiogoogle/client.py", line 270, in as_user
    return await self.send(
  File "/usr/local/lib/python3.10/site-packages/aiogoogle/client.py", line 425, in send
    return await session.send(*args, **kwargs)
  File "/usr/local/lib/python3.10/site-packages/aiogoogle/sessions/aiohttp_session.py", line 192, in send
    results = await schedule_tasks()
  File "/usr/local/lib/python3.10/site-packages/aiogoogle/sessions/aiohttp_session.py", line 177, in schedule_tasks
    return await asyncio.gather(
  File "/usr/local/lib/python3.10/site-packages/aiogoogle/sessions/aiohttp_session.py", line 171, in get_content
    response = await get_response(request)
  File "/usr/local/lib/python3.10/site-packages/aiogoogle/sessions/aiohttp_session.py", line 167, in get_response
    response.raise_for_status()
  File "/usr/local/lib/python3.10/site-packages/aiogoogle/models.py", line 481, in raise_for_status
    raise HTTPError(msg=self.reason, req=self.req, res=self)
aiogoogle.excs.HTTPError: 



Too Many Requests

Content:
{'code': 429,
 'errors': [{'domain': 'global',
             'message': 'User-rate limit exceeded.  Retry after '
                        '2026-08-17T15:58:58.531Z (Mail sending)',
             'reason': 'rateLimitExceeded'}],
 'message': 'User-rate limit exceeded.  Retry after 2026-08-17T15:58:58.531Z '
            '(Mail sending)',
 'status': 'RESOURCE_EXHAUSTED'}

Request URL:
https://gmail.googleapis.com/gmail/v1/users/me/messages/send

2026-08-17 21:13:58,635 - notification3ab8f474409a - INFO - Updated threadId in app.config: 19ffc22af1a6056d
2026-08-17 21:13:58,636 - notification3ab8f474409a - INFO - [NOTIFICATION SENT] frame_id=None | camera=ppe_test_cam1 | Type=PPE Alert | topic=notification_results
2026-08-17 21:14:56,108 - notification3ab8f474409a - INFO - _poll_kafka: 1 message(s) received from Kafka
2026-08-17 21:14:56,109 - notification3ab8f474409a - INFO - [NOTIFICATION RECEIVED] frame_id=None | camera=ppe_test_cam1 | Type=PPE Alert | timestamp=2026-08-17 21:14:56.060000
2026-08-17 21:14:56,109 - notification3ab8f474409a - INFO - send_notifications | camera=ppe_test_cam1 | Type=PPE Alert | recipients=['your_actual_email@example.com'] | thread_id=19ffc22af1a6056d
2026-08-17 21:14:56,109 - notification3ab8f474409a - INFO - Queuing email task | camera=ppe_test_cam1 | to=['your_actual_email@example.com']
2026-08-17 21:14:56,109 - notification3ab8f474409a - INFO - Queuing telegram task | camera=ppe_test_cam1 | chat_ids=[]
2026-08-17 21:14:56,109 - notification3ab8f474409a - INFO - Running 2 notification task(s) | camera=ppe_test_cam1
2026-08-17 21:14:56,109 - notification3ab8f474409a - INFO - email gmail function started for camera: ppe_test_cam1, Type: PPE Alert
2026-08-17 21:14:56,109 - notification3ab8f474409a - INFO - DataPath: /Aksha, main_dir: /Aksha
2026-08-17 21:14:56,110 - notification3ab8f474409a - INFO - Loaded config from: /usr/src/app/app/socialPlatforms/keys.yaml
2026-08-17 21:14:56,110 - notification3ab8f474409a - INFO - Using threadId from namespace: 19ffc22af1a6056d
2026-08-17 21:14:56,110 - notification3ab8f474409a - INFO - Credentials loaded successfully
2026-08-17 21:14:56,111 - notification3ab8f474409a - INFO - telegram() | camera=ppe_test_cam1 | Type=PPE Alert | subscription=notification_results | service_status=True | chat_ids=[]
2026-08-17 21:14:56,111 - notification3ab8f474409a - ERROR - Missing chat_ids or bot_token for Telegram
2026-08-17 21:14:56,429 - notification3ab8f474409a - INFO - Gmail API discovered
2026-08-17 21:14:57,933 - notification3ab8f474409a - INFO - Added threading headers for thread: 19ffc22af1a6056d
2026-08-17 21:14:57,933 - notification3ab8f474409a - INFO - Attached logo1 from: /usr/src/app/app/logo.png
2026-08-17 21:14:57,934 - notification3ab8f474409a - INFO - Attached logo2 from: /usr/src/app/app/logo2.png
2026-08-17 21:14:57,934 - notification3ab8f474409a - INFO - Looking for alert image at: /Aksha/ppe_test_cam1/alerts/2026-08-17/2026-08-17 21:14:56.06_alert.jpg
2026-08-17 21:14:57,936 - notification3ab8f474409a - INFO - Attached alert image: /Aksha/ppe_test_cam1/alerts/2026-08-17/2026-08-17 21:14:56.06_alert.jpg
2026-08-17 21:14:57,942 - notification3ab8f474409a - INFO - Sending email with threadId: 19ffc22af1a6056d
2026-08-17 21:14:58,703 - notification3ab8f474409a - ERROR - Error sending email: 



Too Many Requests

Content:
{'code': 429,
 'errors': [{'domain': 'global',
             'message': 'User-rate limit exceeded.  Retry after '
                        '2026-08-17T15:59:58.598Z (Mail sending)',
             'reason': 'rateLimitExceeded'}],
 'message': 'User-rate limit exceeded.  Retry after 2026-08-17T15:59:58.598Z '
            '(Mail sending)',
 'status': 'RESOURCE_EXHAUSTED'}

Request URL:
https://gmail.googleapis.com/gmail/v1/users/me/messages/send
2026-08-17 21:14:58,703 - notification3ab8f474409a - ERROR - Traceback: Traceback (most recent call last):
  File "/usr/src/app/app/socialPlatforms/email.py", line 767, in email_gmail
    response = await google.as_user(
  File "/usr/local/lib/python3.10/site-packages/aiogoogle/client.py", line 270, in as_user
    return await self.send(
  File "/usr/local/lib/python3.10/site-packages/aiogoogle/client.py", line 425, in send
    return await session.send(*args, **kwargs)
  File "/usr/local/lib/python3.10/site-packages/aiogoogle/sessions/aiohttp_session.py", line 192, in send
    results = await schedule_tasks()
  File "/usr/local/lib/python3.10/site-packages/aiogoogle/sessions/aiohttp_session.py", line 177, in schedule_tasks
    return await asyncio.gather(
  File "/usr/local/lib/python3.10/site-packages/aiogoogle/sessions/aiohttp_session.py", line 171, in get_content
    response = await get_response(request)
  File "/usr/local/lib/python3.10/site-packages/aiogoogle/sessions/aiohttp_session.py", line 167, in get_response
    response.raise_for_status()
  File "/usr/local/lib/python3.10/site-packages/aiogoogle/models.py", line 481, in raise_for_status
    raise HTTPError(msg=self.reason, req=self.req, res=self)
aiogoogle.excs.HTTPError: 



Too Many Requests

Content:
{'code': 429,
 'errors': [{'domain': 'global',
             'message': 'User-rate limit exceeded.  Retry after '
                        '2026-08-17T15:59:58.598Z (Mail sending)',
             'reason': 'rateLimitExceeded'}],
 'message': 'User-rate limit exceeded.  Retry after 2026-08-17T15:59:58.598Z '
            '(Mail sending)',
 'status': 'RESOURCE_EXHAUSTED'}

Request URL:
https://gmail.googleapis.com/gmail/v1/users/me/messages/send

2026-08-17 21:14:58,704 - notification3ab8f474409a - INFO - Updated threadId in app.config: 19ffc22af1a6056d
2026-08-17 21:14:58,704 - notification3ab8f474409a - INFO - [NOTIFICATION SENT] frame_id=None | camera=ppe_test_cam1 | Type=PPE Alert | topic=notification_results
2026-08-17 21:15:56,155 - notification3ab8f474409a - INFO - _poll_kafka: 1 message(s) received from Kafka
2026-08-17 21:15:56,155 - notification3ab8f474409a - INFO - [NOTIFICATION RECEIVED] frame_id=None | camera=ppe_test_cam1 | Type=PPE Alert | timestamp=2026-08-17 21:15:56.100000
2026-08-17 21:15:56,155 - notification3ab8f474409a - INFO - send_notifications | camera=ppe_test_cam1 | Type=PPE Alert | recipients=['your_actual_email@example.com'] | thread_id=19ffc22af1a6056d
2026-08-17 21:15:56,155 - notification3ab8f474409a - INFO - Queuing email task | camera=ppe_test_cam1 | to=['your_actual_email@example.com']
2026-08-17 21:15:56,156 - notification3ab8f474409a - INFO - Queuing telegram task | camera=ppe_test_cam1 | chat_ids=[]
2026-08-17 21:15:56,156 - notification3ab8f474409a - INFO - Running 2 notification task(s) | camera=ppe_test_cam1
2026-08-17 21:15:56,156 - notification3ab8f474409a - INFO - email gmail function started for camera: ppe_test_cam1, Type: PPE Alert
2026-08-17 21:15:56,156 - notification3ab8f474409a - INFO - DataPath: /Aksha, main_dir: /Aksha
2026-08-17 21:15:56,157 - notification3ab8f474409a - INFO - Loaded config from: /usr/src/app/app/socialPlatforms/keys.yaml
2026-08-17 21:15:56,157 - notification3ab8f474409a - INFO - Using threadId from namespace: 19ffc22af1a6056d
2026-08-17 21:15:56,157 - notification3ab8f474409a - INFO - Credentials loaded successfully
2026-08-17 21:15:56,158 - notification3ab8f474409a - INFO - telegram() | camera=ppe_test_cam1 | Type=PPE Alert | subscription=notification_results | service_status=True | chat_ids=[]
2026-08-17 21:15:56,158 - notification3ab8f474409a - ERROR - Missing chat_ids or bot_token for Telegram
2026-08-17 21:15:56,464 - notification3ab8f474409a - INFO - Gmail API discovered
2026-08-17 21:15:57,931 - notification3ab8f474409a - INFO - Added threading headers for thread: 19ffc22af1a6056d
2026-08-17 21:15:57,931 - notification3ab8f474409a - INFO - Attached logo1 from: /usr/src/app/app/logo.png
2026-08-17 21:15:57,932 - notification3ab8f474409a - INFO - Attached logo2 from: /usr/src/app/app/logo2.png
2026-08-17 21:15:57,932 - notification3ab8f474409a - INFO - Looking for alert image at: /Aksha/ppe_test_cam1/alerts/2026-08-17/2026-08-17 21:15:56.10_alert.jpg
2026-08-17 21:15:57,934 - notification3ab8f474409a - INFO - Attached alert image: /Aksha/ppe_test_cam1/alerts/2026-08-17/2026-08-17 21:15:56.10_alert.jpg
2026-08-17 21:15:57,941 - notification3ab8f474409a - INFO - Sending email with threadId: 19ffc22af1a6056d
2026-08-17 21:15:58,711 - notification3ab8f474409a - ERROR - Error sending email: 



Too Many Requests

Content:
{'code': 429,
 'errors': [{'domain': 'global',
             'message': 'User-rate limit exceeded.  Retry after '
                        '2026-08-17T16:00:58.608Z (Mail sending)',
             'reason': 'rateLimitExceeded'}],
 'message': 'User-rate limit exceeded.  Retry after 2026-08-17T16:00:58.608Z '
            '(Mail sending)',
 'status': 'RESOURCE_EXHAUSTED'}

Request URL:
https://gmail.googleapis.com/gmail/v1/users/me/messages/send
2026-08-17 21:15:58,711 - notification3ab8f474409a - ERROR - Traceback: Traceback (most recent call last):
  File "/usr/src/app/app/socialPlatforms/email.py", line 767, in email_gmail
    response = await google.as_user(
  File "/usr/local/lib/python3.10/site-packages/aiogoogle/client.py", line 270, in as_user
    return await self.send(
  File "/usr/local/lib/python3.10/site-packages/aiogoogle/client.py", line 425, in send
    return await session.send(*args, **kwargs)
  File "/usr/local/lib/python3.10/site-packages/aiogoogle/sessions/aiohttp_session.py", line 192, in send
    results = await schedule_tasks()
  File "/usr/local/lib/python3.10/site-packages/aiogoogle/sessions/aiohttp_session.py", line 177, in schedule_tasks
    return await asyncio.gather(
  File "/usr/local/lib/python3.10/site-packages/aiogoogle/sessions/aiohttp_session.py", line 171, in get_content
    response = await get_response(request)
  File "/usr/local/lib/python3.10/site-packages/aiogoogle/sessions/aiohttp_session.py", line 167, in get_response
    response.raise_for_status()
  File "/usr/local/lib/python3.10/site-packages/aiogoogle/models.py", line 481, in raise_for_status
    raise HTTPError(msg=self.reason, req=self.req, res=self)
aiogoogle.excs.HTTPError: 



Too Many Requests

Content:
{'code': 429,
 'errors': [{'domain': 'global',
             'message': 'User-rate limit exceeded.  Retry after '
                        '2026-08-17T16:00:58.608Z (Mail sending)',
             'reason': 'rateLimitExceeded'}],
 'message': 'User-rate limit exceeded.  Retry after 2026-08-17T16:00:58.608Z '
            '(Mail sending)',
 'status': 'RESOURCE_EXHAUSTED'}

Request URL:
https://gmail.googleapis.com/gmail/v1/users/me/messages/send

2026-08-17 21:15:58,713 - notification3ab8f474409a - INFO - Updated threadId in app.config: 19ffc22af1a6056d
2026-08-17 21:15:58,713 - notification3ab8f474409a - INFO - [NOTIFICATION SENT] frame_id=None | camera=ppe_test_cam1 | Type=PPE Alert | topic=notification_results
2026-08-17 21:16:56,153 - notification3ab8f474409a - INFO - _poll_kafka: 1 message(s) received from Kafka
2026-08-17 21:16:56,153 - notification3ab8f474409a - INFO - [NOTIFICATION RECEIVED] frame_id=None | camera=ppe_test_cam1 | Type=PPE Alert | timestamp=2026-08-17 21:16:56.120000
2026-08-17 21:16:56,153 - notification3ab8f474409a - INFO - send_notifications | camera=ppe_test_cam1 | Type=PPE Alert | recipients=['your_actual_email@example.com'] | thread_id=19ffc22af1a6056d
2026-08-17 21:16:56,153 - notification3ab8f474409a - INFO - Queuing email task | camera=ppe_test_cam1 | to=['your_actual_email@example.com']
2026-08-17 21:16:56,153 - notification3ab8f474409a - INFO - Queuing telegram task | camera=ppe_test_cam1 | chat_ids=[]
2026-08-17 21:16:56,154 - notification3ab8f474409a - INFO - Running 2 notification task(s) | camera=ppe_test_cam1
2026-08-17 21:16:56,154 - notification3ab8f474409a - INFO - email gmail function started for camera: ppe_test_cam1, Type: PPE Alert
2026-08-17 21:16:56,154 - notification3ab8f474409a - INFO - DataPath: /Aksha, main_dir: /Aksha
2026-08-17 21:16:56,155 - notification3ab8f474409a - INFO - Loaded config from: /usr/src/app/app/socialPlatforms/keys.yaml
2026-08-17 21:16:56,155 - notification3ab8f474409a - INFO - Using threadId from namespace: 19ffc22af1a6056d
2026-08-17 21:16:56,155 - notification3ab8f474409a - INFO - Credentials loaded successfully
2026-08-17 21:16:56,155 - notification3ab8f474409a - INFO - telegram() | camera=ppe_test_cam1 | Type=PPE Alert | subscription=notification_results | service_status=True | chat_ids=[]
2026-08-17 21:16:56,155 - notification3ab8f474409a - ERROR - Missing chat_ids or bot_token for Telegram
2026-08-17 21:16:56,445 - notification3ab8f474409a - INFO - Gmail API discovered
2026-08-17 21:16:57,863 - notification3ab8f474409a - INFO - Added threading headers for thread: 19ffc22af1a6056d
2026-08-17 21:16:57,866 - notification3ab8f474409a - INFO - Attached logo1 from: /usr/src/app/app/logo.png
2026-08-17 21:16:57,868 - notification3ab8f474409a - INFO - Attached logo2 from: /usr/src/app/app/logo2.png
2026-08-17 21:16:57,871 - notification3ab8f474409a - INFO - Looking for alert image at: /Aksha/ppe_test_cam1/alerts/2026-08-17/2026-08-17 21:16:56.12_alert.jpg
2026-08-17 21:16:57,876 - notification3ab8f474409a - INFO - Attached alert image: /Aksha/ppe_test_cam1/alerts/2026-08-17/2026-08-17 21:16:56.12_alert.jpg
2026-08-17 21:16:57,882 - notification3ab8f474409a - INFO - Sending email with threadId: 19ffc22af1a6056d
2026-08-17 21:16:58,646 - notification3ab8f474409a - ERROR - Error sending email: 



Too Many Requests

Content:
{'code': 429,
 'errors': [{'domain': 'global',
             'message': 'User-rate limit exceeded.  Retry after '
                        '2026-08-17T16:01:58.544Z (Mail sending)',
             'reason': 'rateLimitExceeded'}],
 'message': 'User-rate limit exceeded.  Retry after 2026-08-17T16:01:58.544Z '
            '(Mail sending)',
 'status': 'RESOURCE_EXHAUSTED'}

Request URL:
https://gmail.googleapis.com/gmail/v1/users/me/messages/send
2026-08-17 21:16:58,649 - notification3ab8f474409a - ERROR - Traceback: Traceback (most recent call last):
  File "/usr/src/app/app/socialPlatforms/email.py", line 767, in email_gmail
    response = await google.as_user(
  File "/usr/local/lib/python3.10/site-packages/aiogoogle/client.py", line 270, in as_user
    return await self.send(
  File "/usr/local/lib/python3.10/site-packages/aiogoogle/client.py", line 425, in send
    return await session.send(*args, **kwargs)
  File "/usr/local/lib/python3.10/site-packages/aiogoogle/sessions/aiohttp_session.py", line 192, in send
    results = await schedule_tasks()
  File "/usr/local/lib/python3.10/site-packages/aiogoogle/sessions/aiohttp_session.py", line 177, in schedule_tasks
    return await asyncio.gather(
  File "/usr/local/lib/python3.10/site-packages/aiogoogle/sessions/aiohttp_session.py", line 171, in get_content
    response = await get_response(request)
  File "/usr/local/lib/python3.10/site-packages/aiogoogle/sessions/aiohttp_session.py", line 167, in get_response
    response.raise_for_status()
  File "/usr/local/lib/python3.10/site-packages/aiogoogle/models.py", line 481, in raise_for_status
    raise HTTPError(msg=self.reason, req=self.req, res=self)
aiogoogle.excs.HTTPError: 



Too Many Requests

Content:
{'code': 429,
 'errors': [{'domain': 'global',
             'message': 'User-rate limit exceeded.  Retry after '
                        '2026-08-17T16:01:58.544Z (Mail sending)',
             'reason': 'rateLimitExceeded'}],
 'message': 'User-rate limit exceeded.  Retry after 2026-08-17T16:01:58.544Z '
            '(Mail sending)',
 'status': 'RESOURCE_EXHAUSTED'}

Request URL:
https://gmail.googleapis.com/gmail/v1/users/me/messages/send

2026-08-17 21:16:58,650 - notification3ab8f474409a - INFO - Updated threadId in app.config: 19ffc22af1a6056d
2026-08-17 21:16:58,651 - notification3ab8f474409a - INFO - [NOTIFICATION SENT] frame_id=None | camera=ppe_test_cam1 | Type=PPE Alert | topic=notification_results
2026-08-17 21:17:56,183 - notification3ab8f474409a - INFO - _poll_kafka: 1 message(s) received from Kafka
2026-08-17 21:17:56,183 - notification3ab8f474409a - INFO - [NOTIFICATION RECEIVED] frame_id=None | camera=ppe_test_cam1 | Type=PPE Alert | timestamp=2026-08-17 21:17:56.150000
2026-08-17 21:17:56,183 - notification3ab8f474409a - INFO - send_notifications | camera=ppe_test_cam1 | Type=PPE Alert | recipients=['your_actual_email@example.com'] | thread_id=19ffc22af1a6056d
2026-08-17 21:17:56,183 - notification3ab8f474409a - INFO - Queuing email task | camera=ppe_test_cam1 | to=['your_actual_email@example.com']
2026-08-17 21:17:56,184 - notification3ab8f474409a - INFO - Queuing telegram task | camera=ppe_test_cam1 | chat_ids=[]
2026-08-17 21:17:56,184 - notification3ab8f474409a - INFO - Running 2 notification task(s) | camera=ppe_test_cam1
2026-08-17 21:17:56,184 - notification3ab8f474409a - INFO - email gmail function started for camera: ppe_test_cam1, Type: PPE Alert
2026-08-17 21:17:56,184 - notification3ab8f474409a - INFO - DataPath: /Aksha, main_dir: /Aksha
2026-08-17 21:17:56,185 - notification3ab8f474409a - INFO - Loaded config from: /usr/src/app/app/socialPlatforms/keys.yaml
2026-08-17 21:17:56,185 - notification3ab8f474409a - INFO - Using threadId from namespace: 19ffc22af1a6056d
2026-08-17 21:17:56,185 - notification3ab8f474409a - INFO - Credentials loaded successfully
2026-08-17 21:17:56,186 - notification3ab8f474409a - INFO - telegram() | camera=ppe_test_cam1 | Type=PPE Alert | subscription=notification_results | service_status=True | chat_ids=[]
2026-08-17 21:17:56,186 - notification3ab8f474409a - ERROR - Missing chat_ids or bot_token for Telegram
2026-08-17 21:17:56,494 - notification3ab8f474409a - INFO - Gmail API discovered
2026-08-17 21:17:58,372 - notification3ab8f474409a - INFO - Added threading headers for thread: 19ffc22af1a6056d
2026-08-17 21:17:58,373 - notification3ab8f474409a - INFO - Attached logo1 from: /usr/src/app/app/logo.png
2026-08-17 21:17:58,374 - notification3ab8f474409a - INFO - Attached logo2 from: /usr/src/app/app/logo2.png
2026-08-17 21:17:58,374 - notification3ab8f474409a - INFO - Looking for alert image at: /Aksha/ppe_test_cam1/alerts/2026-08-17/2026-08-17 21:17:56.15_alert.jpg
2026-08-17 21:17:58,377 - notification3ab8f474409a - INFO - Attached alert image: /Aksha/ppe_test_cam1/alerts/2026-08-17/2026-08-17 21:17:56.15_alert.jpg
2026-08-17 21:17:58,386 - notification3ab8f474409a - INFO - Sending email with threadId: 19ffc22af1a6056d
2026-08-17 21:17:59,474 - notification3ab8f474409a - ERROR - Error sending email: 



Too Many Requests

Content:
{'code': 429,
 'errors': [{'domain': 'global',
             'message': 'User-rate limit exceeded.  Retry after '
                        '2026-08-17T16:02:59.370Z (Mail sending)',
             'reason': 'rateLimitExceeded'}],
 'message': 'User-rate limit exceeded.  Retry after 2026-08-17T16:02:59.370Z '
            '(Mail sending)',
 'status': 'RESOURCE_EXHAUSTED'}

Request URL:
https://gmail.googleapis.com/gmail/v1/users/me/messages/send
2026-08-17 21:17:59,475 - notification3ab8f474409a - ERROR - Traceback: Traceback (most recent call last):
  File "/usr/src/app/app/socialPlatforms/email.py", line 767, in email_gmail
    response = await google.as_user(
  File "/usr/local/lib/python3.10/site-packages/aiogoogle/client.py", line 270, in as_user
    return await self.send(
  File "/usr/local/lib/python3.10/site-packages/aiogoogle/client.py", line 425, in send
    return await session.send(*args, **kwargs)
  File "/usr/local/lib/python3.10/site-packages/aiogoogle/sessions/aiohttp_session.py", line 192, in send
    results = await schedule_tasks()
  File "/usr/local/lib/python3.10/site-packages/aiogoogle/sessions/aiohttp_session.py", line 177, in schedule_tasks
    return await asyncio.gather(
  File "/usr/local/lib/python3.10/site-packages/aiogoogle/sessions/aiohttp_session.py", line 171, in get_content
    response = await get_response(request)
  File "/usr/local/lib/python3.10/site-packages/aiogoogle/sessions/aiohttp_session.py", line 167, in get_response
    response.raise_for_status()
  File "/usr/local/lib/python3.10/site-packages/aiogoogle/models.py", line 481, in raise_for_status
    raise HTTPError(msg=self.reason, req=self.req, res=self)
aiogoogle.excs.HTTPError: 



Too Many Requests

Content:
{'code': 429,
 'errors': [{'domain': 'global',
             'message': 'User-rate limit exceeded.  Retry after '
                        '2026-08-17T16:02:59.370Z (Mail sending)',
             'reason': 'rateLimitExceeded'}],
 'message': 'User-rate limit exceeded.  Retry after 2026-08-17T16:02:59.370Z '
            '(Mail sending)',
 'status': 'RESOURCE_EXHAUSTED'}

Request URL:
https://gmail.googleapis.com/gmail/v1/users/me/messages/send

2026-08-17 21:17:59,478 - notification3ab8f474409a - INFO - Updated threadId in app.config: 19ffc22af1a6056d
2026-08-17 21:17:59,481 - notification3ab8f474409a - INFO - [NOTIFICATION SENT] frame_id=None | camera=ppe_test_cam1 | Type=PPE Alert | topic=notification_results
2026-08-17 21:18:56,185 - notification3ab8f474409a - INFO - _poll_kafka: 1 message(s) received from Kafka
2026-08-17 21:18:56,185 - notification3ab8f474409a - INFO - [NOTIFICATION RECEIVED] frame_id=None | camera=ppe_test_cam1 | Type=PPE Alert | timestamp=2026-08-17 21:18:56.120000
2026-08-17 21:18:56,185 - notification3ab8f474409a - INFO - send_notifications | camera=ppe_test_cam1 | Type=PPE Alert | recipients=['your_actual_email@example.com'] | thread_id=19ffc22af1a6056d
2026-08-17 21:18:56,185 - notification3ab8f474409a - INFO - Queuing email task | camera=ppe_test_cam1 | to=['your_actual_email@example.com']
2026-08-17 21:18:56,185 - notification3ab8f474409a - INFO - Queuing telegram task | camera=ppe_test_cam1 | chat_ids=[]
2026-08-17 21:18:56,185 - notification3ab8f474409a - INFO - Running 2 notification task(s) | camera=ppe_test_cam1
2026-08-17 21:18:56,186 - notification3ab8f474409a - INFO - email gmail function started for camera: ppe_test_cam1, Type: PPE Alert
2026-08-17 21:18:56,186 - notification3ab8f474409a - INFO - DataPath: /Aksha, main_dir: /Aksha
2026-08-17 21:18:56,187 - notification3ab8f474409a - INFO - Loaded config from: /usr/src/app/app/socialPlatforms/keys.yaml
2026-08-17 21:18:56,187 - notification3ab8f474409a - INFO - Using threadId from namespace: 19ffc22af1a6056d
2026-08-17 21:18:56,187 - notification3ab8f474409a - INFO - Credentials loaded successfully
2026-08-17 21:18:56,188 - notification3ab8f474409a - INFO - telegram() | camera=ppe_test_cam1 | Type=PPE Alert | subscription=notification_results | service_status=True | chat_ids=[]
2026-08-17 21:18:56,188 - notification3ab8f474409a - ERROR - Missing chat_ids or bot_token for Telegram
2026-08-17 21:18:56,471 - notification3ab8f474409a - INFO - Gmail API discovered
2026-08-17 21:18:58,597 - notification3ab8f474409a - INFO - Added threading headers for thread: 19ffc22af1a6056d
2026-08-17 21:18:58,601 - notification3ab8f474409a - INFO - Attached logo1 from: /usr/src/app/app/logo.png
2026-08-17 21:18:58,605 - notification3ab8f474409a - INFO - Attached logo2 from: /usr/src/app/app/logo2.png
2026-08-17 21:18:58,606 - notification3ab8f474409a - INFO - Looking for alert image at: /Aksha/ppe_test_cam1/alerts/2026-08-17/2026-08-17 21:18:56.12_alert.jpg
2026-08-17 21:18:58,615 - notification3ab8f474409a - INFO - Attached alert image: /Aksha/ppe_test_cam1/alerts/2026-08-17/2026-08-17 21:18:56.12_alert.jpg
2026-08-17 21:18:58,630 - notification3ab8f474409a - INFO - Sending email with threadId: 19ffc22af1a6056d
2026-08-17 21:18:59,391 - notification3ab8f474409a - ERROR - Error sending email: 



Too Many Requests

Content:
{'code': 429,
 'errors': [{'domain': 'global',
             'message': 'User-rate limit exceeded.  Retry after '
                        '2026-08-17T16:03:59.291Z (Mail sending)',
             'reason': 'rateLimitExceeded'}],
 'message': 'User-rate limit exceeded.  Retry after 2026-08-17T16:03:59.291Z '
            '(Mail sending)',
 'status': 'RESOURCE_EXHAUSTED'}

Request URL:
https://gmail.googleapis.com/gmail/v1/users/me/messages/send
2026-08-17 21:18:59,392 - notification3ab8f474409a - ERROR - Traceback: Traceback (most recent call last):
  File "/usr/src/app/app/socialPlatforms/email.py", line 767, in email_gmail
    response = await google.as_user(
  File "/usr/local/lib/python3.10/site-packages/aiogoogle/client.py", line 270, in as_user
    return await self.send(
  File "/usr/local/lib/python3.10/site-packages/aiogoogle/client.py", line 425, in send
    return await session.send(*args, **kwargs)
  File "/usr/local/lib/python3.10/site-packages/aiogoogle/sessions/aiohttp_session.py", line 192, in send
    results = await schedule_tasks()
  File "/usr/local/lib/python3.10/site-packages/aiogoogle/sessions/aiohttp_session.py", line 177, in schedule_tasks
    return await asyncio.gather(
  File "/usr/local/lib/python3.10/site-packages/aiogoogle/sessions/aiohttp_session.py", line 171, in get_content
    response = await get_response(request)
  File "/usr/local/lib/python3.10/site-packages/aiogoogle/sessions/aiohttp_session.py", line 167, in get_response
    response.raise_for_status()
  File "/usr/local/lib/python3.10/site-packages/aiogoogle/models.py", line 481, in raise_for_status
    raise HTTPError(msg=self.reason, req=self.req, res=self)
aiogoogle.excs.HTTPError: 



Too Many Requests

Content:
{'code': 429,
 'errors': [{'domain': 'global',
             'message': 'User-rate limit exceeded.  Retry after '
                        '2026-08-17T16:03:59.291Z (Mail sending)',
             'reason': 'rateLimitExceeded'}],
 'message': 'User-rate limit exceeded.  Retry after 2026-08-17T16:03:59.291Z '
            '(Mail sending)',
 'status': 'RESOURCE_EXHAUSTED'}

Request URL:
https://gmail.googleapis.com/gmail/v1/users/me/messages/send

2026-08-17 21:18:59,396 - notification3ab8f474409a - INFO - Updated threadId in app.config: 19ffc22af1a6056d
2026-08-17 21:18:59,397 - notification3ab8f474409a - INFO - [NOTIFICATION SENT] frame_id=None | camera=ppe_test_cam1 | Type=PPE Alert | topic=notification_results
2026-08-17 21:19:56,069 - notification3ab8f474409a - INFO - _poll_kafka: 1 message(s) received from Kafka
2026-08-17 21:19:56,069 - notification3ab8f474409a - INFO - [NOTIFICATION RECEIVED] frame_id=None | camera=ppe_test_cam1 | Type=PPE Alert | timestamp=2026-08-17 21:19:56.040000
2026-08-17 21:19:56,069 - notification3ab8f474409a - INFO - send_notifications | camera=ppe_test_cam1 | Type=PPE Alert | recipients=['your_actual_email@example.com'] | thread_id=19ffc22af1a6056d
2026-08-17 21:19:56,069 - notification3ab8f474409a - INFO - Queuing email task | camera=ppe_test_cam1 | to=['your_actual_email@example.com']
2026-08-17 21:19:56,069 - notification3ab8f474409a - INFO - Queuing telegram task | camera=ppe_test_cam1 | chat_ids=[]
2026-08-17 21:19:56,069 - notification3ab8f474409a - INFO - Running 2 notification task(s) | camera=ppe_test_cam1
2026-08-17 21:19:56,069 - notification3ab8f474409a - INFO - email gmail function started for camera: ppe_test_cam1, Type: PPE Alert
2026-08-17 21:19:56,070 - notification3ab8f474409a - INFO - DataPath: /Aksha, main_dir: /Aksha
2026-08-17 21:19:56,071 - notification3ab8f474409a - INFO - Loaded config from: /usr/src/app/app/socialPlatforms/keys.yaml
2026-08-17 21:19:56,071 - notification3ab8f474409a - INFO - Using threadId from namespace: 19ffc22af1a6056d
2026-08-17 21:19:56,071 - notification3ab8f474409a - INFO - Credentials loaded successfully
2026-08-17 21:19:56,071 - notification3ab8f474409a - INFO - telegram() | camera=ppe_test_cam1 | Type=PPE Alert | subscription=notification_results | service_status=True | chat_ids=[]
2026-08-17 21:19:56,071 - notification3ab8f474409a - ERROR - Missing chat_ids or bot_token for Telegram
2026-08-17 21:19:56,373 - notification3ab8f474409a - INFO - Gmail API discovered
2026-08-17 21:19:57,815 - notification3ab8f474409a - INFO - Added threading headers for thread: 19ffc22af1a6056d
2026-08-17 21:19:57,818 - notification3ab8f474409a - INFO - Attached logo1 from: /usr/src/app/app/logo.png
2026-08-17 21:19:57,821 - notification3ab8f474409a - INFO - Attached logo2 from: /usr/src/app/app/logo2.png
2026-08-17 21:19:57,822 - notification3ab8f474409a - INFO - Looking for alert image at: /Aksha/ppe_test_cam1/alerts/2026-08-17/2026-08-17 21:19:56.04_alert.jpg
2026-08-17 21:19:57,826 - notification3ab8f474409a - INFO - Attached alert image: /Aksha/ppe_test_cam1/alerts/2026-08-17/2026-08-17 21:19:56.04_alert.jpg
2026-08-17 21:19:57,852 - notification3ab8f474409a - INFO - Sending email with threadId: 19ffc22af1a6056d
2026-08-17 21:19:58,629 - notification3ab8f474409a - ERROR - Error sending email: 



Too Many Requests

Content:
{'code': 429,
 'errors': [{'domain': 'global',
             'message': 'User-rate limit exceeded.  Retry after '
                        '2026-08-17T16:04:58.530Z (Mail sending)',
             'reason': 'rateLimitExceeded'}],
 'message': 'User-rate limit exceeded.  Retry after 2026-08-17T16:04:58.530Z '
            '(Mail sending)',
 'status': 'RESOURCE_EXHAUSTED'}

Request URL:
https://gmail.googleapis.com/gmail/v1/users/me/messages/send
2026-08-17 21:19:58,629 - notification3ab8f474409a - ERROR - Traceback: Traceback (most recent call last):
  File "/usr/src/app/app/socialPlatforms/email.py", line 767, in email_gmail
    response = await google.as_user(
  File "/usr/local/lib/python3.10/site-packages/aiogoogle/client.py", line 270, in as_user
    return await self.send(
  File "/usr/local/lib/python3.10/site-packages/aiogoogle/client.py", line 425, in send
    return await session.send(*args, **kwargs)
  File "/usr/local/lib/python3.10/site-packages/aiogoogle/sessions/aiohttp_session.py", line 192, in send
    results = await schedule_tasks()
  File "/usr/local/lib/python3.10/site-packages/aiogoogle/sessions/aiohttp_session.py", line 177, in schedule_tasks
    return await asyncio.gather(
  File "/usr/local/lib/python3.10/site-packages/aiogoogle/sessions/aiohttp_session.py", line 171, in get_content
    response = await get_response(request)
  File "/usr/local/lib/python3.10/site-packages/aiogoogle/sessions/aiohttp_session.py", line 167, in get_response
    response.raise_for_status()
  File "/usr/local/lib/python3.10/site-packages/aiogoogle/models.py", line 481, in raise_for_status
    raise HTTPError(msg=self.reason, req=self.req, res=self)
aiogoogle.excs.HTTPError: 



Too Many Requests

Content:
{'code': 429,
 'errors': [{'domain': 'global',
             'message': 'User-rate limit exceeded.  Retry after '
                        '2026-08-17T16:04:58.530Z (Mail sending)',
             'reason': 'rateLimitExceeded'}],
 'message': 'User-rate limit exceeded.  Retry after 2026-08-17T16:04:58.530Z '
            '(Mail sending)',
 'status': 'RESOURCE_EXHAUSTED'}

Request URL:
https://gmail.googleapis.com/gmail/v1/users/me/messages/send

2026-08-17 21:19:58,631 - notification3ab8f474409a - INFO - Updated threadId in app.config: 19ffc22af1a6056d
2026-08-17 21:19:58,631 - notification3ab8f474409a - INFO - [NOTIFICATION SENT] frame_id=None | camera=ppe_test_cam1 | Type=PPE Alert | topic=notification_results
2026-08-17 21:20:56,141 - notification3ab8f474409a - INFO - _poll_kafka: 1 message(s) received from Kafka
2026-08-17 21:20:56,141 - notification3ab8f474409a - INFO - [NOTIFICATION RECEIVED] frame_id=None | camera=ppe_test_cam1 | Type=PPE Alert | timestamp=2026-08-17 21:20:56.110000
2026-08-17 21:20:56,142 - notification3ab8f474409a - INFO - send_notifications | camera=ppe_test_cam1 | Type=PPE Alert | recipients=['your_actual_email@example.com'] | thread_id=19ffc22af1a6056d
2026-08-17 21:20:56,142 - notification3ab8f474409a - INFO - Queuing email task | camera=ppe_test_cam1 | to=['your_actual_email@example.com']
2026-08-17 21:20:56,142 - notification3ab8f474409a - INFO - Queuing telegram task | camera=ppe_test_cam1 | chat_ids=[]
2026-08-17 21:20:56,142 - notification3ab8f474409a - INFO - Running 2 notification task(s) | camera=ppe_test_cam1
2026-08-17 21:20:56,142 - notification3ab8f474409a - INFO - email gmail function started for camera: ppe_test_cam1, Type: PPE Alert
2026-08-17 21:20:56,142 - notification3ab8f474409a - INFO - DataPath: /Aksha, main_dir: /Aksha
2026-08-17 21:20:56,143 - notification3ab8f474409a - INFO - Loaded config from: /usr/src/app/app/socialPlatforms/keys.yaml
2026-08-17 21:20:56,143 - notification3ab8f474409a - INFO - Using threadId from namespace: 19ffc22af1a6056d
2026-08-17 21:20:56,143 - notification3ab8f474409a - INFO - Credentials loaded successfully
2026-08-17 21:20:56,144 - notification3ab8f474409a - INFO - telegram() | camera=ppe_test_cam1 | Type=PPE Alert | subscription=notification_results | service_status=True | chat_ids=[]
2026-08-17 21:20:56,144 - notification3ab8f474409a - ERROR - Missing chat_ids or bot_token for Telegram
2026-08-17 21:20:56,436 - notification3ab8f474409a - INFO - Gmail API discovered
2026-08-17 21:20:57,963 - notification3ab8f474409a - INFO - Added threading headers for thread: 19ffc22af1a6056d
2026-08-17 21:20:57,963 - notification3ab8f474409a - INFO - Attached logo1 from: /usr/src/app/app/logo.png
2026-08-17 21:20:57,964 - notification3ab8f474409a - INFO - Attached logo2 from: /usr/src/app/app/logo2.png
2026-08-17 21:20:57,964 - notification3ab8f474409a - INFO - Looking for alert image at: /Aksha/ppe_test_cam1/alerts/2026-08-17/2026-08-17 21:20:56.11_alert.jpg
2026-08-17 21:20:57,966 - notification3ab8f474409a - INFO - Attached alert image: /Aksha/ppe_test_cam1/alerts/2026-08-17/2026-08-17 21:20:56.11_alert.jpg
2026-08-17 21:20:57,973 - notification3ab8f474409a - INFO - Sending email with threadId: 19ffc22af1a6056d
2026-08-17 21:20:58,797 - notification3ab8f474409a - ERROR - Error sending email: 



Too Many Requests

Content:
{'code': 429,
 'errors': [{'domain': 'global',
             'message': 'User-rate limit exceeded.  Retry after '
                        '2026-08-17T16:05:58.683Z (Mail sending)',
             'reason': 'rateLimitExceeded'}],
 'message': 'User-rate limit exceeded.  Retry after 2026-08-17T16:05:58.683Z '
            '(Mail sending)',
 'status': 'RESOURCE_EXHAUSTED'}

Request URL:
https://gmail.googleapis.com/gmail/v1/users/me/messages/send
2026-08-17 21:20:58,798 - notification3ab8f474409a - ERROR - Traceback: Traceback (most recent call last):
  File "/usr/src/app/app/socialPlatforms/email.py", line 767, in email_gmail
    response = await google.as_user(
  File "/usr/local/lib/python3.10/site-packages/aiogoogle/client.py", line 270, in as_user
    return await self.send(
  File "/usr/local/lib/python3.10/site-packages/aiogoogle/client.py", line 425, in send
    return await session.send(*args, **kwargs)
  File "/usr/local/lib/python3.10/site-packages/aiogoogle/sessions/aiohttp_session.py", line 192, in send
    results = await schedule_tasks()
  File "/usr/local/lib/python3.10/site-packages/aiogoogle/sessions/aiohttp_session.py", line 177, in schedule_tasks
    return await asyncio.gather(
  File "/usr/local/lib/python3.10/site-packages/aiogoogle/sessions/aiohttp_session.py", line 171, in get_content
    response = await get_response(request)
  File "/usr/local/lib/python3.10/site-packages/aiogoogle/sessions/aiohttp_session.py", line 167, in get_response
    response.raise_for_status()
  File "/usr/local/lib/python3.10/site-packages/aiogoogle/models.py", line 481, in raise_for_status
    raise HTTPError(msg=self.reason, req=self.req, res=self)
aiogoogle.excs.HTTPError: 



Too Many Requests

Content:
{'code': 429,
 'errors': [{'domain': 'global',
             'message': 'User-rate limit exceeded.  Retry after '
                        '2026-08-17T16:05:58.683Z (Mail sending)',
             'reason': 'rateLimitExceeded'}],
 'message': 'User-rate limit exceeded.  Retry after 2026-08-17T16:05:58.683Z '
            '(Mail sending)',
 'status': 'RESOURCE_EXHAUSTED'}

Request URL:
https://gmail.googleapis.com/gmail/v1/users/me/messages/send

2026-08-17 21:20:58,803 - notification3ab8f474409a - INFO - Updated threadId in app.config: 19ffc22af1a6056d
2026-08-17 21:20:58,803 - notification3ab8f474409a - INFO - [NOTIFICATION SENT] frame_id=None | camera=ppe_test_cam1 | Type=PPE Alert | topic=notification_results
2026-08-17 21:21:56,151 - notification3ab8f474409a - INFO - _poll_kafka: 1 message(s) received from Kafka
2026-08-17 21:21:56,151 - notification3ab8f474409a - INFO - [NOTIFICATION RECEIVED] frame_id=None | camera=ppe_test_cam1 | Type=PPE Alert | timestamp=2026-08-17 21:21:56.100000
2026-08-17 21:21:56,151 - notification3ab8f474409a - INFO - send_notifications | camera=ppe_test_cam1 | Type=PPE Alert | recipients=['your_actual_email@example.com'] | thread_id=19ffc22af1a6056d
2026-08-17 21:21:56,151 - notification3ab8f474409a - INFO - Queuing email task | camera=ppe_test_cam1 | to=['your_actual_email@example.com']
2026-08-17 21:21:56,152 - notification3ab8f474409a - INFO - Queuing telegram task | camera=ppe_test_cam1 | chat_ids=[]
2026-08-17 21:21:56,152 - notification3ab8f474409a - INFO - Running 2 notification task(s) | camera=ppe_test_cam1
2026-08-17 21:21:56,152 - notification3ab8f474409a - INFO - email gmail function started for camera: ppe_test_cam1, Type: PPE Alert
2026-08-17 21:21:56,152 - notification3ab8f474409a - INFO - DataPath: /Aksha, main_dir: /Aksha
2026-08-17 21:21:56,153 - notification3ab8f474409a - INFO - Loaded config from: /usr/src/app/app/socialPlatforms/keys.yaml
2026-08-17 21:21:56,153 - notification3ab8f474409a - INFO - Using threadId from namespace: 19ffc22af1a6056d
2026-08-17 21:21:56,153 - notification3ab8f474409a - INFO - Credentials loaded successfully
2026-08-17 21:21:56,154 - notification3ab8f474409a - INFO - telegram() | camera=ppe_test_cam1 | Type=PPE Alert | subscription=notification_results | service_status=True | chat_ids=[]
2026-08-17 21:21:56,154 - notification3ab8f474409a - ERROR - Missing chat_ids or bot_token for Telegram
2026-08-17 21:21:56,441 - notification3ab8f474409a - INFO - Gmail API discovered
2026-08-17 21:21:57,527 - notification3ab8f474409a - INFO - Added threading headers for thread: 19ffc22af1a6056d
2026-08-17 21:21:57,533 - notification3ab8f474409a - INFO - Attached logo1 from: /usr/src/app/app/logo.png
2026-08-17 21:21:57,542 - notification3ab8f474409a - INFO - Attached logo2 from: /usr/src/app/app/logo2.png
2026-08-17 21:21:57,545 - notification3ab8f474409a - INFO - Looking for alert image at: /Aksha/ppe_test_cam1/alerts/2026-08-17/2026-08-17 21:21:56.10_alert.jpg
2026-08-17 21:21:57,564 - notification3ab8f474409a - INFO - Attached alert image: /Aksha/ppe_test_cam1/alerts/2026-08-17/2026-08-17 21:21:56.10_alert.jpg
2026-08-17 21:21:57,597 - notification3ab8f474409a - INFO - Sending email with threadId: 19ffc22af1a6056d
2026-08-17 21:21:58,366 - notification3ab8f474409a - ERROR - Error sending email: 



Too Many Requests

Content:
{'code': 429,
 'errors': [{'domain': 'global',
             'message': 'User-rate limit exceeded.  Retry after '
                        '2026-08-17T16:06:58.271Z (Mail sending)',
             'reason': 'rateLimitExceeded'}],
 'message': 'User-rate limit exceeded.  Retry after 2026-08-17T16:06:58.271Z '
            '(Mail sending)',
 'status': 'RESOURCE_EXHAUSTED'}

Request URL:
https://gmail.googleapis.com/gmail/v1/users/me/messages/send
2026-08-17 21:21:58,367 - notification3ab8f474409a - ERROR - Traceback: Traceback (most recent call last):
  File "/usr/src/app/app/socialPlatforms/email.py", line 767, in email_gmail
    response = await google.as_user(
  File "/usr/local/lib/python3.10/site-packages/aiogoogle/client.py", line 270, in as_user
    return await self.send(
  File "/usr/local/lib/python3.10/site-packages/aiogoogle/client.py", line 425, in send
    return await session.send(*args, **kwargs)
  File "/usr/local/lib/python3.10/site-packages/aiogoogle/sessions/aiohttp_session.py", line 192, in send
    results = await schedule_tasks()
  File "/usr/local/lib/python3.10/site-packages/aiogoogle/sessions/aiohttp_session.py", line 177, in schedule_tasks
    return await asyncio.gather(
  File "/usr/local/lib/python3.10/site-packages/aiogoogle/sessions/aiohttp_session.py", line 171, in get_content
    response = await get_response(request)
  File "/usr/local/lib/python3.10/site-packages/aiogoogle/sessions/aiohttp_session.py", line 167, in get_response
    response.raise_for_status()
  File "/usr/local/lib/python3.10/site-packages/aiogoogle/models.py", line 481, in raise_for_status
    raise HTTPError(msg=self.reason, req=self.req, res=self)
aiogoogle.excs.HTTPError: 



Too Many Requests

Content:
{'code': 429,
 'errors': [{'domain': 'global',
             'message': 'User-rate limit exceeded.  Retry after '
                        '2026-08-17T16:06:58.271Z (Mail sending)',
             'reason': 'rateLimitExceeded'}],
 'message': 'User-rate limit exceeded.  Retry after 2026-08-17T16:06:58.271Z '
            '(Mail sending)',
 'status': 'RESOURCE_EXHAUSTED'}

Request URL:
https://gmail.googleapis.com/gmail/v1/users/me/messages/send

2026-08-17 21:21:58,371 - notification3ab8f474409a - INFO - Updated threadId in app.config: 19ffc22af1a6056d
2026-08-17 21:21:58,372 - notification3ab8f474409a - INFO - [NOTIFICATION SENT] frame_id=None | camera=ppe_test_cam1 | Type=PPE Alert | topic=notification_results
2026-08-17 21:22:56,119 - notification3ab8f474409a - INFO - _poll_kafka: 1 message(s) received from Kafka
2026-08-17 21:22:56,120 - notification3ab8f474409a - INFO - [NOTIFICATION RECEIVED] frame_id=None | camera=ppe_test_cam1 | Type=PPE Alert | timestamp=2026-08-17 21:22:56.080000
2026-08-17 21:22:56,121 - notification3ab8f474409a - INFO - send_notifications | camera=ppe_test_cam1 | Type=PPE Alert | recipients=['your_actual_email@example.com'] | thread_id=19ffc22af1a6056d
2026-08-17 21:22:56,122 - notification3ab8f474409a - INFO - Queuing email task | camera=ppe_test_cam1 | to=['your_actual_email@example.com']
2026-08-17 21:22:56,123 - notification3ab8f474409a - INFO - Queuing telegram task | camera=ppe_test_cam1 | chat_ids=[]
2026-08-17 21:22:56,123 - notification3ab8f474409a - INFO - Running 2 notification task(s) | camera=ppe_test_cam1
2026-08-17 21:22:56,123 - notification3ab8f474409a - INFO - email gmail function started for camera: ppe_test_cam1, Type: PPE Alert
2026-08-17 21:22:56,123 - notification3ab8f474409a - INFO - DataPath: /Aksha, main_dir: /Aksha
2026-08-17 21:22:56,129 - notification3ab8f474409a - INFO - Loaded config from: /usr/src/app/app/socialPlatforms/keys.yaml
2026-08-17 21:22:56,130 - notification3ab8f474409a - INFO - Using threadId from namespace: 19ffc22af1a6056d
2026-08-17 21:22:56,130 - notification3ab8f474409a - INFO - Credentials loaded successfully
2026-08-17 21:22:56,132 - notification3ab8f474409a - INFO - telegram() | camera=ppe_test_cam1 | Type=PPE Alert | subscription=notification_results | service_status=True | chat_ids=[]
2026-08-17 21:22:56,132 - notification3ab8f474409a - ERROR - Missing chat_ids or bot_token for Telegram
2026-08-17 21:22:56,431 - notification3ab8f474409a - INFO - Gmail API discovered
2026-08-17 21:22:57,952 - notification3ab8f474409a - INFO - Added threading headers for thread: 19ffc22af1a6056d
2026-08-17 21:22:57,952 - notification3ab8f474409a - INFO - Attached logo1 from: /usr/src/app/app/logo.png
2026-08-17 21:22:57,954 - notification3ab8f474409a - INFO - Attached logo2 from: /usr/src/app/app/logo2.png
2026-08-17 21:22:57,954 - notification3ab8f474409a - INFO - Looking for alert image at: /Aksha/ppe_test_cam1/alerts/2026-08-17/2026-08-17 21:22:56.08_alert.jpg
2026-08-17 21:22:57,956 - notification3ab8f474409a - INFO - Attached alert image: /Aksha/ppe_test_cam1/alerts/2026-08-17/2026-08-17 21:22:56.08_alert.jpg
2026-08-17 21:22:57,961 - notification3ab8f474409a - INFO - Sending email with threadId: 19ffc22af1a6056d
2026-08-17 21:22:58,724 - notification3ab8f474409a - ERROR - Error sending email: 



Too Many Requests

Content:
{'code': 429,
 'errors': [{'domain': 'global',
             'message': 'User-rate limit exceeded.  Retry after '
                        '2026-08-17T16:07:58.636Z (Mail sending)',
             'reason': 'rateLimitExceeded'}],
 'message': 'User-rate limit exceeded.  Retry after 2026-08-17T16:07:58.636Z '
            '(Mail sending)',
 'status': 'RESOURCE_EXHAUSTED'}

Request URL:
https://gmail.googleapis.com/gmail/v1/users/me/messages/send
2026-08-17 21:22:58,725 - notification3ab8f474409a - ERROR - Traceback: Traceback (most recent call last):
  File "/usr/src/app/app/socialPlatforms/email.py", line 767, in email_gmail
    response = await google.as_user(
  File "/usr/local/lib/python3.10/site-packages/aiogoogle/client.py", line 270, in as_user
    return await self.send(
  File "/usr/local/lib/python3.10/site-packages/aiogoogle/client.py", line 425, in send
    return await session.send(*args, **kwargs)
  File "/usr/local/lib/python3.10/site-packages/aiogoogle/sessions/aiohttp_session.py", line 192, in send
    results = await schedule_tasks()
  File "/usr/local/lib/python3.10/site-packages/aiogoogle/sessions/aiohttp_session.py", line 177, in schedule_tasks
    return await asyncio.gather(
  File "/usr/local/lib/python3.10/site-packages/aiogoogle/sessions/aiohttp_session.py", line 171, in get_content
    response = await get_response(request)
  File "/usr/local/lib/python3.10/site-packages/aiogoogle/sessions/aiohttp_session.py", line 167, in get_response
    response.raise_for_status()
  File "/usr/local/lib/python3.10/site-packages/aiogoogle/models.py", line 481, in raise_for_status
    raise HTTPError(msg=self.reason, req=self.req, res=self)
aiogoogle.excs.HTTPError: 



Too Many Requests

Content:
{'code': 429,
 'errors': [{'domain': 'global',
             'message': 'User-rate limit exceeded.  Retry after '
                        '2026-08-17T16:07:58.636Z (Mail sending)',
             'reason': 'rateLimitExceeded'}],
 'message': 'User-rate limit exceeded.  Retry after 2026-08-17T16:07:58.636Z '
            '(Mail sending)',
 'status': 'RESOURCE_EXHAUSTED'}

Request URL:
https://gmail.googleapis.com/gmail/v1/users/me/messages/send

2026-08-17 21:22:58,728 - notification3ab8f474409a - INFO - Updated threadId in app.config: 19ffc22af1a6056d
2026-08-17 21:22:58,728 - notification3ab8f474409a - INFO - [NOTIFICATION SENT] frame_id=None | camera=ppe_test_cam1 | Type=PPE Alert | topic=notification_results
2026-08-17 21:23:56,116 - notification3ab8f474409a - INFO - _poll_kafka: 1 message(s) received from Kafka
2026-08-17 21:23:56,117 - notification3ab8f474409a - INFO - [NOTIFICATION RECEIVED] frame_id=None | camera=ppe_test_cam1 | Type=PPE Alert | timestamp=2026-08-17 21:23:56.080000
2026-08-17 21:23:56,117 - notification3ab8f474409a - INFO - send_notifications | camera=ppe_test_cam1 | Type=PPE Alert | recipients=['your_actual_email@example.com'] | thread_id=19ffc22af1a6056d
2026-08-17 21:23:56,117 - notification3ab8f474409a - INFO - Queuing email task | camera=ppe_test_cam1 | to=['your_actual_email@example.com']
2026-08-17 21:23:56,117 - notification3ab8f474409a - INFO - Queuing telegram task | camera=ppe_test_cam1 | chat_ids=[]
2026-08-17 21:23:56,117 - notification3ab8f474409a - INFO - Running 2 notification task(s) | camera=ppe_test_cam1
2026-08-17 21:23:56,117 - notification3ab8f474409a - INFO - email gmail function started for camera: ppe_test_cam1, Type: PPE Alert
2026-08-17 21:23:56,117 - notification3ab8f474409a - INFO - DataPath: /Aksha, main_dir: /Aksha
2026-08-17 21:23:56,119 - notification3ab8f474409a - INFO - Loaded config from: /usr/src/app/app/socialPlatforms/keys.yaml
2026-08-17 21:23:56,119 - notification3ab8f474409a - INFO - Using threadId from namespace: 19ffc22af1a6056d
2026-08-17 21:23:56,119 - notification3ab8f474409a - INFO - Credentials loaded successfully
2026-08-17 21:23:56,119 - notification3ab8f474409a - INFO - telegram() | camera=ppe_test_cam1 | Type=PPE Alert | subscription=notification_results | service_status=True | chat_ids=[]
2026-08-17 21:23:56,119 - notification3ab8f474409a - ERROR - Missing chat_ids or bot_token for Telegram
2026-08-17 21:23:56,488 - notification3ab8f474409a - INFO - Gmail API discovered
2026-08-17 21:23:57,716 - notification3ab8f474409a - INFO - Added threading headers for thread: 19ffc22af1a6056d
2026-08-17 21:23:57,719 - notification3ab8f474409a - INFO - Attached logo1 from: /usr/src/app/app/logo.png
2026-08-17 21:23:57,719 - notification3ab8f474409a - INFO - Attached logo2 from: /usr/src/app/app/logo2.png
2026-08-17 21:23:57,720 - notification3ab8f474409a - INFO - Looking for alert image at: /Aksha/ppe_test_cam1/alerts/2026-08-17/2026-08-17 21:23:56.08_alert.jpg
2026-08-17 21:23:57,721 - notification3ab8f474409a - INFO - Attached alert image: /Aksha/ppe_test_cam1/alerts/2026-08-17/2026-08-17 21:23:56.08_alert.jpg
2026-08-17 21:23:57,727 - notification3ab8f474409a - INFO - Sending email with threadId: 19ffc22af1a6056d
2026-08-17 21:23:58,489 - notification3ab8f474409a - ERROR - Error sending email: 



Too Many Requests

Content:
{'code': 429,
 'errors': [{'domain': 'global',
             'message': 'User-rate limit exceeded.  Retry after '
                        '2026-08-17T16:08:58.392Z (Mail sending)',
             'reason': 'rateLimitExceeded'}],
 'message': 'User-rate limit exceeded.  Retry after 2026-08-17T16:08:58.392Z '
            '(Mail sending)',
 'status': 'RESOURCE_EXHAUSTED'}

Request URL:
https://gmail.googleapis.com/gmail/v1/users/me/messages/send
2026-08-17 21:23:58,491 - notification3ab8f474409a - ERROR - Traceback: Traceback (most recent call last):
  File "/usr/src/app/app/socialPlatforms/email.py", line 767, in email_gmail
    response = await google.as_user(
  File "/usr/local/lib/python3.10/site-packages/aiogoogle/client.py", line 270, in as_user
    return await self.send(
  File "/usr/local/lib/python3.10/site-packages/aiogoogle/client.py", line 425, in send
    return await session.send(*args, **kwargs)
  File "/usr/local/lib/python3.10/site-packages/aiogoogle/sessions/aiohttp_session.py", line 192, in send
    results = await schedule_tasks()
  File "/usr/local/lib/python3.10/site-packages/aiogoogle/sessions/aiohttp_session.py", line 177, in schedule_tasks
    return await asyncio.gather(
  File "/usr/local/lib/python3.10/site-packages/aiogoogle/sessions/aiohttp_session.py", line 171, in get_content
    response = await get_response(request)
  File "/usr/local/lib/python3.10/site-packages/aiogoogle/sessions/aiohttp_session.py", line 167, in get_response
    response.raise_for_status()
  File "/usr/local/lib/python3.10/site-packages/aiogoogle/models.py", line 481, in raise_for_status
    raise HTTPError(msg=self.reason, req=self.req, res=self)
aiogoogle.excs.HTTPError: 



Too Many Requests

Content:
{'code': 429,
 'errors': [{'domain': 'global',
             'message': 'User-rate limit exceeded.  Retry after '
                        '2026-08-17T16:08:58.392Z (Mail sending)',
             'reason': 'rateLimitExceeded'}],
 'message': 'User-rate limit exceeded.  Retry after 2026-08-17T16:08:58.392Z '
            '(Mail sending)',
 'status': 'RESOURCE_EXHAUSTED'}

Request URL:
https://gmail.googleapis.com/gmail/v1/users/me/messages/send

2026-08-17 21:23:58,495 - notification3ab8f474409a - INFO - Updated threadId in app.config: 19ffc22af1a6056d
2026-08-17 21:23:58,496 - notification3ab8f474409a - INFO - [NOTIFICATION SENT] frame_id=None | camera=ppe_test_cam1 | Type=PPE Alert | topic=notification_results
2026-08-17 21:24:56,036 - notification3ab8f474409a - INFO - _poll_kafka: 1 message(s) received from Kafka
2026-08-17 21:24:56,037 - notification3ab8f474409a - INFO - [NOTIFICATION RECEIVED] frame_id=None | camera=ppe_test_cam1 | Type=PPE Alert | timestamp=2026-08-17 21:24:55.980000
2026-08-17 21:24:56,037 - notification3ab8f474409a - INFO - send_notifications | camera=ppe_test_cam1 | Type=PPE Alert | recipients=['your_actual_email@example.com'] | thread_id=19ffc22af1a6056d
2026-08-17 21:24:56,037 - notification3ab8f474409a - INFO - Queuing email task | camera=ppe_test_cam1 | to=['your_actual_email@example.com']
2026-08-17 21:24:56,037 - notification3ab8f474409a - INFO - Queuing telegram task | camera=ppe_test_cam1 | chat_ids=[]
2026-08-17 21:24:56,037 - notification3ab8f474409a - INFO - Running 2 notification task(s) | camera=ppe_test_cam1
2026-08-17 21:24:56,037 - notification3ab8f474409a - INFO - email gmail function started for camera: ppe_test_cam1, Type: PPE Alert
2026-08-17 21:24:56,037 - notification3ab8f474409a - INFO - DataPath: /Aksha, main_dir: /Aksha
2026-08-17 21:24:56,038 - notification3ab8f474409a - INFO - Loaded config from: /usr/src/app/app/socialPlatforms/keys.yaml
2026-08-17 21:24:56,039 - notification3ab8f474409a - INFO - Using threadId from namespace: 19ffc22af1a6056d
2026-08-17 21:24:56,039 - notification3ab8f474409a - INFO - Credentials loaded successfully
2026-08-17 21:24:56,039 - notification3ab8f474409a - INFO - telegram() | camera=ppe_test_cam1 | Type=PPE Alert | subscription=notification_results | service_status=True | chat_ids=[]
2026-08-17 21:24:56,039 - notification3ab8f474409a - ERROR - Missing chat_ids or bot_token for Telegram
2026-08-17 21:24:56,336 - notification3ab8f474409a - INFO - Gmail API discovered
2026-08-17 21:24:58,963 - notification3ab8f474409a - INFO - Added threading headers for thread: 19ffc22af1a6056d
2026-08-17 21:24:58,963 - notification3ab8f474409a - INFO - Attached logo1 from: /usr/src/app/app/logo.png
2026-08-17 21:24:58,964 - notification3ab8f474409a - INFO - Attached logo2 from: /usr/src/app/app/logo2.png
2026-08-17 21:24:58,964 - notification3ab8f474409a - INFO - Looking for alert image at: /Aksha/ppe_test_cam1/alerts/2026-08-17/2026-08-17 21:24:55.98_alert.jpg
2026-08-17 21:24:58,966 - notification3ab8f474409a - INFO - Attached alert image: /Aksha/ppe_test_cam1/alerts/2026-08-17/2026-08-17 21:24:55.98_alert.jpg
2026-08-17 21:24:58,974 - notification3ab8f474409a - INFO - Sending email with threadId: 19ffc22af1a6056d
2026-08-17 21:25:00,043 - notification3ab8f474409a - ERROR - Error sending email: 



Too Many Requests

Content:
{'code': 429,
 'errors': [{'domain': 'global',
             'message': 'User-rate limit exceeded.  Retry after '
                        '2026-08-17T16:09:59.946Z (Mail sending)',
             'reason': 'rateLimitExceeded'}],
 'message': 'User-rate limit exceeded.  Retry after 2026-08-17T16:09:59.946Z '
            '(Mail sending)',
 'status': 'RESOURCE_EXHAUSTED'}

Request URL:
https://gmail.googleapis.com/gmail/v1/users/me/messages/send
2026-08-17 21:25:00,043 - notification3ab8f474409a - ERROR - Traceback: Traceback (most recent call last):
  File "/usr/src/app/app/socialPlatforms/email.py", line 767, in email_gmail
    response = await google.as_user(
  File "/usr/local/lib/python3.10/site-packages/aiogoogle/client.py", line 270, in as_user
    return await self.send(
  File "/usr/local/lib/python3.10/site-packages/aiogoogle/client.py", line 425, in send
    return await session.send(*args, **kwargs)
  File "/usr/local/lib/python3.10/site-packages/aiogoogle/sessions/aiohttp_session.py", line 192, in send
    results = await schedule_tasks()
  File "/usr/local/lib/python3.10/site-packages/aiogoogle/sessions/aiohttp_session.py", line 177, in schedule_tasks
    return await asyncio.gather(
  File "/usr/local/lib/python3.10/site-packages/aiogoogle/sessions/aiohttp_session.py", line 171, in get_content
    response = await get_response(request)
  File "/usr/local/lib/python3.10/site-packages/aiogoogle/sessions/aiohttp_session.py", line 167, in get_response
    response.raise_for_status()
  File "/usr/local/lib/python3.10/site-packages/aiogoogle/models.py", line 481, in raise_for_status
    raise HTTPError(msg=self.reason, req=self.req, res=self)
aiogoogle.excs.HTTPError: 



Too Many Requests

Content:
{'code': 429,
 'errors': [{'domain': 'global',
             'message': 'User-rate limit exceeded.  Retry after '
                        '2026-08-17T16:09:59.946Z (Mail sending)',
             'reason': 'rateLimitExceeded'}],
 'message': 'User-rate limit exceeded.  Retry after 2026-08-17T16:09:59.946Z '
            '(Mail sending)',
 'status': 'RESOURCE_EXHAUSTED'}

Request URL:
https://gmail.googleapis.com/gmail/v1/users/me/messages/send

2026-08-17 21:25:00,044 - notification3ab8f474409a - INFO - Updated threadId in app.config: 19ffc22af1a6056d
2026-08-17 21:25:00,044 - notification3ab8f474409a - INFO - [NOTIFICATION SENT] frame_id=None | camera=ppe_test_cam1 | Type=PPE Alert | topic=notification_results
2026-08-17 21:25:56,111 - notification3ab8f474409a - INFO - _poll_kafka: 1 message(s) received from Kafka
2026-08-17 21:25:56,111 - notification3ab8f474409a - INFO - [NOTIFICATION RECEIVED] frame_id=None | camera=ppe_test_cam1 | Type=PPE Alert | timestamp=2026-08-17 21:25:56.080000
2026-08-17 21:25:56,112 - notification3ab8f474409a - INFO - send_notifications | camera=ppe_test_cam1 | Type=PPE Alert | recipients=['your_actual_email@example.com'] | thread_id=19ffc22af1a6056d
2026-08-17 21:25:56,112 - notification3ab8f474409a - INFO - Queuing email task | camera=ppe_test_cam1 | to=['your_actual_email@example.com']
2026-08-17 21:25:56,112 - notification3ab8f474409a - INFO - Queuing telegram task | camera=ppe_test_cam1 | chat_ids=[]
2026-08-17 21:25:56,112 - notification3ab8f474409a - INFO - Running 2 notification task(s) | camera=ppe_test_cam1
2026-08-17 21:25:56,112 - notification3ab8f474409a - INFO - email gmail function started for camera: ppe_test_cam1, Type: PPE Alert
2026-08-17 21:25:56,112 - notification3ab8f474409a - INFO - DataPath: /Aksha, main_dir: /Aksha
2026-08-17 21:25:56,113 - notification3ab8f474409a - INFO - Loaded config from: /usr/src/app/app/socialPlatforms/keys.yaml
2026-08-17 21:25:56,113 - notification3ab8f474409a - INFO - Using threadId from namespace: 19ffc22af1a6056d
2026-08-17 21:25:56,113 - notification3ab8f474409a - INFO - Credentials loaded successfully
2026-08-17 21:25:56,114 - notification3ab8f474409a - INFO - telegram() | camera=ppe_test_cam1 | Type=PPE Alert | subscription=notification_results | service_status=True | chat_ids=[]
2026-08-17 21:25:56,114 - notification3ab8f474409a - ERROR - Missing chat_ids or bot_token for Telegram
2026-08-17 21:25:57,042 - notification3ab8f474409a - INFO - Gmail API discovered
2026-08-17 21:25:59,193 - notification3ab8f474409a - INFO - Added threading headers for thread: 19ffc22af1a6056d
2026-08-17 21:25:59,193 - notification3ab8f474409a - INFO - Attached logo1 from: /usr/src/app/app/logo.png
2026-08-17 21:25:59,194 - notification3ab8f474409a - INFO - Attached logo2 from: /usr/src/app/app/logo2.png
2026-08-17 21:25:59,194 - notification3ab8f474409a - INFO - Looking for alert image at: /Aksha/ppe_test_cam1/alerts/2026-08-17/2026-08-17 21:25:56.08_alert.jpg
2026-08-17 21:25:59,197 - notification3ab8f474409a - INFO - Attached alert image: /Aksha/ppe_test_cam1/alerts/2026-08-17/2026-08-17 21:25:56.08_alert.jpg
2026-08-17 21:25:59,210 - notification3ab8f474409a - INFO - Sending email with threadId: 19ffc22af1a6056d
2026-08-17 21:25:59,972 - notification3ab8f474409a - ERROR - Error sending email: 



Too Many Requests

Content:
{'code': 429,
 'errors': [{'domain': 'global',
             'message': 'User-rate limit exceeded.  Retry after '
                        '2026-08-17T16:10:59.877Z (Mail sending)',
             'reason': 'rateLimitExceeded'}],
 'message': 'User-rate limit exceeded.  Retry after 2026-08-17T16:10:59.877Z '
            '(Mail sending)',
 'status': 'RESOURCE_EXHAUSTED'}

Request URL:
https://gmail.googleapis.com/gmail/v1/users/me/messages/send
2026-08-17 21:25:59,973 - notification3ab8f474409a - ERROR - Traceback: Traceback (most recent call last):
  File "/usr/src/app/app/socialPlatforms/email.py", line 767, in email_gmail
    response = await google.as_user(
  File "/usr/local/lib/python3.10/site-packages/aiogoogle/client.py", line 270, in as_user
    return await self.send(
  File "/usr/local/lib/python3.10/site-packages/aiogoogle/client.py", line 425, in send
    return await session.send(*args, **kwargs)
  File "/usr/local/lib/python3.10/site-packages/aiogoogle/sessions/aiohttp_session.py", line 192, in send
    results = await schedule_tasks()
  File "/usr/local/lib/python3.10/site-packages/aiogoogle/sessions/aiohttp_session.py", line 177, in schedule_tasks
    return await asyncio.gather(
  File "/usr/local/lib/python3.10/site-packages/aiogoogle/sessions/aiohttp_session.py", line 171, in get_content
    response = await get_response(request)
  File "/usr/local/lib/python3.10/site-packages/aiogoogle/sessions/aiohttp_session.py", line 167, in get_response
    response.raise_for_status()
  File "/usr/local/lib/python3.10/site-packages/aiogoogle/models.py", line 481, in raise_for_status
    raise HTTPError(msg=self.reason, req=self.req, res=self)
aiogoogle.excs.HTTPError: 



Too Many Requests

Content:
{'code': 429,
 'errors': [{'domain': 'global',
             'message': 'User-rate limit exceeded.  Retry after '
                        '2026-08-17T16:10:59.877Z (Mail sending)',
             'reason': 'rateLimitExceeded'}],
 'message': 'User-rate limit exceeded.  Retry after 2026-08-17T16:10:59.877Z '
            '(Mail sending)',
 'status': 'RESOURCE_EXHAUSTED'}

Request URL:
https://gmail.googleapis.com/gmail/v1/users/me/messages/send

2026-08-17 21:25:59,974 - notification3ab8f474409a - INFO - Updated threadId in app.config: 19ffc22af1a6056d
2026-08-17 21:25:59,974 - notification3ab8f474409a - INFO - [NOTIFICATION SENT] frame_id=None | camera=ppe_test_cam1 | Type=PPE Alert | topic=notification_results
2026-08-17 21:26:56,234 - notification3ab8f474409a - INFO - _poll_kafka: 1 message(s) received from Kafka
2026-08-17 21:26:56,234 - notification3ab8f474409a - INFO - [NOTIFICATION RECEIVED] frame_id=None | camera=ppe_test_cam1 | Type=PPE Alert | timestamp=2026-08-17 21:26:56.200000
2026-08-17 21:26:56,234 - notification3ab8f474409a - INFO - send_notifications | camera=ppe_test_cam1 | Type=PPE Alert | recipients=['your_actual_email@example.com'] | thread_id=19ffc22af1a6056d
2026-08-17 21:26:56,234 - notification3ab8f474409a - INFO - Queuing email task | camera=ppe_test_cam1 | to=['your_actual_email@example.com']
2026-08-17 21:26:56,234 - notification3ab8f474409a - INFO - Queuing telegram task | camera=ppe_test_cam1 | chat_ids=[]
2026-08-17 21:26:56,235 - notification3ab8f474409a - INFO - Running 2 notification task(s) | camera=ppe_test_cam1
2026-08-17 21:26:56,235 - notification3ab8f474409a - INFO - email gmail function started for camera: ppe_test_cam1, Type: PPE Alert
2026-08-17 21:26:56,235 - notification3ab8f474409a - INFO - DataPath: /Aksha, main_dir: /Aksha
2026-08-17 21:26:56,236 - notification3ab8f474409a - INFO - Loaded config from: /usr/src/app/app/socialPlatforms/keys.yaml
2026-08-17 21:26:56,236 - notification3ab8f474409a - INFO - Using threadId from namespace: 19ffc22af1a6056d
2026-08-17 21:26:56,236 - notification3ab8f474409a - INFO - Credentials loaded successfully
2026-08-17 21:26:56,236 - notification3ab8f474409a - INFO - telegram() | camera=ppe_test_cam1 | Type=PPE Alert | subscription=notification_results | service_status=True | chat_ids=[]
2026-08-17 21:26:56,236 - notification3ab8f474409a - ERROR - Missing chat_ids or bot_token for Telegram
2026-08-17 21:26:56,541 - notification3ab8f474409a - INFO - Gmail API discovered
2026-08-17 21:26:57,733 - notification3ab8f474409a - INFO - Added threading headers for thread: 19ffc22af1a6056d
2026-08-17 21:26:57,733 - notification3ab8f474409a - INFO - Attached logo1 from: /usr/src/app/app/logo.png
2026-08-17 21:26:57,734 - notification3ab8f474409a - INFO - Attached logo2 from: /usr/src/app/app/logo2.png
2026-08-17 21:26:57,734 - notification3ab8f474409a - INFO - Looking for alert image at: /Aksha/ppe_test_cam1/alerts/2026-08-17/2026-08-17 21:26:56.20_alert.jpg
2026-08-17 21:26:57,736 - notification3ab8f474409a - INFO - Attached alert image: /Aksha/ppe_test_cam1/alerts/2026-08-17/2026-08-17 21:26:56.20_alert.jpg
2026-08-17 21:26:57,741 - notification3ab8f474409a - INFO - Sending email with threadId: 19ffc22af1a6056d
2026-08-17 21:26:58,494 - notification3ab8f474409a - ERROR - Error sending email: 



Too Many Requests

Content:
{'code': 429,
 'errors': [{'domain': 'global',
             'message': 'User-rate limit exceeded.  Retry after '
                        '2026-08-17T16:11:58.400Z (Mail sending)',
             'reason': 'rateLimitExceeded'}],
 'message': 'User-rate limit exceeded.  Retry after 2026-08-17T16:11:58.400Z '
            '(Mail sending)',
 'status': 'RESOURCE_EXHAUSTED'}

Request URL:
https://gmail.googleapis.com/gmail/v1/users/me/messages/send
2026-08-17 21:26:58,495 - notification3ab8f474409a - ERROR - Traceback: Traceback (most recent call last):
  File "/usr/src/app/app/socialPlatforms/email.py", line 767, in email_gmail
    response = await google.as_user(
  File "/usr/local/lib/python3.10/site-packages/aiogoogle/client.py", line 270, in as_user
    return await self.send(
  File "/usr/local/lib/python3.10/site-packages/aiogoogle/client.py", line 425, in send
    return await session.send(*args, **kwargs)
  File "/usr/local/lib/python3.10/site-packages/aiogoogle/sessions/aiohttp_session.py", line 192, in send
    results = await schedule_tasks()
  File "/usr/local/lib/python3.10/site-packages/aiogoogle/sessions/aiohttp_session.py", line 177, in schedule_tasks
    return await asyncio.gather(
  File "/usr/local/lib/python3.10/site-packages/aiogoogle/sessions/aiohttp_session.py", line 171, in get_content
    response = await get_response(request)
  File "/usr/local/lib/python3.10/site-packages/aiogoogle/sessions/aiohttp_session.py", line 167, in get_response
    response.raise_for_status()
  File "/usr/local/lib/python3.10/site-packages/aiogoogle/models.py", line 481, in raise_for_status
    raise HTTPError(msg=self.reason, req=self.req, res=self)
aiogoogle.excs.HTTPError: 



Too Many Requests

Content:
{'code': 429,
 'errors': [{'domain': 'global',
             'message': 'User-rate limit exceeded.  Retry after '
                        '2026-08-17T16:11:58.400Z (Mail sending)',
             'reason': 'rateLimitExceeded'}],
 'message': 'User-rate limit exceeded.  Retry after 2026-08-17T16:11:58.400Z '
            '(Mail sending)',
 'status': 'RESOURCE_EXHAUSTED'}

Request URL:
https://gmail.googleapis.com/gmail/v1/users/me/messages/send

2026-08-17 21:26:58,503 - notification3ab8f474409a - INFO - Updated threadId in app.config: 19ffc22af1a6056d
2026-08-17 21:26:58,504 - notification3ab8f474409a - INFO - [NOTIFICATION SENT] frame_id=None | camera=ppe_test_cam1 | Type=PPE Alert | topic=notification_results
2026-08-17 21:27:56,263 - notification3ab8f474409a - INFO - _poll_kafka: 1 message(s) received from Kafka
2026-08-17 21:27:56,263 - notification3ab8f474409a - INFO - [NOTIFICATION RECEIVED] frame_id=None | camera=ppe_test_cam1 | Type=PPE Alert | timestamp=2026-08-17 21:27:56.200000
2026-08-17 21:27:56,263 - notification3ab8f474409a - INFO - send_notifications | camera=ppe_test_cam1 | Type=PPE Alert | recipients=['your_actual_email@example.com'] | thread_id=19ffc22af1a6056d
2026-08-17 21:27:56,264 - notification3ab8f474409a - INFO - Queuing email task | camera=ppe_test_cam1 | to=['your_actual_email@example.com']
2026-08-17 21:27:56,264 - notification3ab8f474409a - INFO - Queuing telegram task | camera=ppe_test_cam1 | chat_ids=[]
2026-08-17 21:27:56,264 - notification3ab8f474409a - INFO - Running 2 notification task(s) | camera=ppe_test_cam1
2026-08-17 21:27:56,264 - notification3ab8f474409a - INFO - email gmail function started for camera: ppe_test_cam1, Type: PPE Alert
2026-08-17 21:27:56,264 - notification3ab8f474409a - INFO - DataPath: /Aksha, main_dir: /Aksha
2026-08-17 21:27:56,265 - notification3ab8f474409a - INFO - Loaded config from: /usr/src/app/app/socialPlatforms/keys.yaml
2026-08-17 21:27:56,265 - notification3ab8f474409a - INFO - Using threadId from namespace: 19ffc22af1a6056d
2026-08-17 21:27:56,265 - notification3ab8f474409a - INFO - Credentials loaded successfully
2026-08-17 21:27:56,266 - notification3ab8f474409a - INFO - telegram() | camera=ppe_test_cam1 | Type=PPE Alert | subscription=notification_results | service_status=True | chat_ids=[]
2026-08-17 21:27:56,266 - notification3ab8f474409a - ERROR - Missing chat_ids or bot_token for Telegram
2026-08-17 21:27:56,626 - notification3ab8f474409a - INFO - Gmail API discovered
2026-08-17 21:27:58,150 - notification3ab8f474409a - INFO - Added threading headers for thread: 19ffc22af1a6056d
2026-08-17 21:27:58,151 - notification3ab8f474409a - INFO - Attached logo1 from: /usr/src/app/app/logo.png
2026-08-17 21:27:58,152 - notification3ab8f474409a - INFO - Attached logo2 from: /usr/src/app/app/logo2.png
2026-08-17 21:27:58,152 - notification3ab8f474409a - INFO - Looking for alert image at: /Aksha/ppe_test_cam1/alerts/2026-08-17/2026-08-17 21:27:56.20_alert.jpg
2026-08-17 21:27:58,154 - notification3ab8f474409a - INFO - Attached alert image: /Aksha/ppe_test_cam1/alerts/2026-08-17/2026-08-17 21:27:56.20_alert.jpg
2026-08-17 21:27:58,159 - notification3ab8f474409a - INFO - Sending email with threadId: 19ffc22af1a6056d
2026-08-17 21:27:58,948 - notification3ab8f474409a - ERROR - Error sending email: 



Too Many Requests

Content:
{'code': 429,
 'errors': [{'domain': 'global',
             'message': 'User-rate limit exceeded.  Retry after '
                        '2026-08-17T16:12:58.864Z (Mail sending)',
             'reason': 'rateLimitExceeded'}],
 'message': 'User-rate limit exceeded.  Retry after 2026-08-17T16:12:58.864Z '
            '(Mail sending)',
 'status': 'RESOURCE_EXHAUSTED'}

Request URL:
https://gmail.googleapis.com/gmail/v1/users/me/messages/send
2026-08-17 21:27:58,948 - notification3ab8f474409a - ERROR - Traceback: Traceback (most recent call last):
  File "/usr/src/app/app/socialPlatforms/email.py", line 767, in email_gmail
    response = await google.as_user(
  File "/usr/local/lib/python3.10/site-packages/aiogoogle/client.py", line 270, in as_user
    return await self.send(
  File "/usr/local/lib/python3.10/site-packages/aiogoogle/client.py", line 425, in send
    return await session.send(*args, **kwargs)
  File "/usr/local/lib/python3.10/site-packages/aiogoogle/sessions/aiohttp_session.py", line 192, in send
    results = await schedule_tasks()
  File "/usr/local/lib/python3.10/site-packages/aiogoogle/sessions/aiohttp_session.py", line 177, in schedule_tasks
    return await asyncio.gather(
  File "/usr/local/lib/python3.10/site-packages/aiogoogle/sessions/aiohttp_session.py", line 171, in get_content
    response = await get_response(request)
  File "/usr/local/lib/python3.10/site-packages/aiogoogle/sessions/aiohttp_session.py", line 167, in get_response
    response.raise_for_status()
  File "/usr/local/lib/python3.10/site-packages/aiogoogle/models.py", line 481, in raise_for_status
    raise HTTPError(msg=self.reason, req=self.req, res=self)
aiogoogle.excs.HTTPError: 



Too Many Requests

Content:
{'code': 429,
 'errors': [{'domain': 'global',
             'message': 'User-rate limit exceeded.  Retry after '
                        '2026-08-17T16:12:58.864Z (Mail sending)',
             'reason': 'rateLimitExceeded'}],
 'message': 'User-rate limit exceeded.  Retry after 2026-08-17T16:12:58.864Z '
            '(Mail sending)',
 'status': 'RESOURCE_EXHAUSTED'}

Request URL:
https://gmail.googleapis.com/gmail/v1/users/me/messages/send

2026-08-17 21:27:58,949 - notification3ab8f474409a - INFO - Updated threadId in app.config: 19ffc22af1a6056d
2026-08-17 21:27:58,949 - notification3ab8f474409a - INFO - [NOTIFICATION SENT] frame_id=None | camera=ppe_test_cam1 | Type=PPE Alert | topic=notification_results
2026-08-17 21:28:56,135 - notification3ab8f474409a - INFO - _poll_kafka: 1 message(s) received from Kafka
2026-08-17 21:28:56,136 - notification3ab8f474409a - INFO - [NOTIFICATION RECEIVED] frame_id=None | camera=ppe_test_cam1 | Type=PPE Alert | timestamp=2026-08-17 21:28:56.100000
2026-08-17 21:28:56,136 - notification3ab8f474409a - INFO - send_notifications | camera=ppe_test_cam1 | Type=PPE Alert | recipients=['your_actual_email@example.com'] | thread_id=19ffc22af1a6056d
2026-08-17 21:28:56,138 - notification3ab8f474409a - INFO - Queuing email task | camera=ppe_test_cam1 | to=['your_actual_email@example.com']
2026-08-17 21:28:56,139 - notification3ab8f474409a - INFO - Queuing telegram task | camera=ppe_test_cam1 | chat_ids=[]
2026-08-17 21:28:56,140 - notification3ab8f474409a - INFO - Running 2 notification task(s) | camera=ppe_test_cam1
2026-08-17 21:28:56,140 - notification3ab8f474409a - INFO - email gmail function started for camera: ppe_test_cam1, Type: PPE Alert
2026-08-17 21:28:56,140 - notification3ab8f474409a - INFO - DataPath: /Aksha, main_dir: /Aksha
2026-08-17 21:28:56,146 - notification3ab8f474409a - INFO - Loaded config from: /usr/src/app/app/socialPlatforms/keys.yaml
2026-08-17 21:28:56,146 - notification3ab8f474409a - INFO - Using threadId from namespace: 19ffc22af1a6056d
2026-08-17 21:28:56,147 - notification3ab8f474409a - INFO - Credentials loaded successfully
2026-08-17 21:28:56,148 - notification3ab8f474409a - INFO - telegram() | camera=ppe_test_cam1 | Type=PPE Alert | subscription=notification_results | service_status=True | chat_ids=[]
2026-08-17 21:28:56,148 - notification3ab8f474409a - ERROR - Missing chat_ids or bot_token for Telegram
2026-08-17 21:28:56,542 - notification3ab8f474409a - INFO - Gmail API discovered
2026-08-17 21:28:57,970 - notification3ab8f474409a - INFO - Added threading headers for thread: 19ffc22af1a6056d
2026-08-17 21:28:57,971 - notification3ab8f474409a - INFO - Attached logo1 from: /usr/src/app/app/logo.png
2026-08-17 21:28:57,971 - notification3ab8f474409a - INFO - Attached logo2 from: /usr/src/app/app/logo2.png
2026-08-17 21:28:57,971 - notification3ab8f474409a - INFO - Looking for alert image at: /Aksha/ppe_test_cam1/alerts/2026-08-17/2026-08-17 21:28:56.10_alert.jpg
2026-08-17 21:28:57,973 - notification3ab8f474409a - INFO - Attached alert image: /Aksha/ppe_test_cam1/alerts/2026-08-17/2026-08-17 21:28:56.10_alert.jpg
2026-08-17 21:28:57,978 - notification3ab8f474409a - INFO - Sending email with threadId: 19ffc22af1a6056d
2026-08-17 21:28:58,752 - notification3ab8f474409a - ERROR - Error sending email: 



Too Many Requests

Content:
{'code': 429,
 'errors': [{'domain': 'global',
             'message': 'User-rate limit exceeded.  Retry after '
                        '2026-08-17T16:13:58.661Z (Mail sending)',
             'reason': 'rateLimitExceeded'}],
 'message': 'User-rate limit exceeded.  Retry after 2026-08-17T16:13:58.661Z '
            '(Mail sending)',
 'status': 'RESOURCE_EXHAUSTED'}

Request URL:
https://gmail.googleapis.com/gmail/v1/users/me/messages/send
2026-08-17 21:28:58,754 - notification3ab8f474409a - ERROR - Traceback: Traceback (most recent call last):
  File "/usr/src/app/app/socialPlatforms/email.py", line 767, in email_gmail
    response = await google.as_user(
  File "/usr/local/lib/python3.10/site-packages/aiogoogle/client.py", line 270, in as_user
    return await self.send(
  File "/usr/local/lib/python3.10/site-packages/aiogoogle/client.py", line 425, in send
    return await session.send(*args, **kwargs)
  File "/usr/local/lib/python3.10/site-packages/aiogoogle/sessions/aiohttp_session.py", line 192, in send
    results = await schedule_tasks()
  File "/usr/local/lib/python3.10/site-packages/aiogoogle/sessions/aiohttp_session.py", line 177, in schedule_tasks
    return await asyncio.gather(
  File "/usr/local/lib/python3.10/site-packages/aiogoogle/sessions/aiohttp_session.py", line 171, in get_content
    response = await get_response(request)
  File "/usr/local/lib/python3.10/site-packages/aiogoogle/sessions/aiohttp_session.py", line 167, in get_response
    response.raise_for_status()
  File "/usr/local/lib/python3.10/site-packages/aiogoogle/models.py", line 481, in raise_for_status
    raise HTTPError(msg=self.reason, req=self.req, res=self)
aiogoogle.excs.HTTPError: 



Too Many Requests

Content:
{'code': 429,
 'errors': [{'domain': 'global',
             'message': 'User-rate limit exceeded.  Retry after '
                        '2026-08-17T16:13:58.661Z (Mail sending)',
             'reason': 'rateLimitExceeded'}],
 'message': 'User-rate limit exceeded.  Retry after 2026-08-17T16:13:58.661Z '
            '(Mail sending)',
 'status': 'RESOURCE_EXHAUSTED'}

Request URL:
https://gmail.googleapis.com/gmail/v1/users/me/messages/send

2026-08-17 21:28:58,755 - notification3ab8f474409a - INFO - Updated threadId in app.config: 19ffc22af1a6056d
2026-08-17 21:28:58,755 - notification3ab8f474409a - INFO - [NOTIFICATION SENT] frame_id=None | camera=ppe_test_cam1 | Type=PPE Alert | topic=notification_results
2026-08-17 21:29:56,335 - notification3ab8f474409a - INFO - _poll_kafka: 1 message(s) received from Kafka
2026-08-17 21:29:56,336 - notification3ab8f474409a - INFO - [NOTIFICATION RECEIVED] frame_id=None | camera=ppe_test_cam1 | Type=PPE Alert | timestamp=2026-08-17 21:29:56.300000
2026-08-17 21:29:56,336 - notification3ab8f474409a - INFO - send_notifications | camera=ppe_test_cam1 | Type=PPE Alert | recipients=['your_actual_email@example.com'] | thread_id=19ffc22af1a6056d
2026-08-17 21:29:56,336 - notification3ab8f474409a - INFO - Queuing email task | camera=ppe_test_cam1 | to=['your_actual_email@example.com']
2026-08-17 21:29:56,337 - notification3ab8f474409a - INFO - Queuing telegram task | camera=ppe_test_cam1 | chat_ids=[]
2026-08-17 21:29:56,337 - notification3ab8f474409a - INFO - Running 2 notification task(s) | camera=ppe_test_cam1
2026-08-17 21:29:56,337 - notification3ab8f474409a - INFO - email gmail function started for camera: ppe_test_cam1, Type: PPE Alert
2026-08-17 21:29:56,337 - notification3ab8f474409a - INFO - DataPath: /Aksha, main_dir: /Aksha
2026-08-17 21:29:56,338 - notification3ab8f474409a - INFO - Loaded config from: /usr/src/app/app/socialPlatforms/keys.yaml
2026-08-17 21:29:56,338 - notification3ab8f474409a - INFO - Using threadId from namespace: 19ffc22af1a6056d
2026-08-17 21:29:56,338 - notification3ab8f474409a - INFO - Credentials loaded successfully
2026-08-17 21:29:56,339 - notification3ab8f474409a - INFO - telegram() | camera=ppe_test_cam1 | Type=PPE Alert | subscription=notification_results | service_status=True | chat_ids=[]
2026-08-17 21:29:56,339 - notification3ab8f474409a - ERROR - Missing chat_ids or bot_token for Telegram
2026-08-17 21:29:56,696 - notification3ab8f474409a - INFO - Gmail API discovered
2026-08-17 21:29:58,180 - notification3ab8f474409a - INFO - Added threading headers for thread: 19ffc22af1a6056d
2026-08-17 21:29:58,181 - notification3ab8f474409a - INFO - Attached logo1 from: /usr/src/app/app/logo.png
2026-08-17 21:29:58,182 - notification3ab8f474409a - INFO - Attached logo2 from: /usr/src/app/app/logo2.png
2026-08-17 21:29:58,182 - notification3ab8f474409a - INFO - Looking for alert image at: /Aksha/ppe_test_cam1/alerts/2026-08-17/2026-08-17 21:29:56.30_alert.jpg
2026-08-17 21:29:58,184 - notification3ab8f474409a - INFO - Attached alert image: /Aksha/ppe_test_cam1/alerts/2026-08-17/2026-08-17 21:29:56.30_alert.jpg
2026-08-17 21:29:58,190 - notification3ab8f474409a - INFO - Sending email with threadId: 19ffc22af1a6056d
2026-08-17 21:29:58,970 - notification3ab8f474409a - ERROR - Error sending email: 



Too Many Requests

Content:
{'code': 429,
 'errors': [{'domain': 'global',
             'message': 'User-rate limit exceeded.  Retry after '
                        '2026-08-17T16:14:58.887Z (Mail sending)',
             'reason': 'rateLimitExceeded'}],
 'message': 'User-rate limit exceeded.  Retry after 2026-08-17T16:14:58.887Z '
            '(Mail sending)',
 'status': 'RESOURCE_EXHAUSTED'}

Request URL:
https://gmail.googleapis.com/gmail/v1/users/me/messages/send
2026-08-17 21:29:58,970 - notification3ab8f474409a - ERROR - Traceback: Traceback (most recent call last):
  File "/usr/src/app/app/socialPlatforms/email.py", line 767, in email_gmail
    response = await google.as_user(
  File "/usr/local/lib/python3.10/site-packages/aiogoogle/client.py", line 270, in as_user
    return await self.send(
  File "/usr/local/lib/python3.10/site-packages/aiogoogle/client.py", line 425, in send
    return await session.send(*args, **kwargs)
  File "/usr/local/lib/python3.10/site-packages/aiogoogle/sessions/aiohttp_session.py", line 192, in send
    results = await schedule_tasks()
  File "/usr/local/lib/python3.10/site-packages/aiogoogle/sessions/aiohttp_session.py", line 177, in schedule_tasks
    return await asyncio.gather(
  File "/usr/local/lib/python3.10/site-packages/aiogoogle/sessions/aiohttp_session.py", line 171, in get_content
    response = await get_response(request)
  File "/usr/local/lib/python3.10/site-packages/aiogoogle/sessions/aiohttp_session.py", line 167, in get_response
    response.raise_for_status()
  File "/usr/local/lib/python3.10/site-packages/aiogoogle/models.py", line 481, in raise_for_status
    raise HTTPError(msg=self.reason, req=self.req, res=self)
aiogoogle.excs.HTTPError: 



Too Many Requests

Content:
{'code': 429,
 'errors': [{'domain': 'global',
             'message': 'User-rate limit exceeded.  Retry after '
                        '2026-08-17T16:14:58.887Z (Mail sending)',
             'reason': 'rateLimitExceeded'}],
 'message': 'User-rate limit exceeded.  Retry after 2026-08-17T16:14:58.887Z '
            '(Mail sending)',
 'status': 'RESOURCE_EXHAUSTED'}

Request URL:
https://gmail.googleapis.com/gmail/v1/users/me/messages/send

2026-08-17 21:29:58,972 - notification3ab8f474409a - INFO - Updated threadId in app.config: 19ffc22af1a6056d
2026-08-17 21:29:58,972 - notification3ab8f474409a - INFO - [NOTIFICATION SENT] frame_id=None | camera=ppe_test_cam1 | Type=PPE Alert | topic=notification_results
2026-08-17 21:30:56,181 - notification3ab8f474409a - INFO - _poll_kafka: 1 message(s) received from Kafka
2026-08-17 21:30:56,181 - notification3ab8f474409a - INFO - [NOTIFICATION RECEIVED] frame_id=None | camera=ppe_test_cam1 | Type=PPE Alert | timestamp=2026-08-17 21:30:56.150000
2026-08-17 21:30:56,181 - notification3ab8f474409a - INFO - send_notifications | camera=ppe_test_cam1 | Type=PPE Alert | recipients=['your_actual_email@example.com'] | thread_id=19ffc22af1a6056d
2026-08-17 21:30:56,182 - notification3ab8f474409a - INFO - Queuing email task | camera=ppe_test_cam1 | to=['your_actual_email@example.com']
2026-08-17 21:30:56,182 - notification3ab8f474409a - INFO - Queuing telegram task | camera=ppe_test_cam1 | chat_ids=[]
2026-08-17 21:30:56,182 - notification3ab8f474409a - INFO - Running 2 notification task(s) | camera=ppe_test_cam1
2026-08-17 21:30:56,182 - notification3ab8f474409a - INFO - email gmail function started for camera: ppe_test_cam1, Type: PPE Alert
2026-08-17 21:30:56,182 - notification3ab8f474409a - INFO - DataPath: /Aksha, main_dir: /Aksha
2026-08-17 21:30:56,183 - notification3ab8f474409a - INFO - Loaded config from: /usr/src/app/app/socialPlatforms/keys.yaml
2026-08-17 21:30:56,183 - notification3ab8f474409a - INFO - Using threadId from namespace: 19ffc22af1a6056d
2026-08-17 21:30:56,183 - notification3ab8f474409a - INFO - Credentials loaded successfully
2026-08-17 21:30:56,184 - notification3ab8f474409a - INFO - telegram() | camera=ppe_test_cam1 | Type=PPE Alert | subscription=notification_results | service_status=True | chat_ids=[]
2026-08-17 21:30:56,184 - notification3ab8f474409a - ERROR - Missing chat_ids or bot_token for Telegram
2026-08-17 21:30:56,487 - notification3ab8f474409a - INFO - Gmail API discovered
2026-08-17 21:30:57,999 - notification3ab8f474409a - INFO - Added threading headers for thread: 19ffc22af1a6056d
2026-08-17 21:30:57,999 - notification3ab8f474409a - INFO - Attached logo1 from: /usr/src/app/app/logo.png
2026-08-17 21:30:58,000 - notification3ab8f474409a - INFO - Attached logo2 from: /usr/src/app/app/logo2.png
2026-08-17 21:30:58,001 - notification3ab8f474409a - INFO - Looking for alert image at: /Aksha/ppe_test_cam1/alerts/2026-08-17/2026-08-17 21:30:56.15_alert.jpg
2026-08-17 21:30:58,003 - notification3ab8f474409a - INFO - Attached alert image: /Aksha/ppe_test_cam1/alerts/2026-08-17/2026-08-17 21:30:56.15_alert.jpg
2026-08-17 21:30:58,016 - notification3ab8f474409a - INFO - Sending email with threadId: 19ffc22af1a6056d
2026-08-17 21:30:58,776 - notification3ab8f474409a - ERROR - Error sending email: 



Too Many Requests

Content:
{'code': 429,
 'errors': [{'domain': 'global',
             'message': 'User-rate limit exceeded.  Retry after '
                        '2026-08-17T16:15:58.686Z (Mail sending)',
             'reason': 'rateLimitExceeded'}],
 'message': 'User-rate limit exceeded.  Retry after 2026-08-17T16:15:58.686Z '
            '(Mail sending)',
 'status': 'RESOURCE_EXHAUSTED'}

Request URL:
https://gmail.googleapis.com/gmail/v1/users/me/messages/send
2026-08-17 21:30:58,776 - notification3ab8f474409a - ERROR - Traceback: Traceback (most recent call last):
  File "/usr/src/app/app/socialPlatforms/email.py", line 767, in email_gmail
    response = await google.as_user(
  File "/usr/local/lib/python3.10/site-packages/aiogoogle/client.py", line 270, in as_user
    return await self.send(
  File "/usr/local/lib/python3.10/site-packages/aiogoogle/client.py", line 425, in send
    return await session.send(*args, **kwargs)
  File "/usr/local/lib/python3.10/site-packages/aiogoogle/sessions/aiohttp_session.py", line 192, in send
    results = await schedule_tasks()
  File "/usr/local/lib/python3.10/site-packages/aiogoogle/sessions/aiohttp_session.py", line 177, in schedule_tasks
    return await asyncio.gather(
  File "/usr/local/lib/python3.10/site-packages/aiogoogle/sessions/aiohttp_session.py", line 171, in get_content
    response = await get_response(request)
  File "/usr/local/lib/python3.10/site-packages/aiogoogle/sessions/aiohttp_session.py", line 167, in get_response
    response.raise_for_status()
  File "/usr/local/lib/python3.10/site-packages/aiogoogle/models.py", line 481, in raise_for_status
    raise HTTPError(msg=self.reason, req=self.req, res=self)
aiogoogle.excs.HTTPError: 



Too Many Requests

Content:
{'code': 429,
 'errors': [{'domain': 'global',
             'message': 'User-rate limit exceeded.  Retry after '
                        '2026-08-17T16:15:58.686Z (Mail sending)',
             'reason': 'rateLimitExceeded'}],
 'message': 'User-rate limit exceeded.  Retry after 2026-08-17T16:15:58.686Z '
            '(Mail sending)',
 'status': 'RESOURCE_EXHAUSTED'}

Request URL:
https://gmail.googleapis.com/gmail/v1/users/me/messages/send

2026-08-17 21:30:58,777 - notification3ab8f474409a - INFO - Updated threadId in app.config: 19ffc22af1a6056d
2026-08-17 21:30:58,778 - notification3ab8f474409a - INFO - [NOTIFICATION SENT] frame_id=None | camera=ppe_test_cam1 | Type=PPE Alert | topic=notification_results
2026-08-17 21:31:56,409 - notification3ab8f474409a - INFO - _poll_kafka: 1 message(s) received from Kafka
2026-08-17 21:31:56,410 - notification3ab8f474409a - INFO - [NOTIFICATION RECEIVED] frame_id=None | camera=ppe_test_cam1 | Type=PPE Alert | timestamp=2026-08-17 21:31:56.280000
2026-08-17 21:31:56,410 - notification3ab8f474409a - INFO - send_notifications | camera=ppe_test_cam1 | Type=PPE Alert | recipients=['your_actual_email@example.com'] | thread_id=19ffc22af1a6056d
2026-08-17 21:31:56,412 - notification3ab8f474409a - INFO - Queuing email task | camera=ppe_test_cam1 | to=['your_actual_email@example.com']
2026-08-17 21:31:56,412 - notification3ab8f474409a - INFO - Queuing telegram task | camera=ppe_test_cam1 | chat_ids=[]
2026-08-17 21:31:56,412 - notification3ab8f474409a - INFO - Running 2 notification task(s) | camera=ppe_test_cam1
2026-08-17 21:31:56,413 - notification3ab8f474409a - INFO - email gmail function started for camera: ppe_test_cam1, Type: PPE Alert
2026-08-17 21:31:56,413 - notification3ab8f474409a - INFO - DataPath: /Aksha, main_dir: /Aksha
2026-08-17 21:31:56,419 - notification3ab8f474409a - INFO - Loaded config from: /usr/src/app/app/socialPlatforms/keys.yaml
2026-08-17 21:31:56,419 - notification3ab8f474409a - INFO - Using threadId from namespace: 19ffc22af1a6056d
2026-08-17 21:31:56,419 - notification3ab8f474409a - INFO - Credentials loaded successfully
2026-08-17 21:31:56,421 - notification3ab8f474409a - INFO - telegram() | camera=ppe_test_cam1 | Type=PPE Alert | subscription=notification_results | service_status=True | chat_ids=[]
2026-08-17 21:31:56,421 - notification3ab8f474409a - ERROR - Missing chat_ids or bot_token for Telegram
2026-08-17 21:31:57,450 - notification3ab8f474409a - INFO - Gmail API discovered
2026-08-17 21:32:00,743 - notification3ab8f474409a - INFO - Added threading headers for thread: 19ffc22af1a6056d
2026-08-17 21:32:00,743 - notification3ab8f474409a - INFO - Attached logo1 from: /usr/src/app/app/logo.png
2026-08-17 21:32:00,744 - notification3ab8f474409a - INFO - Attached logo2 from: /usr/src/app/app/logo2.png
2026-08-17 21:32:00,744 - notification3ab8f474409a - INFO - Looking for alert image at: /Aksha/ppe_test_cam1/alerts/2026-08-17/2026-08-17 21:31:56.28_alert.jpg
2026-08-17 21:32:00,746 - notification3ab8f474409a - INFO - Attached alert image: /Aksha/ppe_test_cam1/alerts/2026-08-17/2026-08-17 21:31:56.28_alert.jpg
2026-08-17 21:32:00,751 - notification3ab8f474409a - INFO - Sending email with threadId: 19ffc22af1a6056d
2026-08-17 21:32:02,485 - notification3ab8f474409a - ERROR - Error sending email: 



Too Many Requests

Content:
{'code': 429,
 'errors': [{'domain': 'global',
             'message': 'User-rate limit exceeded.  Retry after '
                        '2026-08-17T16:17:02.390Z (Mail sending)',
             'reason': 'rateLimitExceeded'}],
 'message': 'User-rate limit exceeded.  Retry after 2026-08-17T16:17:02.390Z '
            '(Mail sending)',
 'status': 'RESOURCE_EXHAUSTED'}

Request URL:
https://gmail.googleapis.com/gmail/v1/users/me/messages/send
2026-08-17 21:32:02,486 - notification3ab8f474409a - ERROR - Traceback: Traceback (most recent call last):
  File "/usr/src/app/app/socialPlatforms/email.py", line 767, in email_gmail
    response = await google.as_user(
  File "/usr/local/lib/python3.10/site-packages/aiogoogle/client.py", line 270, in as_user
    return await self.send(
  File "/usr/local/lib/python3.10/site-packages/aiogoogle/client.py", line 425, in send
    return await session.send(*args, **kwargs)
  File "/usr/local/lib/python3.10/site-packages/aiogoogle/sessions/aiohttp_session.py", line 192, in send
    results = await schedule_tasks()
  File "/usr/local/lib/python3.10/site-packages/aiogoogle/sessions/aiohttp_session.py", line 177, in schedule_tasks
    return await asyncio.gather(
  File "/usr/local/lib/python3.10/site-packages/aiogoogle/sessions/aiohttp_session.py", line 171, in get_content
    response = await get_response(request)
  File "/usr/local/lib/python3.10/site-packages/aiogoogle/sessions/aiohttp_session.py", line 167, in get_response
    response.raise_for_status()
  File "/usr/local/lib/python3.10/site-packages/aiogoogle/models.py", line 481, in raise_for_status
    raise HTTPError(msg=self.reason, req=self.req, res=self)
aiogoogle.excs.HTTPError: 



Too Many Requests

Content:
{'code': 429,
 'errors': [{'domain': 'global',
             'message': 'User-rate limit exceeded.  Retry after '
                        '2026-08-17T16:17:02.390Z (Mail sending)',
             'reason': 'rateLimitExceeded'}],
 'message': 'User-rate limit exceeded.  Retry after 2026-08-17T16:17:02.390Z '
            '(Mail sending)',
 'status': 'RESOURCE_EXHAUSTED'}

Request URL:
https://gmail.googleapis.com/gmail/v1/users/me/messages/send

2026-08-17 21:32:02,488 - notification3ab8f474409a - INFO - Updated threadId in app.config: 19ffc22af1a6056d
2026-08-17 21:32:02,489 - notification3ab8f474409a - INFO - [NOTIFICATION SENT] frame_id=None | camera=ppe_test_cam1 | Type=PPE Alert | topic=notification_results
2026-08-17 21:32:56,199 - notification3ab8f474409a - INFO - _poll_kafka: 1 message(s) received from Kafka
2026-08-17 21:32:56,200 - notification3ab8f474409a - INFO - [NOTIFICATION RECEIVED] frame_id=None | camera=ppe_test_cam1 | Type=PPE Alert | timestamp=2026-08-17 21:32:56.140000
2026-08-17 21:32:56,200 - notification3ab8f474409a - INFO - send_notifications | camera=ppe_test_cam1 | Type=PPE Alert | recipients=['your_actual_email@example.com'] | thread_id=19ffc22af1a6056d
2026-08-17 21:32:56,200 - notification3ab8f474409a - INFO - Queuing email task | camera=ppe_test_cam1 | to=['your_actual_email@example.com']
2026-08-17 21:32:56,200 - notification3ab8f474409a - INFO - Queuing telegram task | camera=ppe_test_cam1 | chat_ids=[]
2026-08-17 21:32:56,200 - notification3ab8f474409a - INFO - Running 2 notification task(s) | camera=ppe_test_cam1
2026-08-17 21:32:56,200 - notification3ab8f474409a - INFO - email gmail function started for camera: ppe_test_cam1, Type: PPE Alert
2026-08-17 21:32:56,201 - notification3ab8f474409a - INFO - DataPath: /Aksha, main_dir: /Aksha
2026-08-17 21:32:56,202 - notification3ab8f474409a - INFO - Loaded config from: /usr/src/app/app/socialPlatforms/keys.yaml
2026-08-17 21:32:56,202 - notification3ab8f474409a - INFO - Using threadId from namespace: 19ffc22af1a6056d
2026-08-17 21:32:56,202 - notification3ab8f474409a - INFO - Credentials loaded successfully
2026-08-17 21:32:56,202 - notification3ab8f474409a - INFO - telegram() | camera=ppe_test_cam1 | Type=PPE Alert | subscription=notification_results | service_status=True | chat_ids=[]
2026-08-17 21:32:56,202 - notification3ab8f474409a - ERROR - Missing chat_ids or bot_token for Telegram
2026-08-17 21:32:57,155 - notification3ab8f474409a - INFO - Gmail API discovered
2026-08-17 21:32:58,745 - notification3ab8f474409a - INFO - Added threading headers for thread: 19ffc22af1a6056d
2026-08-17 21:32:58,746 - notification3ab8f474409a - INFO - Attached logo1 from: /usr/src/app/app/logo.png
2026-08-17 21:32:58,746 - notification3ab8f474409a - INFO - Attached logo2 from: /usr/src/app/app/logo2.png
2026-08-17 21:32:58,746 - notification3ab8f474409a - INFO - Looking for alert image at: /Aksha/ppe_test_cam1/alerts/2026-08-17/2026-08-17 21:32:56.14_alert.jpg
2026-08-17 21:32:58,750 - notification3ab8f474409a - INFO - Attached alert image: /Aksha/ppe_test_cam1/alerts/2026-08-17/2026-08-17 21:32:56.14_alert.jpg
2026-08-17 21:32:58,756 - notification3ab8f474409a - INFO - Sending email with threadId: 19ffc22af1a6056d
2026-08-17 21:32:59,521 - notification3ab8f474409a - ERROR - Error sending email: 



Too Many Requests

Content:
{'code': 429,
 'errors': [{'domain': 'global',
             'message': 'User-rate limit exceeded.  Retry after '
                        '2026-08-17T16:17:59.434Z (Mail sending)',
             'reason': 'rateLimitExceeded'}],
 'message': 'User-rate limit exceeded.  Retry after 2026-08-17T16:17:59.434Z '
            '(Mail sending)',
 'status': 'RESOURCE_EXHAUSTED'}

Request URL:
https://gmail.googleapis.com/gmail/v1/users/me/messages/send
2026-08-17 21:32:59,522 - notification3ab8f474409a - ERROR - Traceback: Traceback (most recent call last):
  File "/usr/src/app/app/socialPlatforms/email.py", line 767, in email_gmail
    response = await google.as_user(
  File "/usr/local/lib/python3.10/site-packages/aiogoogle/client.py", line 270, in as_user
    return await self.send(
  File "/usr/local/lib/python3.10/site-packages/aiogoogle/client.py", line 425, in send
    return await session.send(*args, **kwargs)
  File "/usr/local/lib/python3.10/site-packages/aiogoogle/sessions/aiohttp_session.py", line 192, in send
    results = await schedule_tasks()
  File "/usr/local/lib/python3.10/site-packages/aiogoogle/sessions/aiohttp_session.py", line 177, in schedule_tasks
    return await asyncio.gather(
  File "/usr/local/lib/python3.10/site-packages/aiogoogle/sessions/aiohttp_session.py", line 171, in get_content
    response = await get_response(request)
  File "/usr/local/lib/python3.10/site-packages/aiogoogle/sessions/aiohttp_session.py", line 167, in get_response
    response.raise_for_status()
  File "/usr/local/lib/python3.10/site-packages/aiogoogle/models.py", line 481, in raise_for_status
    raise HTTPError(msg=self.reason, req=self.req, res=self)
aiogoogle.excs.HTTPError: 



Too Many Requests

Content:
{'code': 429,
 'errors': [{'domain': 'global',
             'message': 'User-rate limit exceeded.  Retry after '
                        '2026-08-17T16:17:59.434Z (Mail sending)',
             'reason': 'rateLimitExceeded'}],
 'message': 'User-rate limit exceeded.  Retry after 2026-08-17T16:17:59.434Z '
            '(Mail sending)',
 'status': 'RESOURCE_EXHAUSTED'}

Request URL:
https://gmail.googleapis.com/gmail/v1/users/me/messages/send

2026-08-17 21:32:59,530 - notification3ab8f474409a - INFO - Updated threadId in app.config: 19ffc22af1a6056d
2026-08-17 21:32:59,531 - notification3ab8f474409a - INFO - [NOTIFICATION SENT] frame_id=None | camera=ppe_test_cam1 | Type=PPE Alert | topic=notification_results
2026-08-17 21:33:56,173 - notification3ab8f474409a - INFO - _poll_kafka: 1 message(s) received from Kafka
2026-08-17 21:33:56,174 - notification3ab8f474409a - INFO - [NOTIFICATION RECEIVED] frame_id=None | camera=ppe_test_cam1 | Type=PPE Alert | timestamp=2026-08-17 21:33:56.140000
2026-08-17 21:33:56,174 - notification3ab8f474409a - INFO - send_notifications | camera=ppe_test_cam1 | Type=PPE Alert | recipients=['your_actual_email@example.com'] | thread_id=19ffc22af1a6056d
2026-08-17 21:33:56,174 - notification3ab8f474409a - INFO - Queuing email task | camera=ppe_test_cam1 | to=['your_actual_email@example.com']
2026-08-17 21:33:56,174 - notification3ab8f474409a - INFO - Queuing telegram task | camera=ppe_test_cam1 | chat_ids=[]
2026-08-17 21:33:56,174 - notification3ab8f474409a - INFO - Running 2 notification task(s) | camera=ppe_test_cam1
2026-08-17 21:33:56,174 - notification3ab8f474409a - INFO - email gmail function started for camera: ppe_test_cam1, Type: PPE Alert
2026-08-17 21:33:56,174 - notification3ab8f474409a - INFO - DataPath: /Aksha, main_dir: /Aksha
2026-08-17 21:33:56,175 - notification3ab8f474409a - INFO - Loaded config from: /usr/src/app/app/socialPlatforms/keys.yaml
2026-08-17 21:33:56,175 - notification3ab8f474409a - INFO - Using threadId from namespace: 19ffc22af1a6056d
2026-08-17 21:33:56,175 - notification3ab8f474409a - INFO - Credentials loaded successfully
2026-08-17 21:33:56,176 - notification3ab8f474409a - INFO - telegram() | camera=ppe_test_cam1 | Type=PPE Alert | subscription=notification_results | service_status=True | chat_ids=[]
2026-08-17 21:33:56,176 - notification3ab8f474409a - ERROR - Missing chat_ids or bot_token for Telegram
2026-08-17 21:33:56,546 - notification3ab8f474409a - INFO - Gmail API discovered
2026-08-17 21:33:58,128 - notification3ab8f474409a - INFO - Added threading headers for thread: 19ffc22af1a6056d
2026-08-17 21:33:58,128 - notification3ab8f474409a - INFO - Attached logo1 from: /usr/src/app/app/logo.png
2026-08-17 21:33:58,129 - notification3ab8f474409a - INFO - Attached logo2 from: /usr/src/app/app/logo2.png
2026-08-17 21:33:58,129 - notification3ab8f474409a - INFO - Looking for alert image at: /Aksha/ppe_test_cam1/alerts/2026-08-17/2026-08-17 21:33:56.14_alert.jpg
2026-08-17 21:33:58,131 - notification3ab8f474409a - INFO - Attached alert image: /Aksha/ppe_test_cam1/alerts/2026-08-17/2026-08-17 21:33:56.14_alert.jpg
2026-08-17 21:33:58,136 - notification3ab8f474409a - INFO - Sending email with threadId: 19ffc22af1a6056d
2026-08-17 21:33:58,877 - notification3ab8f474409a - ERROR - Error sending email: 



Too Many Requests

Content:
{'code': 429,
 'errors': [{'domain': 'global',
             'message': 'User-rate limit exceeded.  Retry after '
                        '2026-08-17T16:18:58.791Z (Mail sending)',
             'reason': 'rateLimitExceeded'}],
 'message': 'User-rate limit exceeded.  Retry after 2026-08-17T16:18:58.791Z '
            '(Mail sending)',
 'status': 'RESOURCE_EXHAUSTED'}

Request URL:
https://gmail.googleapis.com/gmail/v1/users/me/messages/send
2026-08-17 21:33:58,878 - notification3ab8f474409a - ERROR - Traceback: Traceback (most recent call last):
  File "/usr/src/app/app/socialPlatforms/email.py", line 767, in email_gmail
    response = await google.as_user(
  File "/usr/local/lib/python3.10/site-packages/aiogoogle/client.py", line 270, in as_user
    return await self.send(
  File "/usr/local/lib/python3.10/site-packages/aiogoogle/client.py", line 425, in send
    return await session.send(*args, **kwargs)
  File "/usr/local/lib/python3.10/site-packages/aiogoogle/sessions/aiohttp_session.py", line 192, in send
    results = await schedule_tasks()
  File "/usr/local/lib/python3.10/site-packages/aiogoogle/sessions/aiohttp_session.py", line 177, in schedule_tasks
    return await asyncio.gather(
  File "/usr/local/lib/python3.10/site-packages/aiogoogle/sessions/aiohttp_session.py", line 171, in get_content
    response = await get_response(request)
  File "/usr/local/lib/python3.10/site-packages/aiogoogle/sessions/aiohttp_session.py", line 167, in get_response
    response.raise_for_status()
  File "/usr/local/lib/python3.10/site-packages/aiogoogle/models.py", line 481, in raise_for_status
    raise HTTPError(msg=self.reason, req=self.req, res=self)
aiogoogle.excs.HTTPError: 



Too Many Requests

Content:
{'code': 429,
 'errors': [{'domain': 'global',
             'message': 'User-rate limit exceeded.  Retry after '
                        '2026-08-17T16:18:58.791Z (Mail sending)',
             'reason': 'rateLimitExceeded'}],
 'message': 'User-rate limit exceeded.  Retry after 2026-08-17T16:18:58.791Z '
            '(Mail sending)',
 'status': 'RESOURCE_EXHAUSTED'}

Request URL:
https://gmail.googleapis.com/gmail/v1/users/me/messages/send

2026-08-17 21:33:58,879 - notification3ab8f474409a - INFO - Updated threadId in app.config: 19ffc22af1a6056d
2026-08-17 21:33:58,879 - notification3ab8f474409a - INFO - [NOTIFICATION SENT] frame_id=None | camera=ppe_test_cam1 | Type=PPE Alert | topic=notification_results
2026-08-17 21:34:56,221 - notification3ab8f474409a - INFO - _poll_kafka: 1 message(s) received from Kafka
2026-08-17 21:34:56,221 - notification3ab8f474409a - INFO - [NOTIFICATION RECEIVED] frame_id=None | camera=ppe_test_cam1 | Type=PPE Alert | timestamp=2026-08-17 21:34:56.190000
2026-08-17 21:34:56,222 - notification3ab8f474409a - INFO - send_notifications | camera=ppe_test_cam1 | Type=PPE Alert | recipients=['your_actual_email@example.com'] | thread_id=19ffc22af1a6056d
2026-08-17 21:34:56,222 - notification3ab8f474409a - INFO - Queuing email task | camera=ppe_test_cam1 | to=['your_actual_email@example.com']
2026-08-17 21:34:56,222 - notification3ab8f474409a - INFO - Queuing telegram task | camera=ppe_test_cam1 | chat_ids=[]
2026-08-17 21:34:56,222 - notification3ab8f474409a - INFO - Running 2 notification task(s) | camera=ppe_test_cam1
2026-08-17 21:34:56,222 - notification3ab8f474409a - INFO - email gmail function started for camera: ppe_test_cam1, Type: PPE Alert
2026-08-17 21:34:56,222 - notification3ab8f474409a - INFO - DataPath: /Aksha, main_dir: /Aksha
2026-08-17 21:34:56,223 - notification3ab8f474409a - INFO - Loaded config from: /usr/src/app/app/socialPlatforms/keys.yaml
2026-08-17 21:34:56,223 - notification3ab8f474409a - INFO - Using threadId from namespace: 19ffc22af1a6056d
2026-08-17 21:34:56,223 - notification3ab8f474409a - INFO - Credentials loaded successfully
2026-08-17 21:34:56,223 - notification3ab8f474409a - INFO - telegram() | camera=ppe_test_cam1 | Type=PPE Alert | subscription=notification_results | service_status=True | chat_ids=[]
2026-08-17 21:34:56,224 - notification3ab8f474409a - ERROR - Missing chat_ids or bot_token for Telegram
2026-08-17 21:34:56,550 - notification3ab8f474409a - INFO - Gmail API discovered
2026-08-17 21:34:59,815 - notification3ab8f474409a - INFO - Added threading headers for thread: 19ffc22af1a6056d
2026-08-17 21:34:59,815 - notification3ab8f474409a - INFO - Attached logo1 from: /usr/src/app/app/logo.png
2026-08-17 21:34:59,816 - notification3ab8f474409a - INFO - Attached logo2 from: /usr/src/app/app/logo2.png
2026-08-17 21:34:59,816 - notification3ab8f474409a - INFO - Looking for alert image at: /Aksha/ppe_test_cam1/alerts/2026-08-17/2026-08-17 21:34:56.19_alert.jpg
2026-08-17 21:34:59,818 - notification3ab8f474409a - INFO - Attached alert image: /Aksha/ppe_test_cam1/alerts/2026-08-17/2026-08-17 21:34:56.19_alert.jpg
2026-08-17 21:34:59,824 - notification3ab8f474409a - INFO - Sending email with threadId: 19ffc22af1a6056d
2026-08-17 21:35:01,574 - notification3ab8f474409a - ERROR - Error sending email: 



Too Many Requests

Content:
{'code': 429,
 'errors': [{'domain': 'global',
             'message': 'User-rate limit exceeded.  Retry after '
                        '2026-08-17T16:20:01.479Z (Mail sending)',
             'reason': 'rateLimitExceeded'}],
 'message': 'User-rate limit exceeded.  Retry after 2026-08-17T16:20:01.479Z '
            '(Mail sending)',
 'status': 'RESOURCE_EXHAUSTED'}

Request URL:
https://gmail.googleapis.com/gmail/v1/users/me/messages/send
2026-08-17 21:35:01,576 - notification3ab8f474409a - ERROR - Traceback: Traceback (most recent call last):
  File "/usr/src/app/app/socialPlatforms/email.py", line 767, in email_gmail
    response = await google.as_user(
  File "/usr/local/lib/python3.10/site-packages/aiogoogle/client.py", line 270, in as_user
    return await self.send(
  File "/usr/local/lib/python3.10/site-packages/aiogoogle/client.py", line 425, in send
    return await session.send(*args, **kwargs)
  File "/usr/local/lib/python3.10/site-packages/aiogoogle/sessions/aiohttp_session.py", line 192, in send
    results = await schedule_tasks()
  File "/usr/local/lib/python3.10/site-packages/aiogoogle/sessions/aiohttp_session.py", line 177, in schedule_tasks
    return await asyncio.gather(
  File "/usr/local/lib/python3.10/site-packages/aiogoogle/sessions/aiohttp_session.py", line 171, in get_content
    response = await get_response(request)
  File "/usr/local/lib/python3.10/site-packages/aiogoogle/sessions/aiohttp_session.py", line 167, in get_response
    response.raise_for_status()
  File "/usr/local/lib/python3.10/site-packages/aiogoogle/models.py", line 481, in raise_for_status
    raise HTTPError(msg=self.reason, req=self.req, res=self)
aiogoogle.excs.HTTPError: 



Too Many Requests

Content:
{'code': 429,
 'errors': [{'domain': 'global',
             'message': 'User-rate limit exceeded.  Retry after '
                        '2026-08-17T16:20:01.479Z (Mail sending)',
             'reason': 'rateLimitExceeded'}],
 'message': 'User-rate limit exceeded.  Retry after 2026-08-17T16:20:01.479Z '
            '(Mail sending)',
 'status': 'RESOURCE_EXHAUSTED'}

Request URL:
https://gmail.googleapis.com/gmail/v1/users/me/messages/send

2026-08-17 21:35:01,580 - notification3ab8f474409a - INFO - Updated threadId in app.config: 19ffc22af1a6056d
2026-08-17 21:35:01,581 - notification3ab8f474409a - INFO - [NOTIFICATION SENT] frame_id=None | camera=ppe_test_cam1 | Type=PPE Alert | topic=notification_results
2026-08-17 21:35:56,219 - notification3ab8f474409a - INFO - _poll_kafka: 1 message(s) received from Kafka
2026-08-17 21:35:56,220 - notification3ab8f474409a - INFO - [NOTIFICATION RECEIVED] frame_id=None | camera=ppe_test_cam1 | Type=PPE Alert | timestamp=2026-08-17 21:35:56.160000
2026-08-17 21:35:56,220 - notification3ab8f474409a - INFO - send_notifications | camera=ppe_test_cam1 | Type=PPE Alert | recipients=['your_actual_email@example.com'] | thread_id=19ffc22af1a6056d
2026-08-17 21:35:56,220 - notification3ab8f474409a - INFO - Queuing email task | camera=ppe_test_cam1 | to=['your_actual_email@example.com']
2026-08-17 21:35:56,220 - notification3ab8f474409a - INFO - Queuing telegram task | camera=ppe_test_cam1 | chat_ids=[]
2026-08-17 21:35:56,220 - notification3ab8f474409a - INFO - Running 2 notification task(s) | camera=ppe_test_cam1
2026-08-17 21:35:56,220 - notification3ab8f474409a - INFO - email gmail function started for camera: ppe_test_cam1, Type: PPE Alert
2026-08-17 21:35:56,220 - notification3ab8f474409a - INFO - DataPath: /Aksha, main_dir: /Aksha
2026-08-17 21:35:56,222 - notification3ab8f474409a - INFO - Loaded config from: /usr/src/app/app/socialPlatforms/keys.yaml
2026-08-17 21:35:56,222 - notification3ab8f474409a - INFO - Using threadId from namespace: 19ffc22af1a6056d
2026-08-17 21:35:56,222 - notification3ab8f474409a - INFO - Credentials loaded successfully
2026-08-17 21:35:56,222 - notification3ab8f474409a - INFO - telegram() | camera=ppe_test_cam1 | Type=PPE Alert | subscription=notification_results | service_status=True | chat_ids=[]
2026-08-17 21:35:56,223 - notification3ab8f474409a - ERROR - Missing chat_ids or bot_token for Telegram
2026-08-17 21:35:56,535 - notification3ab8f474409a - INFO - Gmail API discovered
2026-08-17 21:35:58,137 - notification3ab8f474409a - INFO - Added threading headers for thread: 19ffc22af1a6056d
2026-08-17 21:35:58,137 - notification3ab8f474409a - INFO - Attached logo1 from: /usr/src/app/app/logo.png
2026-08-17 21:35:58,138 - notification3ab8f474409a - INFO - Attached logo2 from: /usr/src/app/app/logo2.png
2026-08-17 21:35:58,138 - notification3ab8f474409a - INFO - Looking for alert image at: /Aksha/ppe_test_cam1/alerts/2026-08-17/2026-08-17 21:35:56.16_alert.jpg
2026-08-17 21:35:58,140 - notification3ab8f474409a - INFO - Attached alert image: /Aksha/ppe_test_cam1/alerts/2026-08-17/2026-08-17 21:35:56.16_alert.jpg
2026-08-17 21:35:58,145 - notification3ab8f474409a - INFO - Sending email with threadId: 19ffc22af1a6056d
2026-08-17 21:35:58,935 - notification3ab8f474409a - ERROR - Error sending email: 



Too Many Requests

Content:
{'code': 429,
 'errors': [{'domain': 'global',
             'message': 'User-rate limit exceeded.  Retry after '
                        '2026-08-17T16:20:58.845Z (Mail sending)',
             'reason': 'rateLimitExceeded'}],
 'message': 'User-rate limit exceeded.  Retry after 2026-08-17T16:20:58.845Z '
            '(Mail sending)',
 'status': 'RESOURCE_EXHAUSTED'}

Request URL:
https://gmail.googleapis.com/gmail/v1/users/me/messages/send
2026-08-17 21:35:58,935 - notification3ab8f474409a - ERROR - Traceback: Traceback (most recent call last):
  File "/usr/src/app/app/socialPlatforms/email.py", line 767, in email_gmail
    response = await google.as_user(
  File "/usr/local/lib/python3.10/site-packages/aiogoogle/client.py", line 270, in as_user
    return await self.send(
  File "/usr/local/lib/python3.10/site-packages/aiogoogle/client.py", line 425, in send
    return await session.send(*args, **kwargs)
  File "/usr/local/lib/python3.10/site-packages/aiogoogle/sessions/aiohttp_session.py", line 192, in send
    results = await schedule_tasks()
  File "/usr/local/lib/python3.10/site-packages/aiogoogle/sessions/aiohttp_session.py", line 177, in schedule_tasks
    return await asyncio.gather(
  File "/usr/local/lib/python3.10/site-packages/aiogoogle/sessions/aiohttp_session.py", line 171, in get_content
    response = await get_response(request)
  File "/usr/local/lib/python3.10/site-packages/aiogoogle/sessions/aiohttp_session.py", line 167, in get_response
    response.raise_for_status()
  File "/usr/local/lib/python3.10/site-packages/aiogoogle/models.py", line 481, in raise_for_status
    raise HTTPError(msg=self.reason, req=self.req, res=self)
aiogoogle.excs.HTTPError: 



Too Many Requests

Content:
{'code': 429,
 'errors': [{'domain': 'global',
             'message': 'User-rate limit exceeded.  Retry after '
                        '2026-08-17T16:20:58.845Z (Mail sending)',
             'reason': 'rateLimitExceeded'}],
 'message': 'User-rate limit exceeded.  Retry after 2026-08-17T16:20:58.845Z '
            '(Mail sending)',
 'status': 'RESOURCE_EXHAUSTED'}

Request URL:
https://gmail.googleapis.com/gmail/v1/users/me/messages/send

2026-08-17 21:35:58,937 - notification3ab8f474409a - INFO - Updated threadId in app.config: 19ffc22af1a6056d
2026-08-17 21:35:58,938 - notification3ab8f474409a - INFO - [NOTIFICATION SENT] frame_id=None | camera=ppe_test_cam1 | Type=PPE Alert | topic=notification_results
2026-08-17 21:36:56,243 - notification3ab8f474409a - INFO - _poll_kafka: 1 message(s) received from Kafka
2026-08-17 21:36:56,243 - notification3ab8f474409a - INFO - [NOTIFICATION RECEIVED] frame_id=None | camera=ppe_test_cam1 | Type=PPE Alert | timestamp=2026-08-17 21:36:56.200000
2026-08-17 21:36:56,243 - notification3ab8f474409a - INFO - send_notifications | camera=ppe_test_cam1 | Type=PPE Alert | recipients=['your_actual_email@example.com'] | thread_id=19ffc22af1a6056d
2026-08-17 21:36:56,243 - notification3ab8f474409a - INFO - Queuing email task | camera=ppe_test_cam1 | to=['your_actual_email@example.com']
2026-08-17 21:36:56,243 - notification3ab8f474409a - INFO - Queuing telegram task | camera=ppe_test_cam1 | chat_ids=[]
2026-08-17 21:36:56,243 - notification3ab8f474409a - INFO - Running 2 notification task(s) | camera=ppe_test_cam1
2026-08-17 21:36:56,243 - notification3ab8f474409a - INFO - email gmail function started for camera: ppe_test_cam1, Type: PPE Alert
2026-08-17 21:36:56,243 - notification3ab8f474409a - INFO - DataPath: /Aksha, main_dir: /Aksha
2026-08-17 21:36:56,245 - notification3ab8f474409a - INFO - Loaded config from: /usr/src/app/app/socialPlatforms/keys.yaml
2026-08-17 21:36:56,245 - notification3ab8f474409a - INFO - Using threadId from namespace: 19ffc22af1a6056d
2026-08-17 21:36:56,245 - notification3ab8f474409a - INFO - Credentials loaded successfully
2026-08-17 21:36:56,245 - notification3ab8f474409a - INFO - telegram() | camera=ppe_test_cam1 | Type=PPE Alert | subscription=notification_results | service_status=True | chat_ids=[]
2026-08-17 21:36:56,245 - notification3ab8f474409a - ERROR - Missing chat_ids or bot_token for Telegram
2026-08-17 21:36:56,574 - notification3ab8f474409a - INFO - Gmail API discovered
2026-08-17 21:36:58,002 - notification3ab8f474409a - INFO - Added threading headers for thread: 19ffc22af1a6056d
2026-08-17 21:36:58,003 - notification3ab8f474409a - INFO - Attached logo1 from: /usr/src/app/app/logo.png
2026-08-17 21:36:58,003 - notification3ab8f474409a - INFO - Attached logo2 from: /usr/src/app/app/logo2.png
2026-08-17 21:36:58,003 - notification3ab8f474409a - INFO - Looking for alert image at: /Aksha/ppe_test_cam1/alerts/2026-08-17/2026-08-17 21:36:56.20_alert.jpg
2026-08-17 21:36:58,005 - notification3ab8f474409a - INFO - Attached alert image: /Aksha/ppe_test_cam1/alerts/2026-08-17/2026-08-17 21:36:56.20_alert.jpg
2026-08-17 21:36:58,016 - notification3ab8f474409a - INFO - Sending email with threadId: 19ffc22af1a6056d
2026-08-17 21:36:58,775 - notification3ab8f474409a - ERROR - Error sending email: 



Too Many Requests

Content:
{'code': 429,
 'errors': [{'domain': 'global',
             'message': 'User-rate limit exceeded.  Retry after '
                        '2026-08-17T16:21:58.689Z (Mail sending)',
             'reason': 'rateLimitExceeded'}],
 'message': 'User-rate limit exceeded.  Retry after 2026-08-17T16:21:58.689Z '
            '(Mail sending)',
 'status': 'RESOURCE_EXHAUSTED'}

Request URL:
https://gmail.googleapis.com/gmail/v1/users/me/messages/send
2026-08-17 21:36:58,776 - notification3ab8f474409a - ERROR - Traceback: Traceback (most recent call last):
  File "/usr/src/app/app/socialPlatforms/email.py", line 767, in email_gmail
    response = await google.as_user(
  File "/usr/local/lib/python3.10/site-packages/aiogoogle/client.py", line 270, in as_user
    return await self.send(
  File "/usr/local/lib/python3.10/site-packages/aiogoogle/client.py", line 425, in send
    return await session.send(*args, **kwargs)
  File "/usr/local/lib/python3.10/site-packages/aiogoogle/sessions/aiohttp_session.py", line 192, in send
    results = await schedule_tasks()
  File "/usr/local/lib/python3.10/site-packages/aiogoogle/sessions/aiohttp_session.py", line 177, in schedule_tasks
    return await asyncio.gather(
  File "/usr/local/lib/python3.10/site-packages/aiogoogle/sessions/aiohttp_session.py", line 171, in get_content
    response = await get_response(request)
  File "/usr/local/lib/python3.10/site-packages/aiogoogle/sessions/aiohttp_session.py", line 167, in get_response
    response.raise_for_status()
  File "/usr/local/lib/python3.10/site-packages/aiogoogle/models.py", line 481, in raise_for_status
    raise HTTPError(msg=self.reason, req=self.req, res=self)
aiogoogle.excs.HTTPError: 



Too Many Requests

Content:
{'code': 429,
 'errors': [{'domain': 'global',
             'message': 'User-rate limit exceeded.  Retry after '
                        '2026-08-17T16:21:58.689Z (Mail sending)',
             'reason': 'rateLimitExceeded'}],
 'message': 'User-rate limit exceeded.  Retry after 2026-08-17T16:21:58.689Z '
            '(Mail sending)',
 'status': 'RESOURCE_EXHAUSTED'}

Request URL:
https://gmail.googleapis.com/gmail/v1/users/me/messages/send

2026-08-17 21:36:58,778 - notification3ab8f474409a - INFO - Updated threadId in app.config: 19ffc22af1a6056d
2026-08-17 21:36:58,778 - notification3ab8f474409a - INFO - [NOTIFICATION SENT] frame_id=None | camera=ppe_test_cam1 | Type=PPE Alert | topic=notification_results
2026-08-17 21:37:56,197 - notification3ab8f474409a - INFO - _poll_kafka: 1 message(s) received from Kafka
2026-08-17 21:37:56,197 - notification3ab8f474409a - INFO - [NOTIFICATION RECEIVED] frame_id=None | camera=ppe_test_cam1 | Type=PPE Alert | timestamp=2026-08-17 21:37:56.160000
2026-08-17 21:37:56,197 - notification3ab8f474409a - INFO - send_notifications | camera=ppe_test_cam1 | Type=PPE Alert | recipients=['your_actual_email@example.com'] | thread_id=19ffc22af1a6056d
2026-08-17 21:37:56,197 - notification3ab8f474409a - INFO - Queuing email task | camera=ppe_test_cam1 | to=['your_actual_email@example.com']
2026-08-17 21:37:56,197 - notification3ab8f474409a - INFO - Queuing telegram task | camera=ppe_test_cam1 | chat_ids=[]
2026-08-17 21:37:56,197 - notification3ab8f474409a - INFO - Running 2 notification task(s) | camera=ppe_test_cam1
2026-08-17 21:37:56,197 - notification3ab8f474409a - INFO - email gmail function started for camera: ppe_test_cam1, Type: PPE Alert
2026-08-17 21:37:56,198 - notification3ab8f474409a - INFO - DataPath: /Aksha, main_dir: /Aksha
2026-08-17 21:37:56,199 - notification3ab8f474409a - INFO - Loaded config from: /usr/src/app/app/socialPlatforms/keys.yaml
2026-08-17 21:37:56,199 - notification3ab8f474409a - INFO - Using threadId from namespace: 19ffc22af1a6056d
2026-08-17 21:37:56,199 - notification3ab8f474409a - INFO - Credentials loaded successfully
2026-08-17 21:37:56,199 - notification3ab8f474409a - INFO - telegram() | camera=ppe_test_cam1 | Type=PPE Alert | subscription=notification_results | service_status=True | chat_ids=[]
2026-08-17 21:37:56,199 - notification3ab8f474409a - ERROR - Missing chat_ids or bot_token for Telegram
2026-08-17 21:37:56,508 - notification3ab8f474409a - INFO - Gmail API discovered
2026-08-17 21:37:58,620 - notification3ab8f474409a - INFO - Added threading headers for thread: 19ffc22af1a6056d
2026-08-17 21:37:58,621 - notification3ab8f474409a - INFO - Attached logo1 from: /usr/src/app/app/logo.png
2026-08-17 21:37:58,626 - notification3ab8f474409a - INFO - Attached logo2 from: /usr/src/app/app/logo2.png
2026-08-17 21:37:58,626 - notification3ab8f474409a - INFO - Looking for alert image at: /Aksha/ppe_test_cam1/alerts/2026-08-17/2026-08-17 21:37:56.16_alert.jpg
2026-08-17 21:37:58,630 - notification3ab8f474409a - INFO - Attached alert image: /Aksha/ppe_test_cam1/alerts/2026-08-17/2026-08-17 21:37:56.16_alert.jpg
2026-08-17 21:37:58,644 - notification3ab8f474409a - INFO - Sending email with threadId: 19ffc22af1a6056d
2026-08-17 21:37:59,412 - notification3ab8f474409a - ERROR - Error sending email: 



Too Many Requests

Content:
{'code': 429,
 'errors': [{'domain': 'global',
             'message': 'User-rate limit exceeded.  Retry after '
                        '2026-08-17T16:22:59.328Z (Mail sending)',
             'reason': 'rateLimitExceeded'}],
 'message': 'User-rate limit exceeded.  Retry after 2026-08-17T16:22:59.328Z '
            '(Mail sending)',
 'status': 'RESOURCE_EXHAUSTED'}

Request URL:
https://gmail.googleapis.com/gmail/v1/users/me/messages/send
2026-08-17 21:37:59,413 - notification3ab8f474409a - ERROR - Traceback: Traceback (most recent call last):
  File "/usr/src/app/app/socialPlatforms/email.py", line 767, in email_gmail
    response = await google.as_user(
  File "/usr/local/lib/python3.10/site-packages/aiogoogle/client.py", line 270, in as_user
    return await self.send(
  File "/usr/local/lib/python3.10/site-packages/aiogoogle/client.py", line 425, in send
    return await session.send(*args, **kwargs)
  File "/usr/local/lib/python3.10/site-packages/aiogoogle/sessions/aiohttp_session.py", line 192, in send
    results = await schedule_tasks()
  File "/usr/local/lib/python3.10/site-packages/aiogoogle/sessions/aiohttp_session.py", line 177, in schedule_tasks
    return await asyncio.gather(
  File "/usr/local/lib/python3.10/site-packages/aiogoogle/sessions/aiohttp_session.py", line 171, in get_content
    response = await get_response(request)
  File "/usr/local/lib/python3.10/site-packages/aiogoogle/sessions/aiohttp_session.py", line 167, in get_response
    response.raise_for_status()
  File "/usr/local/lib/python3.10/site-packages/aiogoogle/models.py", line 481, in raise_for_status
    raise HTTPError(msg=self.reason, req=self.req, res=self)
aiogoogle.excs.HTTPError: 



Too Many Requests

Content:
{'code': 429,
 'errors': [{'domain': 'global',
             'message': 'User-rate limit exceeded.  Retry after '
                        '2026-08-17T16:22:59.328Z (Mail sending)',
             'reason': 'rateLimitExceeded'}],
 'message': 'User-rate limit exceeded.  Retry after 2026-08-17T16:22:59.328Z '
            '(Mail sending)',
 'status': 'RESOURCE_EXHAUSTED'}

Request URL:
https://gmail.googleapis.com/gmail/v1/users/me/messages/send

2026-08-17 21:37:59,417 - notification3ab8f474409a - INFO - Updated threadId in app.config: 19ffc22af1a6056d
2026-08-17 21:37:59,418 - notification3ab8f474409a - INFO - [NOTIFICATION SENT] frame_id=None | camera=ppe_test_cam1 | Type=PPE Alert | topic=notification_results
2026-08-17 21:38:56,239 - notification3ab8f474409a - INFO - _poll_kafka: 1 message(s) received from Kafka
2026-08-17 21:38:56,240 - notification3ab8f474409a - INFO - [NOTIFICATION RECEIVED] frame_id=None | camera=ppe_test_cam1 | Type=PPE Alert | timestamp=2026-08-17 21:38:56.170000
2026-08-17 21:38:56,240 - notification3ab8f474409a - INFO - send_notifications | camera=ppe_test_cam1 | Type=PPE Alert | recipients=['your_actual_email@example.com'] | thread_id=19ffc22af1a6056d
2026-08-17 21:38:56,240 - notification3ab8f474409a - INFO - Queuing email task | camera=ppe_test_cam1 | to=['your_actual_email@example.com']
2026-08-17 21:38:56,240 - notification3ab8f474409a - INFO - Queuing telegram task | camera=ppe_test_cam1 | chat_ids=[]
2026-08-17 21:38:56,240 - notification3ab8f474409a - INFO - Running 2 notification task(s) | camera=ppe_test_cam1
2026-08-17 21:38:56,240 - notification3ab8f474409a - INFO - email gmail function started for camera: ppe_test_cam1, Type: PPE Alert
2026-08-17 21:38:56,240 - notification3ab8f474409a - INFO - DataPath: /Aksha, main_dir: /Aksha
2026-08-17 21:38:56,242 - notification3ab8f474409a - INFO - Loaded config from: /usr/src/app/app/socialPlatforms/keys.yaml
2026-08-17 21:38:56,242 - notification3ab8f474409a - INFO - Using threadId from namespace: 19ffc22af1a6056d
2026-08-17 21:38:56,242 - notification3ab8f474409a - INFO - Credentials loaded successfully
2026-08-17 21:38:56,243 - notification3ab8f474409a - INFO - telegram() | camera=ppe_test_cam1 | Type=PPE Alert | subscription=notification_results | service_status=True | chat_ids=[]
2026-08-17 21:38:56,243 - notification3ab8f474409a - ERROR - Missing chat_ids or bot_token for Telegram
2026-08-17 21:38:56,584 - notification3ab8f474409a - INFO - Gmail API discovered
2026-08-17 21:38:58,244 - notification3ab8f474409a - INFO - Added threading headers for thread: 19ffc22af1a6056d
2026-08-17 21:38:58,244 - notification3ab8f474409a - INFO - Attached logo1 from: /usr/src/app/app/logo.png
2026-08-17 21:38:58,245 - notification3ab8f474409a - INFO - Attached logo2 from: /usr/src/app/app/logo2.png
2026-08-17 21:38:58,245 - notification3ab8f474409a - INFO - Looking for alert image at: /Aksha/ppe_test_cam1/alerts/2026-08-17/2026-08-17 21:38:56.17_alert.jpg
2026-08-17 21:38:58,247 - notification3ab8f474409a - INFO - Attached alert image: /Aksha/ppe_test_cam1/alerts/2026-08-17/2026-08-17 21:38:56.17_alert.jpg
2026-08-17 21:38:58,253 - notification3ab8f474409a - INFO - Sending email with threadId: 19ffc22af1a6056d
2026-08-17 21:38:59,366 - notification3ab8f474409a - ERROR - Error sending email: 



Too Many Requests

Content:
{'code': 429,
 'errors': [{'domain': 'global',
             'message': 'User-rate limit exceeded.  Retry after '
                        '2026-08-17T16:23:59.246Z (Mail sending)',
             'reason': 'rateLimitExceeded'}],
 'message': 'User-rate limit exceeded.  Retry after 2026-08-17T16:23:59.246Z '
            '(Mail sending)',
 'status': 'RESOURCE_EXHAUSTED'}

Request URL:
https://gmail.googleapis.com/gmail/v1/users/me/messages/send
2026-08-17 21:38:59,367 - notification3ab8f474409a - ERROR - Traceback: Traceback (most recent call last):
  File "/usr/src/app/app/socialPlatforms/email.py", line 767, in email_gmail
    response = await google.as_user(
  File "/usr/local/lib/python3.10/site-packages/aiogoogle/client.py", line 270, in as_user
    return await self.send(
  File "/usr/local/lib/python3.10/site-packages/aiogoogle/client.py", line 425, in send
    return await session.send(*args, **kwargs)
  File "/usr/local/lib/python3.10/site-packages/aiogoogle/sessions/aiohttp_session.py", line 192, in send
    results = await schedule_tasks()
  File "/usr/local/lib/python3.10/site-packages/aiogoogle/sessions/aiohttp_session.py", line 177, in schedule_tasks
    return await asyncio.gather(
  File "/usr/local/lib/python3.10/site-packages/aiogoogle/sessions/aiohttp_session.py", line 171, in get_content
    response = await get_response(request)
  File "/usr/local/lib/python3.10/site-packages/aiogoogle/sessions/aiohttp_session.py", line 167, in get_response
    response.raise_for_status()
  File "/usr/local/lib/python3.10/site-packages/aiogoogle/models.py", line 481, in raise_for_status
    raise HTTPError(msg=self.reason, req=self.req, res=self)
aiogoogle.excs.HTTPError: 



Too Many Requests

Content:
{'code': 429,
 'errors': [{'domain': 'global',
             'message': 'User-rate limit exceeded.  Retry after '
                        '2026-08-17T16:23:59.246Z (Mail sending)',
             'reason': 'rateLimitExceeded'}],
 'message': 'User-rate limit exceeded.  Retry after 2026-08-17T16:23:59.246Z '
            '(Mail sending)',
 'status': 'RESOURCE_EXHAUSTED'}

Request URL:
https://gmail.googleapis.com/gmail/v1/users/me/messages/send

2026-08-17 21:38:59,370 - notification3ab8f474409a - INFO - Updated threadId in app.config: 19ffc22af1a6056d
2026-08-17 21:38:59,371 - notification3ab8f474409a - INFO - [NOTIFICATION SENT] frame_id=None | camera=ppe_test_cam1 | Type=PPE Alert | topic=notification_results
2026-08-17 21:39:56,250 - notification3ab8f474409a - INFO - _poll_kafka: 1 message(s) received from Kafka
2026-08-17 21:39:56,250 - notification3ab8f474409a - INFO - [NOTIFICATION RECEIVED] frame_id=None | camera=ppe_test_cam1 | Type=PPE Alert | timestamp=2026-08-17 21:39:56.210000
2026-08-17 21:39:56,250 - notification3ab8f474409a - INFO - send_notifications | camera=ppe_test_cam1 | Type=PPE Alert | recipients=['your_actual_email@example.com'] | thread_id=19ffc22af1a6056d
2026-08-17 21:39:56,251 - notification3ab8f474409a - INFO - Queuing email task | camera=ppe_test_cam1 | to=['your_actual_email@example.com']
2026-08-17 21:39:56,251 - notification3ab8f474409a - INFO - Queuing telegram task | camera=ppe_test_cam1 | chat_ids=[]
2026-08-17 21:39:56,251 - notification3ab8f474409a - INFO - Running 2 notification task(s) | camera=ppe_test_cam1
2026-08-17 21:39:56,251 - notification3ab8f474409a - INFO - email gmail function started for camera: ppe_test_cam1, Type: PPE Alert
2026-08-17 21:39:56,251 - notification3ab8f474409a - INFO - DataPath: /Aksha, main_dir: /Aksha
2026-08-17 21:39:56,252 - notification3ab8f474409a - INFO - Loaded config from: /usr/src/app/app/socialPlatforms/keys.yaml
2026-08-17 21:39:56,252 - notification3ab8f474409a - INFO - Using threadId from namespace: 19ffc22af1a6056d
2026-08-17 21:39:56,252 - notification3ab8f474409a - INFO - Credentials loaded successfully
2026-08-17 21:39:56,252 - notification3ab8f474409a - INFO - telegram() | camera=ppe_test_cam1 | Type=PPE Alert | subscription=notification_results | service_status=True | chat_ids=[]
2026-08-17 21:39:56,252 - notification3ab8f474409a - ERROR - Missing chat_ids or bot_token for Telegram
2026-08-17 21:39:56,542 - notification3ab8f474409a - INFO - Gmail API discovered
2026-08-17 21:39:57,975 - notification3ab8f474409a - INFO - Added threading headers for thread: 19ffc22af1a6056d
2026-08-17 21:39:57,975 - notification3ab8f474409a - INFO - Attached logo1 from: /usr/src/app/app/logo.png
2026-08-17 21:39:57,976 - notification3ab8f474409a - INFO - Attached logo2 from: /usr/src/app/app/logo2.png
2026-08-17 21:39:57,976 - notification3ab8f474409a - INFO - Looking for alert image at: /Aksha/ppe_test_cam1/alerts/2026-08-17/2026-08-17 21:39:56.21_alert.jpg
2026-08-17 21:39:57,978 - notification3ab8f474409a - INFO - Attached alert image: /Aksha/ppe_test_cam1/alerts/2026-08-17/2026-08-17 21:39:56.21_alert.jpg
2026-08-17 21:39:57,984 - notification3ab8f474409a - INFO - Sending email with threadId: 19ffc22af1a6056d
2026-08-17 21:39:58,759 - notification3ab8f474409a - ERROR - Error sending email: 



Too Many Requests

Content:
{'code': 429,
 'errors': [{'domain': 'global',
             'message': 'User-rate limit exceeded.  Retry after '
                        '2026-08-17T16:24:58.680Z (Mail sending)',
             'reason': 'rateLimitExceeded'}],
 'message': 'User-rate limit exceeded.  Retry after 2026-08-17T16:24:58.680Z '
            '(Mail sending)',
 'status': 'RESOURCE_EXHAUSTED'}

Request URL:
https://gmail.googleapis.com/gmail/v1/users/me/messages/send
2026-08-17 21:39:58,760 - notification3ab8f474409a - ERROR - Traceback: Traceback (most recent call last):
  File "/usr/src/app/app/socialPlatforms/email.py", line 767, in email_gmail
    response = await google.as_user(
  File "/usr/local/lib/python3.10/site-packages/aiogoogle/client.py", line 270, in as_user
    return await self.send(
  File "/usr/local/lib/python3.10/site-packages/aiogoogle/client.py", line 425, in send
    return await session.send(*args, **kwargs)
  File "/usr/local/lib/python3.10/site-packages/aiogoogle/sessions/aiohttp_session.py", line 192, in send
    results = await schedule_tasks()
  File "/usr/local/lib/python3.10/site-packages/aiogoogle/sessions/aiohttp_session.py", line 177, in schedule_tasks
    return await asyncio.gather(
  File "/usr/local/lib/python3.10/site-packages/aiogoogle/sessions/aiohttp_session.py", line 171, in get_content
    response = await get_response(request)
  File "/usr/local/lib/python3.10/site-packages/aiogoogle/sessions/aiohttp_session.py", line 167, in get_response
    response.raise_for_status()
  File "/usr/local/lib/python3.10/site-packages/aiogoogle/models.py", line 481, in raise_for_status
    raise HTTPError(msg=self.reason, req=self.req, res=self)
aiogoogle.excs.HTTPError: 



Too Many Requests

Content:
{'code': 429,
 'errors': [{'domain': 'global',
             'message': 'User-rate limit exceeded.  Retry after '
                        '2026-08-17T16:24:58.680Z (Mail sending)',
             'reason': 'rateLimitExceeded'}],
 'message': 'User-rate limit exceeded.  Retry after 2026-08-17T16:24:58.680Z '
            '(Mail sending)',
 'status': 'RESOURCE_EXHAUSTED'}

Request URL:
https://gmail.googleapis.com/gmail/v1/users/me/messages/send

2026-08-17 21:39:58,763 - notification3ab8f474409a - INFO - Updated threadId in app.config: 19ffc22af1a6056d
2026-08-17 21:39:58,763 - notification3ab8f474409a - INFO - [NOTIFICATION SENT] frame_id=None | camera=ppe_test_cam1 | Type=PPE Alert | topic=notification_results
2026-08-17 21:40:56,147 - notification3ab8f474409a - INFO - _poll_kafka: 1 message(s) received from Kafka
2026-08-17 21:40:56,147 - notification3ab8f474409a - INFO - [NOTIFICATION RECEIVED] frame_id=None | camera=ppe_test_cam1 | Type=PPE Alert | timestamp=2026-08-17 21:40:56.120000
2026-08-17 21:40:56,147 - notification3ab8f474409a - INFO - send_notifications | camera=ppe_test_cam1 | Type=PPE Alert | recipients=['your_actual_email@example.com'] | thread_id=19ffc22af1a6056d
2026-08-17 21:40:56,147 - notification3ab8f474409a - INFO - Queuing email task | camera=ppe_test_cam1 | to=['your_actual_email@example.com']
2026-08-17 21:40:56,147 - notification3ab8f474409a - INFO - Queuing telegram task | camera=ppe_test_cam1 | chat_ids=[]
2026-08-17 21:40:56,147 - notification3ab8f474409a - INFO - Running 2 notification task(s) | camera=ppe_test_cam1
2026-08-17 21:40:56,148 - notification3ab8f474409a - INFO - email gmail function started for camera: ppe_test_cam1, Type: PPE Alert
2026-08-17 21:40:56,148 - notification3ab8f474409a - INFO - DataPath: /Aksha, main_dir: /Aksha
2026-08-17 21:40:56,149 - notification3ab8f474409a - INFO - Loaded config from: /usr/src/app/app/socialPlatforms/keys.yaml
2026-08-17 21:40:56,149 - notification3ab8f474409a - INFO - Using threadId from namespace: 19ffc22af1a6056d
2026-08-17 21:40:56,149 - notification3ab8f474409a - INFO - Credentials loaded successfully
2026-08-17 21:40:56,149 - notification3ab8f474409a - INFO - telegram() | camera=ppe_test_cam1 | Type=PPE Alert | subscription=notification_results | service_status=True | chat_ids=[]
2026-08-17 21:40:56,149 - notification3ab8f474409a - ERROR - Missing chat_ids or bot_token for Telegram
2026-08-17 21:40:56,516 - notification3ab8f474409a - INFO - Gmail API discovered
2026-08-17 21:40:57,983 - notification3ab8f474409a - INFO - Added threading headers for thread: 19ffc22af1a6056d
2026-08-17 21:40:57,984 - notification3ab8f474409a - INFO - Attached logo1 from: /usr/src/app/app/logo.png
2026-08-17 21:40:57,985 - notification3ab8f474409a - INFO - Attached logo2 from: /usr/src/app/app/logo2.png
2026-08-17 21:40:57,986 - notification3ab8f474409a - INFO - Looking for alert image at: /Aksha/ppe_test_cam1/alerts/2026-08-17/2026-08-17 21:40:56.12_alert.jpg
2026-08-17 21:40:57,988 - notification3ab8f474409a - INFO - Attached alert image: /Aksha/ppe_test_cam1/alerts/2026-08-17/2026-08-17 21:40:56.12_alert.jpg
2026-08-17 21:40:57,995 - notification3ab8f474409a - INFO - Sending email with threadId: 19ffc22af1a6056d
2026-08-17 21:40:58,766 - notification3ab8f474409a - ERROR - Error sending email: 



Too Many Requests

Content:
{'code': 429,
 'errors': [{'domain': 'global',
             'message': 'User-rate limit exceeded.  Retry after '
                        '2026-08-17T16:25:58.679Z (Mail sending)',
             'reason': 'rateLimitExceeded'}],
 'message': 'User-rate limit exceeded.  Retry after 2026-08-17T16:25:58.679Z '
            '(Mail sending)',
 'status': 'RESOURCE_EXHAUSTED'}

Request URL:
https://gmail.googleapis.com/gmail/v1/users/me/messages/send
2026-08-17 21:40:58,769 - notification3ab8f474409a - ERROR - Traceback: Traceback (most recent call last):
  File "/usr/src/app/app/socialPlatforms/email.py", line 767, in email_gmail
    response = await google.as_user(
  File "/usr/local/lib/python3.10/site-packages/aiogoogle/client.py", line 270, in as_user
    return await self.send(
  File "/usr/local/lib/python3.10/site-packages/aiogoogle/client.py", line 425, in send
    return await session.send(*args, **kwargs)
  File "/usr/local/lib/python3.10/site-packages/aiogoogle/sessions/aiohttp_session.py", line 192, in send
    results = await schedule_tasks()
  File "/usr/local/lib/python3.10/site-packages/aiogoogle/sessions/aiohttp_session.py", line 177, in schedule_tasks
    return await asyncio.gather(
  File "/usr/local/lib/python3.10/site-packages/aiogoogle/sessions/aiohttp_session.py", line 171, in get_content
    response = await get_response(request)
  File "/usr/local/lib/python3.10/site-packages/aiogoogle/sessions/aiohttp_session.py", line 167, in get_response
    response.raise_for_status()
  File "/usr/local/lib/python3.10/site-packages/aiogoogle/models.py", line 481, in raise_for_status
    raise HTTPError(msg=self.reason, req=self.req, res=self)
aiogoogle.excs.HTTPError: 



Too Many Requests

Content:
{'code': 429,
 'errors': [{'domain': 'global',
             'message': 'User-rate limit exceeded.  Retry after '
                        '2026-08-17T16:25:58.679Z (Mail sending)',
             'reason': 'rateLimitExceeded'}],
 'message': 'User-rate limit exceeded.  Retry after 2026-08-17T16:25:58.679Z '
            '(Mail sending)',
 'status': 'RESOURCE_EXHAUSTED'}

Request URL:
https://gmail.googleapis.com/gmail/v1/users/me/messages/send

2026-08-17 21:40:58,770 - notification3ab8f474409a - INFO - Updated threadId in app.config: 19ffc22af1a6056d
2026-08-17 21:40:58,770 - notification3ab8f474409a - INFO - [NOTIFICATION SENT] frame_id=None | camera=ppe_test_cam1 | Type=PPE Alert | topic=notification_results
2026-08-17 21:41:56,190 - notification3ab8f474409a - INFO - _poll_kafka: 1 message(s) received from Kafka
2026-08-17 21:41:56,190 - notification3ab8f474409a - INFO - [NOTIFICATION RECEIVED] frame_id=None | camera=ppe_test_cam1 | Type=PPE Alert | timestamp=2026-08-17 21:41:56.140000
2026-08-17 21:41:56,191 - notification3ab8f474409a - INFO - send_notifications | camera=ppe_test_cam1 | Type=PPE Alert | recipients=['your_actual_email@example.com'] | thread_id=19ffc22af1a6056d
2026-08-17 21:41:56,191 - notification3ab8f474409a - INFO - Queuing email task | camera=ppe_test_cam1 | to=['your_actual_email@example.com']
2026-08-17 21:41:56,191 - notification3ab8f474409a - INFO - Queuing telegram task | camera=ppe_test_cam1 | chat_ids=[]
2026-08-17 21:41:56,191 - notification3ab8f474409a - INFO - Running 2 notification task(s) | camera=ppe_test_cam1
2026-08-17 21:41:56,191 - notification3ab8f474409a - INFO - email gmail function started for camera: ppe_test_cam1, Type: PPE Alert
2026-08-17 21:41:56,191 - notification3ab8f474409a - INFO - DataPath: /Aksha, main_dir: /Aksha
2026-08-17 21:41:56,192 - notification3ab8f474409a - INFO - Loaded config from: /usr/src/app/app/socialPlatforms/keys.yaml
2026-08-17 21:41:56,192 - notification3ab8f474409a - INFO - Using threadId from namespace: 19ffc22af1a6056d
2026-08-17 21:41:56,192 - notification3ab8f474409a - INFO - Credentials loaded successfully
2026-08-17 21:41:56,193 - notification3ab8f474409a - INFO - telegram() | camera=ppe_test_cam1 | Type=PPE Alert | subscription=notification_results | service_status=True | chat_ids=[]
2026-08-17 21:41:56,193 - notification3ab8f474409a - ERROR - Missing chat_ids or bot_token for Telegram
2026-08-17 21:41:57,124 - notification3ab8f474409a - INFO - Gmail API discovered
2026-08-17 21:41:59,049 - notification3ab8f474409a - INFO - Added threading headers for thread: 19ffc22af1a6056d
2026-08-17 21:41:59,050 - notification3ab8f474409a - INFO - Attached logo1 from: /usr/src/app/app/logo.png
2026-08-17 21:41:59,051 - notification3ab8f474409a - INFO - Attached logo2 from: /usr/src/app/app/logo2.png
2026-08-17 21:41:59,051 - notification3ab8f474409a - INFO - Looking for alert image at: /Aksha/ppe_test_cam1/alerts/2026-08-17/2026-08-17 21:41:56.14_alert.jpg
2026-08-17 21:41:59,053 - notification3ab8f474409a - INFO - Attached alert image: /Aksha/ppe_test_cam1/alerts/2026-08-17/2026-08-17 21:41:56.14_alert.jpg
2026-08-17 21:41:59,058 - notification3ab8f474409a - INFO - Sending email with threadId: 19ffc22af1a6056d
2026-08-17 21:42:00,136 - notification3ab8f474409a - ERROR - Error sending email: 



Too Many Requests

Content:
{'code': 429,
 'errors': [{'domain': 'global',
             'message': 'User-rate limit exceeded.  Retry after '
                        '2026-08-17T16:27:00.045Z (Mail sending)',
             'reason': 'rateLimitExceeded'}],
 'message': 'User-rate limit exceeded.  Retry after 2026-08-17T16:27:00.045Z '
            '(Mail sending)',
 'status': 'RESOURCE_EXHAUSTED'}

Request URL:
https://gmail.googleapis.com/gmail/v1/users/me/messages/send
2026-08-17 21:42:00,136 - notification3ab8f474409a - ERROR - Traceback: Traceback (most recent call last):
  File "/usr/src/app/app/socialPlatforms/email.py", line 767, in email_gmail
    response = await google.as_user(
  File "/usr/local/lib/python3.10/site-packages/aiogoogle/client.py", line 270, in as_user
    return await self.send(
  File "/usr/local/lib/python3.10/site-packages/aiogoogle/client.py", line 425, in send
    return await session.send(*args, **kwargs)
  File "/usr/local/lib/python3.10/site-packages/aiogoogle/sessions/aiohttp_session.py", line 192, in send
    results = await schedule_tasks()
  File "/usr/local/lib/python3.10/site-packages/aiogoogle/sessions/aiohttp_session.py", line 177, in schedule_tasks
    return await asyncio.gather(
  File "/usr/local/lib/python3.10/site-packages/aiogoogle/sessions/aiohttp_session.py", line 171, in get_content
    response = await get_response(request)
  File "/usr/local/lib/python3.10/site-packages/aiogoogle/sessions/aiohttp_session.py", line 167, in get_response
    response.raise_for_status()
  File "/usr/local/lib/python3.10/site-packages/aiogoogle/models.py", line 481, in raise_for_status
    raise HTTPError(msg=self.reason, req=self.req, res=self)
aiogoogle.excs.HTTPError: 



Too Many Requests

Content:
{'code': 429,
 'errors': [{'domain': 'global',
             'message': 'User-rate limit exceeded.  Retry after '
                        '2026-08-17T16:27:00.045Z (Mail sending)',
             'reason': 'rateLimitExceeded'}],
 'message': 'User-rate limit exceeded.  Retry after 2026-08-17T16:27:00.045Z '
            '(Mail sending)',
 'status': 'RESOURCE_EXHAUSTED'}

Request URL:
https://gmail.googleapis.com/gmail/v1/users/me/messages/send

2026-08-17 21:42:00,137 - notification3ab8f474409a - INFO - Updated threadId in app.config: 19ffc22af1a6056d
2026-08-17 21:42:00,137 - notification3ab8f474409a - INFO - [NOTIFICATION SENT] frame_id=None | camera=ppe_test_cam1 | Type=PPE Alert | topic=notification_results
2026-08-17 21:42:56,227 - notification3ab8f474409a - INFO - _poll_kafka: 1 message(s) received from Kafka
2026-08-17 21:42:56,228 - notification3ab8f474409a - INFO - [NOTIFICATION RECEIVED] frame_id=None | camera=ppe_test_cam1 | Type=PPE Alert | timestamp=2026-08-17 21:42:56.170000
2026-08-17 21:42:56,228 - notification3ab8f474409a - INFO - send_notifications | camera=ppe_test_cam1 | Type=PPE Alert | recipients=['your_actual_email@example.com'] | thread_id=19ffc22af1a6056d
2026-08-17 21:42:56,228 - notification3ab8f474409a - INFO - Queuing email task | camera=ppe_test_cam1 | to=['your_actual_email@example.com']
2026-08-17 21:42:56,228 - notification3ab8f474409a - INFO - Queuing telegram task | camera=ppe_test_cam1 | chat_ids=[]
2026-08-17 21:42:56,228 - notification3ab8f474409a - INFO - Running 2 notification task(s) | camera=ppe_test_cam1
2026-08-17 21:42:56,228 - notification3ab8f474409a - INFO - email gmail function started for camera: ppe_test_cam1, Type: PPE Alert
2026-08-17 21:42:56,228 - notification3ab8f474409a - INFO - DataPath: /Aksha, main_dir: /Aksha
2026-08-17 21:42:56,230 - notification3ab8f474409a - INFO - Loaded config from: /usr/src/app/app/socialPlatforms/keys.yaml
2026-08-17 21:42:56,230 - notification3ab8f474409a - INFO - Using threadId from namespace: 19ffc22af1a6056d
2026-08-17 21:42:56,230 - notification3ab8f474409a - INFO - Credentials loaded successfully
2026-08-17 21:42:56,230 - notification3ab8f474409a - INFO - telegram() | camera=ppe_test_cam1 | Type=PPE Alert | subscription=notification_results | service_status=True | chat_ids=[]
2026-08-17 21:42:56,230 - notification3ab8f474409a - ERROR - Missing chat_ids or bot_token for Telegram
2026-08-17 21:42:57,269 - notification3ab8f474409a - INFO - Gmail API discovered
2026-08-17 21:42:58,735 - notification3ab8f474409a - INFO - Added threading headers for thread: 19ffc22af1a6056d
2026-08-17 21:42:58,736 - notification3ab8f474409a - INFO - Attached logo1 from: /usr/src/app/app/logo.png
2026-08-17 21:42:58,736 - notification3ab8f474409a - INFO - Attached logo2 from: /usr/src/app/app/logo2.png
2026-08-17 21:42:58,737 - notification3ab8f474409a - INFO - Looking for alert image at: /Aksha/ppe_test_cam1/alerts/2026-08-17/2026-08-17 21:42:56.17_alert.jpg
2026-08-17 21:42:58,738 - notification3ab8f474409a - INFO - Attached alert image: /Aksha/ppe_test_cam1/alerts/2026-08-17/2026-08-17 21:42:56.17_alert.jpg
2026-08-17 21:42:58,746 - notification3ab8f474409a - INFO - Sending email with threadId: 19ffc22af1a6056d
2026-08-17 21:42:59,552 - notification3ab8f474409a - ERROR - Error sending email: 



Too Many Requests

Content:
{'code': 429,
 'errors': [{'domain': 'global',
             'message': 'User-rate limit exceeded.  Retry after '
                        '2026-08-17T16:27:59.441Z (Mail sending)',
             'reason': 'rateLimitExceeded'}],
 'message': 'User-rate limit exceeded.  Retry after 2026-08-17T16:27:59.441Z '
            '(Mail sending)',
 'status': 'RESOURCE_EXHAUSTED'}

Request URL:
https://gmail.googleapis.com/gmail/v1/users/me/messages/send
2026-08-17 21:42:59,555 - notification3ab8f474409a - ERROR - Traceback: Traceback (most recent call last):
  File "/usr/src/app/app/socialPlatforms/email.py", line 767, in email_gmail
    response = await google.as_user(
  File "/usr/local/lib/python3.10/site-packages/aiogoogle/client.py", line 270, in as_user
    return await self.send(
  File "/usr/local/lib/python3.10/site-packages/aiogoogle/client.py", line 425, in send
    return await session.send(*args, **kwargs)
  File "/usr/local/lib/python3.10/site-packages/aiogoogle/sessions/aiohttp_session.py", line 192, in send
    results = await schedule_tasks()
  File "/usr/local/lib/python3.10/site-packages/aiogoogle/sessions/aiohttp_session.py", line 177, in schedule_tasks
    return await asyncio.gather(
  File "/usr/local/lib/python3.10/site-packages/aiogoogle/sessions/aiohttp_session.py", line 171, in get_content
    response = await get_response(request)
  File "/usr/local/lib/python3.10/site-packages/aiogoogle/sessions/aiohttp_session.py", line 167, in get_response
    response.raise_for_status()
  File "/usr/local/lib/python3.10/site-packages/aiogoogle/models.py", line 481, in raise_for_status
    raise HTTPError(msg=self.reason, req=self.req, res=self)
aiogoogle.excs.HTTPError: 



Too Many Requests

Content:
{'code': 429,
 'errors': [{'domain': 'global',
             'message': 'User-rate limit exceeded.  Retry after '
                        '2026-08-17T16:27:59.441Z (Mail sending)',
             'reason': 'rateLimitExceeded'}],
 'message': 'User-rate limit exceeded.  Retry after 2026-08-17T16:27:59.441Z '
            '(Mail sending)',
 'status': 'RESOURCE_EXHAUSTED'}

Request URL:
https://gmail.googleapis.com/gmail/v1/users/me/messages/send

2026-08-17 21:42:59,569 - notification3ab8f474409a - INFO - Updated threadId in app.config: 19ffc22af1a6056d
2026-08-17 21:42:59,573 - notification3ab8f474409a - INFO - [NOTIFICATION SENT] frame_id=None | camera=ppe_test_cam1 | Type=PPE Alert | topic=notification_results
2026-08-17 21:43:56,484 - notification3ab8f474409a - INFO - _poll_kafka: 1 message(s) received from Kafka
2026-08-17 21:43:56,485 - notification3ab8f474409a - INFO - [NOTIFICATION RECEIVED] frame_id=None | camera=ppe_test_cam1 | Type=PPE Alert | timestamp=2026-08-17 21:43:56.220000
2026-08-17 21:43:56,485 - notification3ab8f474409a - INFO - send_notifications | camera=ppe_test_cam1 | Type=PPE Alert | recipients=['your_actual_email@example.com'] | thread_id=19ffc22af1a6056d
2026-08-17 21:43:56,485 - notification3ab8f474409a - INFO - Queuing email task | camera=ppe_test_cam1 | to=['your_actual_email@example.com']
2026-08-17 21:43:56,486 - notification3ab8f474409a - INFO - Queuing telegram task | camera=ppe_test_cam1 | chat_ids=[]
2026-08-17 21:43:56,486 - notification3ab8f474409a - INFO - Running 2 notification task(s) | camera=ppe_test_cam1
2026-08-17 21:43:56,489 - notification3ab8f474409a - INFO - email gmail function started for camera: ppe_test_cam1, Type: PPE Alert
2026-08-17 21:43:56,491 - notification3ab8f474409a - INFO - DataPath: /Aksha, main_dir: /Aksha
2026-08-17 21:43:56,500 - notification3ab8f474409a - INFO - Loaded config from: /usr/src/app/app/socialPlatforms/keys.yaml
2026-08-17 21:43:56,500 - notification3ab8f474409a - INFO - Using threadId from namespace: 19ffc22af1a6056d
2026-08-17 21:43:56,500 - notification3ab8f474409a - INFO - Credentials loaded successfully
2026-08-17 21:43:56,507 - notification3ab8f474409a - INFO - telegram() | camera=ppe_test_cam1 | Type=PPE Alert | subscription=notification_results | service_status=True | chat_ids=[]
2026-08-17 21:43:56,507 - notification3ab8f474409a - ERROR - Missing chat_ids or bot_token for Telegram
2026-08-17 21:43:56,827 - notification3ab8f474409a - INFO - Gmail API discovered
2026-08-17 21:43:58,404 - notification3ab8f474409a - INFO - Added threading headers for thread: 19ffc22af1a6056d
2026-08-17 21:43:58,406 - notification3ab8f474409a - INFO - Attached logo1 from: /usr/src/app/app/logo.png
2026-08-17 21:43:58,409 - notification3ab8f474409a - INFO - Attached logo2 from: /usr/src/app/app/logo2.png
2026-08-17 21:43:58,409 - notification3ab8f474409a - INFO - Looking for alert image at: /Aksha/ppe_test_cam1/alerts/2026-08-17/2026-08-17 21:43:56.22_alert.jpg
2026-08-17 21:43:58,419 - notification3ab8f474409a - INFO - Attached alert image: /Aksha/ppe_test_cam1/alerts/2026-08-17/2026-08-17 21:43:56.22_alert.jpg
2026-08-17 21:43:58,444 - notification3ab8f474409a - INFO - Sending email with threadId: 19ffc22af1a6056d
2026-08-17 21:43:59,525 - notification3ab8f474409a - ERROR - Error sending email: 



Too Many Requests

Content:
{'code': 429,
 'errors': [{'domain': 'global',
             'message': 'User-rate limit exceeded.  Retry after '
                        '2026-08-17T16:28:59.434Z (Mail sending)',
             'reason': 'rateLimitExceeded'}],
 'message': 'User-rate limit exceeded.  Retry after 2026-08-17T16:28:59.434Z '
            '(Mail sending)',
 'status': 'RESOURCE_EXHAUSTED'}

Request URL:
https://gmail.googleapis.com/gmail/v1/users/me/messages/send
2026-08-17 21:43:59,526 - notification3ab8f474409a - ERROR - Traceback: Traceback (most recent call last):
  File "/usr/src/app/app/socialPlatforms/email.py", line 767, in email_gmail
    response = await google.as_user(
  File "/usr/local/lib/python3.10/site-packages/aiogoogle/client.py", line 270, in as_user
    return await self.send(
  File "/usr/local/lib/python3.10/site-packages/aiogoogle/client.py", line 425, in send
    return await session.send(*args, **kwargs)
  File "/usr/local/lib/python3.10/site-packages/aiogoogle/sessions/aiohttp_session.py", line 192, in send
    results = await schedule_tasks()
  File "/usr/local/lib/python3.10/site-packages/aiogoogle/sessions/aiohttp_session.py", line 177, in schedule_tasks
    return await asyncio.gather(
  File "/usr/local/lib/python3.10/site-packages/aiogoogle/sessions/aiohttp_session.py", line 171, in get_content
    response = await get_response(request)
  File "/usr/local/lib/python3.10/site-packages/aiogoogle/sessions/aiohttp_session.py", line 167, in get_response
    response.raise_for_status()
  File "/usr/local/lib/python3.10/site-packages/aiogoogle/models.py", line 481, in raise_for_status
    raise HTTPError(msg=self.reason, req=self.req, res=self)
aiogoogle.excs.HTTPError: 



Too Many Requests

Content:
{'code': 429,
 'errors': [{'domain': 'global',
             'message': 'User-rate limit exceeded.  Retry after '
                        '2026-08-17T16:28:59.434Z (Mail sending)',
             'reason': 'rateLimitExceeded'}],
 'message': 'User-rate limit exceeded.  Retry after 2026-08-17T16:28:59.434Z '
            '(Mail sending)',
 'status': 'RESOURCE_EXHAUSTED'}

Request URL:
https://gmail.googleapis.com/gmail/v1/users/me/messages/send

2026-08-17 21:43:59,535 - notification3ab8f474409a - INFO - Updated threadId in app.config: 19ffc22af1a6056d
2026-08-17 21:43:59,536 - notification3ab8f474409a - INFO - [NOTIFICATION SENT] frame_id=None | camera=ppe_test_cam1 | Type=PPE Alert | topic=notification_results
2026-08-17 21:44:56,577 - notification3ab8f474409a - INFO - _poll_kafka: 1 message(s) received from Kafka
2026-08-17 21:44:56,578 - notification3ab8f474409a - INFO - [NOTIFICATION RECEIVED] frame_id=None | camera=ppe_test_cam1 | Type=PPE Alert | timestamp=2026-08-17 21:44:56.420000
2026-08-17 21:44:56,578 - notification3ab8f474409a - INFO - send_notifications | camera=ppe_test_cam1 | Type=PPE Alert | recipients=['your_actual_email@example.com'] | thread_id=19ffc22af1a6056d
2026-08-17 21:44:56,578 - notification3ab8f474409a - INFO - Queuing email task | camera=ppe_test_cam1 | to=['your_actual_email@example.com']
2026-08-17 21:44:56,578 - notification3ab8f474409a - INFO - Queuing telegram task | camera=ppe_test_cam1 | chat_ids=[]
2026-08-17 21:44:56,578 - notification3ab8f474409a - INFO - Running 2 notification task(s) | camera=ppe_test_cam1
2026-08-17 21:44:56,578 - notification3ab8f474409a - INFO - email gmail function started for camera: ppe_test_cam1, Type: PPE Alert
2026-08-17 21:44:56,578 - notification3ab8f474409a - INFO - DataPath: /Aksha, main_dir: /Aksha
2026-08-17 21:44:56,579 - notification3ab8f474409a - INFO - Loaded config from: /usr/src/app/app/socialPlatforms/keys.yaml
2026-08-17 21:44:56,580 - notification3ab8f474409a - INFO - Using threadId from namespace: 19ffc22af1a6056d
2026-08-17 21:44:56,580 - notification3ab8f474409a - INFO - Credentials loaded successfully
2026-08-17 21:44:56,580 - notification3ab8f474409a - INFO - telegram() | camera=ppe_test_cam1 | Type=PPE Alert | subscription=notification_results | service_status=True | chat_ids=[]
2026-08-17 21:44:56,580 - notification3ab8f474409a - ERROR - Missing chat_ids or bot_token for Telegram
2026-08-17 21:44:56,866 - notification3ab8f474409a - INFO - Gmail API discovered
2026-08-17 21:44:58,333 - notification3ab8f474409a - INFO - Added threading headers for thread: 19ffc22af1a6056d
2026-08-17 21:44:58,335 - notification3ab8f474409a - INFO - Attached logo1 from: /usr/src/app/app/logo.png
2026-08-17 21:44:58,338 - notification3ab8f474409a - INFO - Attached logo2 from: /usr/src/app/app/logo2.png
2026-08-17 21:44:58,339 - notification3ab8f474409a - INFO - Looking for alert image at: /Aksha/ppe_test_cam1/alerts/2026-08-17/2026-08-17 21:44:56.42_alert.jpg
2026-08-17 21:44:58,348 - notification3ab8f474409a - INFO - Attached alert image: /Aksha/ppe_test_cam1/alerts/2026-08-17/2026-08-17 21:44:56.42_alert.jpg
2026-08-17 21:44:58,372 - notification3ab8f474409a - INFO - Sending email with threadId: 19ffc22af1a6056d
2026-08-17 21:44:59,130 - notification3ab8f474409a - ERROR - Error sending email: 



Too Many Requests

Content:
{'code': 429,
 'errors': [{'domain': 'global',
             'message': 'User-rate limit exceeded.  Retry after '
                        '2026-08-17T16:29:59.046Z (Mail sending)',
             'reason': 'rateLimitExceeded'}],
 'message': 'User-rate limit exceeded.  Retry after 2026-08-17T16:29:59.046Z '
            '(Mail sending)',
 'status': 'RESOURCE_EXHAUSTED'}

Request URL:
https://gmail.googleapis.com/gmail/v1/users/me/messages/send
2026-08-17 21:44:59,131 - notification3ab8f474409a - ERROR - Traceback: Traceback (most recent call last):
  File "/usr/src/app/app/socialPlatforms/email.py", line 767, in email_gmail
    response = await google.as_user(
  File "/usr/local/lib/python3.10/site-packages/aiogoogle/client.py", line 270, in as_user
    return await self.send(
  File "/usr/local/lib/python3.10/site-packages/aiogoogle/client.py", line 425, in send
    return await session.send(*args, **kwargs)
  File "/usr/local/lib/python3.10/site-packages/aiogoogle/sessions/aiohttp_session.py", line 192, in send
    results = await schedule_tasks()
  File "/usr/local/lib/python3.10/site-packages/aiogoogle/sessions/aiohttp_session.py", line 177, in schedule_tasks
    return await asyncio.gather(
  File "/usr/local/lib/python3.10/site-packages/aiogoogle/sessions/aiohttp_session.py", line 171, in get_content
    response = await get_response(request)
  File "/usr/local/lib/python3.10/site-packages/aiogoogle/sessions/aiohttp_session.py", line 167, in get_response
    response.raise_for_status()
  File "/usr/local/lib/python3.10/site-packages/aiogoogle/models.py", line 481, in raise_for_status
    raise HTTPError(msg=self.reason, req=self.req, res=self)
aiogoogle.excs.HTTPError: 



Too Many Requests

Content:
{'code': 429,
 'errors': [{'domain': 'global',
             'message': 'User-rate limit exceeded.  Retry after '
                        '2026-08-17T16:29:59.046Z (Mail sending)',
             'reason': 'rateLimitExceeded'}],
 'message': 'User-rate limit exceeded.  Retry after 2026-08-17T16:29:59.046Z '
            '(Mail sending)',
 'status': 'RESOURCE_EXHAUSTED'}

Request URL:
https://gmail.googleapis.com/gmail/v1/users/me/messages/send

2026-08-17 21:44:59,132 - notification3ab8f474409a - INFO - Updated threadId in app.config: 19ffc22af1a6056d
2026-08-17 21:44:59,132 - notification3ab8f474409a - INFO - [NOTIFICATION SENT] frame_id=None | camera=ppe_test_cam1 | Type=PPE Alert | topic=notification_results
2026-08-17 21:45:56,167 - notification3ab8f474409a - INFO - _poll_kafka: 1 message(s) received from Kafka
2026-08-17 21:45:56,167 - notification3ab8f474409a - INFO - [NOTIFICATION RECEIVED] frame_id=None | camera=ppe_test_cam1 | Type=PPE Alert | timestamp=2026-08-17 21:45:56.140000
2026-08-17 21:45:56,168 - notification3ab8f474409a - INFO - send_notifications | camera=ppe_test_cam1 | Type=PPE Alert | recipients=['your_actual_email@example.com'] | thread_id=19ffc22af1a6056d
2026-08-17 21:45:56,168 - notification3ab8f474409a - INFO - Queuing email task | camera=ppe_test_cam1 | to=['your_actual_email@example.com']
2026-08-17 21:45:56,168 - notification3ab8f474409a - INFO - Queuing telegram task | camera=ppe_test_cam1 | chat_ids=[]
2026-08-17 21:45:56,168 - notification3ab8f474409a - INFO - Running 2 notification task(s) | camera=ppe_test_cam1
2026-08-17 21:45:56,168 - notification3ab8f474409a - INFO - email gmail function started for camera: ppe_test_cam1, Type: PPE Alert
2026-08-17 21:45:56,168 - notification3ab8f474409a - INFO - DataPath: /Aksha, main_dir: /Aksha
2026-08-17 21:45:56,170 - notification3ab8f474409a - INFO - Loaded config from: /usr/src/app/app/socialPlatforms/keys.yaml
2026-08-17 21:45:56,170 - notification3ab8f474409a - INFO - Using threadId from namespace: 19ffc22af1a6056d
2026-08-17 21:45:56,170 - notification3ab8f474409a - INFO - Credentials loaded successfully
2026-08-17 21:45:56,170 - notification3ab8f474409a - INFO - telegram() | camera=ppe_test_cam1 | Type=PPE Alert | subscription=notification_results | service_status=True | chat_ids=[]
2026-08-17 21:45:56,170 - notification3ab8f474409a - ERROR - Missing chat_ids or bot_token for Telegram
2026-08-17 21:45:56,457 - notification3ab8f474409a - INFO - Gmail API discovered
2026-08-17 21:45:58,007 - notification3ab8f474409a - INFO - Added threading headers for thread: 19ffc22af1a6056d
2026-08-17 21:45:58,009 - notification3ab8f474409a - INFO - Attached logo1 from: /usr/src/app/app/logo.png
2026-08-17 21:45:58,009 - notification3ab8f474409a - INFO - Attached logo2 from: /usr/src/app/app/logo2.png
2026-08-17 21:45:58,010 - notification3ab8f474409a - INFO - Looking for alert image at: /Aksha/ppe_test_cam1/alerts/2026-08-17/2026-08-17 21:45:56.14_alert.jpg
2026-08-17 21:45:58,012 - notification3ab8f474409a - INFO - Attached alert image: /Aksha/ppe_test_cam1/alerts/2026-08-17/2026-08-17 21:45:56.14_alert.jpg
2026-08-17 21:45:58,018 - notification3ab8f474409a - INFO - Sending email with threadId: 19ffc22af1a6056d
2026-08-17 21:45:58,817 - notification3ab8f474409a - ERROR - Error sending email: 



Too Many Requests

Content:
{'code': 429,
 'errors': [{'domain': 'global',
             'message': 'User-rate limit exceeded.  Retry after '
                        '2026-08-17T16:30:58.727Z (Mail sending)',
             'reason': 'rateLimitExceeded'}],
 'message': 'User-rate limit exceeded.  Retry after 2026-08-17T16:30:58.727Z '
            '(Mail sending)',
 'status': 'RESOURCE_EXHAUSTED'}

Request URL:
https://gmail.googleapis.com/gmail/v1/users/me/messages/send
2026-08-17 21:45:58,817 - notification3ab8f474409a - ERROR - Traceback: Traceback (most recent call last):
  File "/usr/src/app/app/socialPlatforms/email.py", line 767, in email_gmail
    response = await google.as_user(
  File "/usr/local/lib/python3.10/site-packages/aiogoogle/client.py", line 270, in as_user
    return await self.send(
  File "/usr/local/lib/python3.10/site-packages/aiogoogle/client.py", line 425, in send
    return await session.send(*args, **kwargs)
  File "/usr/local/lib/python3.10/site-packages/aiogoogle/sessions/aiohttp_session.py", line 192, in send
    results = await schedule_tasks()
  File "/usr/local/lib/python3.10/site-packages/aiogoogle/sessions/aiohttp_session.py", line 177, in schedule_tasks
    return await asyncio.gather(
  File "/usr/local/lib/python3.10/site-packages/aiogoogle/sessions/aiohttp_session.py", line 171, in get_content
    response = await get_response(request)
  File "/usr/local/lib/python3.10/site-packages/aiogoogle/sessions/aiohttp_session.py", line 167, in get_response
    response.raise_for_status()
  File "/usr/local/lib/python3.10/site-packages/aiogoogle/models.py", line 481, in raise_for_status
    raise HTTPError(msg=self.reason, req=self.req, res=self)
aiogoogle.excs.HTTPError: 



Too Many Requests

Content:
{'code': 429,
 'errors': [{'domain': 'global',
             'message': 'User-rate limit exceeded.  Retry after '
                        '2026-08-17T16:30:58.727Z (Mail sending)',
             'reason': 'rateLimitExceeded'}],
 'message': 'User-rate limit exceeded.  Retry after 2026-08-17T16:30:58.727Z '
            '(Mail sending)',
 'status': 'RESOURCE_EXHAUSTED'}

Request URL:
https://gmail.googleapis.com/gmail/v1/users/me/messages/send

2026-08-17 21:45:59,233 - notification3ab8f474409a - INFO - Updated threadId in app.config: 19ffc22af1a6056d
2026-08-17 21:45:59,233 - notification3ab8f474409a - INFO - [NOTIFICATION SENT] frame_id=None | camera=ppe_test_cam1 | Type=PPE Alert | topic=notification_results
2026-08-17 21:46:56,174 - notification3ab8f474409a - INFO - _poll_kafka: 1 message(s) received from Kafka
2026-08-17 21:46:56,174 - notification3ab8f474409a - INFO - [NOTIFICATION RECEIVED] frame_id=None | camera=ppe_test_cam1 | Type=PPE Alert | timestamp=2026-08-17 21:46:56.140000
2026-08-17 21:46:56,174 - notification3ab8f474409a - INFO - send_notifications | camera=ppe_test_cam1 | Type=PPE Alert | recipients=['your_actual_email@example.com'] | thread_id=19ffc22af1a6056d
2026-08-17 21:46:56,174 - notification3ab8f474409a - INFO - Queuing email task | camera=ppe_test_cam1 | to=['your_actual_email@example.com']
2026-08-17 21:46:56,175 - notification3ab8f474409a - INFO - Queuing telegram task | camera=ppe_test_cam1 | chat_ids=[]
2026-08-17 21:46:56,175 - notification3ab8f474409a - INFO - Running 2 notification task(s) | camera=ppe_test_cam1
2026-08-17 21:46:56,175 - notification3ab8f474409a - INFO - email gmail function started for camera: ppe_test_cam1, Type: PPE Alert
2026-08-17 21:46:56,175 - notification3ab8f474409a - INFO - DataPath: /Aksha, main_dir: /Aksha
2026-08-17 21:46:56,176 - notification3ab8f474409a - INFO - Loaded config from: /usr/src/app/app/socialPlatforms/keys.yaml
2026-08-17 21:46:56,176 - notification3ab8f474409a - INFO - Using threadId from namespace: 19ffc22af1a6056d
2026-08-17 21:46:56,176 - notification3ab8f474409a - INFO - Credentials loaded successfully
2026-08-17 21:46:56,176 - notification3ab8f474409a - INFO - telegram() | camera=ppe_test_cam1 | Type=PPE Alert | subscription=notification_results | service_status=True | chat_ids=[]
2026-08-17 21:46:56,176 - notification3ab8f474409a - ERROR - Missing chat_ids or bot_token for Telegram
2026-08-17 21:46:56,451 - notification3ab8f474409a - INFO - Gmail API discovered
2026-08-17 21:46:57,950 - notification3ab8f474409a - INFO - Added threading headers for thread: 19ffc22af1a6056d
2026-08-17 21:46:57,950 - notification3ab8f474409a - INFO - Attached logo1 from: /usr/src/app/app/logo.png
2026-08-17 21:46:57,951 - notification3ab8f474409a - INFO - Attached logo2 from: /usr/src/app/app/logo2.png
2026-08-17 21:46:57,951 - notification3ab8f474409a - INFO - Looking for alert image at: /Aksha/ppe_test_cam1/alerts/2026-08-17/2026-08-17 21:46:56.14_alert.jpg
2026-08-17 21:46:57,953 - notification3ab8f474409a - INFO - Attached alert image: /Aksha/ppe_test_cam1/alerts/2026-08-17/2026-08-17 21:46:56.14_alert.jpg
2026-08-17 21:46:57,961 - notification3ab8f474409a - INFO - Sending email with threadId: 19ffc22af1a6056d
2026-08-17 21:46:58,720 - notification3ab8f474409a - ERROR - Error sending email: 



Too Many Requests

Content:
{'code': 429,
 'errors': [{'domain': 'global',
             'message': 'User-rate limit exceeded.  Retry after '
                        '2026-08-17T16:31:58.637Z (Mail sending)',
             'reason': 'rateLimitExceeded'}],
 'message': 'User-rate limit exceeded.  Retry after 2026-08-17T16:31:58.637Z '
            '(Mail sending)',
 'status': 'RESOURCE_EXHAUSTED'}

Request URL:
https://gmail.googleapis.com/gmail/v1/users/me/messages/send
2026-08-17 21:46:58,720 - notification3ab8f474409a - ERROR - Traceback: Traceback (most recent call last):
  File "/usr/src/app/app/socialPlatforms/email.py", line 767, in email_gmail
    response = await google.as_user(
  File "/usr/local/lib/python3.10/site-packages/aiogoogle/client.py", line 270, in as_user
    return await self.send(
  File "/usr/local/lib/python3.10/site-packages/aiogoogle/client.py", line 425, in send
    return await session.send(*args, **kwargs)
  File "/usr/local/lib/python3.10/site-packages/aiogoogle/sessions/aiohttp_session.py", line 192, in send
    results = await schedule_tasks()
  File "/usr/local/lib/python3.10/site-packages/aiogoogle/sessions/aiohttp_session.py", line 177, in schedule_tasks
    return await asyncio.gather(
  File "/usr/local/lib/python3.10/site-packages/aiogoogle/sessions/aiohttp_session.py", line 171, in get_content
    response = await get_response(request)
  File "/usr/local/lib/python3.10/site-packages/aiogoogle/sessions/aiohttp_session.py", line 167, in get_response
    response.raise_for_status()
  File "/usr/local/lib/python3.10/site-packages/aiogoogle/models.py", line 481, in raise_for_status
    raise HTTPError(msg=self.reason, req=self.req, res=self)
aiogoogle.excs.HTTPError: 



Too Many Requests

Content:
{'code': 429,
 'errors': [{'domain': 'global',
             'message': 'User-rate limit exceeded.  Retry after '
                        '2026-08-17T16:31:58.637Z (Mail sending)',
             'reason': 'rateLimitExceeded'}],
 'message': 'User-rate limit exceeded.  Retry after 2026-08-17T16:31:58.637Z '
            '(Mail sending)',
 'status': 'RESOURCE_EXHAUSTED'}

Request URL:
https://gmail.googleapis.com/gmail/v1/users/me/messages/send

2026-08-17 21:46:58,721 - notification3ab8f474409a - INFO - Updated threadId in app.config: 19ffc22af1a6056d
2026-08-17 21:46:58,722 - notification3ab8f474409a - INFO - [NOTIFICATION SENT] frame_id=None | camera=ppe_test_cam1 | Type=PPE Alert | topic=notification_results
2026-08-17 21:47:56,932 - notification3ab8f474409a - INFO - _poll_kafka: 1 message(s) received from Kafka
2026-08-17 21:47:56,933 - notification3ab8f474409a - INFO - [NOTIFICATION RECEIVED] frame_id=None | camera=ppe_test_cam1 | Type=PPE Alert | timestamp=2026-08-17 21:47:56.250000
2026-08-17 21:47:56,933 - notification3ab8f474409a - INFO - send_notifications | camera=ppe_test_cam1 | Type=PPE Alert | recipients=['your_actual_email@example.com'] | thread_id=19ffc22af1a6056d
2026-08-17 21:47:56,933 - notification3ab8f474409a - INFO - Queuing email task | camera=ppe_test_cam1 | to=['your_actual_email@example.com']
2026-08-17 21:47:56,933 - notification3ab8f474409a - INFO - Queuing telegram task | camera=ppe_test_cam1 | chat_ids=[]
2026-08-17 21:47:56,933 - notification3ab8f474409a - INFO - Running 2 notification task(s) | camera=ppe_test_cam1
2026-08-17 21:47:56,933 - notification3ab8f474409a - INFO - email gmail function started for camera: ppe_test_cam1, Type: PPE Alert
2026-08-17 21:47:56,933 - notification3ab8f474409a - INFO - DataPath: /Aksha, main_dir: /Aksha
2026-08-17 21:47:56,935 - notification3ab8f474409a - INFO - Loaded config from: /usr/src/app/app/socialPlatforms/keys.yaml
2026-08-17 21:47:56,935 - notification3ab8f474409a - INFO - Using threadId from namespace: 19ffc22af1a6056d
2026-08-17 21:47:56,937 - notification3ab8f474409a - INFO - Credentials loaded successfully
2026-08-17 21:47:56,938 - notification3ab8f474409a - INFO - telegram() | camera=ppe_test_cam1 | Type=PPE Alert | subscription=notification_results | service_status=True | chat_ids=[]
2026-08-17 21:47:56,938 - notification3ab8f474409a - ERROR - Missing chat_ids or bot_token for Telegram
2026-08-17 21:47:57,269 - notification3ab8f474409a - INFO - Gmail API discovered
2026-08-17 21:47:58,650 - notification3ab8f474409a - INFO - Added threading headers for thread: 19ffc22af1a6056d
2026-08-17 21:47:58,662 - notification3ab8f474409a - INFO - Attached logo1 from: /usr/src/app/app/logo.png
2026-08-17 21:47:58,663 - notification3ab8f474409a - INFO - Attached logo2 from: /usr/src/app/app/logo2.png
2026-08-17 21:47:58,663 - notification3ab8f474409a - INFO - Looking for alert image at: /Aksha/ppe_test_cam1/alerts/2026-08-17/2026-08-17 21:47:56.25_alert.jpg
2026-08-17 21:47:58,666 - notification3ab8f474409a - INFO - Attached alert image: /Aksha/ppe_test_cam1/alerts/2026-08-17/2026-08-17 21:47:56.25_alert.jpg
2026-08-17 21:47:58,672 - notification3ab8f474409a - INFO - Sending email with threadId: 19ffc22af1a6056d
2026-08-17 21:47:59,571 - notification3ab8f474409a - ERROR - Error sending email: 



Too Many Requests

Content:
{'code': 429,
 'errors': [{'domain': 'global',
             'message': 'User-rate limit exceeded.  Retry after '
                        '2026-08-17T16:32:59.434Z (Mail sending)',
             'reason': 'rateLimitExceeded'}],
 'message': 'User-rate limit exceeded.  Retry after 2026-08-17T16:32:59.434Z '
            '(Mail sending)',
 'status': 'RESOURCE_EXHAUSTED'}

Request URL:
https://gmail.googleapis.com/gmail/v1/users/me/messages/send
2026-08-17 21:47:59,572 - notification3ab8f474409a - ERROR - Traceback: Traceback (most recent call last):
  File "/usr/src/app/app/socialPlatforms/email.py", line 767, in email_gmail
    response = await google.as_user(
  File "/usr/local/lib/python3.10/site-packages/aiogoogle/client.py", line 270, in as_user
    return await self.send(
  File "/usr/local/lib/python3.10/site-packages/aiogoogle/client.py", line 425, in send
    return await session.send(*args, **kwargs)
  File "/usr/local/lib/python3.10/site-packages/aiogoogle/sessions/aiohttp_session.py", line 192, in send
    results = await schedule_tasks()
  File "/usr/local/lib/python3.10/site-packages/aiogoogle/sessions/aiohttp_session.py", line 177, in schedule_tasks
    return await asyncio.gather(
  File "/usr/local/lib/python3.10/site-packages/aiogoogle/sessions/aiohttp_session.py", line 171, in get_content
    response = await get_response(request)
  File "/usr/local/lib/python3.10/site-packages/aiogoogle/sessions/aiohttp_session.py", line 167, in get_response
    response.raise_for_status()
  File "/usr/local/lib/python3.10/site-packages/aiogoogle/models.py", line 481, in raise_for_status
    raise HTTPError(msg=self.reason, req=self.req, res=self)
aiogoogle.excs.HTTPError: 



Too Many Requests

Content:
{'code': 429,
 'errors': [{'domain': 'global',
             'message': 'User-rate limit exceeded.  Retry after '
                        '2026-08-17T16:32:59.434Z (Mail sending)',
             'reason': 'rateLimitExceeded'}],
 'message': 'User-rate limit exceeded.  Retry after 2026-08-17T16:32:59.434Z '
            '(Mail sending)',
 'status': 'RESOURCE_EXHAUSTED'}

Request URL:
https://gmail.googleapis.com/gmail/v1/users/me/messages/send

2026-08-17 21:47:59,573 - notification3ab8f474409a - INFO - Updated threadId in app.config: 19ffc22af1a6056d
2026-08-17 21:47:59,574 - notification3ab8f474409a - INFO - [NOTIFICATION SENT] frame_id=None | camera=ppe_test_cam1 | Type=PPE Alert | topic=notification_results
