2026-08-13 00:18:57,827 - post_processor_c35a117e9f5a - INFO - KafkaService init | consumer_topic=post_processing | producer_topic=live_update | notification_topic=notification_service | group=post-processor-group | kafka=broker:9092
2026-08-13 00:18:57,838 - post_processor_c35a117e9f5a - INFO - COCO classes loaded | count=13
2026-08-13 00:18:57,923 - post_processor_c35a117e9f5a - INFO - MongoDB client created | db=Aksha | uri=mongodb://mongo:mongo@mongodb/Aksha?authSource=admin&tls=false
2026-08-13 00:18:57,924 - post_processor_c35a117e9f5a - INFO - Redis client created | host=redis | port=6379
2026-08-13 00:18:57,924 - post_processor_c35a117e9f5a - INFO - NotificationService initialised
2026-08-13 00:18:57,924 - post_processor_c35a117e9f5a - INFO - NotificationService created with shared logger
2026-08-13 00:18:57,925 - post_processor_c35a117e9f5a - INFO - Starting Kafka consumer and producers
2026-08-13 00:19:18,075 - post_processor_c35a117e9f5a - INFO - Kafka consumer started | topic=post_processing | group=post-processor-group
2026-08-13 00:19:18,083 - post_processor_c35a117e9f5a - INFO - Kafka producer started | topic=live_update
2026-08-13 00:19:18,089 - post_processor_c35a117e9f5a - INFO - Kafka notification producer started | topic=notification_service
2026-08-13 00:19:18,089 - post_processor_c35a117e9f5a - INFO - Entering message processing loop | pipeline: post_processing → post_processor → live_update + notification_service | commit_every=10 | batch_size=10
2026-08-13 00:20:04,860 - post_processor_c35a117e9f5a - INFO - [FRAME RECEIVED] topic=post_processing | partition=0 | offset=187 | frame_id=None | camera=ppe_test_cam1
2026-08-13 00:20:04,861 - post_processor_c35a117e9f5a - INFO - [DETECT BATCH] START | od=0 | ppe=1
2026-08-13 00:20:04,861 - post_processor_c35a117e9f5a - INFO - [PROCESS PPE DETECTION] camera=ppe_test_cam1 | severity=none | violated=[]
2026-08-13 00:20:04,861 - post_processor_c35a117e9f5a - INFO - [DETECT BATCH] DONE | od=0 | ppe=1
2026-08-13 00:20:05,181 - post_processor_c35a117e9f5a - INFO - PPE meta buffered | camera=ppe_test_cam1 | violation=False
2026-08-13 00:20:05,181 - post_processor_c35a117e9f5a - INFO - PPE frame complete | camera=ppe_test_cam1 | violation=False
2026-08-13 00:20:06,001 - post_processor_c35a117e9f5a - INFO - [FRAME RECEIVED] topic=post_processing | partition=0 | offset=188 | frame_id=None | camera=ppe_test_cam1
2026-08-13 00:20:06,002 - post_processor_c35a117e9f5a - INFO - [DETECT BATCH] START | od=0 | ppe=1
2026-08-13 00:20:06,002 - post_processor_c35a117e9f5a - INFO - [PROCESS PPE DETECTION] camera=ppe_test_cam1 | severity=none | violated=[]
2026-08-13 00:20:06,003 - post_processor_c35a117e9f5a - INFO - [DETECT BATCH] DONE | od=0 | ppe=1
2026-08-13 00:20:06,003 - post_processor_c35a117e9f5a - INFO - PPE meta buffered | camera=ppe_test_cam1 | violation=False
2026-08-13 00:20:06,003 - post_processor_c35a117e9f5a - INFO - PPE frame complete | camera=ppe_test_cam1 | violation=False
2026-08-13 00:20:23,940 - post_processor_c35a117e9f5a - INFO - [FRAME RECEIVED] topic=post_processing | partition=0 | offset=189 | frame_id=None | camera=ppe_test_cam1
2026-08-13 00:20:23,940 - post_processor_c35a117e9f5a - INFO - [DETECT BATCH] START | od=0 | ppe=1
2026-08-13 00:20:23,941 - post_processor_c35a117e9f5a - INFO - [PROCESS PPE DETECTION] camera=ppe_test_cam1 | severity=none | violated=[]
2026-08-13 00:20:23,941 - post_processor_c35a117e9f5a - INFO - [DETECT BATCH] DONE | od=0 | ppe=1
2026-08-13 00:20:23,941 - post_processor_c35a117e9f5a - INFO - PPE meta buffered | camera=ppe_test_cam1 | violation=False
2026-08-13 00:20:23,941 - post_processor_c35a117e9f5a - INFO - PPE frame complete | camera=ppe_test_cam1 | violation=False
2026-08-13 00:20:23,942 - post_processor_c35a117e9f5a - INFO - [FRAME RECEIVED] topic=post_processing | partition=0 | offset=190 | frame_id=None | camera=ppe_test_cam1
2026-08-13 00:20:23,942 - post_processor_c35a117e9f5a - INFO - [DETECT BATCH] START | od=0 | ppe=1
2026-08-13 00:20:23,942 - post_processor_c35a117e9f5a - INFO - [PROCESS PPE DETECTION] camera=ppe_test_cam1 | severity=low | violated=['No-Shoes', 'No-Shoes']
2026-08-13 00:20:23,986 - post_processor_c35a117e9f5a - INFO - PPE alert image saved | path=/Aksha/ppe_test_cam1/alerts/2026-08-13/2026-08-13 00:20:23.98_alert.jpg
2026-08-13 00:20:23,986 - post_processor_c35a117e9f5a - INFO - [DETECT BATCH] DONE | od=0 | ppe=1
2026-08-13 00:20:23,986 - post_processor_c35a117e9f5a - INFO - PPE meta buffered | camera=ppe_test_cam1 | violation=True
2026-08-13 00:20:24,049 - post_processor_c35a117e9f5a - INFO - PPE alert dual-written to alerts collection | camera=ppe_test_cam1
2026-08-13 00:20:24,052 - post_processor_c35a117e9f5a - INFO - ppe_status_check | has_violation=True | validity=True
2026-08-13 00:20:24,053 - post_processor_c35a117e9f5a - INFO - PPE notification approved | camera=ppe_test_cam1 | severity=low
2026-08-13 00:20:24,054 - post_processor_c35a117e9f5a - INFO - PPE notification sent | camera=ppe_test_cam1 | severity=low | topic=notification_service
2026-08-13 00:20:24,057 - post_processor_c35a117e9f5a - INFO - PPE frame complete | camera=ppe_test_cam1 | violation=True
2026-08-13 00:20:25,027 - post_processor_c35a117e9f5a - INFO - [FRAME RECEIVED] topic=post_processing | partition=0 | offset=191 | frame_id=None | camera=ppe_test_cam1
2026-08-13 00:20:25,027 - post_processor_c35a117e9f5a - INFO - [DETECT BATCH] START | od=0 | ppe=1
2026-08-13 00:20:25,028 - post_processor_c35a117e9f5a - INFO - [PROCESS PPE DETECTION] camera=ppe_test_cam1 | severity=none | violated=[]
2026-08-13 00:20:25,028 - post_processor_c35a117e9f5a - INFO - [DETECT BATCH] DONE | od=0 | ppe=1
2026-08-13 00:20:25,028 - post_processor_c35a117e9f5a - INFO - PPE meta buffered | camera=ppe_test_cam1 | violation=False
2026-08-13 00:20:25,028 - post_processor_c35a117e9f5a - INFO - PPE frame complete | camera=ppe_test_cam1 | violation=False
2026-08-13 00:20:25,029 - post_processor_c35a117e9f5a - INFO - [FRAME RECEIVED] topic=post_processing | partition=0 | offset=192 | frame_id=None | camera=ppe_test_cam1
2026-08-13 00:20:25,029 - post_processor_c35a117e9f5a - INFO - [DETECT BATCH] START | od=0 | ppe=1
2026-08-13 00:20:25,029 - post_processor_c35a117e9f5a - INFO - [PROCESS PPE DETECTION] camera=ppe_test_cam1 | severity=low | violated=['No-Shoes', 'No-Shoes']
2026-08-13 00:20:25,033 - post_processor_c35a117e9f5a - INFO - PPE alert image saved | path=/Aksha/ppe_test_cam1/alerts/2026-08-13/2026-08-13 00:20:25.03_alert.jpg
2026-08-13 00:20:25,033 - post_processor_c35a117e9f5a - INFO - [DETECT BATCH] DONE | od=0 | ppe=1
2026-08-13 00:20:25,033 - post_processor_c35a117e9f5a - INFO - PPE meta buffered | camera=ppe_test_cam1 | violation=True
2026-08-13 00:20:25,096 - post_processor_c35a117e9f5a - INFO - PPE alert dual-written to alerts collection | camera=ppe_test_cam1
2026-08-13 00:20:25,096 - post_processor_c35a117e9f5a - INFO - ppe_status_check | has_violation=True | validity=False
2026-08-13 00:20:25,096 - post_processor_c35a117e9f5a - INFO - PPE notification suppressed by cooldown | camera=ppe_test_cam1
2026-08-13 00:20:25,097 - post_processor_c35a117e9f5a - INFO - PPE frame complete | camera=ppe_test_cam1 | violation=True
2026-08-13 00:20:25,928 - post_processor_c35a117e9f5a - INFO - [FRAME RECEIVED] topic=post_processing | partition=0 | offset=193 | frame_id=None | camera=ppe_test_cam1
2026-08-13 00:20:25,929 - post_processor_c35a117e9f5a - INFO - [DETECT BATCH] START | od=0 | ppe=1
2026-08-13 00:20:25,929 - post_processor_c35a117e9f5a - INFO - [PROCESS PPE DETECTION] camera=ppe_test_cam1 | severity=none | violated=[]
2026-08-13 00:20:25,930 - post_processor_c35a117e9f5a - INFO - [DETECT BATCH] DONE | od=0 | ppe=1
2026-08-13 00:20:25,930 - post_processor_c35a117e9f5a - INFO - PPE meta buffered | camera=ppe_test_cam1 | violation=False
2026-08-13 00:20:25,930 - post_processor_c35a117e9f5a - INFO - PPE frame complete | camera=ppe_test_cam1 | violation=False
2026-08-13 00:20:25,967 - post_processor_c35a117e9f5a - INFO - [FRAME RECEIVED] topic=post_processing | partition=0 | offset=194 | frame_id=None | camera=ppe_test_cam1
2026-08-13 00:20:25,967 - post_processor_c35a117e9f5a - INFO - [DETECT BATCH] START | od=0 | ppe=1
2026-08-13 00:20:25,968 - post_processor_c35a117e9f5a - INFO - [PROCESS PPE DETECTION] camera=ppe_test_cam1 | severity=low | violated=['No-Shoes', 'No-Shoes']
2026-08-13 00:20:25,973 - post_processor_c35a117e9f5a - INFO - PPE alert image saved | path=/Aksha/ppe_test_cam1/alerts/2026-08-13/2026-08-13 00:20:25.97_alert.jpg
2026-08-13 00:20:25,973 - post_processor_c35a117e9f5a - INFO - [DETECT BATCH] DONE | od=0 | ppe=1
2026-08-13 00:20:25,973 - post_processor_c35a117e9f5a - INFO - PPE meta buffered | camera=ppe_test_cam1 | violation=True
2026-08-13 00:20:25,996 - post_processor_c35a117e9f5a - INFO - PPE alert dual-written to alerts collection | camera=ppe_test_cam1
2026-08-13 00:20:25,997 - post_processor_c35a117e9f5a - INFO - ppe_status_check | has_violation=True | validity=False
2026-08-13 00:20:25,997 - post_processor_c35a117e9f5a - INFO - PPE notification suppressed by cooldown | camera=ppe_test_cam1
2026-08-13 00:20:25,997 - post_processor_c35a117e9f5a - INFO - PPE frame complete | camera=ppe_test_cam1 | violation=True
2026-08-13 00:20:26,932 - post_processor_c35a117e9f5a - INFO - [FRAME RECEIVED] topic=post_processing | partition=0 | offset=195 | frame_id=None | camera=ppe_test_cam1
2026-08-13 00:20:26,933 - post_processor_c35a117e9f5a - INFO - [DETECT BATCH] START | od=0 | ppe=1
2026-08-13 00:20:26,933 - post_processor_c35a117e9f5a - INFO - [PROCESS PPE DETECTION] camera=ppe_test_cam1 | severity=none | violated=[]
2026-08-13 00:20:26,933 - post_processor_c35a117e9f5a - INFO - [DETECT BATCH] DONE | od=0 | ppe=1
2026-08-13 00:20:26,933 - post_processor_c35a117e9f5a - INFO - PPE meta buffered | camera=ppe_test_cam1 | violation=False
2026-08-13 00:20:26,933 - post_processor_c35a117e9f5a - INFO - PPE frame complete | camera=ppe_test_cam1 | violation=False
2026-08-13 00:20:26,967 - post_processor_c35a117e9f5a - INFO - [FRAME RECEIVED] topic=post_processing | partition=0 | offset=196 | frame_id=None | camera=ppe_test_cam1
2026-08-13 00:20:26,967 - post_processor_c35a117e9f5a - INFO - [DETECT BATCH] START | od=0 | ppe=1
2026-08-13 00:20:26,969 - post_processor_c35a117e9f5a - INFO - [PROCESS PPE DETECTION] camera=ppe_test_cam1 | severity=low | violated=['No-Shoes', 'No-Shoes']
2026-08-13 00:20:26,973 - post_processor_c35a117e9f5a - INFO - PPE alert image saved | path=/Aksha/ppe_test_cam1/alerts/2026-08-13/2026-08-13 00:20:26.97_alert.jpg
2026-08-13 00:20:26,974 - post_processor_c35a117e9f5a - INFO - [DETECT BATCH] DONE | od=0 | ppe=1
2026-08-13 00:20:26,974 - post_processor_c35a117e9f5a - INFO - PPE meta buffered | camera=ppe_test_cam1 | violation=True
2026-08-13 00:20:27,040 - post_processor_c35a117e9f5a - INFO - PPE alert dual-written to alerts collection | camera=ppe_test_cam1
2026-08-13 00:20:27,044 - post_processor_c35a117e9f5a - INFO - ppe_status_check | has_violation=True | validity=False
2026-08-13 00:20:27,044 - post_processor_c35a117e9f5a - INFO - PPE notification suppressed by cooldown | camera=ppe_test_cam1
2026-08-13 00:20:27,169 - post_processor_c35a117e9f5a - INFO - PPE MongoDB batch insert | camera=ppe_test_cam1 | count=10
2026-08-13 00:20:27,170 - post_processor_c35a117e9f5a - INFO - PPE frame complete | camera=ppe_test_cam1 | violation=True
2026-08-13 00:20:27,172 - post_processor_c35a117e9f5a - INFO - Kafka offsets committed | count=10
2026-08-13 00:20:27,860 - post_processor_c35a117e9f5a - INFO - [FRAME RECEIVED] topic=post_processing | partition=0 | offset=197 | frame_id=None | camera=ppe_test_cam1
2026-08-13 00:20:27,862 - post_processor_c35a117e9f5a - INFO - [DETECT BATCH] START | od=0 | ppe=1
2026-08-13 00:20:27,863 - post_processor_c35a117e9f5a - INFO - [PROCESS PPE DETECTION] camera=ppe_test_cam1 | severity=none | violated=[]
2026-08-13 00:20:27,863 - post_processor_c35a117e9f5a - INFO - [DETECT BATCH] DONE | od=0 | ppe=1
2026-08-13 00:20:27,863 - post_processor_c35a117e9f5a - INFO - PPE meta buffered | camera=ppe_test_cam1 | violation=False
2026-08-13 00:20:27,863 - post_processor_c35a117e9f5a - INFO - PPE frame complete | camera=ppe_test_cam1 | violation=False
2026-08-13 00:20:32,881 - post_processor_c35a117e9f5a - INFO - [FRAME RECEIVED] topic=post_processing | partition=0 | offset=198 | frame_id=None | camera=ppe_test_cam1
2026-08-13 00:20:32,881 - post_processor_c35a117e9f5a - INFO - [DETECT BATCH] START | od=0 | ppe=1
2026-08-13 00:20:32,882 - post_processor_c35a117e9f5a - INFO - [PROCESS PPE DETECTION] camera=ppe_test_cam1 | severity=none | violated=[]
2026-08-13 00:20:32,882 - post_processor_c35a117e9f5a - INFO - [DETECT BATCH] DONE | od=0 | ppe=1
2026-08-13 00:20:32,882 - post_processor_c35a117e9f5a - INFO - PPE meta buffered | camera=ppe_test_cam1 | violation=False
2026-08-13 00:20:32,882 - post_processor_c35a117e9f5a - INFO - PPE frame complete | camera=ppe_test_cam1 | violation=False
2026-08-13 00:20:33,871 - post_processor_c35a117e9f5a - INFO - [FRAME RECEIVED] topic=post_processing | partition=0 | offset=199 | frame_id=None | camera=ppe_test_cam1
2026-08-13 00:20:33,871 - post_processor_c35a117e9f5a - INFO - [DETECT BATCH] START | od=0 | ppe=1
2026-08-13 00:20:33,873 - post_processor_c35a117e9f5a - INFO - [PROCESS PPE DETECTION] camera=ppe_test_cam1 | severity=none | violated=[]
2026-08-13 00:20:33,873 - post_processor_c35a117e9f5a - INFO - [DETECT BATCH] DONE | od=0 | ppe=1
2026-08-13 00:20:33,873 - post_processor_c35a117e9f5a - INFO - PPE meta buffered | camera=ppe_test_cam1 | violation=False
2026-08-13 00:20:33,873 - post_processor_c35a117e9f5a - INFO - PPE frame complete | camera=ppe_test_cam1 | violation=False
2026-08-13 00:20:34,887 - post_processor_c35a117e9f5a - INFO - [FRAME RECEIVED] topic=post_processing | partition=0 | offset=200 | frame_id=None | camera=ppe_test_cam1
2026-08-13 00:20:34,887 - post_processor_c35a117e9f5a - INFO - [DETECT BATCH] START | od=0 | ppe=1
2026-08-13 00:20:34,888 - post_processor_c35a117e9f5a - INFO - [PROCESS PPE DETECTION] camera=ppe_test_cam1 | severity=none | violated=[]
2026-08-13 00:20:34,888 - post_processor_c35a117e9f5a - INFO - [DETECT BATCH] DONE | od=0 | ppe=1
2026-08-13 00:20:34,888 - post_processor_c35a117e9f5a - INFO - PPE meta buffered | camera=ppe_test_cam1 | violation=False
2026-08-13 00:20:34,888 - post_processor_c35a117e9f5a - INFO - PPE frame complete | camera=ppe_test_cam1 | violation=False
2026-08-13 00:20:35,901 - post_processor_c35a117e9f5a - INFO - [FRAME RECEIVED] topic=post_processing | partition=0 | offset=201 | frame_id=None | camera=ppe_test_cam1
2026-08-13 00:20:35,901 - post_processor_c35a117e9f5a - INFO - [DETECT BATCH] START | od=0 | ppe=1
2026-08-13 00:20:35,902 - post_processor_c35a117e9f5a - INFO - [PROCESS PPE DETECTION] camera=ppe_test_cam1 | severity=none | violated=[]
2026-08-13 00:20:35,903 - post_processor_c35a117e9f5a - INFO - [DETECT BATCH] DONE | od=0 | ppe=1
2026-08-13 00:20:35,903 - post_processor_c35a117e9f5a - INFO - PPE meta buffered | camera=ppe_test_cam1 | violation=False
2026-08-13 00:20:35,903 - post_processor_c35a117e9f5a - INFO - PPE frame complete | camera=ppe_test_cam1 | violation=False
2026-08-13 00:20:36,920 - post_processor_c35a117e9f5a - INFO - [FRAME RECEIVED] topic=post_processing | partition=0 | offset=202 | frame_id=None | camera=ppe_test_cam1
2026-08-13 00:20:36,920 - post_processor_c35a117e9f5a - INFO - [DETECT BATCH] START | od=0 | ppe=1
2026-08-13 00:20:36,920 - post_processor_c35a117e9f5a - INFO - [PROCESS PPE DETECTION] camera=ppe_test_cam1 | severity=none | violated=[]
2026-08-13 00:20:36,922 - post_processor_c35a117e9f5a - INFO - [DETECT BATCH] DONE | od=0 | ppe=1
2026-08-13 00:20:36,922 - post_processor_c35a117e9f5a - INFO - PPE meta buffered | camera=ppe_test_cam1 | violation=False
2026-08-13 00:20:36,922 - post_processor_c35a117e9f5a - INFO - PPE frame complete | camera=ppe_test_cam1 | violation=False
2026-08-13 00:20:37,911 - post_processor_c35a117e9f5a - INFO - [FRAME RECEIVED] topic=post_processing | partition=0 | offset=203 | frame_id=None | camera=ppe_test_cam1
2026-08-13 00:20:37,911 - post_processor_c35a117e9f5a - INFO - [DETECT BATCH] START | od=0 | ppe=1
2026-08-13 00:20:37,912 - post_processor_c35a117e9f5a - INFO - [PROCESS PPE DETECTION] camera=ppe_test_cam1 | severity=none | violated=[]
2026-08-13 00:20:37,912 - post_processor_c35a117e9f5a - INFO - [DETECT BATCH] DONE | od=0 | ppe=1
2026-08-13 00:20:37,913 - post_processor_c35a117e9f5a - INFO - PPE meta buffered | camera=ppe_test_cam1 | violation=False
2026-08-13 00:20:37,913 - post_processor_c35a117e9f5a - INFO - PPE frame complete | camera=ppe_test_cam1 | violation=False
2026-08-13 00:20:38,936 - post_processor_c35a117e9f5a - INFO - [FRAME RECEIVED] topic=post_processing | partition=0 | offset=204 | frame_id=None | camera=ppe_test_cam1
2026-08-13 00:20:38,936 - post_processor_c35a117e9f5a - INFO - [DETECT BATCH] START | od=0 | ppe=1
2026-08-13 00:20:38,936 - post_processor_c35a117e9f5a - INFO - [PROCESS PPE DETECTION] camera=ppe_test_cam1 | severity=none | violated=[]
2026-08-13 00:20:38,937 - post_processor_c35a117e9f5a - INFO - [DETECT BATCH] DONE | od=0 | ppe=1
2026-08-13 00:20:38,937 - post_processor_c35a117e9f5a - INFO - PPE meta buffered | camera=ppe_test_cam1 | violation=False
2026-08-13 00:20:38,937 - post_processor_c35a117e9f5a - INFO - PPE frame complete | camera=ppe_test_cam1 | violation=False
2026-08-13 00:20:39,806 - post_processor_c35a117e9f5a - INFO - [FRAME RECEIVED] topic=post_processing | partition=0 | offset=205 | frame_id=None | camera=ppe_test_cam1
2026-08-13 00:20:39,806 - post_processor_c35a117e9f5a - INFO - [DETECT BATCH] START | od=0 | ppe=1
2026-08-13 00:20:39,806 - post_processor_c35a117e9f5a - INFO - [PROCESS PPE DETECTION] camera=ppe_test_cam1 | severity=none | violated=[]
2026-08-13 00:20:39,806 - post_processor_c35a117e9f5a - INFO - [DETECT BATCH] DONE | od=0 | ppe=1
2026-08-13 00:20:39,806 - post_processor_c35a117e9f5a - INFO - PPE meta buffered | camera=ppe_test_cam1 | violation=False
2026-08-13 00:20:39,806 - post_processor_c35a117e9f5a - INFO - PPE frame complete | camera=ppe_test_cam1 | violation=False
2026-08-13 00:20:39,838 - post_processor_c35a117e9f5a - INFO - [FRAME RECEIVED] topic=post_processing | partition=0 | offset=206 | frame_id=None | camera=ppe_test_cam1
2026-08-13 00:20:39,839 - post_processor_c35a117e9f5a - INFO - [DETECT BATCH] START | od=0 | ppe=1
2026-08-13 00:20:39,839 - post_processor_c35a117e9f5a - INFO - [PROCESS PPE DETECTION] camera=ppe_test_cam1 | severity=none | violated=[]
2026-08-13 00:20:39,840 - post_processor_c35a117e9f5a - INFO - [DETECT BATCH] DONE | od=0 | ppe=1
2026-08-13 00:20:39,840 - post_processor_c35a117e9f5a - INFO - PPE meta buffered | camera=ppe_test_cam1 | violation=False
2026-08-13 00:20:39,868 - post_processor_c35a117e9f5a - INFO - PPE MongoDB batch insert | camera=ppe_test_cam1 | count=10
2026-08-13 00:20:39,868 - post_processor_c35a117e9f5a - INFO - PPE frame complete | camera=ppe_test_cam1 | violation=False
2026-08-13 00:20:39,869 - post_processor_c35a117e9f5a - INFO - Kafka offsets committed | count=10
2026-08-13 22:49:16,287 - post_processor_c35a117e9f5a - INFO - [FRAME RECEIVED] topic=post_processing | partition=0 | offset=207 | frame_id=None | camera=ppe_test_cam1
2026-08-13 22:49:16,287 - post_processor_c35a117e9f5a - INFO - [DETECT BATCH] START | od=0 | ppe=1
2026-08-13 22:49:16,287 - post_processor_c35a117e9f5a - INFO - [PROCESS PPE DETECTION] camera=ppe_test_cam1 | severity=low | violated=['No-Shoes', 'No-Shoes']
2026-08-13 22:49:16,291 - post_processor_c35a117e9f5a - INFO - PPE alert image saved | path=/Aksha/ppe_test_cam1/alerts/2026-08-13/2026-08-13 22:49:16.28_alert.jpg
2026-08-13 22:49:16,291 - post_processor_c35a117e9f5a - INFO - [DETECT BATCH] DONE | od=0 | ppe=1
2026-08-13 22:49:16,291 - post_processor_c35a117e9f5a - INFO - PPE meta buffered | camera=ppe_test_cam1 | violation=True
2026-08-13 22:49:16,359 - post_processor_c35a117e9f5a - INFO - PPE alert dual-written to alerts collection | camera=ppe_test_cam1
2026-08-13 22:49:16,360 - post_processor_c35a117e9f5a - INFO - ppe_status_check | has_violation=True | validity=True
2026-08-13 22:49:16,360 - post_processor_c35a117e9f5a - INFO - PPE notification approved | camera=ppe_test_cam1 | severity=low
2026-08-13 22:49:16,360 - post_processor_c35a117e9f5a - INFO - PPE notification sent | camera=ppe_test_cam1 | severity=low | topic=notification_service
2026-08-13 22:49:16,361 - post_processor_c35a117e9f5a - INFO - PPE frame complete | camera=ppe_test_cam1 | violation=True
2026-08-13 22:49:16,362 - post_processor_c35a117e9f5a - INFO - [FRAME RECEIVED] topic=post_processing | partition=0 | offset=208 | frame_id=None | camera=ppe_test_cam1
2026-08-13 22:49:16,362 - post_processor_c35a117e9f5a - INFO - [DETECT BATCH] START | od=0 | ppe=1
2026-08-13 22:49:16,362 - post_processor_c35a117e9f5a - INFO - [PROCESS PPE DETECTION] camera=ppe_test_cam1 | severity=none | violated=[]
2026-08-13 22:49:16,362 - post_processor_c35a117e9f5a - INFO - [DETECT BATCH] DONE | od=0 | ppe=1
2026-08-13 22:49:16,363 - post_processor_c35a117e9f5a - INFO - PPE meta buffered | camera=ppe_test_cam1 | violation=False
2026-08-13 22:49:16,363 - post_processor_c35a117e9f5a - INFO - PPE frame complete | camera=ppe_test_cam1 | violation=False
2026-08-13 22:49:17,178 - post_processor_c35a117e9f5a - INFO - [FRAME RECEIVED] topic=post_processing | partition=0 | offset=209 | frame_id=None | camera=ppe_test_cam1
2026-08-13 22:49:17,178 - post_processor_c35a117e9f5a - INFO - [DETECT BATCH] START | od=0 | ppe=1
2026-08-13 22:49:17,179 - post_processor_c35a117e9f5a - INFO - [PROCESS PPE DETECTION] camera=ppe_test_cam1 | severity=none | violated=[]
2026-08-13 22:49:17,179 - post_processor_c35a117e9f5a - INFO - [DETECT BATCH] DONE | od=0 | ppe=1
2026-08-13 22:49:17,179 - post_processor_c35a117e9f5a - INFO - PPE meta buffered | camera=ppe_test_cam1 | violation=False
2026-08-13 22:49:17,179 - post_processor_c35a117e9f5a - INFO - PPE frame complete | camera=ppe_test_cam1 | violation=False
2026-08-13 22:49:17,225 - post_processor_c35a117e9f5a - INFO - [FRAME RECEIVED] topic=post_processing | partition=0 | offset=210 | frame_id=None | camera=ppe_test_cam1
2026-08-13 22:49:17,225 - post_processor_c35a117e9f5a - INFO - [DETECT BATCH] START | od=0 | ppe=1
2026-08-13 22:49:17,225 - post_processor_c35a117e9f5a - INFO - [PROCESS PPE DETECTION] camera=ppe_test_cam1 | severity=low | violated=['No-Shoes', 'No-Shoes']
2026-08-13 22:49:17,229 - post_processor_c35a117e9f5a - INFO - PPE alert image saved | path=/Aksha/ppe_test_cam1/alerts/2026-08-13/2026-08-13 22:49:17.22_alert.jpg
2026-08-13 22:49:17,229 - post_processor_c35a117e9f5a - INFO - [DETECT BATCH] DONE | od=0 | ppe=1
2026-08-13 22:49:17,229 - post_processor_c35a117e9f5a - INFO - PPE meta buffered | camera=ppe_test_cam1 | violation=True
2026-08-13 22:49:17,240 - post_processor_c35a117e9f5a - INFO - PPE alert dual-written to alerts collection | camera=ppe_test_cam1
2026-08-13 22:49:17,240 - post_processor_c35a117e9f5a - INFO - ppe_status_check | has_violation=True | validity=False
2026-08-13 22:49:17,240 - post_processor_c35a117e9f5a - INFO - PPE notification suppressed by cooldown | camera=ppe_test_cam1
2026-08-13 22:49:17,241 - post_processor_c35a117e9f5a - INFO - PPE frame complete | camera=ppe_test_cam1 | violation=True
2026-08-13 22:49:18,356 - post_processor_c35a117e9f5a - INFO - [FRAME RECEIVED] topic=post_processing | partition=0 | offset=211 | frame_id=None | camera=ppe_test_cam1
2026-08-13 22:49:18,356 - post_processor_c35a117e9f5a - INFO - [DETECT BATCH] START | od=0 | ppe=1
2026-08-13 22:49:18,357 - post_processor_c35a117e9f5a - INFO - [PROCESS PPE DETECTION] camera=ppe_test_cam1 | severity=low | violated=['No-Shoes', 'No-Shoes']
2026-08-13 22:49:18,360 - post_processor_c35a117e9f5a - INFO - PPE alert image saved | path=/Aksha/ppe_test_cam1/alerts/2026-08-13/2026-08-13 22:49:18.35_alert.jpg
2026-08-13 22:49:18,360 - post_processor_c35a117e9f5a - INFO - [DETECT BATCH] DONE | od=0 | ppe=1
2026-08-13 22:49:18,361 - post_processor_c35a117e9f5a - INFO - PPE meta buffered | camera=ppe_test_cam1 | violation=True
2026-08-13 22:49:18,399 - post_processor_c35a117e9f5a - INFO - PPE alert dual-written to alerts collection | camera=ppe_test_cam1
2026-08-13 22:49:18,400 - post_processor_c35a117e9f5a - INFO - ppe_status_check | has_violation=True | validity=False
2026-08-13 22:49:18,400 - post_processor_c35a117e9f5a - INFO - PPE notification suppressed by cooldown | camera=ppe_test_cam1
2026-08-13 22:49:18,401 - post_processor_c35a117e9f5a - INFO - PPE frame complete | camera=ppe_test_cam1 | violation=True
2026-08-13 22:49:18,401 - post_processor_c35a117e9f5a - INFO - [FRAME RECEIVED] topic=post_processing | partition=0 | offset=212 | frame_id=None | camera=ppe_test_cam1
2026-08-13 22:49:18,401 - post_processor_c35a117e9f5a - INFO - [DETECT BATCH] START | od=0 | ppe=1
2026-08-13 22:49:18,401 - post_processor_c35a117e9f5a - INFO - [PROCESS PPE DETECTION] camera=ppe_test_cam1 | severity=none | violated=[]
2026-08-13 22:49:18,402 - post_processor_c35a117e9f5a - INFO - [DETECT BATCH] DONE | od=0 | ppe=1
2026-08-13 22:49:18,402 - post_processor_c35a117e9f5a - INFO - PPE meta buffered | camera=ppe_test_cam1 | violation=False
2026-08-13 22:49:18,402 - post_processor_c35a117e9f5a - INFO - PPE frame complete | camera=ppe_test_cam1 | violation=False
2026-08-13 22:49:19,443 - post_processor_c35a117e9f5a - INFO - [FRAME RECEIVED] topic=post_processing | partition=0 | offset=213 | frame_id=None | camera=ppe_test_cam1
2026-08-13 22:49:19,443 - post_processor_c35a117e9f5a - INFO - [DETECT BATCH] START | od=0 | ppe=1
2026-08-13 22:49:19,444 - post_processor_c35a117e9f5a - INFO - [PROCESS PPE DETECTION] camera=ppe_test_cam1 | severity=none | violated=[]
2026-08-13 22:49:19,444 - post_processor_c35a117e9f5a - INFO - [DETECT BATCH] DONE | od=0 | ppe=1
2026-08-13 22:49:19,444 - post_processor_c35a117e9f5a - INFO - PPE meta buffered | camera=ppe_test_cam1 | violation=False
2026-08-13 22:49:19,444 - post_processor_c35a117e9f5a - INFO - PPE frame complete | camera=ppe_test_cam1 | violation=False
2026-08-13 22:49:19,478 - post_processor_c35a117e9f5a - INFO - [FRAME RECEIVED] topic=post_processing | partition=0 | offset=214 | frame_id=None | camera=ppe_test_cam1
2026-08-13 22:49:19,478 - post_processor_c35a117e9f5a - INFO - [DETECT BATCH] START | od=0 | ppe=1
2026-08-13 22:49:19,479 - post_processor_c35a117e9f5a - INFO - [PROCESS PPE DETECTION] camera=ppe_test_cam1 | severity=low | violated=['No-Shoes', 'No-Shoes']
2026-08-13 22:49:19,484 - post_processor_c35a117e9f5a - INFO - PPE alert image saved | path=/Aksha/ppe_test_cam1/alerts/2026-08-13/2026-08-13 22:49:19.48_alert.jpg
2026-08-13 22:49:19,485 - post_processor_c35a117e9f5a - INFO - [DETECT BATCH] DONE | od=0 | ppe=1
2026-08-13 22:49:19,485 - post_processor_c35a117e9f5a - INFO - PPE meta buffered | camera=ppe_test_cam1 | violation=True
2026-08-13 22:49:19,652 - post_processor_c35a117e9f5a - INFO - PPE alert dual-written to alerts collection | camera=ppe_test_cam1
2026-08-13 22:49:19,654 - post_processor_c35a117e9f5a - INFO - ppe_status_check | has_violation=True | validity=False
2026-08-13 22:49:19,655 - post_processor_c35a117e9f5a - INFO - PPE notification suppressed by cooldown | camera=ppe_test_cam1
2026-08-13 22:49:19,656 - post_processor_c35a117e9f5a - INFO - PPE frame complete | camera=ppe_test_cam1 | violation=True
2026-08-13 22:49:20,371 - post_processor_c35a117e9f5a - INFO - [FRAME RECEIVED] topic=post_processing | partition=0 | offset=215 | frame_id=None | camera=ppe_test_cam1
2026-08-13 22:49:20,371 - post_processor_c35a117e9f5a - INFO - [DETECT BATCH] START | od=0 | ppe=1
2026-08-13 22:49:20,372 - post_processor_c35a117e9f5a - INFO - [PROCESS PPE DETECTION] camera=ppe_test_cam1 | severity=none | violated=[]
2026-08-13 22:49:20,372 - post_processor_c35a117e9f5a - INFO - [DETECT BATCH] DONE | od=0 | ppe=1
2026-08-13 22:49:20,372 - post_processor_c35a117e9f5a - INFO - PPE meta buffered | camera=ppe_test_cam1 | violation=False
2026-08-13 22:49:20,372 - post_processor_c35a117e9f5a - INFO - PPE frame complete | camera=ppe_test_cam1 | violation=False
2026-08-13 22:49:25,280 - post_processor_c35a117e9f5a - INFO - [FRAME RECEIVED] topic=post_processing | partition=0 | offset=216 | frame_id=None | camera=ppe_test_cam1
2026-08-13 22:49:25,280 - post_processor_c35a117e9f5a - INFO - [DETECT BATCH] START | od=0 | ppe=1
2026-08-13 22:49:25,280 - post_processor_c35a117e9f5a - INFO - [PROCESS PPE DETECTION] camera=ppe_test_cam1 | severity=none | violated=[]
2026-08-13 22:49:25,280 - post_processor_c35a117e9f5a - INFO - [DETECT BATCH] DONE | od=0 | ppe=1
2026-08-13 22:49:25,280 - post_processor_c35a117e9f5a - INFO - PPE meta buffered | camera=ppe_test_cam1 | violation=False
2026-08-13 22:49:25,326 - post_processor_c35a117e9f5a - INFO - PPE MongoDB batch insert | camera=ppe_test_cam1 | count=10
2026-08-13 22:49:25,326 - post_processor_c35a117e9f5a - INFO - PPE frame complete | camera=ppe_test_cam1 | violation=False
2026-08-13 22:49:25,327 - post_processor_c35a117e9f5a - INFO - Kafka offsets committed | count=10
2026-08-13 22:49:26,376 - post_processor_c35a117e9f5a - INFO - [FRAME RECEIVED] topic=post_processing | partition=0 | offset=217 | frame_id=None | camera=ppe_test_cam1
2026-08-13 22:49:26,376 - post_processor_c35a117e9f5a - INFO - [DETECT BATCH] START | od=0 | ppe=1
2026-08-13 22:49:26,377 - post_processor_c35a117e9f5a - INFO - [PROCESS PPE DETECTION] camera=ppe_test_cam1 | severity=none | violated=[]
2026-08-13 22:49:26,377 - post_processor_c35a117e9f5a - INFO - [DETECT BATCH] DONE | od=0 | ppe=1
2026-08-13 22:49:26,378 - post_processor_c35a117e9f5a - INFO - PPE meta buffered | camera=ppe_test_cam1 | violation=False
2026-08-13 22:49:26,378 - post_processor_c35a117e9f5a - INFO - PPE frame complete | camera=ppe_test_cam1 | violation=False
2026-08-13 22:49:27,402 - post_processor_c35a117e9f5a - INFO - [FRAME RECEIVED] topic=post_processing | partition=0 | offset=218 | frame_id=None | camera=ppe_test_cam1
2026-08-13 22:49:27,402 - post_processor_c35a117e9f5a - INFO - [DETECT BATCH] START | od=0 | ppe=1
2026-08-13 22:49:27,402 - post_processor_c35a117e9f5a - INFO - [PROCESS PPE DETECTION] camera=ppe_test_cam1 | severity=none | violated=[]
2026-08-13 22:49:27,403 - post_processor_c35a117e9f5a - INFO - [DETECT BATCH] DONE | od=0 | ppe=1
2026-08-13 22:49:27,403 - post_processor_c35a117e9f5a - INFO - PPE meta buffered | camera=ppe_test_cam1 | violation=False
2026-08-13 22:49:27,403 - post_processor_c35a117e9f5a - INFO - PPE frame complete | camera=ppe_test_cam1 | violation=False
2026-08-13 22:49:28,486 - post_processor_c35a117e9f5a - INFO - [FRAME RECEIVED] topic=post_processing | partition=0 | offset=219 | frame_id=None | camera=ppe_test_cam1
2026-08-13 22:49:28,486 - post_processor_c35a117e9f5a - INFO - [DETECT BATCH] START | od=0 | ppe=1
2026-08-13 22:49:28,489 - post_processor_c35a117e9f5a - INFO - [PROCESS PPE DETECTION] camera=ppe_test_cam1 | severity=none | violated=[]
2026-08-13 22:49:28,490 - post_processor_c35a117e9f5a - INFO - [DETECT BATCH] DONE | od=0 | ppe=1
2026-08-13 22:49:28,490 - post_processor_c35a117e9f5a - INFO - PPE meta buffered | camera=ppe_test_cam1 | violation=False
2026-08-13 22:49:28,491 - post_processor_c35a117e9f5a - INFO - PPE frame complete | camera=ppe_test_cam1 | violation=False
2026-08-13 22:49:29,347 - post_processor_c35a117e9f5a - INFO - [FRAME RECEIVED] topic=post_processing | partition=0 | offset=220 | frame_id=None | camera=ppe_test_cam1
2026-08-13 22:49:29,347 - post_processor_c35a117e9f5a - INFO - [DETECT BATCH] START | od=0 | ppe=1
2026-08-13 22:49:29,347 - post_processor_c35a117e9f5a - INFO - [PROCESS PPE DETECTION] camera=ppe_test_cam1 | severity=none | violated=[]
2026-08-13 22:49:29,348 - post_processor_c35a117e9f5a - INFO - [DETECT BATCH] DONE | od=0 | ppe=1
2026-08-13 22:49:29,348 - post_processor_c35a117e9f5a - INFO - PPE meta buffered | camera=ppe_test_cam1 | violation=False
2026-08-13 22:49:29,348 - post_processor_c35a117e9f5a - INFO - PPE frame complete | camera=ppe_test_cam1 | violation=False
2026-08-13 22:49:30,296 - post_processor_c35a117e9f5a - INFO - [FRAME RECEIVED] topic=post_processing | partition=0 | offset=221 | frame_id=None | camera=ppe_test_cam1
2026-08-13 22:49:30,296 - post_processor_c35a117e9f5a - INFO - [DETECT BATCH] START | od=0 | ppe=1
2026-08-13 22:49:30,297 - post_processor_c35a117e9f5a - INFO - [PROCESS PPE DETECTION] camera=ppe_test_cam1 | severity=none | violated=[]
2026-08-13 22:49:30,298 - post_processor_c35a117e9f5a - INFO - [DETECT BATCH] DONE | od=0 | ppe=1
2026-08-13 22:49:30,298 - post_processor_c35a117e9f5a - INFO - PPE meta buffered | camera=ppe_test_cam1 | violation=False
2026-08-13 22:49:30,298 - post_processor_c35a117e9f5a - INFO - PPE frame complete | camera=ppe_test_cam1 | violation=False
2026-08-13 22:49:31,217 - post_processor_c35a117e9f5a - INFO - [FRAME RECEIVED] topic=post_processing | partition=0 | offset=222 | frame_id=None | camera=ppe_test_cam1
2026-08-13 22:49:31,218 - post_processor_c35a117e9f5a - INFO - [DETECT BATCH] START | od=0 | ppe=1
2026-08-13 22:49:31,218 - post_processor_c35a117e9f5a - INFO - [PROCESS PPE DETECTION] camera=ppe_test_cam1 | severity=none | violated=[]
2026-08-13 22:49:31,218 - post_processor_c35a117e9f5a - INFO - [DETECT BATCH] DONE | od=0 | ppe=1
2026-08-13 22:49:31,218 - post_processor_c35a117e9f5a - INFO - PPE meta buffered | camera=ppe_test_cam1 | violation=False
2026-08-13 22:49:31,218 - post_processor_c35a117e9f5a - INFO - PPE frame complete | camera=ppe_test_cam1 | violation=False
2026-08-13 22:49:32,230 - post_processor_c35a117e9f5a - INFO - [FRAME RECEIVED] topic=post_processing | partition=0 | offset=223 | frame_id=None | camera=ppe_test_cam1
2026-08-13 22:49:32,230 - post_processor_c35a117e9f5a - INFO - [DETECT BATCH] START | od=0 | ppe=1
2026-08-13 22:49:32,233 - post_processor_c35a117e9f5a - INFO - [PROCESS PPE DETECTION] camera=ppe_test_cam1 | severity=none | violated=[]
2026-08-13 22:49:32,233 - post_processor_c35a117e9f5a - INFO - [DETECT BATCH] DONE | od=0 | ppe=1
2026-08-13 22:49:32,233 - post_processor_c35a117e9f5a - INFO - PPE meta buffered | camera=ppe_test_cam1 | violation=False
2026-08-13 22:49:32,233 - post_processor_c35a117e9f5a - INFO - PPE frame complete | camera=ppe_test_cam1 | violation=False
2026-08-13 22:49:32,271 - post_processor_c35a117e9f5a - INFO - [FRAME RECEIVED] topic=post_processing | partition=0 | offset=224 | frame_id=None | camera=ppe_test_cam1
2026-08-13 22:49:32,271 - post_processor_c35a117e9f5a - INFO - [DETECT BATCH] START | od=0 | ppe=1
2026-08-13 22:49:32,271 - post_processor_c35a117e9f5a - INFO - [PROCESS PPE DETECTION] camera=ppe_test_cam1 | severity=none | violated=[]
2026-08-13 22:49:32,271 - post_processor_c35a117e9f5a - INFO - [DETECT BATCH] DONE | od=0 | ppe=1
2026-08-13 22:49:32,272 - post_processor_c35a117e9f5a - INFO - PPE meta buffered | camera=ppe_test_cam1 | violation=False
2026-08-13 22:49:32,272 - post_processor_c35a117e9f5a - INFO - PPE frame complete | camera=ppe_test_cam1 | violation=False
2026-08-13 22:49:57,301 - post_processor_c35a117e9f5a - INFO - [FRAME RECEIVED] topic=post_processing | partition=0 | offset=225 | frame_id=None | camera=ppe_test_cam1
2026-08-13 22:49:57,301 - post_processor_c35a117e9f5a - INFO - [DETECT BATCH] START | od=0 | ppe=1
2026-08-13 22:49:57,302 - post_processor_c35a117e9f5a - INFO - [PROCESS PPE DETECTION] camera=ppe_test_cam1 | severity=none | violated=[]
2026-08-13 22:49:57,302 - post_processor_c35a117e9f5a - INFO - [DETECT BATCH] DONE | od=0 | ppe=1
2026-08-13 22:49:57,303 - post_processor_c35a117e9f5a - INFO - PPE meta buffered | camera=ppe_test_cam1 | violation=False
2026-08-13 22:49:57,304 - post_processor_c35a117e9f5a - INFO - PPE frame complete | camera=ppe_test_cam1 | violation=False
2026-08-13 22:49:58,305 - post_processor_c35a117e9f5a - INFO - [FRAME RECEIVED] topic=post_processing | partition=0 | offset=226 | frame_id=None | camera=ppe_test_cam1
2026-08-13 22:49:58,305 - post_processor_c35a117e9f5a - INFO - [DETECT BATCH] START | od=0 | ppe=1
2026-08-13 22:49:58,305 - post_processor_c35a117e9f5a - INFO - [PROCESS PPE DETECTION] camera=ppe_test_cam1 | severity=none | violated=[]
2026-08-13 22:49:58,305 - post_processor_c35a117e9f5a - INFO - [DETECT BATCH] DONE | od=0 | ppe=1
2026-08-13 22:49:58,306 - post_processor_c35a117e9f5a - INFO - PPE meta buffered | camera=ppe_test_cam1 | violation=False
2026-08-13 22:49:58,365 - post_processor_c35a117e9f5a - INFO - PPE MongoDB batch insert | camera=ppe_test_cam1 | count=10
2026-08-13 22:49:58,365 - post_processor_c35a117e9f5a - INFO - PPE frame complete | camera=ppe_test_cam1 | violation=False
2026-08-13 22:49:58,366 - post_processor_c35a117e9f5a - INFO - Kafka offsets committed | count=10
2026-08-13 22:50:16,172 - post_processor_c35a117e9f5a - INFO - [FRAME RECEIVED] topic=post_processing | partition=0 | offset=227 | frame_id=None | camera=ppe_test_cam1
2026-08-13 22:50:16,172 - post_processor_c35a117e9f5a - INFO - [DETECT BATCH] START | od=0 | ppe=1
2026-08-13 22:50:16,172 - post_processor_c35a117e9f5a - INFO - [PROCESS PPE DETECTION] camera=ppe_test_cam1 | severity=none | violated=[]
2026-08-13 22:50:16,173 - post_processor_c35a117e9f5a - INFO - [DETECT BATCH] DONE | od=0 | ppe=1
2026-08-13 22:50:16,173 - post_processor_c35a117e9f5a - INFO - PPE meta buffered | camera=ppe_test_cam1 | violation=False
2026-08-13 22:50:16,173 - post_processor_c35a117e9f5a - INFO - PPE frame complete | camera=ppe_test_cam1 | violation=False
2026-08-13 22:50:16,206 - post_processor_c35a117e9f5a - INFO - [FRAME RECEIVED] topic=post_processing | partition=0 | offset=228 | frame_id=None | camera=ppe_test_cam1
2026-08-13 22:50:16,206 - post_processor_c35a117e9f5a - INFO - [DETECT BATCH] START | od=0 | ppe=1
2026-08-13 22:50:16,206 - post_processor_c35a117e9f5a - INFO - [PROCESS PPE DETECTION] camera=ppe_test_cam1 | severity=low | violated=['No-Shoes', 'No-Shoes']
2026-08-13 22:50:16,210 - post_processor_c35a117e9f5a - INFO - PPE alert image saved | path=/Aksha/ppe_test_cam1/alerts/2026-08-13/2026-08-13 22:50:16.20_alert.jpg
2026-08-13 22:50:16,210 - post_processor_c35a117e9f5a - INFO - [DETECT BATCH] DONE | od=0 | ppe=1
2026-08-13 22:50:16,210 - post_processor_c35a117e9f5a - INFO - PPE meta buffered | camera=ppe_test_cam1 | violation=True
2026-08-13 22:50:16,229 - post_processor_c35a117e9f5a - INFO - PPE alert dual-written to alerts collection | camera=ppe_test_cam1
2026-08-13 22:50:16,229 - post_processor_c35a117e9f5a - INFO - ppe_status_check | has_violation=True | validity=True
2026-08-13 22:50:16,229 - post_processor_c35a117e9f5a - INFO - PPE notification approved | camera=ppe_test_cam1 | severity=low
2026-08-13 22:50:16,230 - post_processor_c35a117e9f5a - INFO - PPE notification sent | camera=ppe_test_cam1 | severity=low | topic=notification_service
2026-08-13 22:50:16,230 - post_processor_c35a117e9f5a - INFO - PPE frame complete | camera=ppe_test_cam1 | violation=True
2026-08-13 22:50:17,227 - post_processor_c35a117e9f5a - INFO - [FRAME RECEIVED] topic=post_processing | partition=0 | offset=229 | frame_id=None | camera=ppe_test_cam1
2026-08-13 22:50:17,227 - post_processor_c35a117e9f5a - INFO - [DETECT BATCH] START | od=0 | ppe=1
2026-08-13 22:50:17,227 - post_processor_c35a117e9f5a - INFO - [PROCESS PPE DETECTION] camera=ppe_test_cam1 | severity=none | violated=[]
2026-08-13 22:50:17,227 - post_processor_c35a117e9f5a - INFO - [DETECT BATCH] DONE | od=0 | ppe=1
2026-08-13 22:50:17,228 - post_processor_c35a117e9f5a - INFO - PPE meta buffered | camera=ppe_test_cam1 | violation=False
2026-08-13 22:50:17,228 - post_processor_c35a117e9f5a - INFO - PPE frame complete | camera=ppe_test_cam1 | violation=False
2026-08-13 22:50:17,264 - post_processor_c35a117e9f5a - INFO - [FRAME RECEIVED] topic=post_processing | partition=0 | offset=230 | frame_id=None | camera=ppe_test_cam1
2026-08-13 22:50:17,264 - post_processor_c35a117e9f5a - INFO - [DETECT BATCH] START | od=0 | ppe=1
2026-08-13 22:50:17,264 - post_processor_c35a117e9f5a - INFO - [PROCESS PPE DETECTION] camera=ppe_test_cam1 | severity=low | violated=['No-Shoes', 'No-Shoes']
2026-08-13 22:50:17,269 - post_processor_c35a117e9f5a - INFO - PPE alert image saved | path=/Aksha/ppe_test_cam1/alerts/2026-08-13/2026-08-13 22:50:17.26_alert.jpg
2026-08-13 22:50:17,270 - post_processor_c35a117e9f5a - INFO - [DETECT BATCH] DONE | od=0 | ppe=1
2026-08-13 22:50:17,270 - post_processor_c35a117e9f5a - INFO - PPE meta buffered | camera=ppe_test_cam1 | violation=True
2026-08-13 22:50:17,288 - post_processor_c35a117e9f5a - INFO - PPE alert dual-written to alerts collection | camera=ppe_test_cam1
2026-08-13 22:50:17,288 - post_processor_c35a117e9f5a - INFO - ppe_status_check | has_violation=True | validity=False
2026-08-13 22:50:17,288 - post_processor_c35a117e9f5a - INFO - PPE notification suppressed by cooldown | camera=ppe_test_cam1
2026-08-13 22:50:17,289 - post_processor_c35a117e9f5a - INFO - PPE frame complete | camera=ppe_test_cam1 | violation=True
2026-08-13 22:50:18,280 - post_processor_c35a117e9f5a - INFO - [FRAME RECEIVED] topic=post_processing | partition=0 | offset=231 | frame_id=None | camera=ppe_test_cam1
2026-08-13 22:50:18,280 - post_processor_c35a117e9f5a - INFO - [DETECT BATCH] START | od=0 | ppe=1
2026-08-13 22:50:18,280 - post_processor_c35a117e9f5a - INFO - [PROCESS PPE DETECTION] camera=ppe_test_cam1 | severity=none | violated=[]
2026-08-13 22:50:18,280 - post_processor_c35a117e9f5a - INFO - [DETECT BATCH] DONE | od=0 | ppe=1
2026-08-13 22:50:18,280 - post_processor_c35a117e9f5a - INFO - PPE meta buffered | camera=ppe_test_cam1 | violation=False
2026-08-13 22:50:18,281 - post_processor_c35a117e9f5a - INFO - PPE frame complete | camera=ppe_test_cam1 | violation=False
2026-08-13 22:50:18,316 - post_processor_c35a117e9f5a - INFO - [FRAME RECEIVED] topic=post_processing | partition=0 | offset=232 | frame_id=None | camera=ppe_test_cam1
2026-08-13 22:50:18,316 - post_processor_c35a117e9f5a - INFO - [DETECT BATCH] START | od=0 | ppe=1
2026-08-13 22:50:18,317 - post_processor_c35a117e9f5a - INFO - [PROCESS PPE DETECTION] camera=ppe_test_cam1 | severity=low | violated=['No-Shoes', 'No-Shoes']
2026-08-13 22:50:18,320 - post_processor_c35a117e9f5a - INFO - PPE alert image saved | path=/Aksha/ppe_test_cam1/alerts/2026-08-13/2026-08-13 22:50:18.31_alert.jpg
2026-08-13 22:50:18,321 - post_processor_c35a117e9f5a - INFO - [DETECT BATCH] DONE | od=0 | ppe=1
2026-08-13 22:50:18,321 - post_processor_c35a117e9f5a - INFO - PPE meta buffered | camera=ppe_test_cam1 | violation=True
2026-08-13 22:50:18,371 - post_processor_c35a117e9f5a - INFO - PPE alert dual-written to alerts collection | camera=ppe_test_cam1
2026-08-13 22:50:18,372 - post_processor_c35a117e9f5a - INFO - ppe_status_check | has_violation=True | validity=False
2026-08-13 22:50:18,372 - post_processor_c35a117e9f5a - INFO - PPE notification suppressed by cooldown | camera=ppe_test_cam1
2026-08-13 22:50:18,373 - post_processor_c35a117e9f5a - INFO - PPE frame complete | camera=ppe_test_cam1 | violation=True
2026-08-13 22:50:19,180 - post_processor_c35a117e9f5a - INFO - [FRAME RECEIVED] topic=post_processing | partition=0 | offset=233 | frame_id=None | camera=ppe_test_cam1
2026-08-13 22:50:19,180 - post_processor_c35a117e9f5a - INFO - [DETECT BATCH] START | od=0 | ppe=1
2026-08-13 22:50:19,181 - post_processor_c35a117e9f5a - INFO - [PROCESS PPE DETECTION] camera=ppe_test_cam1 | severity=none | violated=[]
2026-08-13 22:50:19,181 - post_processor_c35a117e9f5a - INFO - [DETECT BATCH] DONE | od=0 | ppe=1
2026-08-13 22:50:19,181 - post_processor_c35a117e9f5a - INFO - PPE meta buffered | camera=ppe_test_cam1 | violation=False
2026-08-13 22:50:19,181 - post_processor_c35a117e9f5a - INFO - PPE frame complete | camera=ppe_test_cam1 | violation=False
2026-08-13 22:50:19,182 - post_processor_c35a117e9f5a - INFO - [FRAME RECEIVED] topic=post_processing | partition=0 | offset=234 | frame_id=None | camera=ppe_test_cam1
2026-08-13 22:50:19,182 - post_processor_c35a117e9f5a - INFO - [DETECT BATCH] START | od=0 | ppe=1
2026-08-13 22:50:19,182 - post_processor_c35a117e9f5a - INFO - [PROCESS PPE DETECTION] camera=ppe_test_cam1 | severity=low | violated=['No-Shoes', 'No-Shoes']
2026-08-13 22:50:19,185 - post_processor_c35a117e9f5a - INFO - PPE alert image saved | path=/Aksha/ppe_test_cam1/alerts/2026-08-13/2026-08-13 22:50:19.18_alert.jpg
2026-08-13 22:50:19,186 - post_processor_c35a117e9f5a - INFO - [DETECT BATCH] DONE | od=0 | ppe=1
2026-08-13 22:50:19,186 - post_processor_c35a117e9f5a - INFO - PPE meta buffered | camera=ppe_test_cam1 | violation=True
2026-08-13 22:50:19,230 - post_processor_c35a117e9f5a - INFO - PPE alert dual-written to alerts collection | camera=ppe_test_cam1
2026-08-13 22:50:19,231 - post_processor_c35a117e9f5a - INFO - ppe_status_check | has_violation=True | validity=False
2026-08-13 22:50:19,231 - post_processor_c35a117e9f5a - INFO - PPE notification suppressed by cooldown | camera=ppe_test_cam1
2026-08-13 22:50:19,231 - post_processor_c35a117e9f5a - INFO - PPE frame complete | camera=ppe_test_cam1 | violation=True
2026-08-13 22:50:20,442 - post_processor_c35a117e9f5a - INFO - [FRAME RECEIVED] topic=post_processing | partition=0 | offset=235 | frame_id=None | camera=ppe_test_cam1
2026-08-13 22:50:20,442 - post_processor_c35a117e9f5a - INFO - [DETECT BATCH] START | od=0 | ppe=1
2026-08-13 22:50:20,443 - post_processor_c35a117e9f5a - INFO - [PROCESS PPE DETECTION] camera=ppe_test_cam1 | severity=none | violated=[]
2026-08-13 22:50:20,443 - post_processor_c35a117e9f5a - INFO - [DETECT BATCH] DONE | od=0 | ppe=1
2026-08-13 22:50:20,443 - post_processor_c35a117e9f5a - INFO - PPE meta buffered | camera=ppe_test_cam1 | violation=False
2026-08-13 22:50:20,443 - post_processor_c35a117e9f5a - INFO - PPE frame complete | camera=ppe_test_cam1 | violation=False
2026-08-13 22:50:25,215 - post_processor_c35a117e9f5a - INFO - [FRAME RECEIVED] topic=post_processing | partition=0 | offset=236 | frame_id=None | camera=ppe_test_cam1
2026-08-13 22:50:25,215 - post_processor_c35a117e9f5a - INFO - [DETECT BATCH] START | od=0 | ppe=1
2026-08-13 22:50:25,216 - post_processor_c35a117e9f5a - INFO - [PROCESS PPE DETECTION] camera=ppe_test_cam1 | severity=none | violated=[]
2026-08-13 22:50:25,216 - post_processor_c35a117e9f5a - INFO - [DETECT BATCH] DONE | od=0 | ppe=1
2026-08-13 22:50:25,216 - post_processor_c35a117e9f5a - INFO - PPE meta buffered | camera=ppe_test_cam1 | violation=False
2026-08-13 22:50:25,249 - post_processor_c35a117e9f5a - INFO - PPE MongoDB batch insert | camera=ppe_test_cam1 | count=10
2026-08-13 22:50:25,250 - post_processor_c35a117e9f5a - INFO - PPE frame complete | camera=ppe_test_cam1 | violation=False
2026-08-13 22:50:25,251 - post_processor_c35a117e9f5a - INFO - Kafka offsets committed | count=10
2026-08-13 22:50:26,405 - post_processor_c35a117e9f5a - INFO - [FRAME RECEIVED] topic=post_processing | partition=0 | offset=237 | frame_id=None | camera=ppe_test_cam1
2026-08-13 22:50:26,405 - post_processor_c35a117e9f5a - INFO - [DETECT BATCH] START | od=0 | ppe=1
2026-08-13 22:50:26,406 - post_processor_c35a117e9f5a - INFO - [PROCESS PPE DETECTION] camera=ppe_test_cam1 | severity=none | violated=[]
2026-08-13 22:50:26,407 - post_processor_c35a117e9f5a - INFO - [DETECT BATCH] DONE | od=0 | ppe=1
2026-08-13 22:50:26,407 - post_processor_c35a117e9f5a - INFO - PPE meta buffered | camera=ppe_test_cam1 | violation=False
2026-08-13 22:50:26,407 - post_processor_c35a117e9f5a - INFO - PPE frame complete | camera=ppe_test_cam1 | violation=False
2026-08-13 22:50:27,270 - post_processor_c35a117e9f5a - INFO - [FRAME RECEIVED] topic=post_processing | partition=0 | offset=238 | frame_id=None | camera=ppe_test_cam1
2026-08-13 22:50:27,271 - post_processor_c35a117e9f5a - INFO - [DETECT BATCH] START | od=0 | ppe=1
2026-08-13 22:50:27,271 - post_processor_c35a117e9f5a - INFO - [PROCESS PPE DETECTION] camera=ppe_test_cam1 | severity=none | violated=[]
2026-08-13 22:50:27,271 - post_processor_c35a117e9f5a - INFO - [DETECT BATCH] DONE | od=0 | ppe=1
2026-08-13 22:50:27,271 - post_processor_c35a117e9f5a - INFO - PPE meta buffered | camera=ppe_test_cam1 | violation=False
2026-08-13 22:50:27,271 - post_processor_c35a117e9f5a - INFO - PPE frame complete | camera=ppe_test_cam1 | violation=False
2026-08-13 22:50:28,434 - post_processor_c35a117e9f5a - INFO - [FRAME RECEIVED] topic=post_processing | partition=0 | offset=239 | frame_id=None | camera=ppe_test_cam1
2026-08-13 22:50:28,434 - post_processor_c35a117e9f5a - INFO - [DETECT BATCH] START | od=0 | ppe=1
2026-08-13 22:50:28,435 - post_processor_c35a117e9f5a - INFO - [PROCESS PPE DETECTION] camera=ppe_test_cam1 | severity=none | violated=[]
2026-08-13 22:50:28,435 - post_processor_c35a117e9f5a - INFO - [DETECT BATCH] DONE | od=0 | ppe=1
2026-08-13 22:50:28,435 - post_processor_c35a117e9f5a - INFO - PPE meta buffered | camera=ppe_test_cam1 | violation=False
2026-08-13 22:50:28,435 - post_processor_c35a117e9f5a - INFO - PPE frame complete | camera=ppe_test_cam1 | violation=False
2026-08-13 22:50:29,300 - post_processor_c35a117e9f5a - INFO - [FRAME RECEIVED] topic=post_processing | partition=0 | offset=240 | frame_id=None | camera=ppe_test_cam1
2026-08-13 22:50:29,300 - post_processor_c35a117e9f5a - INFO - [DETECT BATCH] START | od=0 | ppe=1
2026-08-13 22:50:29,300 - post_processor_c35a117e9f5a - INFO - [PROCESS PPE DETECTION] camera=ppe_test_cam1 | severity=none | violated=[]
2026-08-13 22:50:29,301 - post_processor_c35a117e9f5a - INFO - [DETECT BATCH] DONE | od=0 | ppe=1
2026-08-13 22:50:29,301 - post_processor_c35a117e9f5a - INFO - PPE meta buffered | camera=ppe_test_cam1 | violation=False
2026-08-13 22:50:29,301 - post_processor_c35a117e9f5a - INFO - PPE frame complete | camera=ppe_test_cam1 | violation=False
2026-08-13 22:50:30,307 - post_processor_c35a117e9f5a - INFO - [FRAME RECEIVED] topic=post_processing | partition=0 | offset=241 | frame_id=None | camera=ppe_test_cam1
2026-08-13 22:50:30,308 - post_processor_c35a117e9f5a - INFO - [DETECT BATCH] START | od=0 | ppe=1
2026-08-13 22:50:30,308 - post_processor_c35a117e9f5a - INFO - [PROCESS PPE DETECTION] camera=ppe_test_cam1 | severity=none | violated=[]
2026-08-13 22:50:30,309 - post_processor_c35a117e9f5a - INFO - [DETECT BATCH] DONE | od=0 | ppe=1
2026-08-13 22:50:30,309 - post_processor_c35a117e9f5a - INFO - PPE meta buffered | camera=ppe_test_cam1 | violation=False
2026-08-13 22:50:30,309 - post_processor_c35a117e9f5a - INFO - PPE frame complete | camera=ppe_test_cam1 | violation=False
2026-08-13 22:50:31,233 - post_processor_c35a117e9f5a - INFO - [FRAME RECEIVED] topic=post_processing | partition=0 | offset=242 | frame_id=None | camera=ppe_test_cam1
2026-08-13 22:50:31,234 - post_processor_c35a117e9f5a - INFO - [DETECT BATCH] START | od=0 | ppe=1
2026-08-13 22:50:31,234 - post_processor_c35a117e9f5a - INFO - [PROCESS PPE DETECTION] camera=ppe_test_cam1 | severity=none | violated=[]
2026-08-13 22:50:31,234 - post_processor_c35a117e9f5a - INFO - [DETECT BATCH] DONE | od=0 | ppe=1
2026-08-13 22:50:31,234 - post_processor_c35a117e9f5a - INFO - PPE meta buffered | camera=ppe_test_cam1 | violation=False
2026-08-13 22:50:31,235 - post_processor_c35a117e9f5a - INFO - PPE frame complete | camera=ppe_test_cam1 | violation=False
2026-08-13 22:50:32,324 - post_processor_c35a117e9f5a - INFO - [FRAME RECEIVED] topic=post_processing | partition=0 | offset=243 | frame_id=None | camera=ppe_test_cam1
2026-08-13 22:50:32,324 - post_processor_c35a117e9f5a - INFO - [DETECT BATCH] START | od=0 | ppe=1
2026-08-13 22:50:32,324 - post_processor_c35a117e9f5a - INFO - [PROCESS PPE DETECTION] camera=ppe_test_cam1 | severity=none | violated=[]
2026-08-13 22:50:32,325 - post_processor_c35a117e9f5a - INFO - [DETECT BATCH] DONE | od=0 | ppe=1
2026-08-13 22:50:32,325 - post_processor_c35a117e9f5a - INFO - PPE meta buffered | camera=ppe_test_cam1 | violation=False
2026-08-13 22:50:32,325 - post_processor_c35a117e9f5a - INFO - PPE frame complete | camera=ppe_test_cam1 | violation=False
2026-08-13 22:50:32,356 - post_processor_c35a117e9f5a - INFO - [FRAME RECEIVED] topic=post_processing | partition=0 | offset=244 | frame_id=None | camera=ppe_test_cam1
2026-08-13 22:50:32,357 - post_processor_c35a117e9f5a - INFO - [DETECT BATCH] START | od=0 | ppe=1
2026-08-13 22:50:32,357 - post_processor_c35a117e9f5a - INFO - [PROCESS PPE DETECTION] camera=ppe_test_cam1 | severity=none | violated=[]
2026-08-13 22:50:32,358 - post_processor_c35a117e9f5a - INFO - [DETECT BATCH] DONE | od=0 | ppe=1
2026-08-13 22:50:32,358 - post_processor_c35a117e9f5a - INFO - PPE meta buffered | camera=ppe_test_cam1 | violation=False
2026-08-13 22:50:32,358 - post_processor_c35a117e9f5a - INFO - PPE frame complete | camera=ppe_test_cam1 | violation=False
2026-08-13 22:50:57,338 - post_processor_c35a117e9f5a - INFO - [FRAME RECEIVED] topic=post_processing | partition=0 | offset=245 | frame_id=None | camera=ppe_test_cam1
2026-08-13 22:50:57,339 - post_processor_c35a117e9f5a - INFO - [DETECT BATCH] START | od=0 | ppe=1
2026-08-13 22:50:57,339 - post_processor_c35a117e9f5a - INFO - [PROCESS PPE DETECTION] camera=ppe_test_cam1 | severity=none | violated=[]
2026-08-13 22:50:57,339 - post_processor_c35a117e9f5a - INFO - [DETECT BATCH] DONE | od=0 | ppe=1
2026-08-13 22:50:57,339 - post_processor_c35a117e9f5a - INFO - PPE meta buffered | camera=ppe_test_cam1 | violation=False
2026-08-13 22:50:57,340 - post_processor_c35a117e9f5a - INFO - PPE frame complete | camera=ppe_test_cam1 | violation=False
2026-08-13 22:50:58,324 - post_processor_c35a117e9f5a - INFO - [FRAME RECEIVED] topic=post_processing | partition=0 | offset=246 | frame_id=None | camera=ppe_test_cam1
2026-08-13 22:50:58,325 - post_processor_c35a117e9f5a - INFO - [DETECT BATCH] START | od=0 | ppe=1
2026-08-13 22:50:58,329 - post_processor_c35a117e9f5a - INFO - [PROCESS PPE DETECTION] camera=ppe_test_cam1 | severity=none | violated=[]
2026-08-13 22:50:58,330 - post_processor_c35a117e9f5a - INFO - [DETECT BATCH] DONE | od=0 | ppe=1
2026-08-13 22:50:58,330 - post_processor_c35a117e9f5a - INFO - PPE meta buffered | camera=ppe_test_cam1 | violation=False
2026-08-13 22:50:58,353 - post_processor_c35a117e9f5a - INFO - PPE MongoDB batch insert | camera=ppe_test_cam1 | count=10
2026-08-13 22:50:58,353 - post_processor_c35a117e9f5a - INFO - PPE frame complete | camera=ppe_test_cam1 | violation=False
2026-08-13 22:50:58,354 - post_processor_c35a117e9f5a - INFO - Kafka offsets committed | count=10
2026-08-13 22:51:16,311 - post_processor_c35a117e9f5a - INFO - [FRAME RECEIVED] topic=post_processing | partition=0 | offset=247 | frame_id=None | camera=ppe_test_cam1
2026-08-13 22:51:16,311 - post_processor_c35a117e9f5a - INFO - [DETECT BATCH] START | od=0 | ppe=1
2026-08-13 22:51:16,312 - post_processor_c35a117e9f5a - INFO - [PROCESS PPE DETECTION] camera=ppe_test_cam1 | severity=low | violated=['No-Shoes', 'No-Shoes']
2026-08-13 22:51:16,316 - post_processor_c35a117e9f5a - INFO - PPE alert image saved | path=/Aksha/ppe_test_cam1/alerts/2026-08-13/2026-08-13 22:51:16.31_alert.jpg
2026-08-13 22:51:16,316 - post_processor_c35a117e9f5a - INFO - [DETECT BATCH] DONE | od=0 | ppe=1
2026-08-13 22:51:16,316 - post_processor_c35a117e9f5a - INFO - PPE meta buffered | camera=ppe_test_cam1 | violation=True
2026-08-13 22:51:16,368 - post_processor_c35a117e9f5a - INFO - PPE alert dual-written to alerts collection | camera=ppe_test_cam1
2026-08-13 22:51:16,369 - post_processor_c35a117e9f5a - INFO - ppe_status_check | has_violation=True | validity=True
2026-08-13 22:51:16,369 - post_processor_c35a117e9f5a - INFO - PPE notification approved | camera=ppe_test_cam1 | severity=low
2026-08-13 22:51:16,369 - post_processor_c35a117e9f5a - INFO - PPE notification sent | camera=ppe_test_cam1 | severity=low | topic=notification_service
2026-08-13 22:51:16,370 - post_processor_c35a117e9f5a - INFO - PPE frame complete | camera=ppe_test_cam1 | violation=True
2026-08-13 22:51:16,370 - post_processor_c35a117e9f5a - INFO - [FRAME RECEIVED] topic=post_processing | partition=0 | offset=248 | frame_id=None | camera=ppe_test_cam1
2026-08-13 22:51:16,370 - post_processor_c35a117e9f5a - INFO - [DETECT BATCH] START | od=0 | ppe=1
2026-08-13 22:51:16,370 - post_processor_c35a117e9f5a - INFO - [PROCESS PPE DETECTION] camera=ppe_test_cam1 | severity=none | violated=[]
2026-08-13 22:51:16,371 - post_processor_c35a117e9f5a - INFO - [DETECT BATCH] DONE | od=0 | ppe=1
2026-08-13 22:51:16,371 - post_processor_c35a117e9f5a - INFO - PPE meta buffered | camera=ppe_test_cam1 | violation=False
2026-08-13 22:51:16,371 - post_processor_c35a117e9f5a - INFO - PPE frame complete | camera=ppe_test_cam1 | violation=False
2026-08-13 22:51:17,263 - post_processor_c35a117e9f5a - INFO - [FRAME RECEIVED] topic=post_processing | partition=0 | offset=249 | frame_id=None | camera=ppe_test_cam1
2026-08-13 22:51:17,263 - post_processor_c35a117e9f5a - INFO - [DETECT BATCH] START | od=0 | ppe=1
2026-08-13 22:51:17,264 - post_processor_c35a117e9f5a - INFO - [PROCESS PPE DETECTION] camera=ppe_test_cam1 | severity=none | violated=[]
2026-08-13 22:51:17,264 - post_processor_c35a117e9f5a - INFO - [DETECT BATCH] DONE | od=0 | ppe=1
2026-08-13 22:51:17,264 - post_processor_c35a117e9f5a - INFO - PPE meta buffered | camera=ppe_test_cam1 | violation=False
2026-08-13 22:51:17,265 - post_processor_c35a117e9f5a - INFO - PPE frame complete | camera=ppe_test_cam1 | violation=False
2026-08-13 22:51:17,265 - post_processor_c35a117e9f5a - INFO - [FRAME RECEIVED] topic=post_processing | partition=0 | offset=250 | frame_id=None | camera=ppe_test_cam1
2026-08-13 22:51:17,265 - post_processor_c35a117e9f5a - INFO - [DETECT BATCH] START | od=0 | ppe=1
2026-08-13 22:51:17,266 - post_processor_c35a117e9f5a - INFO - [PROCESS PPE DETECTION] camera=ppe_test_cam1 | severity=low | violated=['No-Shoes', 'No-Shoes']
2026-08-13 22:51:17,269 - post_processor_c35a117e9f5a - INFO - PPE alert image saved | path=/Aksha/ppe_test_cam1/alerts/2026-08-13/2026-08-13 22:51:17.26_alert.jpg
2026-08-13 22:51:17,269 - post_processor_c35a117e9f5a - INFO - [DETECT BATCH] DONE | od=0 | ppe=1
2026-08-13 22:51:17,269 - post_processor_c35a117e9f5a - INFO - PPE meta buffered | camera=ppe_test_cam1 | violation=True
2026-08-13 22:51:17,294 - post_processor_c35a117e9f5a - INFO - PPE alert dual-written to alerts collection | camera=ppe_test_cam1
2026-08-13 22:51:17,294 - post_processor_c35a117e9f5a - INFO - ppe_status_check | has_violation=True | validity=False
2026-08-13 22:51:17,295 - post_processor_c35a117e9f5a - INFO - PPE notification suppressed by cooldown | camera=ppe_test_cam1
2026-08-13 22:51:17,295 - post_processor_c35a117e9f5a - INFO - PPE frame complete | camera=ppe_test_cam1 | violation=True
2026-08-13 22:51:18,216 - post_processor_c35a117e9f5a - INFO - [FRAME RECEIVED] topic=post_processing | partition=0 | offset=251 | frame_id=None | camera=ppe_test_cam1
2026-08-13 22:51:18,217 - post_processor_c35a117e9f5a - INFO - [DETECT BATCH] START | od=0 | ppe=1
2026-08-13 22:51:18,217 - post_processor_c35a117e9f5a - INFO - [PROCESS PPE DETECTION] camera=ppe_test_cam1 | severity=low | violated=['No-Shoes', 'No-Shoes']
2026-08-13 22:51:18,220 - post_processor_c35a117e9f5a - INFO - PPE alert image saved | path=/Aksha/ppe_test_cam1/alerts/2026-08-13/2026-08-13 22:51:18.21_alert.jpg
2026-08-13 22:51:18,221 - post_processor_c35a117e9f5a - INFO - [DETECT BATCH] DONE | od=0 | ppe=1
2026-08-13 22:51:18,221 - post_processor_c35a117e9f5a - INFO - PPE meta buffered | camera=ppe_test_cam1 | violation=True
2026-08-13 22:51:18,244 - post_processor_c35a117e9f5a - INFO - PPE alert dual-written to alerts collection | camera=ppe_test_cam1
2026-08-13 22:51:18,245 - post_processor_c35a117e9f5a - INFO - ppe_status_check | has_violation=True | validity=False
2026-08-13 22:51:18,245 - post_processor_c35a117e9f5a - INFO - PPE notification suppressed by cooldown | camera=ppe_test_cam1
2026-08-13 22:51:18,245 - post_processor_c35a117e9f5a - INFO - PPE frame complete | camera=ppe_test_cam1 | violation=True
2026-08-13 22:51:18,245 - post_processor_c35a117e9f5a - INFO - [FRAME RECEIVED] topic=post_processing | partition=0 | offset=252 | frame_id=None | camera=ppe_test_cam1
2026-08-13 22:51:18,246 - post_processor_c35a117e9f5a - INFO - [DETECT BATCH] START | od=0 | ppe=1
2026-08-13 22:51:18,246 - post_processor_c35a117e9f5a - INFO - [PROCESS PPE DETECTION] camera=ppe_test_cam1 | severity=none | violated=[]
2026-08-13 22:51:18,246 - post_processor_c35a117e9f5a - INFO - [DETECT BATCH] DONE | od=0 | ppe=1
2026-08-13 22:51:18,246 - post_processor_c35a117e9f5a - INFO - PPE meta buffered | camera=ppe_test_cam1 | violation=False
2026-08-13 22:51:18,246 - post_processor_c35a117e9f5a - INFO - PPE frame complete | camera=ppe_test_cam1 | violation=False
2026-08-13 22:51:19,264 - post_processor_c35a117e9f5a - INFO - [FRAME RECEIVED] topic=post_processing | partition=0 | offset=253 | frame_id=None | camera=ppe_test_cam1
2026-08-13 22:51:19,264 - post_processor_c35a117e9f5a - INFO - [DETECT BATCH] START | od=0 | ppe=1
2026-08-13 22:51:19,264 - post_processor_c35a117e9f5a - INFO - [PROCESS PPE DETECTION] camera=ppe_test_cam1 | severity=low | violated=['No-Shoes', 'No-Shoes']
2026-08-13 22:51:19,268 - post_processor_c35a117e9f5a - INFO - PPE alert image saved | path=/Aksha/ppe_test_cam1/alerts/2026-08-13/2026-08-13 22:51:19.26_alert.jpg
2026-08-13 22:51:19,269 - post_processor_c35a117e9f5a - INFO - [DETECT BATCH] DONE | od=0 | ppe=1
2026-08-13 22:51:19,269 - post_processor_c35a117e9f5a - INFO - PPE meta buffered | camera=ppe_test_cam1 | violation=True
2026-08-13 22:51:19,286 - post_processor_c35a117e9f5a - INFO - PPE alert dual-written to alerts collection | camera=ppe_test_cam1
2026-08-13 22:51:19,287 - post_processor_c35a117e9f5a - INFO - ppe_status_check | has_violation=True | validity=False
2026-08-13 22:51:19,287 - post_processor_c35a117e9f5a - INFO - PPE notification suppressed by cooldown | camera=ppe_test_cam1
2026-08-13 22:51:19,287 - post_processor_c35a117e9f5a - INFO - PPE frame complete | camera=ppe_test_cam1 | violation=True
2026-08-13 22:51:19,287 - post_processor_c35a117e9f5a - INFO - [FRAME RECEIVED] topic=post_processing | partition=0 | offset=254 | frame_id=None | camera=ppe_test_cam1
2026-08-13 22:51:19,288 - post_processor_c35a117e9f5a - INFO - [DETECT BATCH] START | od=0 | ppe=1
2026-08-13 22:51:19,288 - post_processor_c35a117e9f5a - INFO - [PROCESS PPE DETECTION] camera=ppe_test_cam1 | severity=none | violated=[]
2026-08-13 22:51:19,288 - post_processor_c35a117e9f5a - INFO - [DETECT BATCH] DONE | od=0 | ppe=1
2026-08-13 22:51:19,288 - post_processor_c35a117e9f5a - INFO - PPE meta buffered | camera=ppe_test_cam1 | violation=False
2026-08-13 22:51:19,288 - post_processor_c35a117e9f5a - INFO - PPE frame complete | camera=ppe_test_cam1 | violation=False
2026-08-13 22:51:20,123 - post_processor_c35a117e9f5a - INFO - [FRAME RECEIVED] topic=post_processing | partition=0 | offset=255 | frame_id=None | camera=ppe_test_cam1
2026-08-13 22:51:20,123 - post_processor_c35a117e9f5a - INFO - [DETECT BATCH] START | od=0 | ppe=1
2026-08-13 22:51:20,123 - post_processor_c35a117e9f5a - INFO - [PROCESS PPE DETECTION] camera=ppe_test_cam1 | severity=none | violated=[]
2026-08-13 22:51:20,124 - post_processor_c35a117e9f5a - INFO - [DETECT BATCH] DONE | od=0 | ppe=1
2026-08-13 22:51:20,124 - post_processor_c35a117e9f5a - INFO - PPE meta buffered | camera=ppe_test_cam1 | violation=False
2026-08-13 22:51:20,124 - post_processor_c35a117e9f5a - INFO - PPE frame complete | camera=ppe_test_cam1 | violation=False
2026-08-13 22:51:25,286 - post_processor_c35a117e9f5a - INFO - [FRAME RECEIVED] topic=post_processing | partition=0 | offset=256 | frame_id=None | camera=ppe_test_cam1
2026-08-13 22:51:25,286 - post_processor_c35a117e9f5a - INFO - [DETECT BATCH] START | od=0 | ppe=1
2026-08-13 22:51:25,289 - post_processor_c35a117e9f5a - INFO - [PROCESS PPE DETECTION] camera=ppe_test_cam1 | severity=none | violated=[]
2026-08-13 22:51:25,290 - post_processor_c35a117e9f5a - INFO - [DETECT BATCH] DONE | od=0 | ppe=1
2026-08-13 22:51:25,290 - post_processor_c35a117e9f5a - INFO - PPE meta buffered | camera=ppe_test_cam1 | violation=False
2026-08-13 22:51:25,335 - post_processor_c35a117e9f5a - INFO - PPE MongoDB batch insert | camera=ppe_test_cam1 | count=10
2026-08-13 22:51:25,335 - post_processor_c35a117e9f5a - INFO - PPE frame complete | camera=ppe_test_cam1 | violation=False
2026-08-13 22:51:25,336 - post_processor_c35a117e9f5a - INFO - Kafka offsets committed | count=10
2026-08-13 22:51:26,092 - post_processor_c35a117e9f5a - INFO - [FRAME RECEIVED] topic=post_processing | partition=0 | offset=257 | frame_id=None | camera=ppe_test_cam1
2026-08-13 22:51:26,093 - post_processor_c35a117e9f5a - INFO - [DETECT BATCH] START | od=0 | ppe=1
2026-08-13 22:51:26,093 - post_processor_c35a117e9f5a - INFO - [PROCESS PPE DETECTION] camera=ppe_test_cam1 | severity=none | violated=[]
2026-08-13 22:51:26,093 - post_processor_c35a117e9f5a - INFO - [DETECT BATCH] DONE | od=0 | ppe=1
2026-08-13 22:51:26,093 - post_processor_c35a117e9f5a - INFO - PPE meta buffered | camera=ppe_test_cam1 | violation=False
2026-08-13 22:51:26,094 - post_processor_c35a117e9f5a - INFO - PPE frame complete | camera=ppe_test_cam1 | violation=False
2026-08-13 22:51:27,198 - post_processor_c35a117e9f5a - INFO - [FRAME RECEIVED] topic=post_processing | partition=0 | offset=258 | frame_id=None | camera=ppe_test_cam1
2026-08-13 22:51:27,199 - post_processor_c35a117e9f5a - INFO - [DETECT BATCH] START | od=0 | ppe=1
2026-08-13 22:51:27,199 - post_processor_c35a117e9f5a - INFO - [PROCESS PPE DETECTION] camera=ppe_test_cam1 | severity=none | violated=[]
2026-08-13 22:51:27,199 - post_processor_c35a117e9f5a - INFO - [DETECT BATCH] DONE | od=0 | ppe=1
2026-08-13 22:51:27,199 - post_processor_c35a117e9f5a - INFO - PPE meta buffered | camera=ppe_test_cam1 | violation=False
2026-08-13 22:51:27,199 - post_processor_c35a117e9f5a - INFO - PPE frame complete | camera=ppe_test_cam1 | violation=False
2026-08-13 22:51:27,687 - post_processor_c35a117e9f5a - INFO - [FRAME RECEIVED] topic=post_processing | partition=0 | offset=259 | frame_id=None | camera=ppe_test_cam1
2026-08-13 22:51:27,687 - post_processor_c35a117e9f5a - INFO - [DETECT BATCH] START | od=0 | ppe=1
2026-08-13 22:51:27,687 - post_processor_c35a117e9f5a - INFO - [PROCESS PPE DETECTION] camera=ppe_test_cam1 | severity=none | violated=[]
2026-08-13 22:51:27,688 - post_processor_c35a117e9f5a - INFO - [DETECT BATCH] DONE | od=0 | ppe=1
2026-08-13 22:51:27,688 - post_processor_c35a117e9f5a - INFO - PPE meta buffered | camera=ppe_test_cam1 | violation=False
2026-08-13 22:51:27,688 - post_processor_c35a117e9f5a - INFO - PPE frame complete | camera=ppe_test_cam1 | violation=False
2026-08-13 22:55:17,256 - post_processor_c35a117e9f5a - INFO - [FRAME RECEIVED] topic=post_processing | partition=0 | offset=260 | frame_id=None | camera=ppe_test_cam1
2026-08-13 22:55:17,256 - post_processor_c35a117e9f5a - INFO - [DETECT BATCH] START | od=0 | ppe=1
2026-08-13 22:55:17,256 - post_processor_c35a117e9f5a - INFO - [PROCESS PPE DETECTION] camera=ppe_test_cam1 | severity=none | violated=[]
2026-08-13 22:55:17,257 - post_processor_c35a117e9f5a - INFO - [DETECT BATCH] DONE | od=0 | ppe=1
2026-08-13 22:55:17,257 - post_processor_c35a117e9f5a - INFO - PPE meta buffered | camera=ppe_test_cam1 | violation=False
2026-08-13 22:55:17,257 - post_processor_c35a117e9f5a - INFO - PPE frame complete | camera=ppe_test_cam1 | violation=False
2026-08-13 22:55:17,290 - post_processor_c35a117e9f5a - INFO - [FRAME RECEIVED] topic=post_processing | partition=0 | offset=261 | frame_id=None | camera=ppe_test_cam1
2026-08-13 22:55:17,290 - post_processor_c35a117e9f5a - INFO - [DETECT BATCH] START | od=0 | ppe=1
2026-08-13 22:55:17,290 - post_processor_c35a117e9f5a - INFO - [PROCESS PPE DETECTION] camera=ppe_test_cam1 | severity=low | violated=['No-Shoes', 'No-Shoes']
2026-08-13 22:55:17,294 - post_processor_c35a117e9f5a - INFO - PPE alert image saved | path=/Aksha/ppe_test_cam1/alerts/2026-08-13/2026-08-13 22:55:17.29_alert.jpg
2026-08-13 22:55:17,294 - post_processor_c35a117e9f5a - INFO - [DETECT BATCH] DONE | od=0 | ppe=1
2026-08-13 22:55:17,294 - post_processor_c35a117e9f5a - INFO - PPE meta buffered | camera=ppe_test_cam1 | violation=True
2026-08-13 22:55:17,336 - post_processor_c35a117e9f5a - INFO - PPE alert dual-written to alerts collection | camera=ppe_test_cam1
2026-08-13 22:55:17,336 - post_processor_c35a117e9f5a - INFO - ppe_status_check | has_violation=True | validity=True
2026-08-13 22:55:17,336 - post_processor_c35a117e9f5a - INFO - PPE notification approved | camera=ppe_test_cam1 | severity=low
2026-08-13 22:55:17,336 - post_processor_c35a117e9f5a - INFO - PPE notification sent | camera=ppe_test_cam1 | severity=low | topic=notification_service
2026-08-13 22:55:17,337 - post_processor_c35a117e9f5a - INFO - PPE frame complete | camera=ppe_test_cam1 | violation=True
2026-08-13 22:55:18,346 - post_processor_c35a117e9f5a - INFO - [FRAME RECEIVED] topic=post_processing | partition=0 | offset=262 | frame_id=None | camera=ppe_test_cam1
2026-08-13 22:55:18,346 - post_processor_c35a117e9f5a - INFO - [DETECT BATCH] START | od=0 | ppe=1
2026-08-13 22:55:18,347 - post_processor_c35a117e9f5a - INFO - [PROCESS PPE DETECTION] camera=ppe_test_cam1 | severity=none | violated=[]
2026-08-13 22:55:18,347 - post_processor_c35a117e9f5a - INFO - [DETECT BATCH] DONE | od=0 | ppe=1
2026-08-13 22:55:18,347 - post_processor_c35a117e9f5a - INFO - PPE meta buffered | camera=ppe_test_cam1 | violation=False
2026-08-13 22:55:18,347 - post_processor_c35a117e9f5a - INFO - PPE frame complete | camera=ppe_test_cam1 | violation=False
2026-08-13 22:55:18,348 - post_processor_c35a117e9f5a - INFO - [FRAME RECEIVED] topic=post_processing | partition=0 | offset=263 | frame_id=None | camera=ppe_test_cam1
2026-08-13 22:55:18,348 - post_processor_c35a117e9f5a - INFO - [DETECT BATCH] START | od=0 | ppe=1
2026-08-13 22:55:18,348 - post_processor_c35a117e9f5a - INFO - [PROCESS PPE DETECTION] camera=ppe_test_cam1 | severity=low | violated=['No-Shoes', 'No-Shoes']
2026-08-13 22:55:18,351 - post_processor_c35a117e9f5a - INFO - PPE alert image saved | path=/Aksha/ppe_test_cam1/alerts/2026-08-13/2026-08-13 22:55:18.35_alert.jpg
2026-08-13 22:55:18,352 - post_processor_c35a117e9f5a - INFO - [DETECT BATCH] DONE | od=0 | ppe=1
2026-08-13 22:55:18,352 - post_processor_c35a117e9f5a - INFO - PPE meta buffered | camera=ppe_test_cam1 | violation=True
2026-08-13 22:55:18,377 - post_processor_c35a117e9f5a - INFO - PPE alert dual-written to alerts collection | camera=ppe_test_cam1
2026-08-13 22:55:18,378 - post_processor_c35a117e9f5a - INFO - ppe_status_check | has_violation=True | validity=False
2026-08-13 22:55:18,378 - post_processor_c35a117e9f5a - INFO - PPE notification suppressed by cooldown | camera=ppe_test_cam1
2026-08-13 22:55:18,378 - post_processor_c35a117e9f5a - INFO - PPE frame complete | camera=ppe_test_cam1 | violation=True
2026-08-13 22:55:19,199 - post_processor_c35a117e9f5a - INFO - [FRAME RECEIVED] topic=post_processing | partition=0 | offset=264 | frame_id=None | camera=ppe_test_cam1
2026-08-13 22:55:19,200 - post_processor_c35a117e9f5a - INFO - [DETECT BATCH] START | od=0 | ppe=1
2026-08-13 22:55:19,200 - post_processor_c35a117e9f5a - INFO - [PROCESS PPE DETECTION] camera=ppe_test_cam1 | severity=none | violated=[]
2026-08-13 22:55:19,200 - post_processor_c35a117e9f5a - INFO - [DETECT BATCH] DONE | od=0 | ppe=1
2026-08-13 22:55:19,201 - post_processor_c35a117e9f5a - INFO - PPE meta buffered | camera=ppe_test_cam1 | violation=False
2026-08-13 22:55:19,202 - post_processor_c35a117e9f5a - INFO - PPE frame complete | camera=ppe_test_cam1 | violation=False
2026-08-13 22:55:19,233 - post_processor_c35a117e9f5a - INFO - [FRAME RECEIVED] topic=post_processing | partition=0 | offset=265 | frame_id=None | camera=ppe_test_cam1
2026-08-13 22:55:19,233 - post_processor_c35a117e9f5a - INFO - [DETECT BATCH] START | od=0 | ppe=1
2026-08-13 22:55:19,233 - post_processor_c35a117e9f5a - INFO - [PROCESS PPE DETECTION] camera=ppe_test_cam1 | severity=low | violated=['No-Shoes', 'No-Shoes']
2026-08-13 22:55:19,237 - post_processor_c35a117e9f5a - INFO - PPE alert image saved | path=/Aksha/ppe_test_cam1/alerts/2026-08-13/2026-08-13 22:55:19.23_alert.jpg
2026-08-13 22:55:19,237 - post_processor_c35a117e9f5a - INFO - [DETECT BATCH] DONE | od=0 | ppe=1
2026-08-13 22:55:19,237 - post_processor_c35a117e9f5a - INFO - PPE meta buffered | camera=ppe_test_cam1 | violation=True
2026-08-13 22:55:19,289 - post_processor_c35a117e9f5a - INFO - PPE alert dual-written to alerts collection | camera=ppe_test_cam1
2026-08-13 22:55:19,289 - post_processor_c35a117e9f5a - INFO - ppe_status_check | has_violation=True | validity=False
2026-08-13 22:55:19,290 - post_processor_c35a117e9f5a - INFO - PPE notification suppressed by cooldown | camera=ppe_test_cam1
2026-08-13 22:55:19,290 - post_processor_c35a117e9f5a - INFO - PPE frame complete | camera=ppe_test_cam1 | violation=True
2026-08-13 22:55:20,286 - post_processor_c35a117e9f5a - INFO - [FRAME RECEIVED] topic=post_processing | partition=0 | offset=266 | frame_id=None | camera=ppe_test_cam1
2026-08-13 22:55:20,287 - post_processor_c35a117e9f5a - INFO - [DETECT BATCH] START | od=0 | ppe=1
2026-08-13 22:55:20,287 - post_processor_c35a117e9f5a - INFO - [PROCESS PPE DETECTION] camera=ppe_test_cam1 | severity=none | violated=[]
2026-08-13 22:55:20,287 - post_processor_c35a117e9f5a - INFO - [DETECT BATCH] DONE | od=0 | ppe=1
2026-08-13 22:55:20,287 - post_processor_c35a117e9f5a - INFO - PPE meta buffered | camera=ppe_test_cam1 | violation=False
2026-08-13 22:55:20,303 - post_processor_c35a117e9f5a - INFO - PPE MongoDB batch insert | camera=ppe_test_cam1 | count=10
2026-08-13 22:55:20,303 - post_processor_c35a117e9f5a - INFO - PPE frame complete | camera=ppe_test_cam1 | violation=False
2026-08-13 22:55:20,304 - post_processor_c35a117e9f5a - INFO - Kafka offsets committed | count=10
2026-08-13 22:55:20,304 - post_processor_c35a117e9f5a - INFO - [FRAME RECEIVED] topic=post_processing | partition=0 | offset=267 | frame_id=None | camera=ppe_test_cam1
2026-08-13 22:55:20,304 - post_processor_c35a117e9f5a - INFO - [DETECT BATCH] START | od=0 | ppe=1
2026-08-13 22:55:20,305 - post_processor_c35a117e9f5a - INFO - [PROCESS PPE DETECTION] camera=ppe_test_cam1 | severity=low | violated=['No-Shoes', 'No-Shoes']
2026-08-13 22:55:20,308 - post_processor_c35a117e9f5a - INFO - PPE alert image saved | path=/Aksha/ppe_test_cam1/alerts/2026-08-13/2026-08-13 22:55:20.30_alert.jpg
2026-08-13 22:55:20,308 - post_processor_c35a117e9f5a - INFO - [DETECT BATCH] DONE | od=0 | ppe=1
2026-08-13 22:55:20,308 - post_processor_c35a117e9f5a - INFO - PPE meta buffered | camera=ppe_test_cam1 | violation=True
2026-08-13 22:55:20,361 - post_processor_c35a117e9f5a - INFO - PPE alert dual-written to alerts collection | camera=ppe_test_cam1
2026-08-13 22:55:20,361 - post_processor_c35a117e9f5a - INFO - ppe_status_check | has_violation=True | validity=False
2026-08-13 22:55:20,362 - post_processor_c35a117e9f5a - INFO - PPE notification suppressed by cooldown | camera=ppe_test_cam1
2026-08-13 22:55:20,362 - post_processor_c35a117e9f5a - INFO - PPE frame complete | camera=ppe_test_cam1 | violation=True
2026-08-13 22:55:21,313 - post_processor_c35a117e9f5a - INFO - [FRAME RECEIVED] topic=post_processing | partition=0 | offset=268 | frame_id=None | camera=ppe_test_cam1
2026-08-13 22:55:21,313 - post_processor_c35a117e9f5a - INFO - [DETECT BATCH] START | od=0 | ppe=1
2026-08-13 22:55:21,313 - post_processor_c35a117e9f5a - INFO - [PROCESS PPE DETECTION] camera=ppe_test_cam1 | severity=none | violated=[]
2026-08-13 22:55:21,313 - post_processor_c35a117e9f5a - INFO - [DETECT BATCH] DONE | od=0 | ppe=1
2026-08-13 22:55:21,314 - post_processor_c35a117e9f5a - INFO - PPE meta buffered | camera=ppe_test_cam1 | violation=False
2026-08-13 22:55:21,314 - post_processor_c35a117e9f5a - INFO - PPE frame complete | camera=ppe_test_cam1 | violation=False
2026-08-13 22:55:26,412 - post_processor_c35a117e9f5a - INFO - [FRAME RECEIVED] topic=post_processing | partition=0 | offset=269 | frame_id=None | camera=ppe_test_cam1
2026-08-13 22:55:26,412 - post_processor_c35a117e9f5a - INFO - [DETECT BATCH] START | od=0 | ppe=1
2026-08-13 22:55:26,413 - post_processor_c35a117e9f5a - INFO - [PROCESS PPE DETECTION] camera=ppe_test_cam1 | severity=none | violated=[]
2026-08-13 22:55:26,413 - post_processor_c35a117e9f5a - INFO - [DETECT BATCH] DONE | od=0 | ppe=1
2026-08-13 22:55:26,413 - post_processor_c35a117e9f5a - INFO - PPE meta buffered | camera=ppe_test_cam1 | violation=False
2026-08-13 22:55:26,413 - post_processor_c35a117e9f5a - INFO - PPE frame complete | camera=ppe_test_cam1 | violation=False
2026-08-13 22:55:27,599 - post_processor_c35a117e9f5a - INFO - [FRAME RECEIVED] topic=post_processing | partition=0 | offset=270 | frame_id=None | camera=ppe_test_cam1
2026-08-13 22:55:27,599 - post_processor_c35a117e9f5a - INFO - [DETECT BATCH] START | od=0 | ppe=1
2026-08-13 22:55:27,600 - post_processor_c35a117e9f5a - INFO - [PROCESS PPE DETECTION] camera=ppe_test_cam1 | severity=none | violated=[]
2026-08-13 22:55:27,600 - post_processor_c35a117e9f5a - INFO - [DETECT BATCH] DONE | od=0 | ppe=1
2026-08-13 22:55:27,600 - post_processor_c35a117e9f5a - INFO - PPE meta buffered | camera=ppe_test_cam1 | violation=False
2026-08-13 22:55:27,600 - post_processor_c35a117e9f5a - INFO - PPE frame complete | camera=ppe_test_cam1 | violation=False
2026-08-13 22:55:28,322 - post_processor_c35a117e9f5a - INFO - [FRAME RECEIVED] topic=post_processing | partition=0 | offset=271 | frame_id=None | camera=ppe_test_cam1
2026-08-13 22:55:28,322 - post_processor_c35a117e9f5a - INFO - [DETECT BATCH] START | od=0 | ppe=1
2026-08-13 22:55:28,323 - post_processor_c35a117e9f5a - INFO - [PROCESS PPE DETECTION] camera=ppe_test_cam1 | severity=none | violated=[]
2026-08-13 22:55:28,323 - post_processor_c35a117e9f5a - INFO - [DETECT BATCH] DONE | od=0 | ppe=1
2026-08-13 22:55:28,323 - post_processor_c35a117e9f5a - INFO - PPE meta buffered | camera=ppe_test_cam1 | violation=False
2026-08-13 22:55:28,323 - post_processor_c35a117e9f5a - INFO - PPE frame complete | camera=ppe_test_cam1 | violation=False
2026-08-13 22:55:29,381 - post_processor_c35a117e9f5a - INFO - [FRAME RECEIVED] topic=post_processing | partition=0 | offset=272 | frame_id=None | camera=ppe_test_cam1
2026-08-13 22:55:29,381 - post_processor_c35a117e9f5a - INFO - [DETECT BATCH] START | od=0 | ppe=1
2026-08-13 22:55:29,382 - post_processor_c35a117e9f5a - INFO - [PROCESS PPE DETECTION] camera=ppe_test_cam1 | severity=none | violated=[]
2026-08-13 22:55:29,383 - post_processor_c35a117e9f5a - INFO - [DETECT BATCH] DONE | od=0 | ppe=1
2026-08-13 22:55:29,383 - post_processor_c35a117e9f5a - INFO - PPE meta buffered | camera=ppe_test_cam1 | violation=False
2026-08-13 22:55:29,383 - post_processor_c35a117e9f5a - INFO - PPE frame complete | camera=ppe_test_cam1 | violation=False
2026-08-13 22:55:30,283 - post_processor_c35a117e9f5a - INFO - [FRAME RECEIVED] topic=post_processing | partition=0 | offset=273 | frame_id=None | camera=ppe_test_cam1
2026-08-13 22:55:30,284 - post_processor_c35a117e9f5a - INFO - [DETECT BATCH] START | od=0 | ppe=1
2026-08-13 22:55:30,284 - post_processor_c35a117e9f5a - INFO - [PROCESS PPE DETECTION] camera=ppe_test_cam1 | severity=none | violated=[]
2026-08-13 22:55:30,285 - post_processor_c35a117e9f5a - INFO - [DETECT BATCH] DONE | od=0 | ppe=1
2026-08-13 22:55:30,285 - post_processor_c35a117e9f5a - INFO - PPE meta buffered | camera=ppe_test_cam1 | violation=False
2026-08-13 22:55:30,285 - post_processor_c35a117e9f5a - INFO - PPE frame complete | camera=ppe_test_cam1 | violation=False
2026-08-13 22:55:31,316 - post_processor_c35a117e9f5a - INFO - [FRAME RECEIVED] topic=post_processing | partition=0 | offset=274 | frame_id=None | camera=ppe_test_cam1
2026-08-13 22:55:31,316 - post_processor_c35a117e9f5a - INFO - [DETECT BATCH] START | od=0 | ppe=1
2026-08-13 22:55:31,317 - post_processor_c35a117e9f5a - INFO - [PROCESS PPE DETECTION] camera=ppe_test_cam1 | severity=none | violated=[]
2026-08-13 22:55:31,317 - post_processor_c35a117e9f5a - INFO - [DETECT BATCH] DONE | od=0 | ppe=1
2026-08-13 22:55:31,317 - post_processor_c35a117e9f5a - INFO - PPE meta buffered | camera=ppe_test_cam1 | violation=False
2026-08-13 22:55:31,318 - post_processor_c35a117e9f5a - INFO - PPE frame complete | camera=ppe_test_cam1 | violation=False
2026-08-13 22:55:32,242 - post_processor_c35a117e9f5a - INFO - [FRAME RECEIVED] topic=post_processing | partition=0 | offset=275 | frame_id=None | camera=ppe_test_cam1
2026-08-13 22:55:32,242 - post_processor_c35a117e9f5a - INFO - [DETECT BATCH] START | od=0 | ppe=1
2026-08-13 22:55:32,243 - post_processor_c35a117e9f5a - INFO - [PROCESS PPE DETECTION] camera=ppe_test_cam1 | severity=none | violated=[]
2026-08-13 22:55:32,243 - post_processor_c35a117e9f5a - INFO - [DETECT BATCH] DONE | od=0 | ppe=1
2026-08-13 22:55:32,243 - post_processor_c35a117e9f5a - INFO - PPE meta buffered | camera=ppe_test_cam1 | violation=False
2026-08-13 22:55:32,243 - post_processor_c35a117e9f5a - INFO - PPE frame complete | camera=ppe_test_cam1 | violation=False
2026-08-13 22:55:33,389 - post_processor_c35a117e9f5a - INFO - [FRAME RECEIVED] topic=post_processing | partition=0 | offset=276 | frame_id=None | camera=ppe_test_cam1
2026-08-13 22:55:33,389 - post_processor_c35a117e9f5a - INFO - [DETECT BATCH] START | od=0 | ppe=1
2026-08-13 22:55:33,389 - post_processor_c35a117e9f5a - INFO - [PROCESS PPE DETECTION] camera=ppe_test_cam1 | severity=none | violated=[]
2026-08-13 22:55:33,389 - post_processor_c35a117e9f5a - INFO - [DETECT BATCH] DONE | od=0 | ppe=1
2026-08-13 22:55:33,389 - post_processor_c35a117e9f5a - INFO - PPE meta buffered | camera=ppe_test_cam1 | violation=False
2026-08-13 22:55:33,446 - post_processor_c35a117e9f5a - INFO - PPE MongoDB batch insert | camera=ppe_test_cam1 | count=10
2026-08-13 22:55:33,446 - post_processor_c35a117e9f5a - INFO - PPE frame complete | camera=ppe_test_cam1 | violation=False
2026-08-13 22:55:33,447 - post_processor_c35a117e9f5a - INFO - Kafka offsets committed | count=10
2026-08-13 22:55:33,447 - post_processor_c35a117e9f5a - INFO - [FRAME RECEIVED] topic=post_processing | partition=0 | offset=277 | frame_id=None | camera=ppe_test_cam1
2026-08-13 22:55:33,447 - post_processor_c35a117e9f5a - INFO - [DETECT BATCH] START | od=0 | ppe=1
2026-08-13 22:55:33,447 - post_processor_c35a117e9f5a - INFO - [PROCESS PPE DETECTION] camera=ppe_test_cam1 | severity=none | violated=[]
2026-08-13 22:55:33,448 - post_processor_c35a117e9f5a - INFO - [DETECT BATCH] DONE | od=0 | ppe=1
2026-08-13 22:55:33,448 - post_processor_c35a117e9f5a - INFO - PPE meta buffered | camera=ppe_test_cam1 | violation=False
2026-08-13 22:55:33,448 - post_processor_c35a117e9f5a - INFO - PPE frame complete | camera=ppe_test_cam1 | violation=False
2026-08-13 22:55:58,151 - post_processor_c35a117e9f5a - INFO - [FRAME RECEIVED] topic=post_processing | partition=0 | offset=278 | frame_id=None | camera=ppe_test_cam1
2026-08-13 22:55:58,152 - post_processor_c35a117e9f5a - INFO - [DETECT BATCH] START | od=0 | ppe=1
2026-08-13 22:55:58,152 - post_processor_c35a117e9f5a - INFO - [PROCESS PPE DETECTION] camera=ppe_test_cam1 | severity=none | violated=[]
2026-08-13 22:55:58,153 - post_processor_c35a117e9f5a - INFO - [DETECT BATCH] DONE | od=0 | ppe=1
2026-08-13 22:55:58,153 - post_processor_c35a117e9f5a - INFO - PPE meta buffered | camera=ppe_test_cam1 | violation=False
2026-08-13 22:55:58,153 - post_processor_c35a117e9f5a - INFO - PPE frame complete | camera=ppe_test_cam1 | violation=False
2026-08-13 22:55:59,447 - post_processor_c35a117e9f5a - INFO - [FRAME RECEIVED] topic=post_processing | partition=0 | offset=279 | frame_id=None | camera=ppe_test_cam1
2026-08-13 22:55:59,447 - post_processor_c35a117e9f5a - INFO - [DETECT BATCH] START | od=0 | ppe=1
2026-08-13 22:55:59,447 - post_processor_c35a117e9f5a - INFO - [PROCESS PPE DETECTION] camera=ppe_test_cam1 | severity=none | violated=[]
2026-08-13 22:55:59,448 - post_processor_c35a117e9f5a - INFO - [DETECT BATCH] DONE | od=0 | ppe=1
2026-08-13 22:55:59,448 - post_processor_c35a117e9f5a - INFO - PPE meta buffered | camera=ppe_test_cam1 | violation=False
2026-08-13 22:55:59,448 - post_processor_c35a117e9f5a - INFO - PPE frame complete | camera=ppe_test_cam1 | violation=False
2026-08-13 22:57:14,127 - post_processor_c35a117e9f5a - INFO - [FRAME RECEIVED] topic=post_processing | partition=0 | offset=280 | frame_id=None | camera=ppe_test_cam1
2026-08-13 22:57:14,127 - post_processor_c35a117e9f5a - INFO - [DETECT BATCH] START | od=0 | ppe=1
2026-08-13 22:57:14,128 - post_processor_c35a117e9f5a - INFO - [PROCESS PPE DETECTION] camera=ppe_test_cam1 | severity=none | violated=[]
2026-08-13 22:57:14,129 - post_processor_c35a117e9f5a - INFO - [DETECT BATCH] DONE | od=0 | ppe=1
2026-08-13 22:57:14,129 - post_processor_c35a117e9f5a - INFO - PPE meta buffered | camera=ppe_test_cam1 | violation=False
2026-08-13 22:57:14,129 - post_processor_c35a117e9f5a - INFO - PPE frame complete | camera=ppe_test_cam1 | violation=False
2026-08-13 22:57:14,161 - post_processor_c35a117e9f5a - INFO - [FRAME RECEIVED] topic=post_processing | partition=0 | offset=281 | frame_id=None | camera=ppe_test_cam1
2026-08-13 22:57:14,162 - post_processor_c35a117e9f5a - INFO - [DETECT BATCH] START | od=0 | ppe=1
2026-08-13 22:57:14,162 - post_processor_c35a117e9f5a - INFO - [PROCESS PPE DETECTION] camera=ppe_test_cam1 | severity=low | violated=['No-Shoes', 'No-Shoes']
2026-08-13 22:57:14,166 - post_processor_c35a117e9f5a - INFO - PPE alert image saved | path=/Aksha/ppe_test_cam1/alerts/2026-08-13/2026-08-13 22:57:14.16_alert.jpg
2026-08-13 22:57:14,166 - post_processor_c35a117e9f5a - INFO - [DETECT BATCH] DONE | od=0 | ppe=1
2026-08-13 22:57:14,166 - post_processor_c35a117e9f5a - INFO - PPE meta buffered | camera=ppe_test_cam1 | violation=True
2026-08-13 22:57:14,223 - post_processor_c35a117e9f5a - INFO - PPE alert dual-written to alerts collection | camera=ppe_test_cam1
2026-08-13 22:57:14,224 - post_processor_c35a117e9f5a - INFO - ppe_status_check | has_violation=True | validity=True
2026-08-13 22:57:14,224 - post_processor_c35a117e9f5a - INFO - PPE notification approved | camera=ppe_test_cam1 | severity=low
2026-08-13 22:57:14,224 - post_processor_c35a117e9f5a - INFO - PPE notification sent | camera=ppe_test_cam1 | severity=low | topic=notification_service
2026-08-13 22:57:14,225 - post_processor_c35a117e9f5a - INFO - PPE frame complete | camera=ppe_test_cam1 | violation=True
2026-08-13 22:57:15,071 - post_processor_c35a117e9f5a - INFO - [FRAME RECEIVED] topic=post_processing | partition=0 | offset=282 | frame_id=None | camera=ppe_test_cam1
2026-08-13 22:57:15,071 - post_processor_c35a117e9f5a - INFO - [DETECT BATCH] START | od=0 | ppe=1
2026-08-13 22:57:15,072 - post_processor_c35a117e9f5a - INFO - [PROCESS PPE DETECTION] camera=ppe_test_cam1 | severity=low | violated=['No-Shoes', 'No-Shoes']
2026-08-13 22:57:15,076 - post_processor_c35a117e9f5a - INFO - PPE alert image saved | path=/Aksha/ppe_test_cam1/alerts/2026-08-13/2026-08-13 22:57:15.07_alert.jpg
2026-08-13 22:57:15,076 - post_processor_c35a117e9f5a - INFO - [DETECT BATCH] DONE | od=0 | ppe=1
2026-08-13 22:57:15,076 - post_processor_c35a117e9f5a - INFO - PPE meta buffered | camera=ppe_test_cam1 | violation=True
2026-08-13 22:57:15,096 - post_processor_c35a117e9f5a - INFO - PPE alert dual-written to alerts collection | camera=ppe_test_cam1
2026-08-13 22:57:15,097 - post_processor_c35a117e9f5a - INFO - ppe_status_check | has_violation=True | validity=False
2026-08-13 22:57:15,097 - post_processor_c35a117e9f5a - INFO - PPE notification suppressed by cooldown | camera=ppe_test_cam1
2026-08-13 22:57:15,097 - post_processor_c35a117e9f5a - INFO - PPE frame complete | camera=ppe_test_cam1 | violation=True
2026-08-13 22:57:15,098 - post_processor_c35a117e9f5a - INFO - [FRAME RECEIVED] topic=post_processing | partition=0 | offset=283 | frame_id=None | camera=ppe_test_cam1
2026-08-13 22:57:15,098 - post_processor_c35a117e9f5a - INFO - [DETECT BATCH] START | od=0 | ppe=1
2026-08-13 22:57:15,098 - post_processor_c35a117e9f5a - INFO - [PROCESS PPE DETECTION] camera=ppe_test_cam1 | severity=none | violated=[]
2026-08-13 22:57:15,098 - post_processor_c35a117e9f5a - INFO - [DETECT BATCH] DONE | od=0 | ppe=1
2026-08-13 22:57:15,098 - post_processor_c35a117e9f5a - INFO - PPE meta buffered | camera=ppe_test_cam1 | violation=False
2026-08-13 22:57:15,098 - post_processor_c35a117e9f5a - INFO - PPE frame complete | camera=ppe_test_cam1 | violation=False
2026-08-13 22:57:16,233 - post_processor_c35a117e9f5a - INFO - [FRAME RECEIVED] topic=post_processing | partition=0 | offset=284 | frame_id=None | camera=ppe_test_cam1
2026-08-13 22:57:16,233 - post_processor_c35a117e9f5a - INFO - [DETECT BATCH] START | od=0 | ppe=1
2026-08-13 22:57:16,234 - post_processor_c35a117e9f5a - INFO - [PROCESS PPE DETECTION] camera=ppe_test_cam1 | severity=low | violated=['No-Shoes', 'No-Shoes']
2026-08-13 22:57:16,237 - post_processor_c35a117e9f5a - INFO - PPE alert image saved | path=/Aksha/ppe_test_cam1/alerts/2026-08-13/2026-08-13 22:57:16.23_alert.jpg
2026-08-13 22:57:16,237 - post_processor_c35a117e9f5a - INFO - [DETECT BATCH] DONE | od=0 | ppe=1
2026-08-13 22:57:16,237 - post_processor_c35a117e9f5a - INFO - PPE meta buffered | camera=ppe_test_cam1 | violation=True
2026-08-13 22:57:16,255 - post_processor_c35a117e9f5a - INFO - PPE alert dual-written to alerts collection | camera=ppe_test_cam1
2026-08-13 22:57:16,256 - post_processor_c35a117e9f5a - INFO - ppe_status_check | has_violation=True | validity=False
2026-08-13 22:57:16,257 - post_processor_c35a117e9f5a - INFO - PPE notification suppressed by cooldown | camera=ppe_test_cam1
2026-08-13 22:57:16,257 - post_processor_c35a117e9f5a - INFO - PPE frame complete | camera=ppe_test_cam1 | violation=True
2026-08-13 22:57:16,258 - post_processor_c35a117e9f5a - INFO - [FRAME RECEIVED] topic=post_processing | partition=0 | offset=285 | frame_id=None | camera=ppe_test_cam1
2026-08-13 22:57:16,258 - post_processor_c35a117e9f5a - INFO - [DETECT BATCH] START | od=0 | ppe=1
2026-08-13 22:57:16,258 - post_processor_c35a117e9f5a - INFO - [PROCESS PPE DETECTION] camera=ppe_test_cam1 | severity=none | violated=[]
2026-08-13 22:57:16,258 - post_processor_c35a117e9f5a - INFO - [DETECT BATCH] DONE | od=0 | ppe=1
2026-08-13 22:57:16,258 - post_processor_c35a117e9f5a - INFO - PPE meta buffered | camera=ppe_test_cam1 | violation=False
2026-08-13 22:57:16,258 - post_processor_c35a117e9f5a - INFO - PPE frame complete | camera=ppe_test_cam1 | violation=False
2026-08-13 22:57:17,182 - post_processor_c35a117e9f5a - INFO - [FRAME RECEIVED] topic=post_processing | partition=0 | offset=286 | frame_id=None | camera=ppe_test_cam1
2026-08-13 22:57:17,183 - post_processor_c35a117e9f5a - INFO - [DETECT BATCH] START | od=0 | ppe=1
2026-08-13 22:57:17,183 - post_processor_c35a117e9f5a - INFO - [PROCESS PPE DETECTION] camera=ppe_test_cam1 | severity=none | violated=[]
2026-08-13 22:57:17,184 - post_processor_c35a117e9f5a - INFO - [DETECT BATCH] DONE | od=0 | ppe=1
2026-08-13 22:57:17,184 - post_processor_c35a117e9f5a - INFO - PPE meta buffered | camera=ppe_test_cam1 | violation=False
2026-08-13 22:57:17,237 - post_processor_c35a117e9f5a - INFO - PPE MongoDB batch insert | camera=ppe_test_cam1 | count=10
2026-08-13 22:57:17,237 - post_processor_c35a117e9f5a - INFO - PPE frame complete | camera=ppe_test_cam1 | violation=False
2026-08-13 22:57:17,238 - post_processor_c35a117e9f5a - INFO - Kafka offsets committed | count=10
2026-08-13 22:57:17,238 - post_processor_c35a117e9f5a - INFO - [FRAME RECEIVED] topic=post_processing | partition=0 | offset=287 | frame_id=None | camera=ppe_test_cam1
2026-08-13 22:57:17,238 - post_processor_c35a117e9f5a - INFO - [DETECT BATCH] START | od=0 | ppe=1
2026-08-13 22:57:17,239 - post_processor_c35a117e9f5a - INFO - [PROCESS PPE DETECTION] camera=ppe_test_cam1 | severity=low | violated=['No-Shoes', 'No-Shoes']
2026-08-13 22:57:17,242 - post_processor_c35a117e9f5a - INFO - PPE alert image saved | path=/Aksha/ppe_test_cam1/alerts/2026-08-13/2026-08-13 22:57:17.24_alert.jpg
2026-08-13 22:57:17,242 - post_processor_c35a117e9f5a - INFO - [DETECT BATCH] DONE | od=0 | ppe=1
2026-08-13 22:57:17,242 - post_processor_c35a117e9f5a - INFO - PPE meta buffered | camera=ppe_test_cam1 | violation=True
2026-08-13 22:57:17,264 - post_processor_c35a117e9f5a - INFO - PPE alert dual-written to alerts collection | camera=ppe_test_cam1
2026-08-13 22:57:17,265 - post_processor_c35a117e9f5a - INFO - ppe_status_check | has_violation=True | validity=False
2026-08-13 22:57:17,265 - post_processor_c35a117e9f5a - INFO - PPE notification suppressed by cooldown | camera=ppe_test_cam1
2026-08-13 22:57:17,265 - post_processor_c35a117e9f5a - INFO - PPE frame complete | camera=ppe_test_cam1 | violation=True
2026-08-13 22:57:18,044 - post_processor_c35a117e9f5a - INFO - [FRAME RECEIVED] topic=post_processing | partition=0 | offset=288 | frame_id=None | camera=ppe_test_cam1
2026-08-13 22:57:18,044 - post_processor_c35a117e9f5a - INFO - [DETECT BATCH] START | od=0 | ppe=1
2026-08-13 22:57:18,044 - post_processor_c35a117e9f5a - INFO - [PROCESS PPE DETECTION] camera=ppe_test_cam1 | severity=none | violated=[]
2026-08-13 22:57:18,045 - post_processor_c35a117e9f5a - INFO - [DETECT BATCH] DONE | od=0 | ppe=1
2026-08-13 22:57:18,045 - post_processor_c35a117e9f5a - INFO - PPE meta buffered | camera=ppe_test_cam1 | violation=False
2026-08-13 22:57:18,045 - post_processor_c35a117e9f5a - INFO - PPE frame complete | camera=ppe_test_cam1 | violation=False
2026-08-13 22:57:23,351 - post_processor_c35a117e9f5a - INFO - [FRAME RECEIVED] topic=post_processing | partition=0 | offset=289 | frame_id=None | camera=ppe_test_cam1
2026-08-13 22:57:23,352 - post_processor_c35a117e9f5a - INFO - [DETECT BATCH] START | od=0 | ppe=1
2026-08-13 22:57:23,353 - post_processor_c35a117e9f5a - INFO - [PROCESS PPE DETECTION] camera=ppe_test_cam1 | severity=none | violated=[]
2026-08-13 22:57:23,355 - post_processor_c35a117e9f5a - INFO - [DETECT BATCH] DONE | od=0 | ppe=1
2026-08-13 22:57:23,358 - post_processor_c35a117e9f5a - INFO - PPE meta buffered | camera=ppe_test_cam1 | violation=False
2026-08-13 22:57:23,358 - post_processor_c35a117e9f5a - INFO - PPE frame complete | camera=ppe_test_cam1 | violation=False
2026-08-13 22:57:24,209 - post_processor_c35a117e9f5a - INFO - [FRAME RECEIVED] topic=post_processing | partition=0 | offset=290 | frame_id=None | camera=ppe_test_cam1
2026-08-13 22:57:24,209 - post_processor_c35a117e9f5a - INFO - [DETECT BATCH] START | od=0 | ppe=1
2026-08-13 22:57:24,209 - post_processor_c35a117e9f5a - INFO - [PROCESS PPE DETECTION] camera=ppe_test_cam1 | severity=none | violated=[]
2026-08-13 22:57:24,210 - post_processor_c35a117e9f5a - INFO - [DETECT BATCH] DONE | od=0 | ppe=1
2026-08-13 22:57:24,210 - post_processor_c35a117e9f5a - INFO - PPE meta buffered | camera=ppe_test_cam1 | violation=False
2026-08-13 22:57:24,210 - post_processor_c35a117e9f5a - INFO - PPE frame complete | camera=ppe_test_cam1 | violation=False
2026-08-13 22:57:25,186 - post_processor_c35a117e9f5a - INFO - [FRAME RECEIVED] topic=post_processing | partition=0 | offset=291 | frame_id=None | camera=ppe_test_cam1
2026-08-13 22:57:25,186 - post_processor_c35a117e9f5a - INFO - [DETECT BATCH] START | od=0 | ppe=1
2026-08-13 22:57:25,187 - post_processor_c35a117e9f5a - INFO - [PROCESS PPE DETECTION] camera=ppe_test_cam1 | severity=none | violated=[]
2026-08-13 22:57:25,188 - post_processor_c35a117e9f5a - INFO - [DETECT BATCH] DONE | od=0 | ppe=1
2026-08-13 22:57:25,188 - post_processor_c35a117e9f5a - INFO - PPE meta buffered | camera=ppe_test_cam1 | violation=False
2026-08-13 22:57:25,188 - post_processor_c35a117e9f5a - INFO - PPE frame complete | camera=ppe_test_cam1 | violation=False
2026-08-13 22:57:26,180 - post_processor_c35a117e9f5a - INFO - [FRAME RECEIVED] topic=post_processing | partition=0 | offset=292 | frame_id=None | camera=ppe_test_cam1
2026-08-13 22:57:26,180 - post_processor_c35a117e9f5a - INFO - [DETECT BATCH] START | od=0 | ppe=1
2026-08-13 22:57:26,181 - post_processor_c35a117e9f5a - INFO - [PROCESS PPE DETECTION] camera=ppe_test_cam1 | severity=none | violated=[]
2026-08-13 22:57:26,181 - post_processor_c35a117e9f5a - INFO - [DETECT BATCH] DONE | od=0 | ppe=1
2026-08-13 22:57:26,181 - post_processor_c35a117e9f5a - INFO - PPE meta buffered | camera=ppe_test_cam1 | violation=False
2026-08-13 22:57:26,182 - post_processor_c35a117e9f5a - INFO - PPE frame complete | camera=ppe_test_cam1 | violation=False
2026-08-13 22:57:27,083 - post_processor_c35a117e9f5a - INFO - [FRAME RECEIVED] topic=post_processing | partition=0 | offset=293 | frame_id=None | camera=ppe_test_cam1
2026-08-13 22:57:27,084 - post_processor_c35a117e9f5a - INFO - [DETECT BATCH] START | od=0 | ppe=1
2026-08-13 22:57:27,084 - post_processor_c35a117e9f5a - INFO - [PROCESS PPE DETECTION] camera=ppe_test_cam1 | severity=none | violated=[]
2026-08-13 22:57:27,085 - post_processor_c35a117e9f5a - INFO - [DETECT BATCH] DONE | od=0 | ppe=1
2026-08-13 22:57:27,085 - post_processor_c35a117e9f5a - INFO - PPE meta buffered | camera=ppe_test_cam1 | violation=False
2026-08-13 22:57:27,085 - post_processor_c35a117e9f5a - INFO - PPE frame complete | camera=ppe_test_cam1 | violation=False
2026-08-13 22:57:28,177 - post_processor_c35a117e9f5a - INFO - [FRAME RECEIVED] topic=post_processing | partition=0 | offset=294 | frame_id=None | camera=ppe_test_cam1
2026-08-13 22:57:28,177 - post_processor_c35a117e9f5a - INFO - [DETECT BATCH] START | od=0 | ppe=1
2026-08-13 22:57:28,177 - post_processor_c35a117e9f5a - INFO - [PROCESS PPE DETECTION] camera=ppe_test_cam1 | severity=none | violated=[]
2026-08-13 22:57:28,178 - post_processor_c35a117e9f5a - INFO - [DETECT BATCH] DONE | od=0 | ppe=1
2026-08-13 22:57:28,178 - post_processor_c35a117e9f5a - INFO - PPE meta buffered | camera=ppe_test_cam1 | violation=False
2026-08-13 22:57:28,178 - post_processor_c35a117e9f5a - INFO - PPE frame complete | camera=ppe_test_cam1 | violation=False
2026-08-13 22:57:29,312 - post_processor_c35a117e9f5a - INFO - [FRAME RECEIVED] topic=post_processing | partition=0 | offset=295 | frame_id=None | camera=ppe_test_cam1
2026-08-13 22:57:29,312 - post_processor_c35a117e9f5a - INFO - [DETECT BATCH] START | od=0 | ppe=1
2026-08-13 22:57:29,312 - post_processor_c35a117e9f5a - INFO - [PROCESS PPE DETECTION] camera=ppe_test_cam1 | severity=none | violated=[]
2026-08-13 22:57:29,313 - post_processor_c35a117e9f5a - INFO - [DETECT BATCH] DONE | od=0 | ppe=1
2026-08-13 22:57:29,313 - post_processor_c35a117e9f5a - INFO - PPE meta buffered | camera=ppe_test_cam1 | violation=False
2026-08-13 22:57:29,313 - post_processor_c35a117e9f5a - INFO - PPE frame complete | camera=ppe_test_cam1 | violation=False
2026-08-13 22:57:30,324 - post_processor_c35a117e9f5a - INFO - [FRAME RECEIVED] topic=post_processing | partition=0 | offset=296 | frame_id=None | camera=ppe_test_cam1
2026-08-13 22:57:30,324 - post_processor_c35a117e9f5a - INFO - [DETECT BATCH] START | od=0 | ppe=1
2026-08-13 22:57:30,324 - post_processor_c35a117e9f5a - INFO - [PROCESS PPE DETECTION] camera=ppe_test_cam1 | severity=none | violated=[]
2026-08-13 22:57:30,325 - post_processor_c35a117e9f5a - INFO - [DETECT BATCH] DONE | od=0 | ppe=1
2026-08-13 22:57:30,325 - post_processor_c35a117e9f5a - INFO - PPE meta buffered | camera=ppe_test_cam1 | violation=False
2026-08-13 22:57:30,479 - post_processor_c35a117e9f5a - INFO - PPE MongoDB batch insert | camera=ppe_test_cam1 | count=10
2026-08-13 22:57:30,480 - post_processor_c35a117e9f5a - INFO - PPE frame complete | camera=ppe_test_cam1 | violation=False
2026-08-13 22:57:30,483 - post_processor_c35a117e9f5a - INFO - Kafka offsets committed | count=10
2026-08-13 22:57:30,484 - post_processor_c35a117e9f5a - INFO - [FRAME RECEIVED] topic=post_processing | partition=0 | offset=297 | frame_id=None | camera=ppe_test_cam1
2026-08-13 22:57:30,484 - post_processor_c35a117e9f5a - INFO - [DETECT BATCH] START | od=0 | ppe=1
2026-08-13 22:57:30,485 - post_processor_c35a117e9f5a - INFO - [PROCESS PPE DETECTION] camera=ppe_test_cam1 | severity=none | violated=[]
2026-08-13 22:57:30,486 - post_processor_c35a117e9f5a - INFO - [DETECT BATCH] DONE | od=0 | ppe=1
2026-08-13 22:57:30,486 - post_processor_c35a117e9f5a - INFO - PPE meta buffered | camera=ppe_test_cam1 | violation=False
2026-08-13 22:57:30,486 - post_processor_c35a117e9f5a - INFO - PPE frame complete | camera=ppe_test_cam1 | violation=False
2026-08-13 22:57:55,204 - post_processor_c35a117e9f5a - INFO - [FRAME RECEIVED] topic=post_processing | partition=0 | offset=298 | frame_id=None | camera=ppe_test_cam1
2026-08-13 22:57:55,204 - post_processor_c35a117e9f5a - INFO - [DETECT BATCH] START | od=0 | ppe=1
2026-08-13 22:57:55,204 - post_processor_c35a117e9f5a - INFO - [PROCESS PPE DETECTION] camera=ppe_test_cam1 | severity=none | violated=[]
2026-08-13 22:57:55,205 - post_processor_c35a117e9f5a - INFO - [DETECT BATCH] DONE | od=0 | ppe=1
2026-08-13 22:57:55,205 - post_processor_c35a117e9f5a - INFO - PPE meta buffered | camera=ppe_test_cam1 | violation=False
2026-08-13 22:57:55,205 - post_processor_c35a117e9f5a - INFO - PPE frame complete | camera=ppe_test_cam1 | violation=False
2026-08-13 22:57:56,203 - post_processor_c35a117e9f5a - INFO - [FRAME RECEIVED] topic=post_processing | partition=0 | offset=299 | frame_id=None | camera=ppe_test_cam1
2026-08-13 22:57:56,203 - post_processor_c35a117e9f5a - INFO - [DETECT BATCH] START | od=0 | ppe=1
2026-08-13 22:57:56,204 - post_processor_c35a117e9f5a - INFO - [PROCESS PPE DETECTION] camera=ppe_test_cam1 | severity=none | violated=[]
2026-08-13 22:57:56,205 - post_processor_c35a117e9f5a - INFO - [DETECT BATCH] DONE | od=0 | ppe=1
2026-08-13 22:57:56,205 - post_processor_c35a117e9f5a - INFO - PPE meta buffered | camera=ppe_test_cam1 | violation=False
2026-08-13 22:57:56,205 - post_processor_c35a117e9f5a - INFO - PPE frame complete | camera=ppe_test_cam1 | violation=False
2026-08-13 22:58:14,176 - post_processor_c35a117e9f5a - INFO - [FRAME RECEIVED] topic=post_processing | partition=0 | offset=300 | frame_id=None | camera=ppe_test_cam1
2026-08-13 22:58:14,176 - post_processor_c35a117e9f5a - INFO - [DETECT BATCH] START | od=0 | ppe=1
2026-08-13 22:58:14,176 - post_processor_c35a117e9f5a - INFO - [PROCESS PPE DETECTION] camera=ppe_test_cam1 | severity=none | violated=[]
2026-08-13 22:58:14,177 - post_processor_c35a117e9f5a - INFO - [DETECT BATCH] DONE | od=0 | ppe=1
2026-08-13 22:58:14,177 - post_processor_c35a117e9f5a - INFO - PPE meta buffered | camera=ppe_test_cam1 | violation=False
2026-08-13 22:58:14,177 - post_processor_c35a117e9f5a - INFO - PPE frame complete | camera=ppe_test_cam1 | violation=False
2026-08-13 22:58:14,207 - post_processor_c35a117e9f5a - INFO - [FRAME RECEIVED] topic=post_processing | partition=0 | offset=301 | frame_id=None | camera=ppe_test_cam1
2026-08-13 22:58:14,207 - post_processor_c35a117e9f5a - INFO - [DETECT BATCH] START | od=0 | ppe=1
2026-08-13 22:58:14,208 - post_processor_c35a117e9f5a - INFO - [PROCESS PPE DETECTION] camera=ppe_test_cam1 | severity=low | violated=['No-Shoes', 'No-Shoes']
2026-08-13 22:58:14,211 - post_processor_c35a117e9f5a - INFO - PPE alert image saved | path=/Aksha/ppe_test_cam1/alerts/2026-08-13/2026-08-13 22:58:14.21_alert.jpg
2026-08-13 22:58:14,211 - post_processor_c35a117e9f5a - INFO - [DETECT BATCH] DONE | od=0 | ppe=1
2026-08-13 22:58:14,211 - post_processor_c35a117e9f5a - INFO - PPE meta buffered | camera=ppe_test_cam1 | violation=True
2026-08-13 22:58:14,235 - post_processor_c35a117e9f5a - INFO - PPE alert dual-written to alerts collection | camera=ppe_test_cam1
2026-08-13 22:58:14,236 - post_processor_c35a117e9f5a - INFO - ppe_status_check | has_violation=True | validity=True
2026-08-13 22:58:14,236 - post_processor_c35a117e9f5a - INFO - PPE notification approved | camera=ppe_test_cam1 | severity=low
2026-08-13 22:58:14,236 - post_processor_c35a117e9f5a - INFO - PPE notification sent | camera=ppe_test_cam1 | severity=low | topic=notification_service
2026-08-13 22:58:14,237 - post_processor_c35a117e9f5a - INFO - PPE frame complete | camera=ppe_test_cam1 | violation=True
2026-08-13 22:58:15,171 - post_processor_c35a117e9f5a - INFO - [FRAME RECEIVED] topic=post_processing | partition=0 | offset=302 | frame_id=None | camera=ppe_test_cam1
2026-08-13 22:58:15,171 - post_processor_c35a117e9f5a - INFO - [DETECT BATCH] START | od=0 | ppe=1
2026-08-13 22:58:15,171 - post_processor_c35a117e9f5a - INFO - [PROCESS PPE DETECTION] camera=ppe_test_cam1 | severity=none | violated=[]
2026-08-13 22:58:15,172 - post_processor_c35a117e9f5a - INFO - [DETECT BATCH] DONE | od=0 | ppe=1
2026-08-13 22:58:15,172 - post_processor_c35a117e9f5a - INFO - PPE meta buffered | camera=ppe_test_cam1 | violation=False
2026-08-13 22:58:15,172 - post_processor_c35a117e9f5a - INFO - PPE frame complete | camera=ppe_test_cam1 | violation=False
2026-08-13 22:58:15,172 - post_processor_c35a117e9f5a - INFO - [FRAME RECEIVED] topic=post_processing | partition=0 | offset=303 | frame_id=None | camera=ppe_test_cam1
2026-08-13 22:58:15,172 - post_processor_c35a117e9f5a - INFO - [DETECT BATCH] START | od=0 | ppe=1
2026-08-13 22:58:15,173 - post_processor_c35a117e9f5a - INFO - [PROCESS PPE DETECTION] camera=ppe_test_cam1 | severity=low | violated=['No-Shoes', 'No-Shoes']
2026-08-13 22:58:15,176 - post_processor_c35a117e9f5a - INFO - PPE alert image saved | path=/Aksha/ppe_test_cam1/alerts/2026-08-13/2026-08-13 22:58:15.17_alert.jpg
2026-08-13 22:58:15,176 - post_processor_c35a117e9f5a - INFO - [DETECT BATCH] DONE | od=0 | ppe=1
2026-08-13 22:58:15,176 - post_processor_c35a117e9f5a - INFO - PPE meta buffered | camera=ppe_test_cam1 | violation=True
2026-08-13 22:58:15,186 - post_processor_c35a117e9f5a - INFO - PPE alert dual-written to alerts collection | camera=ppe_test_cam1
2026-08-13 22:58:15,186 - post_processor_c35a117e9f5a - INFO - ppe_status_check | has_violation=True | validity=False
2026-08-13 22:58:15,186 - post_processor_c35a117e9f5a - INFO - PPE notification suppressed by cooldown | camera=ppe_test_cam1
2026-08-13 22:58:15,187 - post_processor_c35a117e9f5a - INFO - PPE frame complete | camera=ppe_test_cam1 | violation=True
2026-08-13 22:58:16,133 - post_processor_c35a117e9f5a - INFO - [FRAME RECEIVED] topic=post_processing | partition=0 | offset=304 | frame_id=None | camera=ppe_test_cam1
2026-08-13 22:58:16,133 - post_processor_c35a117e9f5a - INFO - [DETECT BATCH] START | od=0 | ppe=1
2026-08-13 22:58:16,133 - post_processor_c35a117e9f5a - INFO - [PROCESS PPE DETECTION] camera=ppe_test_cam1 | severity=low | violated=['No-Shoes', 'No-Shoes']
2026-08-13 22:58:16,136 - post_processor_c35a117e9f5a - INFO - PPE alert image saved | path=/Aksha/ppe_test_cam1/alerts/2026-08-13/2026-08-13 22:58:16.13_alert.jpg
2026-08-13 22:58:16,137 - post_processor_c35a117e9f5a - INFO - [DETECT BATCH] DONE | od=0 | ppe=1
2026-08-13 22:58:16,137 - post_processor_c35a117e9f5a - INFO - PPE meta buffered | camera=ppe_test_cam1 | violation=True
2026-08-13 22:58:16,185 - post_processor_c35a117e9f5a - INFO - PPE alert dual-written to alerts collection | camera=ppe_test_cam1
2026-08-13 22:58:16,188 - post_processor_c35a117e9f5a - INFO - ppe_status_check | has_violation=True | validity=False
2026-08-13 22:58:16,188 - post_processor_c35a117e9f5a - INFO - PPE notification suppressed by cooldown | camera=ppe_test_cam1
2026-08-13 22:58:16,191 - post_processor_c35a117e9f5a - INFO - PPE frame complete | camera=ppe_test_cam1 | violation=True
2026-08-13 22:58:16,192 - post_processor_c35a117e9f5a - INFO - [FRAME RECEIVED] topic=post_processing | partition=0 | offset=305 | frame_id=None | camera=ppe_test_cam1
2026-08-13 22:58:16,193 - post_processor_c35a117e9f5a - INFO - [DETECT BATCH] START | od=0 | ppe=1
2026-08-13 22:58:16,193 - post_processor_c35a117e9f5a - INFO - [PROCESS PPE DETECTION] camera=ppe_test_cam1 | severity=none | violated=[]
2026-08-13 22:58:16,195 - post_processor_c35a117e9f5a - INFO - [DETECT BATCH] DONE | od=0 | ppe=1
2026-08-13 22:58:16,195 - post_processor_c35a117e9f5a - INFO - PPE meta buffered | camera=ppe_test_cam1 | violation=False
2026-08-13 22:58:16,195 - post_processor_c35a117e9f5a - INFO - PPE frame complete | camera=ppe_test_cam1 | violation=False
2026-08-13 22:58:17,167 - post_processor_c35a117e9f5a - INFO - [FRAME RECEIVED] topic=post_processing | partition=0 | offset=306 | frame_id=None | camera=ppe_test_cam1
2026-08-13 22:58:17,167 - post_processor_c35a117e9f5a - INFO - [DETECT BATCH] START | od=0 | ppe=1
2026-08-13 22:58:17,167 - post_processor_c35a117e9f5a - INFO - [PROCESS PPE DETECTION] camera=ppe_test_cam1 | severity=none | violated=[]
2026-08-13 22:58:17,167 - post_processor_c35a117e9f5a - INFO - [DETECT BATCH] DONE | od=0 | ppe=1
2026-08-13 22:58:17,167 - post_processor_c35a117e9f5a - INFO - PPE meta buffered | camera=ppe_test_cam1 | violation=False
2026-08-13 22:58:17,203 - post_processor_c35a117e9f5a - INFO - PPE MongoDB batch insert | camera=ppe_test_cam1 | count=10
2026-08-13 22:58:17,204 - post_processor_c35a117e9f5a - INFO - PPE frame complete | camera=ppe_test_cam1 | violation=False
2026-08-13 22:58:17,205 - post_processor_c35a117e9f5a - INFO - Kafka offsets committed | count=10
2026-08-13 22:58:17,206 - post_processor_c35a117e9f5a - INFO - [FRAME RECEIVED] topic=post_processing | partition=0 | offset=307 | frame_id=None | camera=ppe_test_cam1
2026-08-13 22:58:17,206 - post_processor_c35a117e9f5a - INFO - [DETECT BATCH] START | od=0 | ppe=1
2026-08-13 22:58:17,206 - post_processor_c35a117e9f5a - INFO - [PROCESS PPE DETECTION] camera=ppe_test_cam1 | severity=low | violated=['No-Shoes', 'No-Shoes']
2026-08-13 22:58:17,209 - post_processor_c35a117e9f5a - INFO - PPE alert image saved | path=/Aksha/ppe_test_cam1/alerts/2026-08-13/2026-08-13 22:58:17.20_alert.jpg
2026-08-13 22:58:17,209 - post_processor_c35a117e9f5a - INFO - [DETECT BATCH] DONE | od=0 | ppe=1
2026-08-13 22:58:17,210 - post_processor_c35a117e9f5a - INFO - PPE meta buffered | camera=ppe_test_cam1 | violation=True
2026-08-13 22:58:17,220 - post_processor_c35a117e9f5a - INFO - PPE alert dual-written to alerts collection | camera=ppe_test_cam1
2026-08-13 22:58:17,220 - post_processor_c35a117e9f5a - INFO - ppe_status_check | has_violation=True | validity=False
2026-08-13 22:58:17,220 - post_processor_c35a117e9f5a - INFO - PPE notification suppressed by cooldown | camera=ppe_test_cam1
2026-08-13 22:58:17,221 - post_processor_c35a117e9f5a - INFO - PPE frame complete | camera=ppe_test_cam1 | violation=True
2026-08-13 22:58:18,106 - post_processor_c35a117e9f5a - INFO - [FRAME RECEIVED] topic=post_processing | partition=0 | offset=308 | frame_id=None | camera=ppe_test_cam1
2026-08-13 22:58:18,106 - post_processor_c35a117e9f5a - INFO - [DETECT BATCH] START | od=0 | ppe=1
2026-08-13 22:58:18,107 - post_processor_c35a117e9f5a - INFO - [PROCESS PPE DETECTION] camera=ppe_test_cam1 | severity=none | violated=[]
2026-08-13 22:58:18,107 - post_processor_c35a117e9f5a - INFO - [DETECT BATCH] DONE | od=0 | ppe=1
2026-08-13 22:58:18,107 - post_processor_c35a117e9f5a - INFO - PPE meta buffered | camera=ppe_test_cam1 | violation=False
2026-08-13 22:58:18,107 - post_processor_c35a117e9f5a - INFO - PPE frame complete | camera=ppe_test_cam1 | violation=False
2026-08-13 22:58:23,116 - post_processor_c35a117e9f5a - INFO - [FRAME RECEIVED] topic=post_processing | partition=0 | offset=309 | frame_id=None | camera=ppe_test_cam1
2026-08-13 22:58:23,116 - post_processor_c35a117e9f5a - INFO - [DETECT BATCH] START | od=0 | ppe=1
2026-08-13 22:58:23,116 - post_processor_c35a117e9f5a - INFO - [PROCESS PPE DETECTION] camera=ppe_test_cam1 | severity=none | violated=[]
2026-08-13 22:58:23,116 - post_processor_c35a117e9f5a - INFO - [DETECT BATCH] DONE | od=0 | ppe=1
2026-08-13 22:58:23,117 - post_processor_c35a117e9f5a - INFO - PPE meta buffered | camera=ppe_test_cam1 | violation=False
2026-08-13 22:58:23,117 - post_processor_c35a117e9f5a - INFO - PPE frame complete | camera=ppe_test_cam1 | violation=False
2026-08-13 22:58:24,170 - post_processor_c35a117e9f5a - INFO - [FRAME RECEIVED] topic=post_processing | partition=0 | offset=310 | frame_id=None | camera=ppe_test_cam1
2026-08-13 22:58:24,171 - post_processor_c35a117e9f5a - INFO - [DETECT BATCH] START | od=0 | ppe=1
2026-08-13 22:58:24,171 - post_processor_c35a117e9f5a - INFO - [PROCESS PPE DETECTION] camera=ppe_test_cam1 | severity=none | violated=[]
2026-08-13 22:58:24,171 - post_processor_c35a117e9f5a - INFO - [DETECT BATCH] DONE | od=0 | ppe=1
2026-08-13 22:58:24,171 - post_processor_c35a117e9f5a - INFO - PPE meta buffered | camera=ppe_test_cam1 | violation=False
2026-08-13 22:58:24,171 - post_processor_c35a117e9f5a - INFO - PPE frame complete | camera=ppe_test_cam1 | violation=False
2026-08-13 22:58:25,045 - post_processor_c35a117e9f5a - INFO - [FRAME RECEIVED] topic=post_processing | partition=0 | offset=311 | frame_id=None | camera=ppe_test_cam1
2026-08-13 22:58:25,045 - post_processor_c35a117e9f5a - INFO - [DETECT BATCH] START | od=0 | ppe=1
2026-08-13 22:58:25,045 - post_processor_c35a117e9f5a - INFO - [PROCESS PPE DETECTION] camera=ppe_test_cam1 | severity=none | violated=[]
2026-08-13 22:58:25,045 - post_processor_c35a117e9f5a - INFO - [DETECT BATCH] DONE | od=0 | ppe=1
2026-08-13 22:58:25,045 - post_processor_c35a117e9f5a - INFO - PPE meta buffered | camera=ppe_test_cam1 | violation=False
2026-08-13 22:58:25,045 - post_processor_c35a117e9f5a - INFO - PPE frame complete | camera=ppe_test_cam1 | violation=False
2026-08-13 22:58:26,177 - post_processor_c35a117e9f5a - INFO - [FRAME RECEIVED] topic=post_processing | partition=0 | offset=312 | frame_id=None | camera=ppe_test_cam1
2026-08-13 22:58:26,178 - post_processor_c35a117e9f5a - INFO - [DETECT BATCH] START | od=0 | ppe=1
2026-08-13 22:58:26,179 - post_processor_c35a117e9f5a - INFO - [PROCESS PPE DETECTION] camera=ppe_test_cam1 | severity=none | violated=[]
2026-08-13 22:58:26,179 - post_processor_c35a117e9f5a - INFO - [DETECT BATCH] DONE | od=0 | ppe=1
2026-08-13 22:58:26,179 - post_processor_c35a117e9f5a - INFO - PPE meta buffered | camera=ppe_test_cam1 | violation=False
2026-08-13 22:58:26,179 - post_processor_c35a117e9f5a - INFO - PPE frame complete | camera=ppe_test_cam1 | violation=False
2026-08-13 22:58:27,196 - post_processor_c35a117e9f5a - INFO - [FRAME RECEIVED] topic=post_processing | partition=0 | offset=313 | frame_id=None | camera=ppe_test_cam1
2026-08-13 22:58:27,196 - post_processor_c35a117e9f5a - INFO - [DETECT BATCH] START | od=0 | ppe=1
2026-08-13 22:58:27,197 - post_processor_c35a117e9f5a - INFO - [PROCESS PPE DETECTION] camera=ppe_test_cam1 | severity=none | violated=[]
2026-08-13 22:58:27,197 - post_processor_c35a117e9f5a - INFO - [DETECT BATCH] DONE | od=0 | ppe=1
2026-08-13 22:58:27,197 - post_processor_c35a117e9f5a - INFO - PPE meta buffered | camera=ppe_test_cam1 | violation=False
2026-08-13 22:58:27,197 - post_processor_c35a117e9f5a - INFO - PPE frame complete | camera=ppe_test_cam1 | violation=False
2026-08-13 22:58:28,073 - post_processor_c35a117e9f5a - INFO - [FRAME RECEIVED] topic=post_processing | partition=0 | offset=314 | frame_id=None | camera=ppe_test_cam1
2026-08-13 22:58:28,073 - post_processor_c35a117e9f5a - INFO - [DETECT BATCH] START | od=0 | ppe=1
2026-08-13 22:58:28,074 - post_processor_c35a117e9f5a - INFO - [PROCESS PPE DETECTION] camera=ppe_test_cam1 | severity=none | violated=[]
2026-08-13 22:58:28,075 - post_processor_c35a117e9f5a - INFO - [DETECT BATCH] DONE | od=0 | ppe=1
2026-08-13 22:58:28,075 - post_processor_c35a117e9f5a - INFO - PPE meta buffered | camera=ppe_test_cam1 | violation=False
2026-08-13 22:58:28,076 - post_processor_c35a117e9f5a - INFO - PPE frame complete | camera=ppe_test_cam1 | violation=False
2026-08-13 22:58:29,078 - post_processor_c35a117e9f5a - INFO - [FRAME RECEIVED] topic=post_processing | partition=0 | offset=315 | frame_id=None | camera=ppe_test_cam1
2026-08-13 22:58:29,078 - post_processor_c35a117e9f5a - INFO - [DETECT BATCH] START | od=0 | ppe=1
2026-08-13 22:58:29,079 - post_processor_c35a117e9f5a - INFO - [PROCESS PPE DETECTION] camera=ppe_test_cam1 | severity=none | violated=[]
2026-08-13 22:58:29,079 - post_processor_c35a117e9f5a - INFO - [DETECT BATCH] DONE | od=0 | ppe=1
2026-08-13 22:58:29,079 - post_processor_c35a117e9f5a - INFO - PPE meta buffered | camera=ppe_test_cam1 | violation=False
2026-08-13 22:58:29,079 - post_processor_c35a117e9f5a - INFO - PPE frame complete | camera=ppe_test_cam1 | violation=False
2026-08-13 22:58:30,143 - post_processor_c35a117e9f5a - INFO - [FRAME RECEIVED] topic=post_processing | partition=0 | offset=316 | frame_id=None | camera=ppe_test_cam1
2026-08-13 22:58:30,143 - post_processor_c35a117e9f5a - INFO - [DETECT BATCH] START | od=0 | ppe=1
2026-08-13 22:58:30,143 - post_processor_c35a117e9f5a - INFO - [PROCESS PPE DETECTION] camera=ppe_test_cam1 | severity=none | violated=[]
2026-08-13 22:58:30,144 - post_processor_c35a117e9f5a - INFO - [DETECT BATCH] DONE | od=0 | ppe=1
2026-08-13 22:58:30,144 - post_processor_c35a117e9f5a - INFO - PPE meta buffered | camera=ppe_test_cam1 | violation=False
2026-08-13 22:58:30,310 - post_processor_c35a117e9f5a - INFO - PPE MongoDB batch insert | camera=ppe_test_cam1 | count=10
2026-08-13 22:58:30,311 - post_processor_c35a117e9f5a - INFO - PPE frame complete | camera=ppe_test_cam1 | violation=False
2026-08-13 22:58:30,314 - post_processor_c35a117e9f5a - INFO - Kafka offsets committed | count=10
2026-08-13 22:58:30,316 - post_processor_c35a117e9f5a - INFO - [FRAME RECEIVED] topic=post_processing | partition=0 | offset=317 | frame_id=None | camera=ppe_test_cam1
2026-08-13 22:58:30,316 - post_processor_c35a117e9f5a - INFO - [DETECT BATCH] START | od=0 | ppe=1
2026-08-13 22:58:30,317 - post_processor_c35a117e9f5a - INFO - [PROCESS PPE DETECTION] camera=ppe_test_cam1 | severity=none | violated=[]
2026-08-13 22:58:30,317 - post_processor_c35a117e9f5a - INFO - [DETECT BATCH] DONE | od=0 | ppe=1
2026-08-13 22:58:30,318 - post_processor_c35a117e9f5a - INFO - PPE meta buffered | camera=ppe_test_cam1 | violation=False
2026-08-13 22:58:30,318 - post_processor_c35a117e9f5a - INFO - PPE frame complete | camera=ppe_test_cam1 | violation=False
2026-08-13 22:58:55,203 - post_processor_c35a117e9f5a - INFO - [FRAME RECEIVED] topic=post_processing | partition=0 | offset=318 | frame_id=None | camera=ppe_test_cam1
2026-08-13 22:58:55,204 - post_processor_c35a117e9f5a - INFO - [DETECT BATCH] START | od=0 | ppe=1
2026-08-13 22:58:55,204 - post_processor_c35a117e9f5a - INFO - [PROCESS PPE DETECTION] camera=ppe_test_cam1 | severity=none | violated=[]
2026-08-13 22:58:55,204 - post_processor_c35a117e9f5a - INFO - [DETECT BATCH] DONE | od=0 | ppe=1
2026-08-13 22:58:55,205 - post_processor_c35a117e9f5a - INFO - PPE meta buffered | camera=ppe_test_cam1 | violation=False
2026-08-13 22:58:55,205 - post_processor_c35a117e9f5a - INFO - PPE frame complete | camera=ppe_test_cam1 | violation=False
2026-08-13 22:58:56,154 - post_processor_c35a117e9f5a - INFO - [FRAME RECEIVED] topic=post_processing | partition=0 | offset=319 | frame_id=None | camera=ppe_test_cam1
2026-08-13 22:58:56,154 - post_processor_c35a117e9f5a - INFO - [DETECT BATCH] START | od=0 | ppe=1
2026-08-13 22:58:56,154 - post_processor_c35a117e9f5a - INFO - [PROCESS PPE DETECTION] camera=ppe_test_cam1 | severity=none | violated=[]
2026-08-13 22:58:56,155 - post_processor_c35a117e9f5a - INFO - [DETECT BATCH] DONE | od=0 | ppe=1
2026-08-13 22:58:56,155 - post_processor_c35a117e9f5a - INFO - PPE meta buffered | camera=ppe_test_cam1 | violation=False
2026-08-13 22:58:56,155 - post_processor_c35a117e9f5a - INFO - PPE frame complete | camera=ppe_test_cam1 | violation=False
2026-08-13 22:59:14,132 - post_processor_c35a117e9f5a - INFO - [FRAME RECEIVED] topic=post_processing | partition=0 | offset=320 | frame_id=None | camera=ppe_test_cam1
2026-08-13 22:59:14,132 - post_processor_c35a117e9f5a - INFO - [DETECT BATCH] START | od=0 | ppe=1
2026-08-13 22:59:14,133 - post_processor_c35a117e9f5a - INFO - [PROCESS PPE DETECTION] camera=ppe_test_cam1 | severity=none | violated=[]
2026-08-13 22:59:14,133 - post_processor_c35a117e9f5a - INFO - [DETECT BATCH] DONE | od=0 | ppe=1
2026-08-13 22:59:14,133 - post_processor_c35a117e9f5a - INFO - PPE meta buffered | camera=ppe_test_cam1 | violation=False
2026-08-13 22:59:14,133 - post_processor_c35a117e9f5a - INFO - PPE frame complete | camera=ppe_test_cam1 | violation=False
2026-08-13 22:59:14,173 - post_processor_c35a117e9f5a - INFO - [FRAME RECEIVED] topic=post_processing | partition=0 | offset=321 | frame_id=None | camera=ppe_test_cam1
2026-08-13 22:59:14,174 - post_processor_c35a117e9f5a - INFO - [DETECT BATCH] START | od=0 | ppe=1
2026-08-13 22:59:14,174 - post_processor_c35a117e9f5a - INFO - [PROCESS PPE DETECTION] camera=ppe_test_cam1 | severity=low | violated=['No-Shoes', 'No-Shoes']
2026-08-13 22:59:14,182 - post_processor_c35a117e9f5a - INFO - PPE alert image saved | path=/Aksha/ppe_test_cam1/alerts/2026-08-13/2026-08-13 22:59:14.18_alert.jpg
2026-08-13 22:59:14,182 - post_processor_c35a117e9f5a - INFO - [DETECT BATCH] DONE | od=0 | ppe=1
2026-08-13 22:59:14,182 - post_processor_c35a117e9f5a - INFO - PPE meta buffered | camera=ppe_test_cam1 | violation=True
2026-08-13 22:59:14,208 - post_processor_c35a117e9f5a - INFO - PPE alert dual-written to alerts collection | camera=ppe_test_cam1
2026-08-13 22:59:14,209 - post_processor_c35a117e9f5a - INFO - ppe_status_check | has_violation=True | validity=True
2026-08-13 22:59:14,209 - post_processor_c35a117e9f5a - INFO - PPE notification approved | camera=ppe_test_cam1 | severity=low
2026-08-13 22:59:14,209 - post_processor_c35a117e9f5a - INFO - PPE notification sent | camera=ppe_test_cam1 | severity=low | topic=notification_service
2026-08-13 22:59:14,210 - post_processor_c35a117e9f5a - INFO - PPE frame complete | camera=ppe_test_cam1 | violation=True
2026-08-13 22:59:15,118 - post_processor_c35a117e9f5a - INFO - [FRAME RECEIVED] topic=post_processing | partition=0 | offset=322 | frame_id=None | camera=ppe_test_cam1
2026-08-13 22:59:15,118 - post_processor_c35a117e9f5a - INFO - [DETECT BATCH] START | od=0 | ppe=1
2026-08-13 22:59:15,119 - post_processor_c35a117e9f5a - INFO - [PROCESS PPE DETECTION] camera=ppe_test_cam1 | severity=none | violated=[]
2026-08-13 22:59:15,119 - post_processor_c35a117e9f5a - INFO - [DETECT BATCH] DONE | od=0 | ppe=1
2026-08-13 22:59:15,120 - post_processor_c35a117e9f5a - INFO - PPE meta buffered | camera=ppe_test_cam1 | violation=False
2026-08-13 22:59:15,120 - post_processor_c35a117e9f5a - INFO - PPE frame complete | camera=ppe_test_cam1 | violation=False
2026-08-13 22:59:15,120 - post_processor_c35a117e9f5a - INFO - [FRAME RECEIVED] topic=post_processing | partition=0 | offset=323 | frame_id=None | camera=ppe_test_cam1
2026-08-13 22:59:15,120 - post_processor_c35a117e9f5a - INFO - [DETECT BATCH] START | od=0 | ppe=1
2026-08-13 22:59:15,120 - post_processor_c35a117e9f5a - INFO - [PROCESS PPE DETECTION] camera=ppe_test_cam1 | severity=low | violated=['No-Shoes', 'No-Shoes']
2026-08-13 22:59:15,124 - post_processor_c35a117e9f5a - INFO - PPE alert image saved | path=/Aksha/ppe_test_cam1/alerts/2026-08-13/2026-08-13 22:59:15.12_alert.jpg
2026-08-13 22:59:15,125 - post_processor_c35a117e9f5a - INFO - [DETECT BATCH] DONE | od=0 | ppe=1
2026-08-13 22:59:15,125 - post_processor_c35a117e9f5a - INFO - PPE meta buffered | camera=ppe_test_cam1 | violation=True
2026-08-13 22:59:15,190 - post_processor_c35a117e9f5a - INFO - PPE alert dual-written to alerts collection | camera=ppe_test_cam1
2026-08-13 22:59:15,191 - post_processor_c35a117e9f5a - INFO - ppe_status_check | has_violation=True | validity=False
2026-08-13 22:59:15,192 - post_processor_c35a117e9f5a - INFO - PPE notification suppressed by cooldown | camera=ppe_test_cam1
2026-08-13 22:59:15,193 - post_processor_c35a117e9f5a - INFO - PPE frame complete | camera=ppe_test_cam1 | violation=True
2026-08-13 22:59:16,214 - post_processor_c35a117e9f5a - INFO - [FRAME RECEIVED] topic=post_processing | partition=0 | offset=324 | frame_id=None | camera=ppe_test_cam1
2026-08-13 22:59:16,214 - post_processor_c35a117e9f5a - INFO - [DETECT BATCH] START | od=0 | ppe=1
2026-08-13 22:59:16,214 - post_processor_c35a117e9f5a - INFO - [PROCESS PPE DETECTION] camera=ppe_test_cam1 | severity=none | violated=[]
2026-08-13 22:59:16,215 - post_processor_c35a117e9f5a - INFO - [DETECT BATCH] DONE | od=0 | ppe=1
2026-08-13 22:59:16,215 - post_processor_c35a117e9f5a - INFO - PPE meta buffered | camera=ppe_test_cam1 | violation=False
2026-08-13 22:59:16,215 - post_processor_c35a117e9f5a - INFO - PPE frame complete | camera=ppe_test_cam1 | violation=False
2026-08-13 22:59:16,249 - post_processor_c35a117e9f5a - INFO - [FRAME RECEIVED] topic=post_processing | partition=0 | offset=325 | frame_id=None | camera=ppe_test_cam1
2026-08-13 22:59:16,250 - post_processor_c35a117e9f5a - INFO - [DETECT BATCH] START | od=0 | ppe=1
2026-08-13 22:59:16,250 - post_processor_c35a117e9f5a - INFO - [PROCESS PPE DETECTION] camera=ppe_test_cam1 | severity=low | violated=['No-Shoes', 'No-Shoes']
2026-08-13 22:59:16,258 - post_processor_c35a117e9f5a - INFO - PPE alert image saved | path=/Aksha/ppe_test_cam1/alerts/2026-08-13/2026-08-13 22:59:16.25_alert.jpg
2026-08-13 22:59:16,258 - post_processor_c35a117e9f5a - INFO - [DETECT BATCH] DONE | od=0 | ppe=1
2026-08-13 22:59:16,258 - post_processor_c35a117e9f5a - INFO - PPE meta buffered | camera=ppe_test_cam1 | violation=True
2026-08-13 22:59:16,410 - post_processor_c35a117e9f5a - INFO - PPE alert dual-written to alerts collection | camera=ppe_test_cam1
2026-08-13 22:59:16,412 - post_processor_c35a117e9f5a - INFO - ppe_status_check | has_violation=True | validity=False
2026-08-13 22:59:16,412 - post_processor_c35a117e9f5a - INFO - PPE notification suppressed by cooldown | camera=ppe_test_cam1
2026-08-13 22:59:16,414 - post_processor_c35a117e9f5a - INFO - PPE frame complete | camera=ppe_test_cam1 | violation=True
2026-08-13 22:59:17,195 - post_processor_c35a117e9f5a - INFO - [FRAME RECEIVED] topic=post_processing | partition=0 | offset=326 | frame_id=None | camera=ppe_test_cam1
2026-08-13 22:59:17,195 - post_processor_c35a117e9f5a - INFO - [DETECT BATCH] START | od=0 | ppe=1
2026-08-13 22:59:17,195 - post_processor_c35a117e9f5a - INFO - [PROCESS PPE DETECTION] camera=ppe_test_cam1 | severity=low | violated=['No-Shoes', 'No-Shoes']
2026-08-13 22:59:17,198 - post_processor_c35a117e9f5a - INFO - PPE alert image saved | path=/Aksha/ppe_test_cam1/alerts/2026-08-13/2026-08-13 22:59:17.19_alert.jpg
2026-08-13 22:59:17,199 - post_processor_c35a117e9f5a - INFO - [DETECT BATCH] DONE | od=0 | ppe=1
2026-08-13 22:59:17,199 - post_processor_c35a117e9f5a - INFO - PPE meta buffered | camera=ppe_test_cam1 | violation=True
2026-08-13 22:59:17,218 - post_processor_c35a117e9f5a - INFO - PPE alert dual-written to alerts collection | camera=ppe_test_cam1
2026-08-13 22:59:17,219 - post_processor_c35a117e9f5a - INFO - ppe_status_check | has_violation=True | validity=False
2026-08-13 22:59:17,219 - post_processor_c35a117e9f5a - INFO - PPE notification suppressed by cooldown | camera=ppe_test_cam1
2026-08-13 22:59:17,293 - post_processor_c35a117e9f5a - INFO - PPE MongoDB batch insert | camera=ppe_test_cam1 | count=10
2026-08-13 22:59:17,294 - post_processor_c35a117e9f5a - INFO - PPE frame complete | camera=ppe_test_cam1 | violation=True
2026-08-13 22:59:17,297 - post_processor_c35a117e9f5a - INFO - Kafka offsets committed | count=10
2026-08-13 22:59:17,297 - post_processor_c35a117e9f5a - INFO - [FRAME RECEIVED] topic=post_processing | partition=0 | offset=327 | frame_id=None | camera=ppe_test_cam1
2026-08-13 22:59:17,297 - post_processor_c35a117e9f5a - INFO - [DETECT BATCH] START | od=0 | ppe=1
2026-08-13 22:59:17,298 - post_processor_c35a117e9f5a - INFO - [PROCESS PPE DETECTION] camera=ppe_test_cam1 | severity=none | violated=[]
2026-08-13 22:59:17,298 - post_processor_c35a117e9f5a - INFO - [DETECT BATCH] DONE | od=0 | ppe=1
2026-08-13 22:59:17,299 - post_processor_c35a117e9f5a - INFO - PPE meta buffered | camera=ppe_test_cam1 | violation=False
2026-08-13 22:59:17,299 - post_processor_c35a117e9f5a - INFO - PPE frame complete | camera=ppe_test_cam1 | violation=False
2026-08-13 22:59:18,082 - post_processor_c35a117e9f5a - INFO - [FRAME RECEIVED] topic=post_processing | partition=0 | offset=328 | frame_id=None | camera=ppe_test_cam1
2026-08-13 22:59:18,082 - post_processor_c35a117e9f5a - INFO - [DETECT BATCH] START | od=0 | ppe=1
2026-08-13 22:59:18,083 - post_processor_c35a117e9f5a - INFO - [PROCESS PPE DETECTION] camera=ppe_test_cam1 | severity=none | violated=[]
2026-08-13 22:59:18,083 - post_processor_c35a117e9f5a - INFO - [DETECT BATCH] DONE | od=0 | ppe=1
2026-08-13 22:59:18,083 - post_processor_c35a117e9f5a - INFO - PPE meta buffered | camera=ppe_test_cam1 | violation=False
2026-08-13 22:59:18,083 - post_processor_c35a117e9f5a - INFO - PPE frame complete | camera=ppe_test_cam1 | violation=False
2026-08-13 22:59:23,118 - post_processor_c35a117e9f5a - INFO - [FRAME RECEIVED] topic=post_processing | partition=0 | offset=329 | frame_id=None | camera=ppe_test_cam1
2026-08-13 22:59:23,118 - post_processor_c35a117e9f5a - INFO - [DETECT BATCH] START | od=0 | ppe=1
2026-08-13 22:59:23,118 - post_processor_c35a117e9f5a - INFO - [PROCESS PPE DETECTION] camera=ppe_test_cam1 | severity=none | violated=[]
2026-08-13 22:59:23,119 - post_processor_c35a117e9f5a - INFO - [DETECT BATCH] DONE | od=0 | ppe=1
2026-08-13 22:59:23,119 - post_processor_c35a117e9f5a - INFO - PPE meta buffered | camera=ppe_test_cam1 | violation=False
2026-08-13 22:59:23,119 - post_processor_c35a117e9f5a - INFO - PPE frame complete | camera=ppe_test_cam1 | violation=False
2026-08-13 22:59:24,101 - post_processor_c35a117e9f5a - INFO - [FRAME RECEIVED] topic=post_processing | partition=0 | offset=330 | frame_id=None | camera=ppe_test_cam1
2026-08-13 22:59:24,101 - post_processor_c35a117e9f5a - INFO - [DETECT BATCH] START | od=0 | ppe=1
2026-08-13 22:59:24,102 - post_processor_c35a117e9f5a - INFO - [PROCESS PPE DETECTION] camera=ppe_test_cam1 | severity=none | violated=[]
2026-08-13 22:59:24,102 - post_processor_c35a117e9f5a - INFO - [DETECT BATCH] DONE | od=0 | ppe=1
2026-08-13 22:59:24,102 - post_processor_c35a117e9f5a - INFO - PPE meta buffered | camera=ppe_test_cam1 | violation=False
2026-08-13 22:59:24,102 - post_processor_c35a117e9f5a - INFO - PPE frame complete | camera=ppe_test_cam1 | violation=False
2026-08-13 22:59:25,120 - post_processor_c35a117e9f5a - INFO - [FRAME RECEIVED] topic=post_processing | partition=0 | offset=331 | frame_id=None | camera=ppe_test_cam1
2026-08-13 22:59:25,120 - post_processor_c35a117e9f5a - INFO - [DETECT BATCH] START | od=0 | ppe=1
2026-08-13 22:59:25,121 - post_processor_c35a117e9f5a - INFO - [PROCESS PPE DETECTION] camera=ppe_test_cam1 | severity=none | violated=[]
2026-08-13 22:59:25,121 - post_processor_c35a117e9f5a - INFO - [DETECT BATCH] DONE | od=0 | ppe=1
2026-08-13 22:59:25,121 - post_processor_c35a117e9f5a - INFO - PPE meta buffered | camera=ppe_test_cam1 | violation=False
2026-08-13 22:59:25,121 - post_processor_c35a117e9f5a - INFO - PPE frame complete | camera=ppe_test_cam1 | violation=False
2026-08-13 22:59:26,155 - post_processor_c35a117e9f5a - INFO - [FRAME RECEIVED] topic=post_processing | partition=0 | offset=332 | frame_id=None | camera=ppe_test_cam1
2026-08-13 22:59:26,155 - post_processor_c35a117e9f5a - INFO - [DETECT BATCH] START | od=0 | ppe=1
2026-08-13 22:59:26,155 - post_processor_c35a117e9f5a - INFO - [PROCESS PPE DETECTION] camera=ppe_test_cam1 | severity=none | violated=[]
2026-08-13 22:59:26,156 - post_processor_c35a117e9f5a - INFO - [DETECT BATCH] DONE | od=0 | ppe=1
2026-08-13 22:59:26,156 - post_processor_c35a117e9f5a - INFO - PPE meta buffered | camera=ppe_test_cam1 | violation=False
2026-08-13 22:59:26,156 - post_processor_c35a117e9f5a - INFO - PPE frame complete | camera=ppe_test_cam1 | violation=False
2026-08-13 22:59:27,202 - post_processor_c35a117e9f5a - INFO - [FRAME RECEIVED] topic=post_processing | partition=0 | offset=333 | frame_id=None | camera=ppe_test_cam1
2026-08-13 22:59:27,202 - post_processor_c35a117e9f5a - INFO - [DETECT BATCH] START | od=0 | ppe=1
2026-08-13 22:59:27,203 - post_processor_c35a117e9f5a - INFO - [PROCESS PPE DETECTION] camera=ppe_test_cam1 | severity=none | violated=[]
2026-08-13 22:59:27,203 - post_processor_c35a117e9f5a - INFO - [DETECT BATCH] DONE | od=0 | ppe=1
2026-08-13 22:59:27,203 - post_processor_c35a117e9f5a - INFO - PPE meta buffered | camera=ppe_test_cam1 | violation=False
2026-08-13 22:59:27,203 - post_processor_c35a117e9f5a - INFO - PPE frame complete | camera=ppe_test_cam1 | violation=False
2026-08-13 22:59:28,181 - post_processor_c35a117e9f5a - INFO - [FRAME RECEIVED] topic=post_processing | partition=0 | offset=334 | frame_id=None | camera=ppe_test_cam1
2026-08-13 22:59:28,181 - post_processor_c35a117e9f5a - INFO - [DETECT BATCH] START | od=0 | ppe=1
2026-08-13 22:59:28,181 - post_processor_c35a117e9f5a - INFO - [PROCESS PPE DETECTION] camera=ppe_test_cam1 | severity=none | violated=[]
2026-08-13 22:59:28,181 - post_processor_c35a117e9f5a - INFO - [DETECT BATCH] DONE | od=0 | ppe=1
2026-08-13 22:59:28,182 - post_processor_c35a117e9f5a - INFO - PPE meta buffered | camera=ppe_test_cam1 | violation=False
2026-08-13 22:59:28,182 - post_processor_c35a117e9f5a - INFO - PPE frame complete | camera=ppe_test_cam1 | violation=False
2026-08-13 22:59:28,689 - post_processor_c35a117e9f5a - INFO - [FRAME RECEIVED] topic=post_processing | partition=0 | offset=335 | frame_id=None | camera=ppe_test_cam1
2026-08-13 22:59:28,690 - post_processor_c35a117e9f5a - INFO - [DETECT BATCH] START | od=0 | ppe=1
2026-08-13 22:59:28,690 - post_processor_c35a117e9f5a - INFO - [PROCESS PPE DETECTION] camera=ppe_test_cam1 | severity=none | violated=[]
2026-08-13 22:59:28,690 - post_processor_c35a117e9f5a - INFO - [DETECT BATCH] DONE | od=0 | ppe=1
2026-08-13 22:59:28,690 - post_processor_c35a117e9f5a - INFO - PPE meta buffered | camera=ppe_test_cam1 | violation=False
2026-08-13 22:59:28,690 - post_processor_c35a117e9f5a - INFO - PPE frame complete | camera=ppe_test_cam1 | violation=False
2026-08-13 23:00:18,615 - post_processor_c35a117e9f5a - INFO - [FRAME RECEIVED] topic=post_processing | partition=0 | offset=336 | frame_id=None | camera=ppe_test_cam1
2026-08-13 23:00:18,615 - post_processor_c35a117e9f5a - INFO - [DETECT BATCH] START | od=0 | ppe=1
2026-08-13 23:00:18,615 - post_processor_c35a117e9f5a - INFO - [PROCESS PPE DETECTION] camera=ppe_test_cam1 | severity=low | violated=['No-Shoes', 'No-Shoes']
2026-08-13 23:00:18,621 - post_processor_c35a117e9f5a - INFO - PPE alert image saved | path=/Aksha/ppe_test_cam1/alerts/2026-08-13/2026-08-13 23:00:18.62_alert.jpg
2026-08-13 23:00:18,621 - post_processor_c35a117e9f5a - INFO - [DETECT BATCH] DONE | od=0 | ppe=1
2026-08-13 23:00:18,621 - post_processor_c35a117e9f5a - INFO - PPE meta buffered | camera=ppe_test_cam1 | violation=True
2026-08-13 23:00:18,650 - post_processor_c35a117e9f5a - INFO - PPE alert dual-written to alerts collection | camera=ppe_test_cam1
2026-08-13 23:00:18,651 - post_processor_c35a117e9f5a - INFO - ppe_status_check | has_violation=True | validity=True
2026-08-13 23:00:18,651 - post_processor_c35a117e9f5a - INFO - PPE notification approved | camera=ppe_test_cam1 | severity=low
2026-08-13 23:00:18,680 - post_processor_c35a117e9f5a - INFO - PPE MongoDB batch insert | camera=ppe_test_cam1 | count=10
2026-08-13 23:00:18,681 - post_processor_c35a117e9f5a - INFO - PPE notification sent | camera=ppe_test_cam1 | severity=low | topic=notification_service
2026-08-13 23:00:18,681 - post_processor_c35a117e9f5a - INFO - PPE frame complete | camera=ppe_test_cam1 | violation=True
2026-08-13 23:00:18,683 - post_processor_c35a117e9f5a - INFO - Kafka offsets committed | count=10
2026-08-13 23:00:18,683 - post_processor_c35a117e9f5a - INFO - [FRAME RECEIVED] topic=post_processing | partition=0 | offset=337 | frame_id=None | camera=ppe_test_cam1
2026-08-13 23:00:18,683 - post_processor_c35a117e9f5a - INFO - [DETECT BATCH] START | od=0 | ppe=1
2026-08-13 23:00:18,684 - post_processor_c35a117e9f5a - INFO - [PROCESS PPE DETECTION] camera=ppe_test_cam1 | severity=none | violated=[]
2026-08-13 23:00:18,684 - post_processor_c35a117e9f5a - INFO - [DETECT BATCH] DONE | od=0 | ppe=1
2026-08-13 23:00:18,684 - post_processor_c35a117e9f5a - INFO - PPE meta buffered | camera=ppe_test_cam1 | violation=False
2026-08-13 23:00:18,684 - post_processor_c35a117e9f5a - INFO - PPE frame complete | camera=ppe_test_cam1 | violation=False
2026-08-13 23:00:19,545 - post_processor_c35a117e9f5a - INFO - [FRAME RECEIVED] topic=post_processing | partition=0 | offset=338 | frame_id=None | camera=ppe_test_cam1
2026-08-13 23:00:19,545 - post_processor_c35a117e9f5a - INFO - [DETECT BATCH] START | od=0 | ppe=1
2026-08-13 23:00:19,546 - post_processor_c35a117e9f5a - INFO - [PROCESS PPE DETECTION] camera=ppe_test_cam1 | severity=low | violated=['No-Shoes', 'No-Shoes']
2026-08-13 23:00:19,551 - post_processor_c35a117e9f5a - INFO - PPE alert image saved | path=/Aksha/ppe_test_cam1/alerts/2026-08-13/2026-08-13 23:00:19.54_alert.jpg
2026-08-13 23:00:19,552 - post_processor_c35a117e9f5a - INFO - [DETECT BATCH] DONE | od=0 | ppe=1
2026-08-13 23:00:19,552 - post_processor_c35a117e9f5a - INFO - PPE meta buffered | camera=ppe_test_cam1 | violation=True
2026-08-13 23:00:19,566 - post_processor_c35a117e9f5a - INFO - PPE alert dual-written to alerts collection | camera=ppe_test_cam1
2026-08-13 23:00:19,567 - post_processor_c35a117e9f5a - INFO - ppe_status_check | has_violation=True | validity=False
2026-08-13 23:00:19,567 - post_processor_c35a117e9f5a - INFO - PPE notification suppressed by cooldown | camera=ppe_test_cam1
2026-08-13 23:00:19,568 - post_processor_c35a117e9f5a - INFO - PPE frame complete | camera=ppe_test_cam1 | violation=True
2026-08-13 23:00:19,568 - post_processor_c35a117e9f5a - INFO - [FRAME RECEIVED] topic=post_processing | partition=0 | offset=339 | frame_id=None | camera=ppe_test_cam1
2026-08-13 23:00:19,568 - post_processor_c35a117e9f5a - INFO - [DETECT BATCH] START | od=0 | ppe=1
2026-08-13 23:00:19,568 - post_processor_c35a117e9f5a - INFO - [PROCESS PPE DETECTION] camera=ppe_test_cam1 | severity=none | violated=[]
2026-08-13 23:00:19,568 - post_processor_c35a117e9f5a - INFO - [DETECT BATCH] DONE | od=0 | ppe=1
2026-08-13 23:00:19,568 - post_processor_c35a117e9f5a - INFO - PPE meta buffered | camera=ppe_test_cam1 | violation=False
2026-08-13 23:00:19,569 - post_processor_c35a117e9f5a - INFO - PPE frame complete | camera=ppe_test_cam1 | violation=False
2026-08-13 23:00:20,575 - post_processor_c35a117e9f5a - INFO - [FRAME RECEIVED] topic=post_processing | partition=0 | offset=340 | frame_id=None | camera=ppe_test_cam1
2026-08-13 23:00:20,576 - post_processor_c35a117e9f5a - INFO - [DETECT BATCH] START | od=0 | ppe=1
2026-08-13 23:00:20,576 - post_processor_c35a117e9f5a - INFO - [PROCESS PPE DETECTION] camera=ppe_test_cam1 | severity=none | violated=[]
2026-08-13 23:00:20,577 - post_processor_c35a117e9f5a - INFO - [DETECT BATCH] DONE | od=0 | ppe=1
2026-08-13 23:00:20,577 - post_processor_c35a117e9f5a - INFO - PPE meta buffered | camera=ppe_test_cam1 | violation=False
2026-08-13 23:00:20,577 - post_processor_c35a117e9f5a - INFO - PPE frame complete | camera=ppe_test_cam1 | violation=False
2026-08-13 23:00:20,615 - post_processor_c35a117e9f5a - INFO - [FRAME RECEIVED] topic=post_processing | partition=0 | offset=341 | frame_id=None | camera=ppe_test_cam1
2026-08-13 23:00:20,615 - post_processor_c35a117e9f5a - INFO - [DETECT BATCH] START | od=0 | ppe=1
2026-08-13 23:00:20,616 - post_processor_c35a117e9f5a - INFO - [PROCESS PPE DETECTION] camera=ppe_test_cam1 | severity=low | violated=['No-Shoes', 'No-Shoes']
2026-08-13 23:00:20,619 - post_processor_c35a117e9f5a - INFO - PPE alert image saved | path=/Aksha/ppe_test_cam1/alerts/2026-08-13/2026-08-13 23:00:20.61_alert.jpg
2026-08-13 23:00:20,619 - post_processor_c35a117e9f5a - INFO - [DETECT BATCH] DONE | od=0 | ppe=1
2026-08-13 23:00:20,619 - post_processor_c35a117e9f5a - INFO - PPE meta buffered | camera=ppe_test_cam1 | violation=True
2026-08-13 23:00:20,642 - post_processor_c35a117e9f5a - INFO - PPE alert dual-written to alerts collection | camera=ppe_test_cam1
2026-08-13 23:00:20,643 - post_processor_c35a117e9f5a - INFO - ppe_status_check | has_violation=True | validity=False
2026-08-13 23:00:20,643 - post_processor_c35a117e9f5a - INFO - PPE notification suppressed by cooldown | camera=ppe_test_cam1
2026-08-13 23:00:20,644 - post_processor_c35a117e9f5a - INFO - PPE frame complete | camera=ppe_test_cam1 | violation=True
2026-08-13 23:00:21,610 - post_processor_c35a117e9f5a - INFO - [FRAME RECEIVED] topic=post_processing | partition=0 | offset=342 | frame_id=None | camera=ppe_test_cam1
2026-08-13 23:00:21,610 - post_processor_c35a117e9f5a - INFO - [DETECT BATCH] START | od=0 | ppe=1
2026-08-13 23:00:21,610 - post_processor_c35a117e9f5a - INFO - [PROCESS PPE DETECTION] camera=ppe_test_cam1 | severity=none | violated=[]
2026-08-13 23:00:21,611 - post_processor_c35a117e9f5a - INFO - [DETECT BATCH] DONE | od=0 | ppe=1
2026-08-13 23:00:21,611 - post_processor_c35a117e9f5a - INFO - PPE meta buffered | camera=ppe_test_cam1 | violation=False
2026-08-13 23:00:21,611 - post_processor_c35a117e9f5a - INFO - PPE frame complete | camera=ppe_test_cam1 | violation=False
2026-08-13 23:00:21,640 - post_processor_c35a117e9f5a - INFO - [FRAME RECEIVED] topic=post_processing | partition=0 | offset=343 | frame_id=None | camera=ppe_test_cam1
2026-08-13 23:00:21,640 - post_processor_c35a117e9f5a - INFO - [DETECT BATCH] START | od=0 | ppe=1
2026-08-13 23:00:21,641 - post_processor_c35a117e9f5a - INFO - [PROCESS PPE DETECTION] camera=ppe_test_cam1 | severity=low | violated=['No-Shoes', 'No-Shoes']
2026-08-13 23:00:21,644 - post_processor_c35a117e9f5a - INFO - PPE alert image saved | path=/Aksha/ppe_test_cam1/alerts/2026-08-13/2026-08-13 23:00:21.64_alert.jpg
2026-08-13 23:00:21,644 - post_processor_c35a117e9f5a - INFO - [DETECT BATCH] DONE | od=0 | ppe=1
2026-08-13 23:00:21,645 - post_processor_c35a117e9f5a - INFO - PPE meta buffered | camera=ppe_test_cam1 | violation=True
2026-08-13 23:00:21,693 - post_processor_c35a117e9f5a - INFO - PPE alert dual-written to alerts collection | camera=ppe_test_cam1
2026-08-13 23:00:21,694 - post_processor_c35a117e9f5a - INFO - ppe_status_check | has_violation=True | validity=False
2026-08-13 23:00:21,694 - post_processor_c35a117e9f5a - INFO - PPE notification suppressed by cooldown | camera=ppe_test_cam1
2026-08-13 23:00:21,695 - post_processor_c35a117e9f5a - INFO - PPE frame complete | camera=ppe_test_cam1 | violation=True
2026-08-13 23:00:22,547 - post_processor_c35a117e9f5a - INFO - [FRAME RECEIVED] topic=post_processing | partition=0 | offset=344 | frame_id=None | camera=ppe_test_cam1
2026-08-13 23:00:22,548 - post_processor_c35a117e9f5a - INFO - [DETECT BATCH] START | od=0 | ppe=1
2026-08-13 23:00:22,549 - post_processor_c35a117e9f5a - INFO - [PROCESS PPE DETECTION] camera=ppe_test_cam1 | severity=none | violated=[]
2026-08-13 23:00:22,550 - post_processor_c35a117e9f5a - INFO - [DETECT BATCH] DONE | od=0 | ppe=1
2026-08-13 23:00:22,550 - post_processor_c35a117e9f5a - INFO - PPE meta buffered | camera=ppe_test_cam1 | violation=False
2026-08-13 23:00:22,550 - post_processor_c35a117e9f5a - INFO - PPE frame complete | camera=ppe_test_cam1 | violation=False
2026-08-13 23:00:27,517 - post_processor_c35a117e9f5a - INFO - [FRAME RECEIVED] topic=post_processing | partition=0 | offset=345 | frame_id=None | camera=ppe_test_cam1
2026-08-13 23:00:27,518 - post_processor_c35a117e9f5a - INFO - [DETECT BATCH] START | od=0 | ppe=1
2026-08-13 23:00:27,518 - post_processor_c35a117e9f5a - INFO - [PROCESS PPE DETECTION] camera=ppe_test_cam1 | severity=none | violated=[]
2026-08-13 23:00:27,519 - post_processor_c35a117e9f5a - INFO - [DETECT BATCH] DONE | od=0 | ppe=1
2026-08-13 23:00:27,519 - post_processor_c35a117e9f5a - INFO - PPE meta buffered | camera=ppe_test_cam1 | violation=False
2026-08-13 23:00:27,519 - post_processor_c35a117e9f5a - INFO - PPE frame complete | camera=ppe_test_cam1 | violation=False
2026-08-13 23:00:28,603 - post_processor_c35a117e9f5a - INFO - [FRAME RECEIVED] topic=post_processing | partition=0 | offset=346 | frame_id=None | camera=ppe_test_cam1
2026-08-13 23:00:28,603 - post_processor_c35a117e9f5a - INFO - [DETECT BATCH] START | od=0 | ppe=1
2026-08-13 23:00:28,603 - post_processor_c35a117e9f5a - INFO - [PROCESS PPE DETECTION] camera=ppe_test_cam1 | severity=none | violated=[]
2026-08-13 23:00:28,604 - post_processor_c35a117e9f5a - INFO - [DETECT BATCH] DONE | od=0 | ppe=1
2026-08-13 23:00:28,604 - post_processor_c35a117e9f5a - INFO - PPE meta buffered | camera=ppe_test_cam1 | violation=False
2026-08-13 23:00:28,612 - post_processor_c35a117e9f5a - INFO - PPE MongoDB batch insert | camera=ppe_test_cam1 | count=10
2026-08-13 23:00:28,612 - post_processor_c35a117e9f5a - INFO - PPE frame complete | camera=ppe_test_cam1 | violation=False
2026-08-13 23:00:28,620 - post_processor_c35a117e9f5a - INFO - Kafka offsets committed | count=10
2026-08-13 23:00:29,575 - post_processor_c35a117e9f5a - INFO - [FRAME RECEIVED] topic=post_processing | partition=0 | offset=347 | frame_id=None | camera=ppe_test_cam1
2026-08-13 23:00:29,576 - post_processor_c35a117e9f5a - INFO - [DETECT BATCH] START | od=0 | ppe=1
2026-08-13 23:00:29,576 - post_processor_c35a117e9f5a - INFO - [PROCESS PPE DETECTION] camera=ppe_test_cam1 | severity=none | violated=[]
2026-08-13 23:00:29,576 - post_processor_c35a117e9f5a - INFO - [DETECT BATCH] DONE | od=0 | ppe=1
2026-08-13 23:00:29,577 - post_processor_c35a117e9f5a - INFO - PPE meta buffered | camera=ppe_test_cam1 | violation=False
2026-08-13 23:00:29,577 - post_processor_c35a117e9f5a - INFO - PPE frame complete | camera=ppe_test_cam1 | violation=False
2026-08-13 23:00:30,470 - post_processor_c35a117e9f5a - INFO - [FRAME RECEIVED] topic=post_processing | partition=0 | offset=348 | frame_id=None | camera=ppe_test_cam1
2026-08-13 23:00:30,470 - post_processor_c35a117e9f5a - INFO - [DETECT BATCH] START | od=0 | ppe=1
2026-08-13 23:00:30,470 - post_processor_c35a117e9f5a - INFO - [PROCESS PPE DETECTION] camera=ppe_test_cam1 | severity=none | violated=[]
2026-08-13 23:00:30,470 - post_processor_c35a117e9f5a - INFO - [DETECT BATCH] DONE | od=0 | ppe=1
2026-08-13 23:00:30,470 - post_processor_c35a117e9f5a - INFO - PPE meta buffered | camera=ppe_test_cam1 | violation=False
2026-08-13 23:00:30,470 - post_processor_c35a117e9f5a - INFO - PPE frame complete | camera=ppe_test_cam1 | violation=False
2026-08-13 23:00:31,654 - post_processor_c35a117e9f5a - INFO - [FRAME RECEIVED] topic=post_processing | partition=0 | offset=349 | frame_id=None | camera=ppe_test_cam1
2026-08-13 23:00:31,654 - post_processor_c35a117e9f5a - INFO - [DETECT BATCH] START | od=0 | ppe=1
2026-08-13 23:00:31,655 - post_processor_c35a117e9f5a - INFO - [PROCESS PPE DETECTION] camera=ppe_test_cam1 | severity=none | violated=[]
2026-08-13 23:00:31,655 - post_processor_c35a117e9f5a - INFO - [DETECT BATCH] DONE | od=0 | ppe=1
2026-08-13 23:00:31,655 - post_processor_c35a117e9f5a - INFO - PPE meta buffered | camera=ppe_test_cam1 | violation=False
2026-08-13 23:00:31,655 - post_processor_c35a117e9f5a - INFO - PPE frame complete | camera=ppe_test_cam1 | violation=False
2026-08-13 23:00:32,609 - post_processor_c35a117e9f5a - INFO - [FRAME RECEIVED] topic=post_processing | partition=0 | offset=350 | frame_id=None | camera=ppe_test_cam1
2026-08-13 23:00:32,609 - post_processor_c35a117e9f5a - INFO - [DETECT BATCH] START | od=0 | ppe=1
2026-08-13 23:00:32,610 - post_processor_c35a117e9f5a - INFO - [PROCESS PPE DETECTION] camera=ppe_test_cam1 | severity=none | violated=[]
2026-08-13 23:00:32,610 - post_processor_c35a117e9f5a - INFO - [DETECT BATCH] DONE | od=0 | ppe=1
2026-08-13 23:00:32,610 - post_processor_c35a117e9f5a - INFO - PPE meta buffered | camera=ppe_test_cam1 | violation=False
2026-08-13 23:00:32,610 - post_processor_c35a117e9f5a - INFO - PPE frame complete | camera=ppe_test_cam1 | violation=False
2026-08-13 23:00:33,703 - post_processor_c35a117e9f5a - INFO - [FRAME RECEIVED] topic=post_processing | partition=0 | offset=351 | frame_id=None | camera=ppe_test_cam1
2026-08-13 23:00:33,704 - post_processor_c35a117e9f5a - INFO - [DETECT BATCH] START | od=0 | ppe=1
2026-08-13 23:00:33,706 - post_processor_c35a117e9f5a - INFO - [PROCESS PPE DETECTION] camera=ppe_test_cam1 | severity=none | violated=[]
2026-08-13 23:00:33,706 - post_processor_c35a117e9f5a - INFO - [DETECT BATCH] DONE | od=0 | ppe=1
2026-08-13 23:00:33,707 - post_processor_c35a117e9f5a - INFO - PPE meta buffered | camera=ppe_test_cam1 | violation=False
2026-08-13 23:00:33,707 - post_processor_c35a117e9f5a - INFO - PPE frame complete | camera=ppe_test_cam1 | violation=False
2026-08-13 23:00:35,165 - post_processor_c35a117e9f5a - INFO - [FRAME RECEIVED] topic=post_processing | partition=0 | offset=352 | frame_id=None | camera=ppe_test_cam1
2026-08-13 23:00:35,165 - post_processor_c35a117e9f5a - INFO - [DETECT BATCH] START | od=0 | ppe=1
2026-08-13 23:00:35,166 - post_processor_c35a117e9f5a - INFO - [PROCESS PPE DETECTION] camera=ppe_test_cam1 | severity=none | violated=[]
2026-08-13 23:00:35,166 - post_processor_c35a117e9f5a - INFO - [DETECT BATCH] DONE | od=0 | ppe=1
2026-08-13 23:00:35,167 - post_processor_c35a117e9f5a - INFO - PPE meta buffered | camera=ppe_test_cam1 | violation=False
2026-08-13 23:00:35,167 - post_processor_c35a117e9f5a - INFO - PPE frame complete | camera=ppe_test_cam1 | violation=False
2026-08-13 23:00:35,168 - post_processor_c35a117e9f5a - INFO - [FRAME RECEIVED] topic=post_processing | partition=0 | offset=353 | frame_id=None | camera=ppe_test_cam1
2026-08-13 23:00:35,169 - post_processor_c35a117e9f5a - INFO - [DETECT BATCH] START | od=0 | ppe=1
2026-08-13 23:00:35,170 - post_processor_c35a117e9f5a - INFO - [PROCESS PPE DETECTION] camera=ppe_test_cam1 | severity=none | violated=[]
2026-08-13 23:00:35,170 - post_processor_c35a117e9f5a - INFO - [DETECT BATCH] DONE | od=0 | ppe=1
2026-08-13 23:00:35,170 - post_processor_c35a117e9f5a - INFO - PPE meta buffered | camera=ppe_test_cam1 | violation=False
2026-08-13 23:00:35,170 - post_processor_c35a117e9f5a - INFO - PPE frame complete | camera=ppe_test_cam1 | violation=False
2026-08-13 23:00:59,614 - post_processor_c35a117e9f5a - INFO - [FRAME RECEIVED] topic=post_processing | partition=0 | offset=354 | frame_id=None | camera=ppe_test_cam1
2026-08-13 23:00:59,614 - post_processor_c35a117e9f5a - INFO - [DETECT BATCH] START | od=0 | ppe=1
2026-08-13 23:00:59,614 - post_processor_c35a117e9f5a - INFO - [PROCESS PPE DETECTION] camera=ppe_test_cam1 | severity=none | violated=[]
2026-08-13 23:00:59,615 - post_processor_c35a117e9f5a - INFO - [DETECT BATCH] DONE | od=0 | ppe=1
2026-08-13 23:00:59,615 - post_processor_c35a117e9f5a - INFO - PPE meta buffered | camera=ppe_test_cam1 | violation=False
2026-08-13 23:00:59,615 - post_processor_c35a117e9f5a - INFO - PPE frame complete | camera=ppe_test_cam1 | violation=False
2026-08-13 23:01:00,576 - post_processor_c35a117e9f5a - INFO - [FRAME RECEIVED] topic=post_processing | partition=0 | offset=355 | frame_id=None | camera=ppe_test_cam1
2026-08-13 23:01:00,577 - post_processor_c35a117e9f5a - INFO - [DETECT BATCH] START | od=0 | ppe=1
2026-08-13 23:01:00,577 - post_processor_c35a117e9f5a - INFO - [PROCESS PPE DETECTION] camera=ppe_test_cam1 | severity=none | violated=[]
2026-08-13 23:01:00,578 - post_processor_c35a117e9f5a - INFO - [DETECT BATCH] DONE | od=0 | ppe=1
2026-08-13 23:01:00,578 - post_processor_c35a117e9f5a - INFO - PPE meta buffered | camera=ppe_test_cam1 | violation=False
2026-08-13 23:01:00,578 - post_processor_c35a117e9f5a - INFO - PPE frame complete | camera=ppe_test_cam1 | violation=False
2026-08-13 23:01:18,487 - post_processor_c35a117e9f5a - INFO - [FRAME RECEIVED] topic=post_processing | partition=0 | offset=356 | frame_id=None | camera=ppe_test_cam1
2026-08-13 23:01:18,487 - post_processor_c35a117e9f5a - INFO - [DETECT BATCH] START | od=0 | ppe=1
2026-08-13 23:01:18,488 - post_processor_c35a117e9f5a - INFO - [PROCESS PPE DETECTION] camera=ppe_test_cam1 | severity=none | violated=[]
2026-08-13 23:01:18,488 - post_processor_c35a117e9f5a - INFO - [DETECT BATCH] DONE | od=0 | ppe=1
2026-08-13 23:01:18,488 - post_processor_c35a117e9f5a - INFO - PPE meta buffered | camera=ppe_test_cam1 | violation=False
2026-08-13 23:01:18,571 - post_processor_c35a117e9f5a - INFO - PPE MongoDB batch insert | camera=ppe_test_cam1 | count=10
2026-08-13 23:01:18,572 - post_processor_c35a117e9f5a - INFO - PPE frame complete | camera=ppe_test_cam1 | violation=False
2026-08-13 23:01:18,573 - post_processor_c35a117e9f5a - INFO - Kafka offsets committed | count=10
2026-08-13 23:01:18,573 - post_processor_c35a117e9f5a - INFO - [FRAME RECEIVED] topic=post_processing | partition=0 | offset=357 | frame_id=None | camera=ppe_test_cam1
2026-08-13 23:01:18,573 - post_processor_c35a117e9f5a - INFO - [DETECT BATCH] START | od=0 | ppe=1
2026-08-13 23:01:18,573 - post_processor_c35a117e9f5a - INFO - [PROCESS PPE DETECTION] camera=ppe_test_cam1 | severity=low | violated=['No-Shoes', 'No-Shoes']
2026-08-13 23:01:18,577 - post_processor_c35a117e9f5a - INFO - PPE alert image saved | path=/Aksha/ppe_test_cam1/alerts/2026-08-13/2026-08-13 23:01:18.57_alert.jpg
2026-08-13 23:01:18,577 - post_processor_c35a117e9f5a - INFO - [DETECT BATCH] DONE | od=0 | ppe=1
2026-08-13 23:01:18,577 - post_processor_c35a117e9f5a - INFO - PPE meta buffered | camera=ppe_test_cam1 | violation=True
2026-08-13 23:01:18,597 - post_processor_c35a117e9f5a - INFO - PPE alert dual-written to alerts collection | camera=ppe_test_cam1
2026-08-13 23:01:18,598 - post_processor_c35a117e9f5a - INFO - ppe_status_check | has_violation=True | validity=True
2026-08-13 23:01:18,598 - post_processor_c35a117e9f5a - INFO - PPE notification approved | camera=ppe_test_cam1 | severity=low
2026-08-13 23:01:18,598 - post_processor_c35a117e9f5a - INFO - PPE notification sent | camera=ppe_test_cam1 | severity=low | topic=notification_service
2026-08-13 23:01:18,599 - post_processor_c35a117e9f5a - INFO - PPE frame complete | camera=ppe_test_cam1 | violation=True
2026-08-13 23:01:19,580 - post_processor_c35a117e9f5a - INFO - [FRAME RECEIVED] topic=post_processing | partition=0 | offset=358 | frame_id=None | camera=ppe_test_cam1
2026-08-13 23:01:19,580 - post_processor_c35a117e9f5a - INFO - [DETECT BATCH] START | od=0 | ppe=1
2026-08-13 23:01:19,581 - post_processor_c35a117e9f5a - INFO - [PROCESS PPE DETECTION] camera=ppe_test_cam1 | severity=none | violated=[]
2026-08-13 23:01:19,581 - post_processor_c35a117e9f5a - INFO - [DETECT BATCH] DONE | od=0 | ppe=1
2026-08-13 23:01:19,581 - post_processor_c35a117e9f5a - INFO - PPE meta buffered | camera=ppe_test_cam1 | violation=False
2026-08-13 23:01:19,581 - post_processor_c35a117e9f5a - INFO - PPE frame complete | camera=ppe_test_cam1 | violation=False
2026-08-13 23:01:19,582 - post_processor_c35a117e9f5a - INFO - [FRAME RECEIVED] topic=post_processing | partition=0 | offset=359 | frame_id=None | camera=ppe_test_cam1
2026-08-13 23:01:19,582 - post_processor_c35a117e9f5a - INFO - [DETECT BATCH] START | od=0 | ppe=1
2026-08-13 23:01:19,582 - post_processor_c35a117e9f5a - INFO - [PROCESS PPE DETECTION] camera=ppe_test_cam1 | severity=low | violated=['No-Shoes', 'No-Shoes']
2026-08-13 23:01:19,585 - post_processor_c35a117e9f5a - INFO - PPE alert image saved | path=/Aksha/ppe_test_cam1/alerts/2026-08-13/2026-08-13 23:01:19.58_alert.jpg
2026-08-13 23:01:19,586 - post_processor_c35a117e9f5a - INFO - [DETECT BATCH] DONE | od=0 | ppe=1
2026-08-13 23:01:19,586 - post_processor_c35a117e9f5a - INFO - PPE meta buffered | camera=ppe_test_cam1 | violation=True
2026-08-13 23:01:19,606 - post_processor_c35a117e9f5a - INFO - PPE alert dual-written to alerts collection | camera=ppe_test_cam1
2026-08-13 23:01:19,607 - post_processor_c35a117e9f5a - INFO - ppe_status_check | has_violation=True | validity=False
2026-08-13 23:01:19,607 - post_processor_c35a117e9f5a - INFO - PPE notification suppressed by cooldown | camera=ppe_test_cam1
2026-08-13 23:01:19,607 - post_processor_c35a117e9f5a - INFO - PPE frame complete | camera=ppe_test_cam1 | violation=True
2026-08-13 23:01:20,586 - post_processor_c35a117e9f5a - INFO - [FRAME RECEIVED] topic=post_processing | partition=0 | offset=360 | frame_id=None | camera=ppe_test_cam1
2026-08-13 23:01:20,587 - post_processor_c35a117e9f5a - INFO - [DETECT BATCH] START | od=0 | ppe=1
2026-08-13 23:01:20,587 - post_processor_c35a117e9f5a - INFO - [PROCESS PPE DETECTION] camera=ppe_test_cam1 | severity=none | violated=[]
2026-08-13 23:01:20,587 - post_processor_c35a117e9f5a - INFO - [DETECT BATCH] DONE | od=0 | ppe=1
2026-08-13 23:01:20,587 - post_processor_c35a117e9f5a - INFO - PPE meta buffered | camera=ppe_test_cam1 | violation=False
2026-08-13 23:01:20,587 - post_processor_c35a117e9f5a - INFO - PPE frame complete | camera=ppe_test_cam1 | violation=False
2026-08-13 23:01:20,619 - post_processor_c35a117e9f5a - INFO - [FRAME RECEIVED] topic=post_processing | partition=0 | offset=361 | frame_id=None | camera=ppe_test_cam1
2026-08-13 23:01:20,619 - post_processor_c35a117e9f5a - INFO - [DETECT BATCH] START | od=0 | ppe=1
2026-08-13 23:01:20,619 - post_processor_c35a117e9f5a - INFO - [PROCESS PPE DETECTION] camera=ppe_test_cam1 | severity=low | violated=['No-Shoes', 'No-Shoes']
2026-08-13 23:01:20,622 - post_processor_c35a117e9f5a - INFO - PPE alert image saved | path=/Aksha/ppe_test_cam1/alerts/2026-08-13/2026-08-13 23:01:20.62_alert.jpg
2026-08-13 23:01:20,623 - post_processor_c35a117e9f5a - INFO - [DETECT BATCH] DONE | od=0 | ppe=1
2026-08-13 23:01:20,623 - post_processor_c35a117e9f5a - INFO - PPE meta buffered | camera=ppe_test_cam1 | violation=True
2026-08-13 23:01:20,675 - post_processor_c35a117e9f5a - INFO - PPE alert dual-written to alerts collection | camera=ppe_test_cam1
2026-08-13 23:01:20,676 - post_processor_c35a117e9f5a - INFO - ppe_status_check | has_violation=True | validity=False
2026-08-13 23:01:20,677 - post_processor_c35a117e9f5a - INFO - PPE notification suppressed by cooldown | camera=ppe_test_cam1
2026-08-13 23:01:20,677 - post_processor_c35a117e9f5a - INFO - PPE frame complete | camera=ppe_test_cam1 | violation=True
2026-08-13 23:01:21,517 - post_processor_c35a117e9f5a - INFO - [FRAME RECEIVED] topic=post_processing | partition=0 | offset=362 | frame_id=None | camera=ppe_test_cam1
2026-08-13 23:01:21,517 - post_processor_c35a117e9f5a - INFO - [DETECT BATCH] START | od=0 | ppe=1
2026-08-13 23:01:21,517 - post_processor_c35a117e9f5a - INFO - [PROCESS PPE DETECTION] camera=ppe_test_cam1 | severity=none | violated=[]
2026-08-13 23:01:21,518 - post_processor_c35a117e9f5a - INFO - [DETECT BATCH] DONE | od=0 | ppe=1
2026-08-13 23:01:21,518 - post_processor_c35a117e9f5a - INFO - PPE meta buffered | camera=ppe_test_cam1 | violation=False
2026-08-13 23:01:21,518 - post_processor_c35a117e9f5a - INFO - PPE frame complete | camera=ppe_test_cam1 | violation=False
2026-08-13 23:01:21,518 - post_processor_c35a117e9f5a - INFO - [FRAME RECEIVED] topic=post_processing | partition=0 | offset=363 | frame_id=None | camera=ppe_test_cam1
2026-08-13 23:01:21,518 - post_processor_c35a117e9f5a - INFO - [DETECT BATCH] START | od=0 | ppe=1
2026-08-13 23:01:21,519 - post_processor_c35a117e9f5a - INFO - [PROCESS PPE DETECTION] camera=ppe_test_cam1 | severity=low | violated=['No-Shoes', 'No-Shoes']
2026-08-13 23:01:21,522 - post_processor_c35a117e9f5a - INFO - PPE alert image saved | path=/Aksha/ppe_test_cam1/alerts/2026-08-13/2026-08-13 23:01:21.52_alert.jpg
2026-08-13 23:01:21,522 - post_processor_c35a117e9f5a - INFO - [DETECT BATCH] DONE | od=0 | ppe=1
2026-08-13 23:01:21,522 - post_processor_c35a117e9f5a - INFO - PPE meta buffered | camera=ppe_test_cam1 | violation=True
2026-08-13 23:01:21,540 - post_processor_c35a117e9f5a - INFO - PPE alert dual-written to alerts collection | camera=ppe_test_cam1
2026-08-13 23:01:21,541 - post_processor_c35a117e9f5a - INFO - ppe_status_check | has_violation=True | validity=False
2026-08-13 23:01:21,541 - post_processor_c35a117e9f5a - INFO - PPE notification suppressed by cooldown | camera=ppe_test_cam1
2026-08-13 23:01:21,541 - post_processor_c35a117e9f5a - INFO - PPE frame complete | camera=ppe_test_cam1 | violation=True
2026-08-13 23:01:22,585 - post_processor_c35a117e9f5a - INFO - [FRAME RECEIVED] topic=post_processing | partition=0 | offset=364 | frame_id=None | camera=ppe_test_cam1
2026-08-13 23:01:22,585 - post_processor_c35a117e9f5a - INFO - [DETECT BATCH] START | od=0 | ppe=1
2026-08-13 23:01:22,586 - post_processor_c35a117e9f5a - INFO - [PROCESS PPE DETECTION] camera=ppe_test_cam1 | severity=none | violated=[]
2026-08-13 23:01:22,586 - post_processor_c35a117e9f5a - INFO - [DETECT BATCH] DONE | od=0 | ppe=1
2026-08-13 23:01:22,586 - post_processor_c35a117e9f5a - INFO - PPE meta buffered | camera=ppe_test_cam1 | violation=False
2026-08-13 23:01:22,586 - post_processor_c35a117e9f5a - INFO - PPE frame complete | camera=ppe_test_cam1 | violation=False
2026-08-13 23:01:27,530 - post_processor_c35a117e9f5a - INFO - [FRAME RECEIVED] topic=post_processing | partition=0 | offset=365 | frame_id=None | camera=ppe_test_cam1
2026-08-13 23:01:27,530 - post_processor_c35a117e9f5a - INFO - [DETECT BATCH] START | od=0 | ppe=1
2026-08-13 23:01:27,531 - post_processor_c35a117e9f5a - INFO - [PROCESS PPE DETECTION] camera=ppe_test_cam1 | severity=none | violated=[]
2026-08-13 23:01:27,531 - post_processor_c35a117e9f5a - INFO - [DETECT BATCH] DONE | od=0 | ppe=1
2026-08-13 23:01:27,531 - post_processor_c35a117e9f5a - INFO - PPE meta buffered | camera=ppe_test_cam1 | violation=False
2026-08-13 23:01:27,531 - post_processor_c35a117e9f5a - INFO - PPE frame complete | camera=ppe_test_cam1 | violation=False
2026-08-13 23:01:28,601 - post_processor_c35a117e9f5a - INFO - [FRAME RECEIVED] topic=post_processing | partition=0 | offset=366 | frame_id=None | camera=ppe_test_cam1
2026-08-13 23:01:28,601 - post_processor_c35a117e9f5a - INFO - [DETECT BATCH] START | od=0 | ppe=1
2026-08-13 23:01:28,601 - post_processor_c35a117e9f5a - INFO - [PROCESS PPE DETECTION] camera=ppe_test_cam1 | severity=none | violated=[]
2026-08-13 23:01:28,602 - post_processor_c35a117e9f5a - INFO - [DETECT BATCH] DONE | od=0 | ppe=1
2026-08-13 23:01:28,602 - post_processor_c35a117e9f5a - INFO - PPE meta buffered | camera=ppe_test_cam1 | violation=False
2026-08-13 23:01:28,633 - post_processor_c35a117e9f5a - INFO - PPE MongoDB batch insert | camera=ppe_test_cam1 | count=10
2026-08-13 23:01:28,633 - post_processor_c35a117e9f5a - INFO - PPE frame complete | camera=ppe_test_cam1 | violation=False
2026-08-13 23:01:28,634 - post_processor_c35a117e9f5a - INFO - Kafka offsets committed | count=10
2026-08-13 23:01:29,436 - post_processor_c35a117e9f5a - INFO - [FRAME RECEIVED] topic=post_processing | partition=0 | offset=367 | frame_id=None | camera=ppe_test_cam1
2026-08-13 23:01:29,436 - post_processor_c35a117e9f5a - INFO - [DETECT BATCH] START | od=0 | ppe=1
2026-08-13 23:01:29,437 - post_processor_c35a117e9f5a - INFO - [PROCESS PPE DETECTION] camera=ppe_test_cam1 | severity=none | violated=[]
2026-08-13 23:01:29,438 - post_processor_c35a117e9f5a - INFO - [DETECT BATCH] DONE | od=0 | ppe=1
2026-08-13 23:01:29,439 - post_processor_c35a117e9f5a - INFO - PPE meta buffered | camera=ppe_test_cam1 | violation=False
2026-08-13 23:01:29,439 - post_processor_c35a117e9f5a - INFO - PPE frame complete | camera=ppe_test_cam1 | violation=False
2026-08-13 23:01:30,568 - post_processor_c35a117e9f5a - INFO - [FRAME RECEIVED] topic=post_processing | partition=0 | offset=368 | frame_id=None | camera=ppe_test_cam1
2026-08-13 23:01:30,568 - post_processor_c35a117e9f5a - INFO - [DETECT BATCH] START | od=0 | ppe=1
2026-08-13 23:01:30,569 - post_processor_c35a117e9f5a - INFO - [PROCESS PPE DETECTION] camera=ppe_test_cam1 | severity=none | violated=[]
2026-08-13 23:01:30,569 - post_processor_c35a117e9f5a - INFO - [DETECT BATCH] DONE | od=0 | ppe=1
2026-08-13 23:01:30,569 - post_processor_c35a117e9f5a - INFO - PPE meta buffered | camera=ppe_test_cam1 | violation=False
2026-08-13 23:01:30,569 - post_processor_c35a117e9f5a - INFO - PPE frame complete | camera=ppe_test_cam1 | violation=False
2026-08-13 23:01:31,580 - post_processor_c35a117e9f5a - INFO - [FRAME RECEIVED] topic=post_processing | partition=0 | offset=369 | frame_id=None | camera=ppe_test_cam1
2026-08-13 23:01:31,580 - post_processor_c35a117e9f5a - INFO - [DETECT BATCH] START | od=0 | ppe=1
2026-08-13 23:01:31,580 - post_processor_c35a117e9f5a - INFO - [PROCESS PPE DETECTION] camera=ppe_test_cam1 | severity=none | violated=[]
2026-08-13 23:01:31,581 - post_processor_c35a117e9f5a - INFO - [DETECT BATCH] DONE | od=0 | ppe=1
2026-08-13 23:01:31,581 - post_processor_c35a117e9f5a - INFO - PPE meta buffered | camera=ppe_test_cam1 | violation=False
2026-08-13 23:01:31,581 - post_processor_c35a117e9f5a - INFO - PPE frame complete | camera=ppe_test_cam1 | violation=False
2026-08-13 23:01:32,441 - post_processor_c35a117e9f5a - INFO - [FRAME RECEIVED] topic=post_processing | partition=0 | offset=370 | frame_id=None | camera=ppe_test_cam1
2026-08-13 23:01:32,441 - post_processor_c35a117e9f5a - INFO - [DETECT BATCH] START | od=0 | ppe=1
2026-08-13 23:01:32,442 - post_processor_c35a117e9f5a - INFO - [PROCESS PPE DETECTION] camera=ppe_test_cam1 | severity=none | violated=[]
2026-08-13 23:01:32,442 - post_processor_c35a117e9f5a - INFO - [DETECT BATCH] DONE | od=0 | ppe=1
2026-08-13 23:01:32,442 - post_processor_c35a117e9f5a - INFO - PPE meta buffered | camera=ppe_test_cam1 | violation=False
2026-08-13 23:01:32,443 - post_processor_c35a117e9f5a - INFO - PPE frame complete | camera=ppe_test_cam1 | violation=False
2026-08-13 23:01:33,589 - post_processor_c35a117e9f5a - INFO - [FRAME RECEIVED] topic=post_processing | partition=0 | offset=371 | frame_id=None | camera=ppe_test_cam1
2026-08-13 23:01:33,589 - post_processor_c35a117e9f5a - INFO - [DETECT BATCH] START | od=0 | ppe=1
2026-08-13 23:01:33,590 - post_processor_c35a117e9f5a - INFO - [PROCESS PPE DETECTION] camera=ppe_test_cam1 | severity=none | violated=[]
2026-08-13 23:01:33,590 - post_processor_c35a117e9f5a - INFO - [DETECT BATCH] DONE | od=0 | ppe=1
2026-08-13 23:01:33,590 - post_processor_c35a117e9f5a - INFO - PPE meta buffered | camera=ppe_test_cam1 | violation=False
2026-08-13 23:01:33,590 - post_processor_c35a117e9f5a - INFO - PPE frame complete | camera=ppe_test_cam1 | violation=False
2026-08-13 23:01:34,681 - post_processor_c35a117e9f5a - INFO - [FRAME RECEIVED] topic=post_processing | partition=0 | offset=372 | frame_id=None | camera=ppe_test_cam1
2026-08-13 23:01:34,681 - post_processor_c35a117e9f5a - INFO - [DETECT BATCH] START | od=0 | ppe=1
2026-08-13 23:01:34,681 - post_processor_c35a117e9f5a - INFO - [PROCESS PPE DETECTION] camera=ppe_test_cam1 | severity=none | violated=[]
2026-08-13 23:01:34,682 - post_processor_c35a117e9f5a - INFO - [DETECT BATCH] DONE | od=0 | ppe=1
2026-08-13 23:01:34,683 - post_processor_c35a117e9f5a - INFO - PPE meta buffered | camera=ppe_test_cam1 | violation=False
2026-08-13 23:01:34,683 - post_processor_c35a117e9f5a - INFO - PPE frame complete | camera=ppe_test_cam1 | violation=False
2026-08-13 23:01:34,683 - post_processor_c35a117e9f5a - INFO - [FRAME RECEIVED] topic=post_processing | partition=0 | offset=373 | frame_id=None | camera=ppe_test_cam1
2026-08-13 23:01:34,683 - post_processor_c35a117e9f5a - INFO - [DETECT BATCH] START | od=0 | ppe=1
2026-08-13 23:01:34,683 - post_processor_c35a117e9f5a - INFO - [PROCESS PPE DETECTION] camera=ppe_test_cam1 | severity=none | violated=[]
2026-08-13 23:01:34,684 - post_processor_c35a117e9f5a - INFO - [DETECT BATCH] DONE | od=0 | ppe=1
2026-08-13 23:01:34,684 - post_processor_c35a117e9f5a - INFO - PPE meta buffered | camera=ppe_test_cam1 | violation=False
2026-08-13 23:01:34,684 - post_processor_c35a117e9f5a - INFO - PPE frame complete | camera=ppe_test_cam1 | violation=False
2026-08-13 23:01:59,615 - post_processor_c35a117e9f5a - INFO - [FRAME RECEIVED] topic=post_processing | partition=0 | offset=374 | frame_id=None | camera=ppe_test_cam1
2026-08-13 23:01:59,615 - post_processor_c35a117e9f5a - INFO - [DETECT BATCH] START | od=0 | ppe=1
2026-08-13 23:01:59,615 - post_processor_c35a117e9f5a - INFO - [PROCESS PPE DETECTION] camera=ppe_test_cam1 | severity=none | violated=[]
2026-08-13 23:01:59,615 - post_processor_c35a117e9f5a - INFO - [DETECT BATCH] DONE | od=0 | ppe=1
2026-08-13 23:01:59,616 - post_processor_c35a117e9f5a - INFO - PPE meta buffered | camera=ppe_test_cam1 | violation=False
2026-08-13 23:01:59,616 - post_processor_c35a117e9f5a - INFO - PPE frame complete | camera=ppe_test_cam1 | violation=False
2026-08-13 23:02:00,618 - post_processor_c35a117e9f5a - INFO - [FRAME RECEIVED] topic=post_processing | partition=0 | offset=375 | frame_id=None | camera=ppe_test_cam1
2026-08-13 23:02:00,618 - post_processor_c35a117e9f5a - INFO - [DETECT BATCH] START | od=0 | ppe=1
2026-08-13 23:02:00,618 - post_processor_c35a117e9f5a - INFO - [PROCESS PPE DETECTION] camera=ppe_test_cam1 | severity=none | violated=[]
2026-08-13 23:02:00,618 - post_processor_c35a117e9f5a - INFO - [DETECT BATCH] DONE | od=0 | ppe=1
2026-08-13 23:02:00,619 - post_processor_c35a117e9f5a - INFO - PPE meta buffered | camera=ppe_test_cam1 | violation=False
2026-08-13 23:02:00,619 - post_processor_c35a117e9f5a - INFO - PPE frame complete | camera=ppe_test_cam1 | violation=False
2026-08-13 23:02:18,511 - post_processor_c35a117e9f5a - INFO - [FRAME RECEIVED] topic=post_processing | partition=0 | offset=376 | frame_id=None | camera=ppe_test_cam1
2026-08-13 23:02:18,511 - post_processor_c35a117e9f5a - INFO - [DETECT BATCH] START | od=0 | ppe=1
2026-08-13 23:02:18,511 - post_processor_c35a117e9f5a - INFO - [PROCESS PPE DETECTION] camera=ppe_test_cam1 | severity=none | violated=[]
2026-08-13 23:02:18,511 - post_processor_c35a117e9f5a - INFO - [DETECT BATCH] DONE | od=0 | ppe=1
2026-08-13 23:02:18,512 - post_processor_c35a117e9f5a - INFO - PPE meta buffered | camera=ppe_test_cam1 | violation=False
2026-08-13 23:02:18,545 - post_processor_c35a117e9f5a - INFO - PPE MongoDB batch insert | camera=ppe_test_cam1 | count=10
2026-08-13 23:02:18,547 - post_processor_c35a117e9f5a - INFO - PPE frame complete | camera=ppe_test_cam1 | violation=False
2026-08-13 23:02:18,549 - post_processor_c35a117e9f5a - INFO - Kafka offsets committed | count=10
2026-08-13 23:02:18,550 - post_processor_c35a117e9f5a - INFO - [FRAME RECEIVED] topic=post_processing | partition=0 | offset=377 | frame_id=None | camera=ppe_test_cam1
2026-08-13 23:02:18,550 - post_processor_c35a117e9f5a - INFO - [DETECT BATCH] START | od=0 | ppe=1
2026-08-13 23:02:18,551 - post_processor_c35a117e9f5a - INFO - [PROCESS PPE DETECTION] camera=ppe_test_cam1 | severity=low | violated=['No-Shoes', 'No-Shoes']
2026-08-13 23:02:18,554 - post_processor_c35a117e9f5a - INFO - PPE alert image saved | path=/Aksha/ppe_test_cam1/alerts/2026-08-13/2026-08-13 23:02:18.55_alert.jpg
2026-08-13 23:02:18,554 - post_processor_c35a117e9f5a - INFO - [DETECT BATCH] DONE | od=0 | ppe=1
2026-08-13 23:02:18,554 - post_processor_c35a117e9f5a - INFO - PPE meta buffered | camera=ppe_test_cam1 | violation=True
2026-08-13 23:02:18,614 - post_processor_c35a117e9f5a - INFO - PPE alert dual-written to alerts collection | camera=ppe_test_cam1
2026-08-13 23:02:18,615 - post_processor_c35a117e9f5a - INFO - ppe_status_check | has_violation=True | validity=True
2026-08-13 23:02:18,615 - post_processor_c35a117e9f5a - INFO - PPE notification approved | camera=ppe_test_cam1 | severity=low
2026-08-13 23:02:18,615 - post_processor_c35a117e9f5a - INFO - PPE notification sent | camera=ppe_test_cam1 | severity=low | topic=notification_service
2026-08-13 23:02:18,616 - post_processor_c35a117e9f5a - INFO - PPE frame complete | camera=ppe_test_cam1 | violation=True
2026-08-13 23:02:19,563 - post_processor_c35a117e9f5a - INFO - [FRAME RECEIVED] topic=post_processing | partition=0 | offset=378 | frame_id=None | camera=ppe_test_cam1
2026-08-13 23:02:19,563 - post_processor_c35a117e9f5a - INFO - [DETECT BATCH] START | od=0 | ppe=1
2026-08-13 23:02:19,564 - post_processor_c35a117e9f5a - INFO - [PROCESS PPE DETECTION] camera=ppe_test_cam1 | severity=none | violated=[]
2026-08-13 23:02:19,564 - post_processor_c35a117e9f5a - INFO - [DETECT BATCH] DONE | od=0 | ppe=1
2026-08-13 23:02:19,564 - post_processor_c35a117e9f5a - INFO - PPE meta buffered | camera=ppe_test_cam1 | violation=False
2026-08-13 23:02:19,564 - post_processor_c35a117e9f5a - INFO - PPE frame complete | camera=ppe_test_cam1 | violation=False
2026-08-13 23:02:19,605 - post_processor_c35a117e9f5a - INFO - [FRAME RECEIVED] topic=post_processing | partition=0 | offset=379 | frame_id=None | camera=ppe_test_cam1
2026-08-13 23:02:19,605 - post_processor_c35a117e9f5a - INFO - [DETECT BATCH] START | od=0 | ppe=1
2026-08-13 23:02:19,606 - post_processor_c35a117e9f5a - INFO - [PROCESS PPE DETECTION] camera=ppe_test_cam1 | severity=low | violated=['No-Shoes', 'No-Shoes']
2026-08-13 23:02:19,609 - post_processor_c35a117e9f5a - INFO - PPE alert image saved | path=/Aksha/ppe_test_cam1/alerts/2026-08-13/2026-08-13 23:02:19.60_alert.jpg
2026-08-13 23:02:19,610 - post_processor_c35a117e9f5a - INFO - [DETECT BATCH] DONE | od=0 | ppe=1
2026-08-13 23:02:19,610 - post_processor_c35a117e9f5a - INFO - PPE meta buffered | camera=ppe_test_cam1 | violation=True
2026-08-13 23:02:19,629 - post_processor_c35a117e9f5a - INFO - PPE alert dual-written to alerts collection | camera=ppe_test_cam1
2026-08-13 23:02:19,630 - post_processor_c35a117e9f5a - INFO - ppe_status_check | has_violation=True | validity=False
2026-08-13 23:02:19,630 - post_processor_c35a117e9f5a - INFO - PPE notification suppressed by cooldown | camera=ppe_test_cam1
2026-08-13 23:02:19,630 - post_processor_c35a117e9f5a - INFO - PPE frame complete | camera=ppe_test_cam1 | violation=True
2026-08-13 23:02:20,675 - post_processor_c35a117e9f5a - INFO - [FRAME RECEIVED] topic=post_processing | partition=0 | offset=380 | frame_id=None | camera=ppe_test_cam1
2026-08-13 23:02:20,675 - post_processor_c35a117e9f5a - INFO - [DETECT BATCH] START | od=0 | ppe=1
2026-08-13 23:02:20,675 - post_processor_c35a117e9f5a - INFO - [PROCESS PPE DETECTION] camera=ppe_test_cam1 | severity=low | violated=['No-Shoes', 'No-Shoes']
2026-08-13 23:02:20,679 - post_processor_c35a117e9f5a - INFO - PPE alert image saved | path=/Aksha/ppe_test_cam1/alerts/2026-08-13/2026-08-13 23:02:20.67_alert.jpg
2026-08-13 23:02:20,679 - post_processor_c35a117e9f5a - INFO - [DETECT BATCH] DONE | od=0 | ppe=1
2026-08-13 23:02:20,679 - post_processor_c35a117e9f5a - INFO - PPE meta buffered | camera=ppe_test_cam1 | violation=True
2026-08-13 23:02:20,704 - post_processor_c35a117e9f5a - INFO - PPE alert dual-written to alerts collection | camera=ppe_test_cam1
2026-08-13 23:02:20,705 - post_processor_c35a117e9f5a - INFO - ppe_status_check | has_violation=True | validity=False
2026-08-13 23:02:20,706 - post_processor_c35a117e9f5a - INFO - PPE notification suppressed by cooldown | camera=ppe_test_cam1
2026-08-13 23:02:20,706 - post_processor_c35a117e9f5a - INFO - PPE frame complete | camera=ppe_test_cam1 | violation=True
2026-08-13 23:02:20,707 - post_processor_c35a117e9f5a - INFO - [FRAME RECEIVED] topic=post_processing | partition=0 | offset=381 | frame_id=None | camera=ppe_test_cam1
2026-08-13 23:02:20,707 - post_processor_c35a117e9f5a - INFO - [DETECT BATCH] START | od=0 | ppe=1
2026-08-13 23:02:20,707 - post_processor_c35a117e9f5a - INFO - [PROCESS PPE DETECTION] camera=ppe_test_cam1 | severity=none | violated=[]
2026-08-13 23:02:20,707 - post_processor_c35a117e9f5a - INFO - [DETECT BATCH] DONE | od=0 | ppe=1
2026-08-13 23:02:20,707 - post_processor_c35a117e9f5a - INFO - PPE meta buffered | camera=ppe_test_cam1 | violation=False
2026-08-13 23:02:20,707 - post_processor_c35a117e9f5a - INFO - PPE frame complete | camera=ppe_test_cam1 | violation=False
2026-08-13 23:02:21,645 - post_processor_c35a117e9f5a - INFO - [FRAME RECEIVED] topic=post_processing | partition=0 | offset=382 | frame_id=None | camera=ppe_test_cam1
2026-08-13 23:02:21,646 - post_processor_c35a117e9f5a - INFO - [DETECT BATCH] START | od=0 | ppe=1
2026-08-13 23:02:21,646 - post_processor_c35a117e9f5a - INFO - [PROCESS PPE DETECTION] camera=ppe_test_cam1 | severity=none | violated=[]
2026-08-13 23:02:21,646 - post_processor_c35a117e9f5a - INFO - [DETECT BATCH] DONE | od=0 | ppe=1
2026-08-13 23:02:21,647 - post_processor_c35a117e9f5a - INFO - PPE meta buffered | camera=ppe_test_cam1 | violation=False
2026-08-13 23:02:21,647 - post_processor_c35a117e9f5a - INFO - PPE frame complete | camera=ppe_test_cam1 | violation=False
2026-08-13 23:02:21,647 - post_processor_c35a117e9f5a - INFO - [FRAME RECEIVED] topic=post_processing | partition=0 | offset=383 | frame_id=None | camera=ppe_test_cam1
2026-08-13 23:02:21,648 - post_processor_c35a117e9f5a - INFO - [DETECT BATCH] START | od=0 | ppe=1
2026-08-13 23:02:21,648 - post_processor_c35a117e9f5a - INFO - [PROCESS PPE DETECTION] camera=ppe_test_cam1 | severity=low | violated=['No-Shoes', 'No-Shoes']
2026-08-13 23:02:21,651 - post_processor_c35a117e9f5a - INFO - PPE alert image saved | path=/Aksha/ppe_test_cam1/alerts/2026-08-13/2026-08-13 23:02:21.65_alert.jpg
2026-08-13 23:02:21,652 - post_processor_c35a117e9f5a - INFO - [DETECT BATCH] DONE | od=0 | ppe=1
2026-08-13 23:02:21,652 - post_processor_c35a117e9f5a - INFO - PPE meta buffered | camera=ppe_test_cam1 | violation=True
2026-08-13 23:02:21,671 - post_processor_c35a117e9f5a - INFO - PPE alert dual-written to alerts collection | camera=ppe_test_cam1
2026-08-13 23:02:21,672 - post_processor_c35a117e9f5a - INFO - ppe_status_check | has_violation=True | validity=False
2026-08-13 23:02:21,672 - post_processor_c35a117e9f5a - INFO - PPE notification suppressed by cooldown | camera=ppe_test_cam1
2026-08-13 23:02:21,672 - post_processor_c35a117e9f5a - INFO - PPE frame complete | camera=ppe_test_cam1 | violation=True
2026-08-13 23:02:22,567 - post_processor_c35a117e9f5a - INFO - [FRAME RECEIVED] topic=post_processing | partition=0 | offset=384 | frame_id=None | camera=ppe_test_cam1
2026-08-13 23:02:22,567 - post_processor_c35a117e9f5a - INFO - [DETECT BATCH] START | od=0 | ppe=1
2026-08-13 23:02:22,567 - post_processor_c35a117e9f5a - INFO - [PROCESS PPE DETECTION] camera=ppe_test_cam1 | severity=none | violated=[]
2026-08-13 23:02:22,567 - post_processor_c35a117e9f5a - INFO - [DETECT BATCH] DONE | od=0 | ppe=1
2026-08-13 23:02:22,567 - post_processor_c35a117e9f5a - INFO - PPE meta buffered | camera=ppe_test_cam1 | violation=False
2026-08-13 23:02:22,567 - post_processor_c35a117e9f5a - INFO - PPE frame complete | camera=ppe_test_cam1 | violation=False
2026-08-13 23:02:27,579 - post_processor_c35a117e9f5a - INFO - [FRAME RECEIVED] topic=post_processing | partition=0 | offset=385 | frame_id=None | camera=ppe_test_cam1
2026-08-13 23:02:27,580 - post_processor_c35a117e9f5a - INFO - [DETECT BATCH] START | od=0 | ppe=1
2026-08-13 23:02:27,580 - post_processor_c35a117e9f5a - INFO - [PROCESS PPE DETECTION] camera=ppe_test_cam1 | severity=none | violated=[]
2026-08-13 23:02:27,581 - post_processor_c35a117e9f5a - INFO - [DETECT BATCH] DONE | od=0 | ppe=1
2026-08-13 23:02:27,581 - post_processor_c35a117e9f5a - INFO - PPE meta buffered | camera=ppe_test_cam1 | violation=False
2026-08-13 23:02:27,581 - post_processor_c35a117e9f5a - INFO - PPE frame complete | camera=ppe_test_cam1 | violation=False
2026-08-13 23:02:28,591 - post_processor_c35a117e9f5a - INFO - [FRAME RECEIVED] topic=post_processing | partition=0 | offset=386 | frame_id=None | camera=ppe_test_cam1
2026-08-13 23:02:28,591 - post_processor_c35a117e9f5a - INFO - [DETECT BATCH] START | od=0 | ppe=1
2026-08-13 23:02:28,591 - post_processor_c35a117e9f5a - INFO - [PROCESS PPE DETECTION] camera=ppe_test_cam1 | severity=none | violated=[]
2026-08-13 23:02:28,593 - post_processor_c35a117e9f5a - INFO - [DETECT BATCH] DONE | od=0 | ppe=1
2026-08-13 23:02:28,593 - post_processor_c35a117e9f5a - INFO - PPE meta buffered | camera=ppe_test_cam1 | violation=False
2026-08-13 23:02:28,634 - post_processor_c35a117e9f5a - INFO - PPE MongoDB batch insert | camera=ppe_test_cam1 | count=10
2026-08-13 23:02:28,635 - post_processor_c35a117e9f5a - INFO - PPE frame complete | camera=ppe_test_cam1 | violation=False
2026-08-13 23:02:28,636 - post_processor_c35a117e9f5a - INFO - Kafka offsets committed | count=10
2026-08-13 23:02:29,527 - post_processor_c35a117e9f5a - INFO - [FRAME RECEIVED] topic=post_processing | partition=0 | offset=387 | frame_id=None | camera=ppe_test_cam1
2026-08-13 23:02:29,527 - post_processor_c35a117e9f5a - INFO - [DETECT BATCH] START | od=0 | ppe=1
2026-08-13 23:02:29,528 - post_processor_c35a117e9f5a - INFO - [PROCESS PPE DETECTION] camera=ppe_test_cam1 | severity=none | violated=[]
2026-08-13 23:02:29,528 - post_processor_c35a117e9f5a - INFO - [DETECT BATCH] DONE | od=0 | ppe=1
2026-08-13 23:02:29,528 - post_processor_c35a117e9f5a - INFO - PPE meta buffered | camera=ppe_test_cam1 | violation=False
2026-08-13 23:02:29,528 - post_processor_c35a117e9f5a - INFO - PPE frame complete | camera=ppe_test_cam1 | violation=False
2026-08-13 23:02:30,486 - post_processor_c35a117e9f5a - INFO - [FRAME RECEIVED] topic=post_processing | partition=0 | offset=388 | frame_id=None | camera=ppe_test_cam1
2026-08-13 23:02:30,486 - post_processor_c35a117e9f5a - INFO - [DETECT BATCH] START | od=0 | ppe=1
2026-08-13 23:02:30,487 - post_processor_c35a117e9f5a - INFO - [PROCESS PPE DETECTION] camera=ppe_test_cam1 | severity=none | violated=[]
2026-08-13 23:02:30,487 - post_processor_c35a117e9f5a - INFO - [DETECT BATCH] DONE | od=0 | ppe=1
2026-08-13 23:02:30,487 - post_processor_c35a117e9f5a - INFO - PPE meta buffered | camera=ppe_test_cam1 | violation=False
2026-08-13 23:02:30,487 - post_processor_c35a117e9f5a - INFO - PPE frame complete | camera=ppe_test_cam1 | violation=False
2026-08-13 23:02:31,620 - post_processor_c35a117e9f5a - INFO - [FRAME RECEIVED] topic=post_processing | partition=0 | offset=389 | frame_id=None | camera=ppe_test_cam1
2026-08-13 23:02:31,620 - post_processor_c35a117e9f5a - INFO - [DETECT BATCH] START | od=0 | ppe=1
2026-08-13 23:02:31,620 - post_processor_c35a117e9f5a - INFO - [PROCESS PPE DETECTION] camera=ppe_test_cam1 | severity=none | violated=[]
2026-08-13 23:02:31,621 - post_processor_c35a117e9f5a - INFO - [DETECT BATCH] DONE | od=0 | ppe=1
2026-08-13 23:02:31,621 - post_processor_c35a117e9f5a - INFO - PPE meta buffered | camera=ppe_test_cam1 | violation=False
2026-08-13 23:02:31,621 - post_processor_c35a117e9f5a - INFO - PPE frame complete | camera=ppe_test_cam1 | violation=False
2026-08-13 23:02:32,615 - post_processor_c35a117e9f5a - INFO - [FRAME RECEIVED] topic=post_processing | partition=0 | offset=390 | frame_id=None | camera=ppe_test_cam1
2026-08-13 23:02:32,615 - post_processor_c35a117e9f5a - INFO - [DETECT BATCH] START | od=0 | ppe=1
2026-08-13 23:02:32,615 - post_processor_c35a117e9f5a - INFO - [PROCESS PPE DETECTION] camera=ppe_test_cam1 | severity=none | violated=[]
2026-08-13 23:02:32,616 - post_processor_c35a117e9f5a - INFO - [DETECT BATCH] DONE | od=0 | ppe=1
2026-08-13 23:02:32,616 - post_processor_c35a117e9f5a - INFO - PPE meta buffered | camera=ppe_test_cam1 | violation=False
2026-08-13 23:02:32,616 - post_processor_c35a117e9f5a - INFO - PPE frame complete | camera=ppe_test_cam1 | violation=False
2026-08-13 23:02:33,483 - post_processor_c35a117e9f5a - INFO - [FRAME RECEIVED] topic=post_processing | partition=0 | offset=391 | frame_id=None | camera=ppe_test_cam1
2026-08-13 23:02:33,484 - post_processor_c35a117e9f5a - INFO - [DETECT BATCH] START | od=0 | ppe=1
2026-08-13 23:02:33,484 - post_processor_c35a117e9f5a - INFO - [PROCESS PPE DETECTION] camera=ppe_test_cam1 | severity=none | violated=[]
2026-08-13 23:02:33,484 - post_processor_c35a117e9f5a - INFO - [DETECT BATCH] DONE | od=0 | ppe=1
2026-08-13 23:02:33,486 - post_processor_c35a117e9f5a - INFO - PPE meta buffered | camera=ppe_test_cam1 | violation=False
2026-08-13 23:02:33,486 - post_processor_c35a117e9f5a - INFO - PPE frame complete | camera=ppe_test_cam1 | violation=False
2026-08-13 23:02:34,646 - post_processor_c35a117e9f5a - INFO - [FRAME RECEIVED] topic=post_processing | partition=0 | offset=392 | frame_id=None | camera=ppe_test_cam1
2026-08-13 23:02:34,646 - post_processor_c35a117e9f5a - INFO - [DETECT BATCH] START | od=0 | ppe=1
2026-08-13 23:02:34,646 - post_processor_c35a117e9f5a - INFO - [PROCESS PPE DETECTION] camera=ppe_test_cam1 | severity=none | violated=[]
2026-08-13 23:02:34,647 - post_processor_c35a117e9f5a - INFO - [DETECT BATCH] DONE | od=0 | ppe=1
2026-08-13 23:02:34,647 - post_processor_c35a117e9f5a - INFO - PPE meta buffered | camera=ppe_test_cam1 | violation=False
2026-08-13 23:02:34,647 - post_processor_c35a117e9f5a - INFO - PPE frame complete | camera=ppe_test_cam1 | violation=False
2026-08-13 23:02:34,649 - post_processor_c35a117e9f5a - INFO - [FRAME RECEIVED] topic=post_processing | partition=0 | offset=393 | frame_id=None | camera=ppe_test_cam1
2026-08-13 23:02:34,649 - post_processor_c35a117e9f5a - INFO - [DETECT BATCH] START | od=0 | ppe=1
2026-08-13 23:02:34,649 - post_processor_c35a117e9f5a - INFO - [PROCESS PPE DETECTION] camera=ppe_test_cam1 | severity=none | violated=[]
2026-08-13 23:02:34,650 - post_processor_c35a117e9f5a - INFO - [DETECT BATCH] DONE | od=0 | ppe=1
2026-08-13 23:02:34,650 - post_processor_c35a117e9f5a - INFO - PPE meta buffered | camera=ppe_test_cam1 | violation=False
2026-08-13 23:02:34,650 - post_processor_c35a117e9f5a - INFO - PPE frame complete | camera=ppe_test_cam1 | violation=False
2026-08-13 23:02:59,614 - post_processor_c35a117e9f5a - INFO - [FRAME RECEIVED] topic=post_processing | partition=0 | offset=394 | frame_id=None | camera=ppe_test_cam1
2026-08-13 23:02:59,614 - post_processor_c35a117e9f5a - INFO - [DETECT BATCH] START | od=0 | ppe=1
2026-08-13 23:02:59,615 - post_processor_c35a117e9f5a - INFO - [PROCESS PPE DETECTION] camera=ppe_test_cam1 | severity=none | violated=[]
2026-08-13 23:02:59,615 - post_processor_c35a117e9f5a - INFO - [DETECT BATCH] DONE | od=0 | ppe=1
2026-08-13 23:02:59,615 - post_processor_c35a117e9f5a - INFO - PPE meta buffered | camera=ppe_test_cam1 | violation=False
2026-08-13 23:02:59,615 - post_processor_c35a117e9f5a - INFO - PPE frame complete | camera=ppe_test_cam1 | violation=False
2026-08-13 23:03:00,626 - post_processor_c35a117e9f5a - INFO - [FRAME RECEIVED] topic=post_processing | partition=0 | offset=395 | frame_id=None | camera=ppe_test_cam1
2026-08-13 23:03:00,626 - post_processor_c35a117e9f5a - INFO - [DETECT BATCH] START | od=0 | ppe=1
2026-08-13 23:03:00,627 - post_processor_c35a117e9f5a - INFO - [PROCESS PPE DETECTION] camera=ppe_test_cam1 | severity=none | violated=[]
2026-08-13 23:03:00,627 - post_processor_c35a117e9f5a - INFO - [DETECT BATCH] DONE | od=0 | ppe=1
2026-08-13 23:03:00,627 - post_processor_c35a117e9f5a - INFO - PPE meta buffered | camera=ppe_test_cam1 | violation=False
2026-08-13 23:03:00,627 - post_processor_c35a117e9f5a - INFO - PPE frame complete | camera=ppe_test_cam1 | violation=False
2026-08-13 23:03:18,689 - post_processor_c35a117e9f5a - INFO - [FRAME RECEIVED] topic=post_processing | partition=0 | offset=396 | frame_id=None | camera=ppe_test_cam1
2026-08-13 23:03:18,689 - post_processor_c35a117e9f5a - INFO - [DETECT BATCH] START | od=0 | ppe=1
2026-08-13 23:03:18,690 - post_processor_c35a117e9f5a - INFO - [PROCESS PPE DETECTION] camera=ppe_test_cam1 | severity=low | violated=['No-Shoes', 'No-Shoes']
2026-08-13 23:03:18,693 - post_processor_c35a117e9f5a - INFO - PPE alert image saved | path=/Aksha/ppe_test_cam1/alerts/2026-08-13/2026-08-13 23:03:18.69_alert.jpg
2026-08-13 23:03:18,693 - post_processor_c35a117e9f5a - INFO - [DETECT BATCH] DONE | od=0 | ppe=1
2026-08-13 23:03:18,693 - post_processor_c35a117e9f5a - INFO - PPE meta buffered | camera=ppe_test_cam1 | violation=True
2026-08-13 23:03:18,747 - post_processor_c35a117e9f5a - INFO - PPE alert dual-written to alerts collection | camera=ppe_test_cam1
2026-08-13 23:03:18,748 - post_processor_c35a117e9f5a - INFO - ppe_status_check | has_violation=True | validity=True
2026-08-13 23:03:18,748 - post_processor_c35a117e9f5a - INFO - PPE notification approved | camera=ppe_test_cam1 | severity=low
2026-08-13 23:03:18,768 - post_processor_c35a117e9f5a - INFO - PPE MongoDB batch insert | camera=ppe_test_cam1 | count=10
2026-08-13 23:03:18,768 - post_processor_c35a117e9f5a - INFO - PPE notification sent | camera=ppe_test_cam1 | severity=low | topic=notification_service
2026-08-13 23:03:18,771 - post_processor_c35a117e9f5a - INFO - PPE frame complete | camera=ppe_test_cam1 | violation=True
2026-08-13 23:03:18,773 - post_processor_c35a117e9f5a - INFO - Kafka offsets committed | count=10
2026-08-13 23:03:18,773 - post_processor_c35a117e9f5a - INFO - [FRAME RECEIVED] topic=post_processing | partition=0 | offset=397 | frame_id=None | camera=ppe_test_cam1
2026-08-13 23:03:18,774 - post_processor_c35a117e9f5a - INFO - [DETECT BATCH] START | od=0 | ppe=1
2026-08-13 23:03:18,774 - post_processor_c35a117e9f5a - INFO - [PROCESS PPE DETECTION] camera=ppe_test_cam1 | severity=none | violated=[]
2026-08-13 23:03:18,774 - post_processor_c35a117e9f5a - INFO - [DETECT BATCH] DONE | od=0 | ppe=1
2026-08-13 23:03:18,775 - post_processor_c35a117e9f5a - INFO - PPE meta buffered | camera=ppe_test_cam1 | violation=False
2026-08-13 23:03:18,775 - post_processor_c35a117e9f5a - INFO - PPE frame complete | camera=ppe_test_cam1 | violation=False
2026-08-13 23:03:19,522 - post_processor_c35a117e9f5a - INFO - [FRAME RECEIVED] topic=post_processing | partition=0 | offset=398 | frame_id=None | camera=ppe_test_cam1
2026-08-13 23:03:19,522 - post_processor_c35a117e9f5a - INFO - [DETECT BATCH] START | od=0 | ppe=1
2026-08-13 23:03:19,522 - post_processor_c35a117e9f5a - INFO - [PROCESS PPE DETECTION] camera=ppe_test_cam1 | severity=none | violated=[]
2026-08-13 23:03:19,522 - post_processor_c35a117e9f5a - INFO - [DETECT BATCH] DONE | od=0 | ppe=1
2026-08-13 23:03:19,523 - post_processor_c35a117e9f5a - INFO - PPE meta buffered | camera=ppe_test_cam1 | violation=False
2026-08-13 23:03:19,523 - post_processor_c35a117e9f5a - INFO - PPE frame complete | camera=ppe_test_cam1 | violation=False
2026-08-13 23:03:19,558 - post_processor_c35a117e9f5a - INFO - [FRAME RECEIVED] topic=post_processing | partition=0 | offset=399 | frame_id=None | camera=ppe_test_cam1
2026-08-13 23:03:19,558 - post_processor_c35a117e9f5a - INFO - [DETECT BATCH] START | od=0 | ppe=1
2026-08-13 23:03:19,559 - post_processor_c35a117e9f5a - INFO - [PROCESS PPE DETECTION] camera=ppe_test_cam1 | severity=low | violated=['No-Shoes', 'No-Shoes']
2026-08-13 23:03:19,563 - post_processor_c35a117e9f5a - INFO - PPE alert image saved | path=/Aksha/ppe_test_cam1/alerts/2026-08-13/2026-08-13 23:03:19.56_alert.jpg
2026-08-13 23:03:19,564 - post_processor_c35a117e9f5a - INFO - [DETECT BATCH] DONE | od=0 | ppe=1
2026-08-13 23:03:19,565 - post_processor_c35a117e9f5a - INFO - PPE meta buffered | camera=ppe_test_cam1 | violation=True
2026-08-13 23:03:19,585 - post_processor_c35a117e9f5a - INFO - PPE alert dual-written to alerts collection | camera=ppe_test_cam1
2026-08-13 23:03:19,586 - post_processor_c35a117e9f5a - INFO - ppe_status_check | has_violation=True | validity=False
2026-08-13 23:03:19,586 - post_processor_c35a117e9f5a - INFO - PPE notification suppressed by cooldown | camera=ppe_test_cam1
2026-08-13 23:03:19,586 - post_processor_c35a117e9f5a - INFO - PPE frame complete | camera=ppe_test_cam1 | violation=True
2026-08-13 23:03:20,644 - post_processor_c35a117e9f5a - INFO - [FRAME RECEIVED] topic=post_processing | partition=0 | offset=400 | frame_id=None | camera=ppe_test_cam1
2026-08-13 23:03:20,645 - post_processor_c35a117e9f5a - INFO - [DETECT BATCH] START | od=0 | ppe=1
2026-08-13 23:03:20,645 - post_processor_c35a117e9f5a - INFO - [PROCESS PPE DETECTION] camera=ppe_test_cam1 | severity=low | violated=['No-Shoes', 'No-Shoes']
2026-08-13 23:03:20,649 - post_processor_c35a117e9f5a - INFO - PPE alert image saved | path=/Aksha/ppe_test_cam1/alerts/2026-08-13/2026-08-13 23:03:20.64_alert.jpg
2026-08-13 23:03:20,650 - post_processor_c35a117e9f5a - INFO - [DETECT BATCH] DONE | od=0 | ppe=1
2026-08-13 23:03:20,650 - post_processor_c35a117e9f5a - INFO - PPE meta buffered | camera=ppe_test_cam1 | violation=True
2026-08-13 23:03:20,691 - post_processor_c35a117e9f5a - INFO - PPE alert dual-written to alerts collection | camera=ppe_test_cam1
2026-08-13 23:03:20,691 - post_processor_c35a117e9f5a - INFO - ppe_status_check | has_violation=True | validity=False
2026-08-13 23:03:20,692 - post_processor_c35a117e9f5a - INFO - PPE notification suppressed by cooldown | camera=ppe_test_cam1
2026-08-13 23:03:20,692 - post_processor_c35a117e9f5a - INFO - PPE frame complete | camera=ppe_test_cam1 | violation=True
2026-08-13 23:03:20,692 - post_processor_c35a117e9f5a - INFO - [FRAME RECEIVED] topic=post_processing | partition=0 | offset=401 | frame_id=None | camera=ppe_test_cam1
2026-08-13 23:03:20,692 - post_processor_c35a117e9f5a - INFO - [DETECT BATCH] START | od=0 | ppe=1
2026-08-13 23:03:20,693 - post_processor_c35a117e9f5a - INFO - [PROCESS PPE DETECTION] camera=ppe_test_cam1 | severity=none | violated=[]
2026-08-13 23:03:20,693 - post_processor_c35a117e9f5a - INFO - [DETECT BATCH] DONE | od=0 | ppe=1
2026-08-13 23:03:20,693 - post_processor_c35a117e9f5a - INFO - PPE meta buffered | camera=ppe_test_cam1 | violation=False
2026-08-13 23:03:20,693 - post_processor_c35a117e9f5a - INFO - PPE frame complete | camera=ppe_test_cam1 | violation=False
2026-08-13 23:03:21,630 - post_processor_c35a117e9f5a - INFO - [FRAME RECEIVED] topic=post_processing | partition=0 | offset=402 | frame_id=None | camera=ppe_test_cam1
2026-08-13 23:03:21,630 - post_processor_c35a117e9f5a - INFO - [DETECT BATCH] START | od=0 | ppe=1
2026-08-13 23:03:21,630 - post_processor_c35a117e9f5a - INFO - [PROCESS PPE DETECTION] camera=ppe_test_cam1 | severity=low | violated=['No-Shoes', 'No-Shoes']
2026-08-13 23:03:21,634 - post_processor_c35a117e9f5a - INFO - PPE alert image saved | path=/Aksha/ppe_test_cam1/alerts/2026-08-13/2026-08-13 23:03:21.63_alert.jpg
2026-08-13 23:03:21,634 - post_processor_c35a117e9f5a - INFO - [DETECT BATCH] DONE | od=0 | ppe=1
2026-08-13 23:03:21,634 - post_processor_c35a117e9f5a - INFO - PPE meta buffered | camera=ppe_test_cam1 | violation=True
2026-08-13 23:03:21,729 - post_processor_c35a117e9f5a - INFO - PPE alert dual-written to alerts collection | camera=ppe_test_cam1
2026-08-13 23:03:21,730 - post_processor_c35a117e9f5a - INFO - ppe_status_check | has_violation=True | validity=False
2026-08-13 23:03:21,730 - post_processor_c35a117e9f5a - INFO - PPE notification suppressed by cooldown | camera=ppe_test_cam1
2026-08-13 23:03:21,731 - post_processor_c35a117e9f5a - INFO - PPE frame complete | camera=ppe_test_cam1 | violation=True
2026-08-13 23:03:21,732 - post_processor_c35a117e9f5a - INFO - [FRAME RECEIVED] topic=post_processing | partition=0 | offset=403 | frame_id=None | camera=ppe_test_cam1
2026-08-13 23:03:21,732 - post_processor_c35a117e9f5a - INFO - [DETECT BATCH] START | od=0 | ppe=1
2026-08-13 23:03:21,733 - post_processor_c35a117e9f5a - INFO - [PROCESS PPE DETECTION] camera=ppe_test_cam1 | severity=none | violated=[]
2026-08-13 23:03:21,733 - post_processor_c35a117e9f5a - INFO - [DETECT BATCH] DONE | od=0 | ppe=1
2026-08-13 23:03:21,733 - post_processor_c35a117e9f5a - INFO - PPE meta buffered | camera=ppe_test_cam1 | violation=False
2026-08-13 23:03:21,733 - post_processor_c35a117e9f5a - INFO - PPE frame complete | camera=ppe_test_cam1 | violation=False
2026-08-13 23:03:22,540 - post_processor_c35a117e9f5a - INFO - [FRAME RECEIVED] topic=post_processing | partition=0 | offset=404 | frame_id=None | camera=ppe_test_cam1
2026-08-13 23:03:22,540 - post_processor_c35a117e9f5a - INFO - [DETECT BATCH] START | od=0 | ppe=1
2026-08-13 23:03:22,540 - post_processor_c35a117e9f5a - INFO - [PROCESS PPE DETECTION] camera=ppe_test_cam1 | severity=none | violated=[]
2026-08-13 23:03:22,541 - post_processor_c35a117e9f5a - INFO - [DETECT BATCH] DONE | od=0 | ppe=1
2026-08-13 23:03:22,541 - post_processor_c35a117e9f5a - INFO - PPE meta buffered | camera=ppe_test_cam1 | violation=False
2026-08-13 23:03:22,542 - post_processor_c35a117e9f5a - INFO - PPE frame complete | camera=ppe_test_cam1 | violation=False
2026-08-13 23:03:27,558 - post_processor_c35a117e9f5a - INFO - [FRAME RECEIVED] topic=post_processing | partition=0 | offset=405 | frame_id=None | camera=ppe_test_cam1
2026-08-13 23:03:27,558 - post_processor_c35a117e9f5a - INFO - [DETECT BATCH] START | od=0 | ppe=1
2026-08-13 23:03:27,558 - post_processor_c35a117e9f5a - INFO - [PROCESS PPE DETECTION] camera=ppe_test_cam1 | severity=none | violated=[]
2026-08-13 23:03:27,559 - post_processor_c35a117e9f5a - INFO - [DETECT BATCH] DONE | od=0 | ppe=1
2026-08-13 23:03:27,559 - post_processor_c35a117e9f5a - INFO - PPE meta buffered | camera=ppe_test_cam1 | violation=False
2026-08-13 23:03:27,559 - post_processor_c35a117e9f5a - INFO - PPE frame complete | camera=ppe_test_cam1 | violation=False
2026-08-13 23:03:28,435 - post_processor_c35a117e9f5a - INFO - [FRAME RECEIVED] topic=post_processing | partition=0 | offset=406 | frame_id=None | camera=ppe_test_cam1
2026-08-13 23:03:28,435 - post_processor_c35a117e9f5a - INFO - [DETECT BATCH] START | od=0 | ppe=1
2026-08-13 23:03:28,436 - post_processor_c35a117e9f5a - INFO - [PROCESS PPE DETECTION] camera=ppe_test_cam1 | severity=none | violated=[]
2026-08-13 23:03:28,436 - post_processor_c35a117e9f5a - INFO - [DETECT BATCH] DONE | od=0 | ppe=1
2026-08-13 23:03:28,437 - post_processor_c35a117e9f5a - INFO - PPE meta buffered | camera=ppe_test_cam1 | violation=False
2026-08-13 23:03:28,455 - post_processor_c35a117e9f5a - INFO - PPE MongoDB batch insert | camera=ppe_test_cam1 | count=10
2026-08-13 23:03:28,456 - post_processor_c35a117e9f5a - INFO - PPE frame complete | camera=ppe_test_cam1 | violation=False
2026-08-13 23:03:28,458 - post_processor_c35a117e9f5a - INFO - Kafka offsets committed | count=10
2026-08-13 23:03:29,498 - post_processor_c35a117e9f5a - INFO - [FRAME RECEIVED] topic=post_processing | partition=0 | offset=407 | frame_id=None | camera=ppe_test_cam1
2026-08-13 23:03:29,498 - post_processor_c35a117e9f5a - INFO - [DETECT BATCH] START | od=0 | ppe=1
2026-08-13 23:03:29,499 - post_processor_c35a117e9f5a - INFO - [PROCESS PPE DETECTION] camera=ppe_test_cam1 | severity=none | violated=[]
2026-08-13 23:03:29,499 - post_processor_c35a117e9f5a - INFO - [DETECT BATCH] DONE | od=0 | ppe=1
2026-08-13 23:03:29,499 - post_processor_c35a117e9f5a - INFO - PPE meta buffered | camera=ppe_test_cam1 | violation=False
2026-08-13 23:03:29,499 - post_processor_c35a117e9f5a - INFO - PPE frame complete | camera=ppe_test_cam1 | violation=False
2026-08-13 23:03:30,558 - post_processor_c35a117e9f5a - INFO - [FRAME RECEIVED] topic=post_processing | partition=0 | offset=408 | frame_id=None | camera=ppe_test_cam1
2026-08-13 23:03:30,558 - post_processor_c35a117e9f5a - INFO - [DETECT BATCH] START | od=0 | ppe=1
2026-08-13 23:03:30,558 - post_processor_c35a117e9f5a - INFO - [PROCESS PPE DETECTION] camera=ppe_test_cam1 | severity=none | violated=[]
2026-08-13 23:03:30,558 - post_processor_c35a117e9f5a - INFO - [DETECT BATCH] DONE | od=0 | ppe=1
2026-08-13 23:03:30,558 - post_processor_c35a117e9f5a - INFO - PPE meta buffered | camera=ppe_test_cam1 | violation=False
2026-08-13 23:03:30,558 - post_processor_c35a117e9f5a - INFO - PPE frame complete | camera=ppe_test_cam1 | violation=False
2026-08-13 23:03:31,556 - post_processor_c35a117e9f5a - INFO - [FRAME RECEIVED] topic=post_processing | partition=0 | offset=409 | frame_id=None | camera=ppe_test_cam1
2026-08-13 23:03:31,556 - post_processor_c35a117e9f5a - INFO - [DETECT BATCH] START | od=0 | ppe=1
2026-08-13 23:03:31,557 - post_processor_c35a117e9f5a - INFO - [PROCESS PPE DETECTION] camera=ppe_test_cam1 | severity=none | violated=[]
2026-08-13 23:03:31,557 - post_processor_c35a117e9f5a - INFO - [DETECT BATCH] DONE | od=0 | ppe=1
2026-08-13 23:03:31,557 - post_processor_c35a117e9f5a - INFO - PPE meta buffered | camera=ppe_test_cam1 | violation=False
2026-08-13 23:03:31,557 - post_processor_c35a117e9f5a - INFO - PPE frame complete | camera=ppe_test_cam1 | violation=False
2026-08-13 23:03:32,578 - post_processor_c35a117e9f5a - INFO - [FRAME RECEIVED] topic=post_processing | partition=0 | offset=410 | frame_id=None | camera=ppe_test_cam1
2026-08-13 23:03:32,578 - post_processor_c35a117e9f5a - INFO - [DETECT BATCH] START | od=0 | ppe=1
2026-08-13 23:03:32,578 - post_processor_c35a117e9f5a - INFO - [PROCESS PPE DETECTION] camera=ppe_test_cam1 | severity=none | violated=[]
2026-08-13 23:03:32,579 - post_processor_c35a117e9f5a - INFO - [DETECT BATCH] DONE | od=0 | ppe=1
2026-08-13 23:03:32,579 - post_processor_c35a117e9f5a - INFO - PPE meta buffered | camera=ppe_test_cam1 | violation=False
2026-08-13 23:03:32,579 - post_processor_c35a117e9f5a - INFO - PPE frame complete | camera=ppe_test_cam1 | violation=False
2026-08-13 23:03:33,484 - post_processor_c35a117e9f5a - INFO - [FRAME RECEIVED] topic=post_processing | partition=0 | offset=411 | frame_id=None | camera=ppe_test_cam1
2026-08-13 23:03:33,484 - post_processor_c35a117e9f5a - INFO - [DETECT BATCH] START | od=0 | ppe=1
2026-08-13 23:03:33,486 - post_processor_c35a117e9f5a - INFO - [PROCESS PPE DETECTION] camera=ppe_test_cam1 | severity=none | violated=[]
2026-08-13 23:03:33,486 - post_processor_c35a117e9f5a - INFO - [DETECT BATCH] DONE | od=0 | ppe=1
2026-08-13 23:03:33,487 - post_processor_c35a117e9f5a - INFO - PPE meta buffered | camera=ppe_test_cam1 | violation=False
2026-08-13 23:03:33,487 - post_processor_c35a117e9f5a - INFO - PPE frame complete | camera=ppe_test_cam1 | violation=False
2026-08-13 23:03:34,599 - post_processor_c35a117e9f5a - INFO - [FRAME RECEIVED] topic=post_processing | partition=0 | offset=412 | frame_id=None | camera=ppe_test_cam1
2026-08-13 23:03:34,599 - post_processor_c35a117e9f5a - INFO - [DETECT BATCH] START | od=0 | ppe=1
2026-08-13 23:03:34,599 - post_processor_c35a117e9f5a - INFO - [PROCESS PPE DETECTION] camera=ppe_test_cam1 | severity=none | violated=[]
2026-08-13 23:03:34,600 - post_processor_c35a117e9f5a - INFO - [DETECT BATCH] DONE | od=0 | ppe=1
2026-08-13 23:03:34,600 - post_processor_c35a117e9f5a - INFO - PPE meta buffered | camera=ppe_test_cam1 | violation=False
2026-08-13 23:03:34,600 - post_processor_c35a117e9f5a - INFO - PPE frame complete | camera=ppe_test_cam1 | violation=False
2026-08-13 23:03:34,636 - post_processor_c35a117e9f5a - INFO - [FRAME RECEIVED] topic=post_processing | partition=0 | offset=413 | frame_id=None | camera=ppe_test_cam1
2026-08-13 23:03:34,636 - post_processor_c35a117e9f5a - INFO - [DETECT BATCH] START | od=0 | ppe=1
2026-08-13 23:03:34,636 - post_processor_c35a117e9f5a - INFO - [PROCESS PPE DETECTION] camera=ppe_test_cam1 | severity=none | violated=[]
2026-08-13 23:03:34,637 - post_processor_c35a117e9f5a - INFO - [DETECT BATCH] DONE | od=0 | ppe=1
2026-08-13 23:03:34,637 - post_processor_c35a117e9f5a - INFO - PPE meta buffered | camera=ppe_test_cam1 | violation=False
2026-08-13 23:03:34,637 - post_processor_c35a117e9f5a - INFO - PPE frame complete | camera=ppe_test_cam1 | violation=False
2026-08-13 23:03:59,684 - post_processor_c35a117e9f5a - INFO - [FRAME RECEIVED] topic=post_processing | partition=0 | offset=414 | frame_id=None | camera=ppe_test_cam1
2026-08-13 23:03:59,684 - post_processor_c35a117e9f5a - INFO - [DETECT BATCH] START | od=0 | ppe=1
2026-08-13 23:03:59,684 - post_processor_c35a117e9f5a - INFO - [PROCESS PPE DETECTION] camera=ppe_test_cam1 | severity=none | violated=[]
2026-08-13 23:03:59,685 - post_processor_c35a117e9f5a - INFO - [DETECT BATCH] DONE | od=0 | ppe=1
2026-08-13 23:03:59,686 - post_processor_c35a117e9f5a - INFO - PPE meta buffered | camera=ppe_test_cam1 | violation=False
2026-08-13 23:03:59,686 - post_processor_c35a117e9f5a - INFO - PPE frame complete | camera=ppe_test_cam1 | violation=False
2026-08-13 23:04:00,608 - post_processor_c35a117e9f5a - INFO - [FRAME RECEIVED] topic=post_processing | partition=0 | offset=415 | frame_id=None | camera=ppe_test_cam1
2026-08-13 23:04:00,608 - post_processor_c35a117e9f5a - INFO - [DETECT BATCH] START | od=0 | ppe=1
2026-08-13 23:04:00,608 - post_processor_c35a117e9f5a - INFO - [PROCESS PPE DETECTION] camera=ppe_test_cam1 | severity=none | violated=[]
2026-08-13 23:04:00,609 - post_processor_c35a117e9f5a - INFO - [DETECT BATCH] DONE | od=0 | ppe=1
2026-08-13 23:04:00,609 - post_processor_c35a117e9f5a - INFO - PPE meta buffered | camera=ppe_test_cam1 | violation=False
2026-08-13 23:04:00,609 - post_processor_c35a117e9f5a - INFO - PPE frame complete | camera=ppe_test_cam1 | violation=False
2026-08-13 23:04:18,502 - post_processor_c35a117e9f5a - INFO - [FRAME RECEIVED] topic=post_processing | partition=0 | offset=416 | frame_id=None | camera=ppe_test_cam1
2026-08-13 23:04:18,502 - post_processor_c35a117e9f5a - INFO - [DETECT BATCH] START | od=0 | ppe=1
2026-08-13 23:04:18,503 - post_processor_c35a117e9f5a - INFO - [PROCESS PPE DETECTION] camera=ppe_test_cam1 | severity=low | violated=['No-Shoes', 'No-Shoes']
2026-08-13 23:04:18,509 - post_processor_c35a117e9f5a - INFO - PPE alert image saved | path=/Aksha/ppe_test_cam1/alerts/2026-08-13/2026-08-13 23:04:18.50_alert.jpg
2026-08-13 23:04:18,510 - post_processor_c35a117e9f5a - INFO - [DETECT BATCH] DONE | od=0 | ppe=1
2026-08-13 23:04:18,510 - post_processor_c35a117e9f5a - INFO - PPE meta buffered | camera=ppe_test_cam1 | violation=True
2026-08-13 23:04:18,531 - post_processor_c35a117e9f5a - INFO - PPE alert dual-written to alerts collection | camera=ppe_test_cam1
2026-08-13 23:04:18,532 - post_processor_c35a117e9f5a - INFO - ppe_status_check | has_violation=True | validity=True
2026-08-13 23:04:18,532 - post_processor_c35a117e9f5a - INFO - PPE notification approved | camera=ppe_test_cam1 | severity=low
2026-08-13 23:04:18,538 - post_processor_c35a117e9f5a - INFO - PPE MongoDB batch insert | camera=ppe_test_cam1 | count=10
2026-08-13 23:04:18,539 - post_processor_c35a117e9f5a - INFO - PPE notification sent | camera=ppe_test_cam1 | severity=low | topic=notification_service
2026-08-13 23:04:18,539 - post_processor_c35a117e9f5a - INFO - PPE frame complete | camera=ppe_test_cam1 | violation=True
2026-08-13 23:04:18,540 - post_processor_c35a117e9f5a - INFO - Kafka offsets committed | count=10
2026-08-13 23:04:18,541 - post_processor_c35a117e9f5a - INFO - [FRAME RECEIVED] topic=post_processing | partition=0 | offset=417 | frame_id=None | camera=ppe_test_cam1
2026-08-13 23:04:18,541 - post_processor_c35a117e9f5a - INFO - [DETECT BATCH] START | od=0 | ppe=1
2026-08-13 23:04:18,541 - post_processor_c35a117e9f5a - INFO - [PROCESS PPE DETECTION] camera=ppe_test_cam1 | severity=none | violated=[]
2026-08-13 23:04:18,541 - post_processor_c35a117e9f5a - INFO - [DETECT BATCH] DONE | od=0 | ppe=1
2026-08-13 23:04:18,542 - post_processor_c35a117e9f5a - INFO - PPE meta buffered | camera=ppe_test_cam1 | violation=False
2026-08-13 23:04:18,542 - post_processor_c35a117e9f5a - INFO - PPE frame complete | camera=ppe_test_cam1 | violation=False
2026-08-13 23:04:19,575 - post_processor_c35a117e9f5a - INFO - [FRAME RECEIVED] topic=post_processing | partition=0 | offset=418 | frame_id=None | camera=ppe_test_cam1
2026-08-13 23:04:19,575 - post_processor_c35a117e9f5a - INFO - [DETECT BATCH] START | od=0 | ppe=1
2026-08-13 23:04:19,575 - post_processor_c35a117e9f5a - INFO - [PROCESS PPE DETECTION] camera=ppe_test_cam1 | severity=none | violated=[]
2026-08-13 23:04:19,576 - post_processor_c35a117e9f5a - INFO - [DETECT BATCH] DONE | od=0 | ppe=1
2026-08-13 23:04:19,576 - post_processor_c35a117e9f5a - INFO - PPE meta buffered | camera=ppe_test_cam1 | violation=False
2026-08-13 23:04:19,576 - post_processor_c35a117e9f5a - INFO - PPE frame complete | camera=ppe_test_cam1 | violation=False
2026-08-13 23:04:19,615 - post_processor_c35a117e9f5a - INFO - [FRAME RECEIVED] topic=post_processing | partition=0 | offset=419 | frame_id=None | camera=ppe_test_cam1
2026-08-13 23:04:19,615 - post_processor_c35a117e9f5a - INFO - [DETECT BATCH] START | od=0 | ppe=1
2026-08-13 23:04:19,616 - post_processor_c35a117e9f5a - INFO - [PROCESS PPE DETECTION] camera=ppe_test_cam1 | severity=low | violated=['No-Shoes', 'No-Shoes']
2026-08-13 23:04:19,620 - post_processor_c35a117e9f5a - INFO - PPE alert image saved | path=/Aksha/ppe_test_cam1/alerts/2026-08-13/2026-08-13 23:04:19.61_alert.jpg
2026-08-13 23:04:19,621 - post_processor_c35a117e9f5a - INFO - [DETECT BATCH] DONE | od=0 | ppe=1
2026-08-13 23:04:19,621 - post_processor_c35a117e9f5a - INFO - PPE meta buffered | camera=ppe_test_cam1 | violation=True
2026-08-13 23:04:19,661 - post_processor_c35a117e9f5a - INFO - PPE alert dual-written to alerts collection | camera=ppe_test_cam1
2026-08-13 23:04:19,662 - post_processor_c35a117e9f5a - INFO - ppe_status_check | has_violation=True | validity=False
2026-08-13 23:04:19,662 - post_processor_c35a117e9f5a - INFO - PPE notification suppressed by cooldown | camera=ppe_test_cam1
2026-08-13 23:04:19,662 - post_processor_c35a117e9f5a - INFO - PPE frame complete | camera=ppe_test_cam1 | violation=True
2026-08-13 23:04:20,565 - post_processor_c35a117e9f5a - INFO - [FRAME RECEIVED] topic=post_processing | partition=0 | offset=420 | frame_id=None | camera=ppe_test_cam1
2026-08-13 23:04:20,565 - post_processor_c35a117e9f5a - INFO - [DETECT BATCH] START | od=0 | ppe=1
2026-08-13 23:04:20,566 - post_processor_c35a117e9f5a - INFO - [PROCESS PPE DETECTION] camera=ppe_test_cam1 | severity=none | violated=[]
2026-08-13 23:04:20,566 - post_processor_c35a117e9f5a - INFO - [DETECT BATCH] DONE | od=0 | ppe=1
2026-08-13 23:04:20,566 - post_processor_c35a117e9f5a - INFO - PPE meta buffered | camera=ppe_test_cam1 | violation=False
2026-08-13 23:04:20,566 - post_processor_c35a117e9f5a - INFO - PPE frame complete | camera=ppe_test_cam1 | violation=False
2026-08-13 23:04:20,599 - post_processor_c35a117e9f5a - INFO - [FRAME RECEIVED] topic=post_processing | partition=0 | offset=421 | frame_id=None | camera=ppe_test_cam1
2026-08-13 23:04:20,599 - post_processor_c35a117e9f5a - INFO - [DETECT BATCH] START | od=0 | ppe=1
2026-08-13 23:04:20,599 - post_processor_c35a117e9f5a - INFO - [PROCESS PPE DETECTION] camera=ppe_test_cam1 | severity=low | violated=['No-Shoes', 'No-Shoes']
2026-08-13 23:04:20,602 - post_processor_c35a117e9f5a - INFO - PPE alert image saved | path=/Aksha/ppe_test_cam1/alerts/2026-08-13/2026-08-13 23:04:20.60_alert.jpg
2026-08-13 23:04:20,603 - post_processor_c35a117e9f5a - INFO - [DETECT BATCH] DONE | od=0 | ppe=1
2026-08-13 23:04:20,603 - post_processor_c35a117e9f5a - INFO - PPE meta buffered | camera=ppe_test_cam1 | violation=True
2026-08-13 23:04:20,623 - post_processor_c35a117e9f5a - INFO - PPE alert dual-written to alerts collection | camera=ppe_test_cam1
2026-08-13 23:04:20,623 - post_processor_c35a117e9f5a - INFO - ppe_status_check | has_violation=True | validity=False
2026-08-13 23:04:20,623 - post_processor_c35a117e9f5a - INFO - PPE notification suppressed by cooldown | camera=ppe_test_cam1
2026-08-13 23:04:20,624 - post_processor_c35a117e9f5a - INFO - PPE frame complete | camera=ppe_test_cam1 | violation=True
2026-08-13 23:04:21,444 - post_processor_c35a117e9f5a - INFO - [FRAME RECEIVED] topic=post_processing | partition=0 | offset=422 | frame_id=None | camera=ppe_test_cam1
2026-08-13 23:04:21,444 - post_processor_c35a117e9f5a - INFO - [DETECT BATCH] START | od=0 | ppe=1
2026-08-13 23:04:21,445 - post_processor_c35a117e9f5a - INFO - [PROCESS PPE DETECTION] camera=ppe_test_cam1 | severity=none | violated=[]
2026-08-13 23:04:21,446 - post_processor_c35a117e9f5a - INFO - [DETECT BATCH] DONE | od=0 | ppe=1
2026-08-13 23:04:21,446 - post_processor_c35a117e9f5a - INFO - PPE meta buffered | camera=ppe_test_cam1 | violation=False
2026-08-13 23:04:21,446 - post_processor_c35a117e9f5a - INFO - PPE frame complete | camera=ppe_test_cam1 | violation=False
2026-08-13 23:04:21,484 - post_processor_c35a117e9f5a - INFO - [FRAME RECEIVED] topic=post_processing | partition=0 | offset=423 | frame_id=None | camera=ppe_test_cam1
2026-08-13 23:04:21,485 - post_processor_c35a117e9f5a - INFO - [DETECT BATCH] START | od=0 | ppe=1
2026-08-13 23:04:21,486 - post_processor_c35a117e9f5a - INFO - [PROCESS PPE DETECTION] camera=ppe_test_cam1 | severity=low | violated=['No-Shoes', 'No-Shoes']
2026-08-13 23:04:21,491 - post_processor_c35a117e9f5a - INFO - PPE alert image saved | path=/Aksha/ppe_test_cam1/alerts/2026-08-13/2026-08-13 23:04:21.48_alert.jpg
2026-08-13 23:04:21,491 - post_processor_c35a117e9f5a - INFO - [DETECT BATCH] DONE | od=0 | ppe=1
2026-08-13 23:04:21,491 - post_processor_c35a117e9f5a - INFO - PPE meta buffered | camera=ppe_test_cam1 | violation=True
2026-08-13 23:04:21,548 - post_processor_c35a117e9f5a - INFO - PPE alert dual-written to alerts collection | camera=ppe_test_cam1
2026-08-13 23:04:21,549 - post_processor_c35a117e9f5a - INFO - ppe_status_check | has_violation=True | validity=False
2026-08-13 23:04:21,549 - post_processor_c35a117e9f5a - INFO - PPE notification suppressed by cooldown | camera=ppe_test_cam1
2026-08-13 23:04:21,549 - post_processor_c35a117e9f5a - INFO - PPE frame complete | camera=ppe_test_cam1 | violation=True
2026-08-13 23:04:22,591 - post_processor_c35a117e9f5a - INFO - [FRAME RECEIVED] topic=post_processing | partition=0 | offset=424 | frame_id=None | camera=ppe_test_cam1
2026-08-13 23:04:22,591 - post_processor_c35a117e9f5a - INFO - [DETECT BATCH] START | od=0 | ppe=1
2026-08-13 23:04:22,592 - post_processor_c35a117e9f5a - INFO - [PROCESS PPE DETECTION] camera=ppe_test_cam1 | severity=none | violated=[]
2026-08-13 23:04:22,592 - post_processor_c35a117e9f5a - INFO - [DETECT BATCH] DONE | od=0 | ppe=1
2026-08-13 23:04:22,592 - post_processor_c35a117e9f5a - INFO - PPE meta buffered | camera=ppe_test_cam1 | violation=False
2026-08-13 23:04:22,592 - post_processor_c35a117e9f5a - INFO - PPE frame complete | camera=ppe_test_cam1 | violation=False
2026-08-13 23:04:27,468 - post_processor_c35a117e9f5a - INFO - [FRAME RECEIVED] topic=post_processing | partition=0 | offset=425 | frame_id=None | camera=ppe_test_cam1
2026-08-13 23:04:27,468 - post_processor_c35a117e9f5a - INFO - [DETECT BATCH] START | od=0 | ppe=1
2026-08-13 23:04:27,468 - post_processor_c35a117e9f5a - INFO - [PROCESS PPE DETECTION] camera=ppe_test_cam1 | severity=none | violated=[]
2026-08-13 23:04:27,469 - post_processor_c35a117e9f5a - INFO - [DETECT BATCH] DONE | od=0 | ppe=1
2026-08-13 23:04:27,469 - post_processor_c35a117e9f5a - INFO - PPE meta buffered | camera=ppe_test_cam1 | violation=False
2026-08-13 23:04:27,469 - post_processor_c35a117e9f5a - INFO - PPE frame complete | camera=ppe_test_cam1 | violation=False
2026-08-13 23:04:28,546 - post_processor_c35a117e9f5a - INFO - [FRAME RECEIVED] topic=post_processing | partition=0 | offset=426 | frame_id=None | camera=ppe_test_cam1
2026-08-13 23:04:28,547 - post_processor_c35a117e9f5a - INFO - [DETECT BATCH] START | od=0 | ppe=1
2026-08-13 23:04:28,547 - post_processor_c35a117e9f5a - INFO - [PROCESS PPE DETECTION] camera=ppe_test_cam1 | severity=none | violated=[]
2026-08-13 23:04:28,547 - post_processor_c35a117e9f5a - INFO - [DETECT BATCH] DONE | od=0 | ppe=1
2026-08-13 23:04:28,548 - post_processor_c35a117e9f5a - INFO - PPE meta buffered | camera=ppe_test_cam1 | violation=False
2026-08-13 23:04:28,612 - post_processor_c35a117e9f5a - INFO - PPE MongoDB batch insert | camera=ppe_test_cam1 | count=10
2026-08-13 23:04:28,612 - post_processor_c35a117e9f5a - INFO - PPE frame complete | camera=ppe_test_cam1 | violation=False
2026-08-13 23:04:28,613 - post_processor_c35a117e9f5a - INFO - Kafka offsets committed | count=10
2026-08-13 23:04:29,513 - post_processor_c35a117e9f5a - INFO - [FRAME RECEIVED] topic=post_processing | partition=0 | offset=427 | frame_id=None | camera=ppe_test_cam1
2026-08-13 23:04:29,513 - post_processor_c35a117e9f5a - INFO - [DETECT BATCH] START | od=0 | ppe=1
2026-08-13 23:04:29,513 - post_processor_c35a117e9f5a - INFO - [PROCESS PPE DETECTION] camera=ppe_test_cam1 | severity=none | violated=[]
2026-08-13 23:04:29,514 - post_processor_c35a117e9f5a - INFO - [DETECT BATCH] DONE | od=0 | ppe=1
2026-08-13 23:04:29,514 - post_processor_c35a117e9f5a - INFO - PPE meta buffered | camera=ppe_test_cam1 | violation=False
2026-08-13 23:04:29,514 - post_processor_c35a117e9f5a - INFO - PPE frame complete | camera=ppe_test_cam1 | violation=False
2026-08-13 23:04:30,461 - post_processor_c35a117e9f5a - INFO - [FRAME RECEIVED] topic=post_processing | partition=0 | offset=428 | frame_id=None | camera=ppe_test_cam1
2026-08-13 23:04:30,461 - post_processor_c35a117e9f5a - INFO - [DETECT BATCH] START | od=0 | ppe=1
2026-08-13 23:04:30,462 - post_processor_c35a117e9f5a - INFO - [PROCESS PPE DETECTION] camera=ppe_test_cam1 | severity=none | violated=[]
2026-08-13 23:04:30,462 - post_processor_c35a117e9f5a - INFO - [DETECT BATCH] DONE | od=0 | ppe=1
2026-08-13 23:04:30,462 - post_processor_c35a117e9f5a - INFO - PPE meta buffered | camera=ppe_test_cam1 | violation=False
2026-08-13 23:04:30,462 - post_processor_c35a117e9f5a - INFO - PPE frame complete | camera=ppe_test_cam1 | violation=False
2026-08-13 23:04:31,571 - post_processor_c35a117e9f5a - INFO - [FRAME RECEIVED] topic=post_processing | partition=0 | offset=429 | frame_id=None | camera=ppe_test_cam1
2026-08-13 23:04:31,571 - post_processor_c35a117e9f5a - INFO - [DETECT BATCH] START | od=0 | ppe=1
2026-08-13 23:04:31,572 - post_processor_c35a117e9f5a - INFO - [PROCESS PPE DETECTION] camera=ppe_test_cam1 | severity=none | violated=[]
2026-08-13 23:04:31,573 - post_processor_c35a117e9f5a - INFO - [DETECT BATCH] DONE | od=0 | ppe=1
2026-08-13 23:04:31,573 - post_processor_c35a117e9f5a - INFO - PPE meta buffered | camera=ppe_test_cam1 | violation=False
2026-08-13 23:04:31,573 - post_processor_c35a117e9f5a - INFO - PPE frame complete | camera=ppe_test_cam1 | violation=False
2026-08-13 23:04:32,582 - post_processor_c35a117e9f5a - INFO - [FRAME RECEIVED] topic=post_processing | partition=0 | offset=430 | frame_id=None | camera=ppe_test_cam1
2026-08-13 23:04:32,582 - post_processor_c35a117e9f5a - INFO - [DETECT BATCH] START | od=0 | ppe=1
2026-08-13 23:04:32,583 - post_processor_c35a117e9f5a - INFO - [PROCESS PPE DETECTION] camera=ppe_test_cam1 | severity=none | violated=[]
2026-08-13 23:04:32,583 - post_processor_c35a117e9f5a - INFO - [DETECT BATCH] DONE | od=0 | ppe=1
2026-08-13 23:04:32,583 - post_processor_c35a117e9f5a - INFO - PPE meta buffered | camera=ppe_test_cam1 | violation=False
2026-08-13 23:04:32,583 - post_processor_c35a117e9f5a - INFO - PPE frame complete | camera=ppe_test_cam1 | violation=False
2026-08-13 23:04:33,520 - post_processor_c35a117e9f5a - INFO - [FRAME RECEIVED] topic=post_processing | partition=0 | offset=431 | frame_id=None | camera=ppe_test_cam1
2026-08-13 23:04:33,520 - post_processor_c35a117e9f5a - INFO - [DETECT BATCH] START | od=0 | ppe=1
2026-08-13 23:04:33,521 - post_processor_c35a117e9f5a - INFO - [PROCESS PPE DETECTION] camera=ppe_test_cam1 | severity=none | violated=[]
2026-08-13 23:04:33,521 - post_processor_c35a117e9f5a - INFO - [DETECT BATCH] DONE | od=0 | ppe=1
2026-08-13 23:04:33,522 - post_processor_c35a117e9f5a - INFO - PPE meta buffered | camera=ppe_test_cam1 | violation=False
2026-08-13 23:04:33,522 - post_processor_c35a117e9f5a - INFO - PPE frame complete | camera=ppe_test_cam1 | violation=False
2026-08-13 23:04:34,581 - post_processor_c35a117e9f5a - INFO - [FRAME RECEIVED] topic=post_processing | partition=0 | offset=432 | frame_id=None | camera=ppe_test_cam1
2026-08-13 23:04:34,581 - post_processor_c35a117e9f5a - INFO - [DETECT BATCH] START | od=0 | ppe=1
2026-08-13 23:04:34,582 - post_processor_c35a117e9f5a - INFO - [PROCESS PPE DETECTION] camera=ppe_test_cam1 | severity=none | violated=[]
2026-08-13 23:04:34,582 - post_processor_c35a117e9f5a - INFO - [DETECT BATCH] DONE | od=0 | ppe=1
2026-08-13 23:04:34,582 - post_processor_c35a117e9f5a - INFO - PPE meta buffered | camera=ppe_test_cam1 | violation=False
2026-08-13 23:04:34,582 - post_processor_c35a117e9f5a - INFO - PPE frame complete | camera=ppe_test_cam1 | violation=False
2026-08-13 23:04:34,612 - post_processor_c35a117e9f5a - INFO - [FRAME RECEIVED] topic=post_processing | partition=0 | offset=433 | frame_id=None | camera=ppe_test_cam1
2026-08-13 23:04:34,612 - post_processor_c35a117e9f5a - INFO - [DETECT BATCH] START | od=0 | ppe=1
2026-08-13 23:04:34,612 - post_processor_c35a117e9f5a - INFO - [PROCESS PPE DETECTION] camera=ppe_test_cam1 | severity=none | violated=[]
2026-08-13 23:04:34,612 - post_processor_c35a117e9f5a - INFO - [DETECT BATCH] DONE | od=0 | ppe=1
2026-08-13 23:04:34,612 - post_processor_c35a117e9f5a - INFO - PPE meta buffered | camera=ppe_test_cam1 | violation=False
2026-08-13 23:04:34,613 - post_processor_c35a117e9f5a - INFO - PPE frame complete | camera=ppe_test_cam1 | violation=False
2026-08-13 23:04:59,596 - post_processor_c35a117e9f5a - INFO - [FRAME RECEIVED] topic=post_processing | partition=0 | offset=434 | frame_id=None | camera=ppe_test_cam1
2026-08-13 23:04:59,597 - post_processor_c35a117e9f5a - INFO - [DETECT BATCH] START | od=0 | ppe=1
2026-08-13 23:04:59,597 - post_processor_c35a117e9f5a - INFO - [PROCESS PPE DETECTION] camera=ppe_test_cam1 | severity=none | violated=[]
2026-08-13 23:04:59,597 - post_processor_c35a117e9f5a - INFO - [DETECT BATCH] DONE | od=0 | ppe=1
2026-08-13 23:04:59,597 - post_processor_c35a117e9f5a - INFO - PPE meta buffered | camera=ppe_test_cam1 | violation=False
2026-08-13 23:04:59,597 - post_processor_c35a117e9f5a - INFO - PPE frame complete | camera=ppe_test_cam1 | violation=False
2026-08-13 23:05:00,587 - post_processor_c35a117e9f5a - INFO - [FRAME RECEIVED] topic=post_processing | partition=0 | offset=435 | frame_id=None | camera=ppe_test_cam1
2026-08-13 23:05:00,588 - post_processor_c35a117e9f5a - INFO - [DETECT BATCH] START | od=0 | ppe=1
2026-08-13 23:05:00,588 - post_processor_c35a117e9f5a - INFO - [PROCESS PPE DETECTION] camera=ppe_test_cam1 | severity=none | violated=[]
2026-08-13 23:05:00,589 - post_processor_c35a117e9f5a - INFO - [DETECT BATCH] DONE | od=0 | ppe=1
2026-08-13 23:05:00,589 - post_processor_c35a117e9f5a - INFO - PPE meta buffered | camera=ppe_test_cam1 | violation=False
2026-08-13 23:05:00,589 - post_processor_c35a117e9f5a - INFO - PPE frame complete | camera=ppe_test_cam1 | violation=False
2026-08-13 23:05:18,658 - post_processor_c35a117e9f5a - INFO - [FRAME RECEIVED] topic=post_processing | partition=0 | offset=436 | frame_id=None | camera=ppe_test_cam1
2026-08-13 23:05:18,658 - post_processor_c35a117e9f5a - INFO - [DETECT BATCH] START | od=0 | ppe=1
2026-08-13 23:05:18,659 - post_processor_c35a117e9f5a - INFO - [PROCESS PPE DETECTION] camera=ppe_test_cam1 | severity=none | violated=[]
2026-08-13 23:05:18,659 - post_processor_c35a117e9f5a - INFO - [DETECT BATCH] DONE | od=0 | ppe=1
2026-08-13 23:05:18,659 - post_processor_c35a117e9f5a - INFO - PPE meta buffered | camera=ppe_test_cam1 | violation=False
2026-08-13 23:05:18,683 - post_processor_c35a117e9f5a - INFO - PPE MongoDB batch insert | camera=ppe_test_cam1 | count=10
2026-08-13 23:05:18,684 - post_processor_c35a117e9f5a - INFO - PPE frame complete | camera=ppe_test_cam1 | violation=False
2026-08-13 23:05:18,685 - post_processor_c35a117e9f5a - INFO - Kafka offsets committed | count=10
2026-08-13 23:05:18,685 - post_processor_c35a117e9f5a - INFO - [FRAME RECEIVED] topic=post_processing | partition=0 | offset=437 | frame_id=None | camera=ppe_test_cam1
2026-08-13 23:05:18,685 - post_processor_c35a117e9f5a - INFO - [DETECT BATCH] START | od=0 | ppe=1
2026-08-13 23:05:18,685 - post_processor_c35a117e9f5a - INFO - [PROCESS PPE DETECTION] camera=ppe_test_cam1 | severity=low | violated=['No-Shoes', 'No-Shoes']
2026-08-13 23:05:18,689 - post_processor_c35a117e9f5a - INFO - PPE alert image saved | path=/Aksha/ppe_test_cam1/alerts/2026-08-13/2026-08-13 23:05:18.68_alert.jpg
2026-08-13 23:05:18,689 - post_processor_c35a117e9f5a - INFO - [DETECT BATCH] DONE | od=0 | ppe=1
2026-08-13 23:05:18,689 - post_processor_c35a117e9f5a - INFO - PPE meta buffered | camera=ppe_test_cam1 | violation=True
2026-08-13 23:05:18,723 - post_processor_c35a117e9f5a - INFO - PPE alert dual-written to alerts collection | camera=ppe_test_cam1
2026-08-13 23:05:18,723 - post_processor_c35a117e9f5a - INFO - ppe_status_check | has_violation=True | validity=True
2026-08-13 23:05:18,723 - post_processor_c35a117e9f5a - INFO - PPE notification approved | camera=ppe_test_cam1 | severity=low
2026-08-13 23:05:18,724 - post_processor_c35a117e9f5a - INFO - PPE notification sent | camera=ppe_test_cam1 | severity=low | topic=notification_service
2026-08-13 23:05:18,724 - post_processor_c35a117e9f5a - INFO - PPE frame complete | camera=ppe_test_cam1 | violation=True
2026-08-13 23:05:19,618 - post_processor_c35a117e9f5a - INFO - [FRAME RECEIVED] topic=post_processing | partition=0 | offset=438 | frame_id=None | camera=ppe_test_cam1
2026-08-13 23:05:19,618 - post_processor_c35a117e9f5a - INFO - [DETECT BATCH] START | od=0 | ppe=1
2026-08-13 23:05:19,619 - post_processor_c35a117e9f5a - INFO - [PROCESS PPE DETECTION] camera=ppe_test_cam1 | severity=low | violated=['No-Shoes', 'No-Shoes']
2026-08-13 23:05:19,622 - post_processor_c35a117e9f5a - INFO - PPE alert image saved | path=/Aksha/ppe_test_cam1/alerts/2026-08-13/2026-08-13 23:05:19.62_alert.jpg
2026-08-13 23:05:19,622 - post_processor_c35a117e9f5a - INFO - [DETECT BATCH] DONE | od=0 | ppe=1
2026-08-13 23:05:19,622 - post_processor_c35a117e9f5a - INFO - PPE meta buffered | camera=ppe_test_cam1 | violation=True
2026-08-13 23:05:19,659 - post_processor_c35a117e9f5a - INFO - PPE alert dual-written to alerts collection | camera=ppe_test_cam1
2026-08-13 23:05:19,659 - post_processor_c35a117e9f5a - INFO - ppe_status_check | has_violation=True | validity=False
2026-08-13 23:05:19,660 - post_processor_c35a117e9f5a - INFO - PPE notification suppressed by cooldown | camera=ppe_test_cam1
2026-08-13 23:05:19,660 - post_processor_c35a117e9f5a - INFO - PPE frame complete | camera=ppe_test_cam1 | violation=True
2026-08-13 23:05:19,660 - post_processor_c35a117e9f5a - INFO - [FRAME RECEIVED] topic=post_processing | partition=0 | offset=439 | frame_id=None | camera=ppe_test_cam1
2026-08-13 23:05:19,660 - post_processor_c35a117e9f5a - INFO - [DETECT BATCH] START | od=0 | ppe=1
2026-08-13 23:05:19,661 - post_processor_c35a117e9f5a - INFO - [PROCESS PPE DETECTION] camera=ppe_test_cam1 | severity=none | violated=[]
2026-08-13 23:05:19,661 - post_processor_c35a117e9f5a - INFO - [DETECT BATCH] DONE | od=0 | ppe=1
2026-08-13 23:05:19,661 - post_processor_c35a117e9f5a - INFO - PPE meta buffered | camera=ppe_test_cam1 | violation=False
2026-08-13 23:05:19,661 - post_processor_c35a117e9f5a - INFO - PPE frame complete | camera=ppe_test_cam1 | violation=False
2026-08-13 23:05:20,606 - post_processor_c35a117e9f5a - INFO - [FRAME RECEIVED] topic=post_processing | partition=0 | offset=440 | frame_id=None | camera=ppe_test_cam1
2026-08-13 23:05:20,606 - post_processor_c35a117e9f5a - INFO - [DETECT BATCH] START | od=0 | ppe=1
2026-08-13 23:05:20,607 - post_processor_c35a117e9f5a - INFO - [PROCESS PPE DETECTION] camera=ppe_test_cam1 | severity=none | violated=[]
2026-08-13 23:05:20,607 - post_processor_c35a117e9f5a - INFO - [DETECT BATCH] DONE | od=0 | ppe=1
2026-08-13 23:05:20,607 - post_processor_c35a117e9f5a - INFO - PPE meta buffered | camera=ppe_test_cam1 | violation=False
2026-08-13 23:05:20,607 - post_processor_c35a117e9f5a - INFO - PPE frame complete | camera=ppe_test_cam1 | violation=False
2026-08-13 23:05:20,641 - post_processor_c35a117e9f5a - INFO - [FRAME RECEIVED] topic=post_processing | partition=0 | offset=441 | frame_id=None | camera=ppe_test_cam1
2026-08-13 23:05:20,641 - post_processor_c35a117e9f5a - INFO - [DETECT BATCH] START | od=0 | ppe=1
2026-08-13 23:05:20,642 - post_processor_c35a117e9f5a - INFO - [PROCESS PPE DETECTION] camera=ppe_test_cam1 | severity=low | violated=['No-Shoes', 'No-Shoes']
2026-08-13 23:05:20,646 - post_processor_c35a117e9f5a - INFO - PPE alert image saved | path=/Aksha/ppe_test_cam1/alerts/2026-08-13/2026-08-13 23:05:20.64_alert.jpg
2026-08-13 23:05:20,646 - post_processor_c35a117e9f5a - INFO - [DETECT BATCH] DONE | od=0 | ppe=1
2026-08-13 23:05:20,646 - post_processor_c35a117e9f5a - INFO - PPE meta buffered | camera=ppe_test_cam1 | violation=True
2026-08-13 23:05:20,668 - post_processor_c35a117e9f5a - INFO - PPE alert dual-written to alerts collection | camera=ppe_test_cam1
2026-08-13 23:05:20,669 - post_processor_c35a117e9f5a - INFO - ppe_status_check | has_violation=True | validity=False
2026-08-13 23:05:20,669 - post_processor_c35a117e9f5a - INFO - PPE notification suppressed by cooldown | camera=ppe_test_cam1
2026-08-13 23:05:20,670 - post_processor_c35a117e9f5a - INFO - PPE frame complete | camera=ppe_test_cam1 | violation=True
2026-08-13 23:05:21,646 - post_processor_c35a117e9f5a - INFO - [FRAME RECEIVED] topic=post_processing | partition=0 | offset=442 | frame_id=None | camera=ppe_test_cam1
2026-08-13 23:05:21,646 - post_processor_c35a117e9f5a - INFO - [DETECT BATCH] START | od=0 | ppe=1
2026-08-13 23:05:21,647 - post_processor_c35a117e9f5a - INFO - [PROCESS PPE DETECTION] camera=ppe_test_cam1 | severity=low | violated=['No-Shoes', 'No-Shoes']
2026-08-13 23:05:21,650 - post_processor_c35a117e9f5a - INFO - PPE alert image saved | path=/Aksha/ppe_test_cam1/alerts/2026-08-13/2026-08-13 23:05:21.64_alert.jpg
2026-08-13 23:05:21,650 - post_processor_c35a117e9f5a - INFO - [DETECT BATCH] DONE | od=0 | ppe=1
2026-08-13 23:05:21,650 - post_processor_c35a117e9f5a - INFO - PPE meta buffered | camera=ppe_test_cam1 | violation=True
2026-08-13 23:05:21,705 - post_processor_c35a117e9f5a - INFO - PPE alert dual-written to alerts collection | camera=ppe_test_cam1
2026-08-13 23:05:21,707 - post_processor_c35a117e9f5a - INFO - ppe_status_check | has_violation=True | validity=False
2026-08-13 23:05:21,707 - post_processor_c35a117e9f5a - INFO - PPE notification suppressed by cooldown | camera=ppe_test_cam1
2026-08-13 23:05:21,709 - post_processor_c35a117e9f5a - INFO - PPE frame complete | camera=ppe_test_cam1 | violation=True
2026-08-13 23:05:21,710 - post_processor_c35a117e9f5a - INFO - [FRAME RECEIVED] topic=post_processing | partition=0 | offset=443 | frame_id=None | camera=ppe_test_cam1
2026-08-13 23:05:21,711 - post_processor_c35a117e9f5a - INFO - [DETECT BATCH] START | od=0 | ppe=1
2026-08-13 23:05:21,711 - post_processor_c35a117e9f5a - INFO - [PROCESS PPE DETECTION] camera=ppe_test_cam1 | severity=none | violated=[]
2026-08-13 23:05:21,713 - post_processor_c35a117e9f5a - INFO - [DETECT BATCH] DONE | od=0 | ppe=1
2026-08-13 23:05:21,713 - post_processor_c35a117e9f5a - INFO - PPE meta buffered | camera=ppe_test_cam1 | violation=False
2026-08-13 23:05:21,713 - post_processor_c35a117e9f5a - INFO - PPE frame complete | camera=ppe_test_cam1 | violation=False
2026-08-13 23:05:22,569 - post_processor_c35a117e9f5a - INFO - [FRAME RECEIVED] topic=post_processing | partition=0 | offset=444 | frame_id=None | camera=ppe_test_cam1
2026-08-13 23:05:22,570 - post_processor_c35a117e9f5a - INFO - [DETECT BATCH] START | od=0 | ppe=1
2026-08-13 23:05:22,570 - post_processor_c35a117e9f5a - INFO - [PROCESS PPE DETECTION] camera=ppe_test_cam1 | severity=none | violated=[]
2026-08-13 23:05:22,570 - post_processor_c35a117e9f5a - INFO - [DETECT BATCH] DONE | od=0 | ppe=1
2026-08-13 23:05:22,571 - post_processor_c35a117e9f5a - INFO - PPE meta buffered | camera=ppe_test_cam1 | violation=False
2026-08-13 23:05:22,571 - post_processor_c35a117e9f5a - INFO - PPE frame complete | camera=ppe_test_cam1 | violation=False
2026-08-13 23:05:27,571 - post_processor_c35a117e9f5a - INFO - [FRAME RECEIVED] topic=post_processing | partition=0 | offset=445 | frame_id=None | camera=ppe_test_cam1
2026-08-13 23:05:27,571 - post_processor_c35a117e9f5a - INFO - [DETECT BATCH] START | od=0 | ppe=1
2026-08-13 23:05:27,571 - post_processor_c35a117e9f5a - INFO - [PROCESS PPE DETECTION] camera=ppe_test_cam1 | severity=none | violated=[]
2026-08-13 23:05:27,571 - post_processor_c35a117e9f5a - INFO - [DETECT BATCH] DONE | od=0 | ppe=1
2026-08-13 23:05:27,571 - post_processor_c35a117e9f5a - INFO - PPE meta buffered | camera=ppe_test_cam1 | violation=False
2026-08-13 23:05:27,571 - post_processor_c35a117e9f5a - INFO - PPE frame complete | camera=ppe_test_cam1 | violation=False
2026-08-13 23:05:28,566 - post_processor_c35a117e9f5a - INFO - [FRAME RECEIVED] topic=post_processing | partition=0 | offset=446 | frame_id=None | camera=ppe_test_cam1
2026-08-13 23:05:28,566 - post_processor_c35a117e9f5a - INFO - [DETECT BATCH] START | od=0 | ppe=1
2026-08-13 23:05:28,566 - post_processor_c35a117e9f5a - INFO - [PROCESS PPE DETECTION] camera=ppe_test_cam1 | severity=none | violated=[]
2026-08-13 23:05:28,567 - post_processor_c35a117e9f5a - INFO - [DETECT BATCH] DONE | od=0 | ppe=1
2026-08-13 23:05:28,567 - post_processor_c35a117e9f5a - INFO - PPE meta buffered | camera=ppe_test_cam1 | violation=False
2026-08-13 23:05:28,587 - post_processor_c35a117e9f5a - INFO - PPE MongoDB batch insert | camera=ppe_test_cam1 | count=10
2026-08-13 23:05:28,587 - post_processor_c35a117e9f5a - INFO - PPE frame complete | camera=ppe_test_cam1 | violation=False
2026-08-13 23:05:28,589 - post_processor_c35a117e9f5a - INFO - Kafka offsets committed | count=10
2026-08-13 23:05:29,559 - post_processor_c35a117e9f5a - INFO - [FRAME RECEIVED] topic=post_processing | partition=0 | offset=447 | frame_id=None | camera=ppe_test_cam1
2026-08-13 23:05:29,559 - post_processor_c35a117e9f5a - INFO - [DETECT BATCH] START | od=0 | ppe=1
2026-08-13 23:05:29,559 - post_processor_c35a117e9f5a - INFO - [PROCESS PPE DETECTION] camera=ppe_test_cam1 | severity=none | violated=[]
2026-08-13 23:05:29,560 - post_processor_c35a117e9f5a - INFO - [DETECT BATCH] DONE | od=0 | ppe=1
2026-08-13 23:05:29,560 - post_processor_c35a117e9f5a - INFO - PPE meta buffered | camera=ppe_test_cam1 | violation=False
2026-08-13 23:05:29,560 - post_processor_c35a117e9f5a - INFO - PPE frame complete | camera=ppe_test_cam1 | violation=False
2026-08-13 23:05:30,532 - post_processor_c35a117e9f5a - INFO - [FRAME RECEIVED] topic=post_processing | partition=0 | offset=448 | frame_id=None | camera=ppe_test_cam1
2026-08-13 23:05:30,533 - post_processor_c35a117e9f5a - INFO - [DETECT BATCH] START | od=0 | ppe=1
2026-08-13 23:05:30,533 - post_processor_c35a117e9f5a - INFO - [PROCESS PPE DETECTION] camera=ppe_test_cam1 | severity=none | violated=[]
2026-08-13 23:05:30,534 - post_processor_c35a117e9f5a - INFO - [DETECT BATCH] DONE | od=0 | ppe=1
2026-08-13 23:05:30,535 - post_processor_c35a117e9f5a - INFO - PPE meta buffered | camera=ppe_test_cam1 | violation=False
2026-08-13 23:05:30,535 - post_processor_c35a117e9f5a - INFO - PPE frame complete | camera=ppe_test_cam1 | violation=False
2026-08-13 23:05:31,654 - post_processor_c35a117e9f5a - INFO - [FRAME RECEIVED] topic=post_processing | partition=0 | offset=449 | frame_id=None | camera=ppe_test_cam1
2026-08-13 23:05:31,655 - post_processor_c35a117e9f5a - INFO - [DETECT BATCH] START | od=0 | ppe=1
2026-08-13 23:05:31,655 - post_processor_c35a117e9f5a - INFO - [PROCESS PPE DETECTION] camera=ppe_test_cam1 | severity=none | violated=[]
2026-08-13 23:05:31,655 - post_processor_c35a117e9f5a - INFO - [DETECT BATCH] DONE | od=0 | ppe=1
2026-08-13 23:05:31,655 - post_processor_c35a117e9f5a - INFO - PPE meta buffered | camera=ppe_test_cam1 | violation=False
2026-08-13 23:05:31,655 - post_processor_c35a117e9f5a - INFO - PPE frame complete | camera=ppe_test_cam1 | violation=False
2026-08-13 23:05:32,688 - post_processor_c35a117e9f5a - INFO - [FRAME RECEIVED] topic=post_processing | partition=0 | offset=450 | frame_id=None | camera=ppe_test_cam1
2026-08-13 23:05:32,688 - post_processor_c35a117e9f5a - INFO - [DETECT BATCH] START | od=0 | ppe=1
2026-08-13 23:05:32,688 - post_processor_c35a117e9f5a - INFO - [PROCESS PPE DETECTION] camera=ppe_test_cam1 | severity=none | violated=[]
2026-08-13 23:05:32,689 - post_processor_c35a117e9f5a - INFO - [DETECT BATCH] DONE | od=0 | ppe=1
2026-08-13 23:05:32,689 - post_processor_c35a117e9f5a - INFO - PPE meta buffered | camera=ppe_test_cam1 | violation=False
2026-08-13 23:05:32,689 - post_processor_c35a117e9f5a - INFO - PPE frame complete | camera=ppe_test_cam1 | violation=False
2026-08-13 23:05:33,554 - post_processor_c35a117e9f5a - INFO - [FRAME RECEIVED] topic=post_processing | partition=0 | offset=451 | frame_id=None | camera=ppe_test_cam1
2026-08-13 23:05:33,554 - post_processor_c35a117e9f5a - INFO - [DETECT BATCH] START | od=0 | ppe=1
2026-08-13 23:05:33,555 - post_processor_c35a117e9f5a - INFO - [PROCESS PPE DETECTION] camera=ppe_test_cam1 | severity=none | violated=[]
2026-08-13 23:05:33,555 - post_processor_c35a117e9f5a - INFO - [DETECT BATCH] DONE | od=0 | ppe=1
2026-08-13 23:05:33,556 - post_processor_c35a117e9f5a - INFO - PPE meta buffered | camera=ppe_test_cam1 | violation=False
2026-08-13 23:05:33,556 - post_processor_c35a117e9f5a - INFO - PPE frame complete | camera=ppe_test_cam1 | violation=False
2026-08-13 23:05:34,594 - post_processor_c35a117e9f5a - INFO - [FRAME RECEIVED] topic=post_processing | partition=0 | offset=452 | frame_id=None | camera=ppe_test_cam1
2026-08-13 23:05:34,594 - post_processor_c35a117e9f5a - INFO - [DETECT BATCH] START | od=0 | ppe=1
2026-08-13 23:05:34,594 - post_processor_c35a117e9f5a - INFO - [PROCESS PPE DETECTION] camera=ppe_test_cam1 | severity=none | violated=[]
2026-08-13 23:05:34,595 - post_processor_c35a117e9f5a - INFO - [DETECT BATCH] DONE | od=0 | ppe=1
2026-08-13 23:05:34,595 - post_processor_c35a117e9f5a - INFO - PPE meta buffered | camera=ppe_test_cam1 | violation=False
2026-08-13 23:05:34,595 - post_processor_c35a117e9f5a - INFO - PPE frame complete | camera=ppe_test_cam1 | violation=False
2026-08-13 23:05:34,629 - post_processor_c35a117e9f5a - INFO - [FRAME RECEIVED] topic=post_processing | partition=0 | offset=453 | frame_id=None | camera=ppe_test_cam1
2026-08-13 23:05:34,629 - post_processor_c35a117e9f5a - INFO - [DETECT BATCH] START | od=0 | ppe=1
2026-08-13 23:05:34,630 - post_processor_c35a117e9f5a - INFO - [PROCESS PPE DETECTION] camera=ppe_test_cam1 | severity=none | violated=[]
2026-08-13 23:05:34,630 - post_processor_c35a117e9f5a - INFO - [DETECT BATCH] DONE | od=0 | ppe=1
2026-08-13 23:05:34,630 - post_processor_c35a117e9f5a - INFO - PPE meta buffered | camera=ppe_test_cam1 | violation=False
2026-08-13 23:05:34,630 - post_processor_c35a117e9f5a - INFO - PPE frame complete | camera=ppe_test_cam1 | violation=False
2026-08-13 23:05:59,589 - post_processor_c35a117e9f5a - INFO - [FRAME RECEIVED] topic=post_processing | partition=0 | offset=454 | frame_id=None | camera=ppe_test_cam1
2026-08-13 23:05:59,589 - post_processor_c35a117e9f5a - INFO - [DETECT BATCH] START | od=0 | ppe=1
2026-08-13 23:05:59,595 - post_processor_c35a117e9f5a - INFO - [PROCESS PPE DETECTION] camera=ppe_test_cam1 | severity=none | violated=[]
2026-08-13 23:05:59,595 - post_processor_c35a117e9f5a - INFO - [DETECT BATCH] DONE | od=0 | ppe=1
2026-08-13 23:05:59,598 - post_processor_c35a117e9f5a - INFO - PPE meta buffered | camera=ppe_test_cam1 | violation=False
2026-08-13 23:05:59,598 - post_processor_c35a117e9f5a - INFO - PPE frame complete | camera=ppe_test_cam1 | violation=False
2026-08-13 23:06:00,624 - post_processor_c35a117e9f5a - INFO - [FRAME RECEIVED] topic=post_processing | partition=0 | offset=455 | frame_id=None | camera=ppe_test_cam1
2026-08-13 23:06:00,626 - post_processor_c35a117e9f5a - INFO - [DETECT BATCH] START | od=0 | ppe=1
2026-08-13 23:06:00,626 - post_processor_c35a117e9f5a - INFO - [PROCESS PPE DETECTION] camera=ppe_test_cam1 | severity=none | violated=[]
2026-08-13 23:06:00,627 - post_processor_c35a117e9f5a - INFO - [DETECT BATCH] DONE | od=0 | ppe=1
2026-08-13 23:06:00,627 - post_processor_c35a117e9f5a - INFO - PPE meta buffered | camera=ppe_test_cam1 | violation=False
2026-08-13 23:06:00,627 - post_processor_c35a117e9f5a - INFO - PPE frame complete | camera=ppe_test_cam1 | violation=False
2026-08-13 23:06:18,557 - post_processor_c35a117e9f5a - INFO - [FRAME RECEIVED] topic=post_processing | partition=0 | offset=456 | frame_id=None | camera=ppe_test_cam1
2026-08-13 23:06:18,558 - post_processor_c35a117e9f5a - INFO - [DETECT BATCH] START | od=0 | ppe=1
2026-08-13 23:06:18,558 - post_processor_c35a117e9f5a - INFO - [PROCESS PPE DETECTION] camera=ppe_test_cam1 | severity=none | violated=[]
2026-08-13 23:06:18,558 - post_processor_c35a117e9f5a - INFO - [DETECT BATCH] DONE | od=0 | ppe=1
2026-08-13 23:06:18,558 - post_processor_c35a117e9f5a - INFO - PPE meta buffered | camera=ppe_test_cam1 | violation=False
2026-08-13 23:06:18,629 - post_processor_c35a117e9f5a - INFO - PPE MongoDB batch insert | camera=ppe_test_cam1 | count=10
2026-08-13 23:06:18,630 - post_processor_c35a117e9f5a - INFO - PPE frame complete | camera=ppe_test_cam1 | violation=False
2026-08-13 23:06:18,631 - post_processor_c35a117e9f5a - INFO - Kafka offsets committed | count=10
2026-08-13 23:06:18,631 - post_processor_c35a117e9f5a - INFO - [FRAME RECEIVED] topic=post_processing | partition=0 | offset=457 | frame_id=None | camera=ppe_test_cam1
2026-08-13 23:06:18,631 - post_processor_c35a117e9f5a - INFO - [DETECT BATCH] START | od=0 | ppe=1
2026-08-13 23:06:18,631 - post_processor_c35a117e9f5a - INFO - [PROCESS PPE DETECTION] camera=ppe_test_cam1 | severity=low | violated=['No-Shoes', 'No-Shoes']
2026-08-13 23:06:18,635 - post_processor_c35a117e9f5a - INFO - PPE alert image saved | path=/Aksha/ppe_test_cam1/alerts/2026-08-13/2026-08-13 23:06:18.63_alert.jpg
2026-08-13 23:06:18,635 - post_processor_c35a117e9f5a - INFO - [DETECT BATCH] DONE | od=0 | ppe=1
2026-08-13 23:06:18,635 - post_processor_c35a117e9f5a - INFO - PPE meta buffered | camera=ppe_test_cam1 | violation=True
2026-08-13 23:06:18,671 - post_processor_c35a117e9f5a - INFO - PPE alert dual-written to alerts collection | camera=ppe_test_cam1
2026-08-13 23:06:18,672 - post_processor_c35a117e9f5a - INFO - ppe_status_check | has_violation=True | validity=True
2026-08-13 23:06:18,672 - post_processor_c35a117e9f5a - INFO - PPE notification approved | camera=ppe_test_cam1 | severity=low
2026-08-13 23:06:18,672 - post_processor_c35a117e9f5a - INFO - PPE notification sent | camera=ppe_test_cam1 | severity=low | topic=notification_service
2026-08-13 23:06:18,673 - post_processor_c35a117e9f5a - INFO - PPE frame complete | camera=ppe_test_cam1 | violation=True
2026-08-13 23:06:19,584 - post_processor_c35a117e9f5a - INFO - [FRAME RECEIVED] topic=post_processing | partition=0 | offset=458 | frame_id=None | camera=ppe_test_cam1
2026-08-13 23:06:19,584 - post_processor_c35a117e9f5a - INFO - [DETECT BATCH] START | od=0 | ppe=1
2026-08-13 23:06:19,585 - post_processor_c35a117e9f5a - INFO - [PROCESS PPE DETECTION] camera=ppe_test_cam1 | severity=none | violated=[]
2026-08-13 23:06:19,585 - post_processor_c35a117e9f5a - INFO - [DETECT BATCH] DONE | od=0 | ppe=1
2026-08-13 23:06:19,585 - post_processor_c35a117e9f5a - INFO - PPE meta buffered | camera=ppe_test_cam1 | violation=False
2026-08-13 23:06:19,585 - post_processor_c35a117e9f5a - INFO - PPE frame complete | camera=ppe_test_cam1 | violation=False
2026-08-13 23:06:19,586 - post_processor_c35a117e9f5a - INFO - [FRAME RECEIVED] topic=post_processing | partition=0 | offset=459 | frame_id=None | camera=ppe_test_cam1
2026-08-13 23:06:19,586 - post_processor_c35a117e9f5a - INFO - [DETECT BATCH] START | od=0 | ppe=1
2026-08-13 23:06:19,586 - post_processor_c35a117e9f5a - INFO - [PROCESS PPE DETECTION] camera=ppe_test_cam1 | severity=low | violated=['No-Shoes', 'No-Shoes']
2026-08-13 23:06:19,589 - post_processor_c35a117e9f5a - INFO - PPE alert image saved | path=/Aksha/ppe_test_cam1/alerts/2026-08-13/2026-08-13 23:06:19.58_alert.jpg
2026-08-13 23:06:19,590 - post_processor_c35a117e9f5a - INFO - [DETECT BATCH] DONE | od=0 | ppe=1
2026-08-13 23:06:19,590 - post_processor_c35a117e9f5a - INFO - PPE meta buffered | camera=ppe_test_cam1 | violation=True
2026-08-13 23:06:19,621 - post_processor_c35a117e9f5a - INFO - PPE alert dual-written to alerts collection | camera=ppe_test_cam1
2026-08-13 23:06:19,622 - post_processor_c35a117e9f5a - INFO - ppe_status_check | has_violation=True | validity=False
2026-08-13 23:06:19,622 - post_processor_c35a117e9f5a - INFO - PPE notification suppressed by cooldown | camera=ppe_test_cam1
2026-08-13 23:06:19,622 - post_processor_c35a117e9f5a - INFO - PPE frame complete | camera=ppe_test_cam1 | violation=True
2026-08-13 23:06:20,537 - post_processor_c35a117e9f5a - INFO - [FRAME RECEIVED] topic=post_processing | partition=0 | offset=460 | frame_id=None | camera=ppe_test_cam1
2026-08-13 23:06:20,537 - post_processor_c35a117e9f5a - INFO - [DETECT BATCH] START | od=0 | ppe=1
2026-08-13 23:06:20,537 - post_processor_c35a117e9f5a - INFO - [PROCESS PPE DETECTION] camera=ppe_test_cam1 | severity=low | violated=['No-Shoes', 'No-Shoes']
2026-08-13 23:06:20,541 - post_processor_c35a117e9f5a - INFO - PPE alert image saved | path=/Aksha/ppe_test_cam1/alerts/2026-08-13/2026-08-13 23:06:20.54_alert.jpg
2026-08-13 23:06:20,542 - post_processor_c35a117e9f5a - INFO - [DETECT BATCH] DONE | od=0 | ppe=1
2026-08-13 23:06:20,542 - post_processor_c35a117e9f5a - INFO - PPE meta buffered | camera=ppe_test_cam1 | violation=True
2026-08-13 23:06:20,589 - post_processor_c35a117e9f5a - INFO - PPE alert dual-written to alerts collection | camera=ppe_test_cam1
2026-08-13 23:06:20,589 - post_processor_c35a117e9f5a - INFO - ppe_status_check | has_violation=True | validity=False
2026-08-13 23:06:20,589 - post_processor_c35a117e9f5a - INFO - PPE notification suppressed by cooldown | camera=ppe_test_cam1
2026-08-13 23:06:20,590 - post_processor_c35a117e9f5a - INFO - PPE frame complete | camera=ppe_test_cam1 | violation=True
2026-08-13 23:06:20,590 - post_processor_c35a117e9f5a - INFO - [FRAME RECEIVED] topic=post_processing | partition=0 | offset=461 | frame_id=None | camera=ppe_test_cam1
2026-08-13 23:06:20,590 - post_processor_c35a117e9f5a - INFO - [DETECT BATCH] START | od=0 | ppe=1
2026-08-13 23:06:20,590 - post_processor_c35a117e9f5a - INFO - [PROCESS PPE DETECTION] camera=ppe_test_cam1 | severity=none | violated=[]
2026-08-13 23:06:20,591 - post_processor_c35a117e9f5a - INFO - [DETECT BATCH] DONE | od=0 | ppe=1
2026-08-13 23:06:20,591 - post_processor_c35a117e9f5a - INFO - PPE meta buffered | camera=ppe_test_cam1 | violation=False
2026-08-13 23:06:20,591 - post_processor_c35a117e9f5a - INFO - PPE frame complete | camera=ppe_test_cam1 | violation=False
2026-08-13 23:06:21,597 - post_processor_c35a117e9f5a - INFO - [FRAME RECEIVED] topic=post_processing | partition=0 | offset=462 | frame_id=None | camera=ppe_test_cam1
2026-08-13 23:06:21,597 - post_processor_c35a117e9f5a - INFO - [DETECT BATCH] START | od=0 | ppe=1
2026-08-13 23:06:21,597 - post_processor_c35a117e9f5a - INFO - [PROCESS PPE DETECTION] camera=ppe_test_cam1 | severity=none | violated=[]
2026-08-13 23:06:21,597 - post_processor_c35a117e9f5a - INFO - [DETECT BATCH] DONE | od=0 | ppe=1
2026-08-13 23:06:21,597 - post_processor_c35a117e9f5a - INFO - PPE meta buffered | camera=ppe_test_cam1 | violation=False
2026-08-13 23:06:21,598 - post_processor_c35a117e9f5a - INFO - PPE frame complete | camera=ppe_test_cam1 | violation=False
2026-08-13 23:06:21,631 - post_processor_c35a117e9f5a - INFO - [FRAME RECEIVED] topic=post_processing | partition=0 | offset=463 | frame_id=None | camera=ppe_test_cam1
2026-08-13 23:06:21,631 - post_processor_c35a117e9f5a - INFO - [DETECT BATCH] START | od=0 | ppe=1
2026-08-13 23:06:21,631 - post_processor_c35a117e9f5a - INFO - [PROCESS PPE DETECTION] camera=ppe_test_cam1 | severity=low | violated=['No-Shoes', 'No-Shoes']
2026-08-13 23:06:21,635 - post_processor_c35a117e9f5a - INFO - PPE alert image saved | path=/Aksha/ppe_test_cam1/alerts/2026-08-13/2026-08-13 23:06:21.63_alert.jpg
2026-08-13 23:06:21,635 - post_processor_c35a117e9f5a - INFO - [DETECT BATCH] DONE | od=0 | ppe=1
2026-08-13 23:06:21,635 - post_processor_c35a117e9f5a - INFO - PPE meta buffered | camera=ppe_test_cam1 | violation=True
2026-08-13 23:06:21,663 - post_processor_c35a117e9f5a - INFO - PPE alert dual-written to alerts collection | camera=ppe_test_cam1
2026-08-13 23:06:21,664 - post_processor_c35a117e9f5a - INFO - ppe_status_check | has_violation=True | validity=False
2026-08-13 23:06:21,664 - post_processor_c35a117e9f5a - INFO - PPE notification suppressed by cooldown | camera=ppe_test_cam1
2026-08-13 23:06:21,664 - post_processor_c35a117e9f5a - INFO - PPE frame complete | camera=ppe_test_cam1 | violation=True
2026-08-13 23:06:22,591 - post_processor_c35a117e9f5a - INFO - [FRAME RECEIVED] topic=post_processing | partition=0 | offset=464 | frame_id=None | camera=ppe_test_cam1
2026-08-13 23:06:22,592 - post_processor_c35a117e9f5a - INFO - [DETECT BATCH] START | od=0 | ppe=1
2026-08-13 23:06:22,592 - post_processor_c35a117e9f5a - INFO - [PROCESS PPE DETECTION] camera=ppe_test_cam1 | severity=none | violated=[]
2026-08-13 23:06:22,592 - post_processor_c35a117e9f5a - INFO - [DETECT BATCH] DONE | od=0 | ppe=1
2026-08-13 23:06:22,592 - post_processor_c35a117e9f5a - INFO - PPE meta buffered | camera=ppe_test_cam1 | violation=False
2026-08-13 23:06:22,592 - post_processor_c35a117e9f5a - INFO - PPE frame complete | camera=ppe_test_cam1 | violation=False
2026-08-13 23:06:27,581 - post_processor_c35a117e9f5a - INFO - [FRAME RECEIVED] topic=post_processing | partition=0 | offset=465 | frame_id=None | camera=ppe_test_cam1
2026-08-13 23:06:27,581 - post_processor_c35a117e9f5a - INFO - [DETECT BATCH] START | od=0 | ppe=1
2026-08-13 23:06:27,581 - post_processor_c35a117e9f5a - INFO - [PROCESS PPE DETECTION] camera=ppe_test_cam1 | severity=none | violated=[]
2026-08-13 23:06:27,582 - post_processor_c35a117e9f5a - INFO - [DETECT BATCH] DONE | od=0 | ppe=1
2026-08-13 23:06:27,582 - post_processor_c35a117e9f5a - INFO - PPE meta buffered | camera=ppe_test_cam1 | violation=False
2026-08-13 23:06:27,582 - post_processor_c35a117e9f5a - INFO - PPE frame complete | camera=ppe_test_cam1 | violation=False
2026-08-13 23:06:28,573 - post_processor_c35a117e9f5a - INFO - [FRAME RECEIVED] topic=post_processing | partition=0 | offset=466 | frame_id=None | camera=ppe_test_cam1
2026-08-13 23:06:28,573 - post_processor_c35a117e9f5a - INFO - [DETECT BATCH] START | od=0 | ppe=1
2026-08-13 23:06:28,573 - post_processor_c35a117e9f5a - INFO - [PROCESS PPE DETECTION] camera=ppe_test_cam1 | severity=none | violated=[]
2026-08-13 23:06:28,574 - post_processor_c35a117e9f5a - INFO - [DETECT BATCH] DONE | od=0 | ppe=1
2026-08-13 23:06:28,574 - post_processor_c35a117e9f5a - INFO - PPE meta buffered | camera=ppe_test_cam1 | violation=False
2026-08-13 23:06:28,624 - post_processor_c35a117e9f5a - INFO - PPE MongoDB batch insert | camera=ppe_test_cam1 | count=10
2026-08-13 23:06:28,625 - post_processor_c35a117e9f5a - INFO - PPE frame complete | camera=ppe_test_cam1 | violation=False
2026-08-13 23:06:28,626 - post_processor_c35a117e9f5a - INFO - Kafka offsets committed | count=10
2026-08-13 23:06:29,512 - post_processor_c35a117e9f5a - INFO - [FRAME RECEIVED] topic=post_processing | partition=0 | offset=467 | frame_id=None | camera=ppe_test_cam1
2026-08-13 23:06:29,513 - post_processor_c35a117e9f5a - INFO - [DETECT BATCH] START | od=0 | ppe=1
2026-08-13 23:06:29,513 - post_processor_c35a117e9f5a - INFO - [PROCESS PPE DETECTION] camera=ppe_test_cam1 | severity=none | violated=[]
2026-08-13 23:06:29,513 - post_processor_c35a117e9f5a - INFO - [DETECT BATCH] DONE | od=0 | ppe=1
2026-08-13 23:06:29,513 - post_processor_c35a117e9f5a - INFO - PPE meta buffered | camera=ppe_test_cam1 | violation=False
2026-08-13 23:06:29,514 - post_processor_c35a117e9f5a - INFO - PPE frame complete | camera=ppe_test_cam1 | violation=False
2026-08-13 23:06:30,593 - post_processor_c35a117e9f5a - INFO - [FRAME RECEIVED] topic=post_processing | partition=0 | offset=468 | frame_id=None | camera=ppe_test_cam1
2026-08-13 23:06:30,593 - post_processor_c35a117e9f5a - INFO - [DETECT BATCH] START | od=0 | ppe=1
2026-08-13 23:06:30,593 - post_processor_c35a117e9f5a - INFO - [PROCESS PPE DETECTION] camera=ppe_test_cam1 | severity=none | violated=[]
2026-08-13 23:06:30,594 - post_processor_c35a117e9f5a - INFO - [DETECT BATCH] DONE | od=0 | ppe=1
2026-08-13 23:06:30,594 - post_processor_c35a117e9f5a - INFO - PPE meta buffered | camera=ppe_test_cam1 | violation=False
2026-08-13 23:06:30,594 - post_processor_c35a117e9f5a - INFO - PPE frame complete | camera=ppe_test_cam1 | violation=False
2026-08-13 23:06:31,668 - post_processor_c35a117e9f5a - INFO - [FRAME RECEIVED] topic=post_processing | partition=0 | offset=469 | frame_id=None | camera=ppe_test_cam1
2026-08-13 23:06:31,668 - post_processor_c35a117e9f5a - INFO - [DETECT BATCH] START | od=0 | ppe=1
2026-08-13 23:06:31,668 - post_processor_c35a117e9f5a - INFO - [PROCESS PPE DETECTION] camera=ppe_test_cam1 | severity=none | violated=[]
2026-08-13 23:06:31,669 - post_processor_c35a117e9f5a - INFO - [DETECT BATCH] DONE | od=0 | ppe=1
2026-08-13 23:06:31,669 - post_processor_c35a117e9f5a - INFO - PPE meta buffered | camera=ppe_test_cam1 | violation=False
2026-08-13 23:06:31,669 - post_processor_c35a117e9f5a - INFO - PPE frame complete | camera=ppe_test_cam1 | violation=False
2026-08-13 23:06:32,659 - post_processor_c35a117e9f5a - INFO - [FRAME RECEIVED] topic=post_processing | partition=0 | offset=470 | frame_id=None | camera=ppe_test_cam1
2026-08-13 23:06:32,660 - post_processor_c35a117e9f5a - INFO - [DETECT BATCH] START | od=0 | ppe=1
2026-08-13 23:06:32,660 - post_processor_c35a117e9f5a - INFO - [PROCESS PPE DETECTION] camera=ppe_test_cam1 | severity=none | violated=[]
2026-08-13 23:06:32,661 - post_processor_c35a117e9f5a - INFO - [DETECT BATCH] DONE | od=0 | ppe=1
2026-08-13 23:06:32,661 - post_processor_c35a117e9f5a - INFO - PPE meta buffered | camera=ppe_test_cam1 | violation=False
2026-08-13 23:06:32,661 - post_processor_c35a117e9f5a - INFO - PPE frame complete | camera=ppe_test_cam1 | violation=False
2026-08-13 23:06:33,600 - post_processor_c35a117e9f5a - INFO - [FRAME RECEIVED] topic=post_processing | partition=0 | offset=471 | frame_id=None | camera=ppe_test_cam1
2026-08-13 23:06:33,600 - post_processor_c35a117e9f5a - INFO - [DETECT BATCH] START | od=0 | ppe=1
2026-08-13 23:06:33,600 - post_processor_c35a117e9f5a - INFO - [PROCESS PPE DETECTION] camera=ppe_test_cam1 | severity=none | violated=[]
2026-08-13 23:06:33,603 - post_processor_c35a117e9f5a - INFO - [DETECT BATCH] DONE | od=0 | ppe=1
2026-08-13 23:06:33,603 - post_processor_c35a117e9f5a - INFO - PPE meta buffered | camera=ppe_test_cam1 | violation=False
2026-08-13 23:06:33,603 - post_processor_c35a117e9f5a - INFO - PPE frame complete | camera=ppe_test_cam1 | violation=False
2026-08-13 23:06:34,628 - post_processor_c35a117e9f5a - INFO - [FRAME RECEIVED] topic=post_processing | partition=0 | offset=472 | frame_id=None | camera=ppe_test_cam1
2026-08-13 23:06:34,629 - post_processor_c35a117e9f5a - INFO - [DETECT BATCH] START | od=0 | ppe=1
2026-08-13 23:06:34,629 - post_processor_c35a117e9f5a - INFO - [PROCESS PPE DETECTION] camera=ppe_test_cam1 | severity=none | violated=[]
2026-08-13 23:06:34,629 - post_processor_c35a117e9f5a - INFO - [DETECT BATCH] DONE | od=0 | ppe=1
2026-08-13 23:06:34,630 - post_processor_c35a117e9f5a - INFO - PPE meta buffered | camera=ppe_test_cam1 | violation=False
2026-08-13 23:06:34,630 - post_processor_c35a117e9f5a - INFO - PPE frame complete | camera=ppe_test_cam1 | violation=False
2026-08-13 23:06:34,630 - post_processor_c35a117e9f5a - INFO - [FRAME RECEIVED] topic=post_processing | partition=0 | offset=473 | frame_id=None | camera=ppe_test_cam1
2026-08-13 23:06:34,630 - post_processor_c35a117e9f5a - INFO - [DETECT BATCH] START | od=0 | ppe=1
2026-08-13 23:06:34,630 - post_processor_c35a117e9f5a - INFO - [PROCESS PPE DETECTION] camera=ppe_test_cam1 | severity=none | violated=[]
2026-08-13 23:06:34,631 - post_processor_c35a117e9f5a - INFO - [DETECT BATCH] DONE | od=0 | ppe=1
2026-08-13 23:06:34,631 - post_processor_c35a117e9f5a - INFO - PPE meta buffered | camera=ppe_test_cam1 | violation=False
2026-08-13 23:06:34,631 - post_processor_c35a117e9f5a - INFO - PPE frame complete | camera=ppe_test_cam1 | violation=False
2026-08-13 23:06:59,618 - post_processor_c35a117e9f5a - INFO - [FRAME RECEIVED] topic=post_processing | partition=0 | offset=474 | frame_id=None | camera=ppe_test_cam1
2026-08-13 23:06:59,618 - post_processor_c35a117e9f5a - INFO - [DETECT BATCH] START | od=0 | ppe=1
2026-08-13 23:06:59,619 - post_processor_c35a117e9f5a - INFO - [PROCESS PPE DETECTION] camera=ppe_test_cam1 | severity=none | violated=[]
2026-08-13 23:06:59,619 - post_processor_c35a117e9f5a - INFO - [DETECT BATCH] DONE | od=0 | ppe=1
2026-08-13 23:06:59,619 - post_processor_c35a117e9f5a - INFO - PPE meta buffered | camera=ppe_test_cam1 | violation=False
2026-08-13 23:06:59,619 - post_processor_c35a117e9f5a - INFO - PPE frame complete | camera=ppe_test_cam1 | violation=False
2026-08-13 23:07:00,545 - post_processor_c35a117e9f5a - INFO - [FRAME RECEIVED] topic=post_processing | partition=0 | offset=475 | frame_id=None | camera=ppe_test_cam1
2026-08-13 23:07:00,545 - post_processor_c35a117e9f5a - INFO - [DETECT BATCH] START | od=0 | ppe=1
2026-08-13 23:07:00,546 - post_processor_c35a117e9f5a - INFO - [PROCESS PPE DETECTION] camera=ppe_test_cam1 | severity=none | violated=[]
2026-08-13 23:07:00,546 - post_processor_c35a117e9f5a - INFO - [DETECT BATCH] DONE | od=0 | ppe=1
2026-08-13 23:07:00,547 - post_processor_c35a117e9f5a - INFO - PPE meta buffered | camera=ppe_test_cam1 | violation=False
2026-08-13 23:07:00,547 - post_processor_c35a117e9f5a - INFO - PPE frame complete | camera=ppe_test_cam1 | violation=False
2026-08-13 23:07:18,511 - post_processor_c35a117e9f5a - INFO - [FRAME RECEIVED] topic=post_processing | partition=0 | offset=476 | frame_id=None | camera=ppe_test_cam1
2026-08-13 23:07:18,511 - post_processor_c35a117e9f5a - INFO - [DETECT BATCH] START | od=0 | ppe=1
2026-08-13 23:07:18,512 - post_processor_c35a117e9f5a - INFO - [PROCESS PPE DETECTION] camera=ppe_test_cam1 | severity=none | violated=[]
2026-08-13 23:07:18,513 - post_processor_c35a117e9f5a - INFO - [DETECT BATCH] DONE | od=0 | ppe=1
2026-08-13 23:07:18,513 - post_processor_c35a117e9f5a - INFO - PPE meta buffered | camera=ppe_test_cam1 | violation=False
2026-08-13 23:07:18,524 - post_processor_c35a117e9f5a - INFO - PPE MongoDB batch insert | camera=ppe_test_cam1 | count=10
2026-08-13 23:07:18,524 - post_processor_c35a117e9f5a - INFO - PPE frame complete | camera=ppe_test_cam1 | violation=False
2026-08-13 23:07:18,525 - post_processor_c35a117e9f5a - INFO - Kafka offsets committed | count=10
2026-08-13 23:07:18,525 - post_processor_c35a117e9f5a - INFO - [FRAME RECEIVED] topic=post_processing | partition=0 | offset=477 | frame_id=None | camera=ppe_test_cam1
2026-08-13 23:07:18,525 - post_processor_c35a117e9f5a - INFO - [DETECT BATCH] START | od=0 | ppe=1
2026-08-13 23:07:18,526 - post_processor_c35a117e9f5a - INFO - [PROCESS PPE DETECTION] camera=ppe_test_cam1 | severity=low | violated=['No-Shoes', 'No-Shoes']
2026-08-13 23:07:18,530 - post_processor_c35a117e9f5a - INFO - PPE alert image saved | path=/Aksha/ppe_test_cam1/alerts/2026-08-13/2026-08-13 23:07:18.52_alert.jpg
2026-08-13 23:07:18,530 - post_processor_c35a117e9f5a - INFO - [DETECT BATCH] DONE | od=0 | ppe=1
2026-08-13 23:07:18,530 - post_processor_c35a117e9f5a - INFO - PPE meta buffered | camera=ppe_test_cam1 | violation=True
2026-08-13 23:07:18,565 - post_processor_c35a117e9f5a - INFO - PPE alert dual-written to alerts collection | camera=ppe_test_cam1
2026-08-13 23:07:18,566 - post_processor_c35a117e9f5a - INFO - ppe_status_check | has_violation=True | validity=True
2026-08-13 23:07:18,566 - post_processor_c35a117e9f5a - INFO - PPE notification approved | camera=ppe_test_cam1 | severity=low
2026-08-13 23:07:18,566 - post_processor_c35a117e9f5a - INFO - PPE notification sent | camera=ppe_test_cam1 | severity=low | topic=notification_service
2026-08-13 23:07:18,567 - post_processor_c35a117e9f5a - INFO - PPE frame complete | camera=ppe_test_cam1 | violation=True
2026-08-13 23:07:19,580 - post_processor_c35a117e9f5a - INFO - [FRAME RECEIVED] topic=post_processing | partition=0 | offset=478 | frame_id=None | camera=ppe_test_cam1
2026-08-13 23:07:19,580 - post_processor_c35a117e9f5a - INFO - [DETECT BATCH] START | od=0 | ppe=1
2026-08-13 23:07:19,580 - post_processor_c35a117e9f5a - INFO - [PROCESS PPE DETECTION] camera=ppe_test_cam1 | severity=none | violated=[]
2026-08-13 23:07:19,580 - post_processor_c35a117e9f5a - INFO - [DETECT BATCH] DONE | od=0 | ppe=1
2026-08-13 23:07:19,581 - post_processor_c35a117e9f5a - INFO - PPE meta buffered | camera=ppe_test_cam1 | violation=False
2026-08-13 23:07:19,581 - post_processor_c35a117e9f5a - INFO - PPE frame complete | camera=ppe_test_cam1 | violation=False
2026-08-13 23:07:19,613 - post_processor_c35a117e9f5a - INFO - [FRAME RECEIVED] topic=post_processing | partition=0 | offset=479 | frame_id=None | camera=ppe_test_cam1
2026-08-13 23:07:19,613 - post_processor_c35a117e9f5a - INFO - [DETECT BATCH] START | od=0 | ppe=1
2026-08-13 23:07:19,613 - post_processor_c35a117e9f5a - INFO - [PROCESS PPE DETECTION] camera=ppe_test_cam1 | severity=low | violated=['No-Shoes', 'No-Shoes']
2026-08-13 23:07:19,617 - post_processor_c35a117e9f5a - INFO - PPE alert image saved | path=/Aksha/ppe_test_cam1/alerts/2026-08-13/2026-08-13 23:07:19.61_alert.jpg
2026-08-13 23:07:19,617 - post_processor_c35a117e9f5a - INFO - [DETECT BATCH] DONE | od=0 | ppe=1
2026-08-13 23:07:19,617 - post_processor_c35a117e9f5a - INFO - PPE meta buffered | camera=ppe_test_cam1 | violation=True
2026-08-13 23:07:19,624 - post_processor_c35a117e9f5a - INFO - PPE alert dual-written to alerts collection | camera=ppe_test_cam1
2026-08-13 23:07:19,625 - post_processor_c35a117e9f5a - INFO - ppe_status_check | has_violation=True | validity=False
2026-08-13 23:07:19,625 - post_processor_c35a117e9f5a - INFO - PPE notification suppressed by cooldown | camera=ppe_test_cam1
2026-08-13 23:07:19,625 - post_processor_c35a117e9f5a - INFO - PPE frame complete | camera=ppe_test_cam1 | violation=True
2026-08-13 23:07:20,595 - post_processor_c35a117e9f5a - INFO - [FRAME RECEIVED] topic=post_processing | partition=0 | offset=480 | frame_id=None | camera=ppe_test_cam1
2026-08-13 23:07:20,595 - post_processor_c35a117e9f5a - INFO - [DETECT BATCH] START | od=0 | ppe=1
2026-08-13 23:07:20,595 - post_processor_c35a117e9f5a - INFO - [PROCESS PPE DETECTION] camera=ppe_test_cam1 | severity=none | violated=[]
2026-08-13 23:07:20,595 - post_processor_c35a117e9f5a - INFO - [DETECT BATCH] DONE | od=0 | ppe=1
2026-08-13 23:07:20,596 - post_processor_c35a117e9f5a - INFO - PPE meta buffered | camera=ppe_test_cam1 | violation=False
2026-08-13 23:07:20,596 - post_processor_c35a117e9f5a - INFO - PPE frame complete | camera=ppe_test_cam1 | violation=False
2026-08-13 23:07:20,623 - post_processor_c35a117e9f5a - INFO - [FRAME RECEIVED] topic=post_processing | partition=0 | offset=481 | frame_id=None | camera=ppe_test_cam1
2026-08-13 23:07:20,623 - post_processor_c35a117e9f5a - INFO - [DETECT BATCH] START | od=0 | ppe=1
2026-08-13 23:07:20,623 - post_processor_c35a117e9f5a - INFO - [PROCESS PPE DETECTION] camera=ppe_test_cam1 | severity=low | violated=['No-Shoes', 'No-Shoes']
2026-08-13 23:07:20,626 - post_processor_c35a117e9f5a - INFO - PPE alert image saved | path=/Aksha/ppe_test_cam1/alerts/2026-08-13/2026-08-13 23:07:20.62_alert.jpg
2026-08-13 23:07:20,627 - post_processor_c35a117e9f5a - INFO - [DETECT BATCH] DONE | od=0 | ppe=1
2026-08-13 23:07:20,627 - post_processor_c35a117e9f5a - INFO - PPE meta buffered | camera=ppe_test_cam1 | violation=True
2026-08-13 23:07:20,633 - post_processor_c35a117e9f5a - INFO - PPE alert dual-written to alerts collection | camera=ppe_test_cam1
2026-08-13 23:07:20,634 - post_processor_c35a117e9f5a - INFO - ppe_status_check | has_violation=True | validity=False
2026-08-13 23:07:20,634 - post_processor_c35a117e9f5a - INFO - PPE notification suppressed by cooldown | camera=ppe_test_cam1
2026-08-13 23:07:20,635 - post_processor_c35a117e9f5a - INFO - PPE frame complete | camera=ppe_test_cam1 | violation=True
2026-08-13 23:07:21,503 - post_processor_c35a117e9f5a - INFO - [FRAME RECEIVED] topic=post_processing | partition=0 | offset=482 | frame_id=None | camera=ppe_test_cam1
2026-08-13 23:07:21,503 - post_processor_c35a117e9f5a - INFO - [DETECT BATCH] START | od=0 | ppe=1
2026-08-13 23:07:21,503 - post_processor_c35a117e9f5a - INFO - [PROCESS PPE DETECTION] camera=ppe_test_cam1 | severity=none | violated=[]
2026-08-13 23:07:21,503 - post_processor_c35a117e9f5a - INFO - [DETECT BATCH] DONE | od=0 | ppe=1
2026-08-13 23:07:21,504 - post_processor_c35a117e9f5a - INFO - PPE meta buffered | camera=ppe_test_cam1 | violation=False
2026-08-13 23:07:21,504 - post_processor_c35a117e9f5a - INFO - PPE frame complete | camera=ppe_test_cam1 | violation=False
2026-08-13 23:07:21,537 - post_processor_c35a117e9f5a - INFO - [FRAME RECEIVED] topic=post_processing | partition=0 | offset=483 | frame_id=None | camera=ppe_test_cam1
2026-08-13 23:07:21,537 - post_processor_c35a117e9f5a - INFO - [DETECT BATCH] START | od=0 | ppe=1
2026-08-13 23:07:21,538 - post_processor_c35a117e9f5a - INFO - [PROCESS PPE DETECTION] camera=ppe_test_cam1 | severity=low | violated=['No-Shoes', 'No-Shoes']
2026-08-13 23:07:21,541 - post_processor_c35a117e9f5a - INFO - PPE alert image saved | path=/Aksha/ppe_test_cam1/alerts/2026-08-13/2026-08-13 23:07:21.54_alert.jpg
2026-08-13 23:07:21,541 - post_processor_c35a117e9f5a - INFO - [DETECT BATCH] DONE | od=0 | ppe=1
2026-08-13 23:07:21,542 - post_processor_c35a117e9f5a - INFO - PPE meta buffered | camera=ppe_test_cam1 | violation=True
2026-08-13 23:07:21,550 - post_processor_c35a117e9f5a - INFO - PPE alert dual-written to alerts collection | camera=ppe_test_cam1
2026-08-13 23:07:21,551 - post_processor_c35a117e9f5a - INFO - ppe_status_check | has_violation=True | validity=False
2026-08-13 23:07:21,551 - post_processor_c35a117e9f5a - INFO - PPE notification suppressed by cooldown | camera=ppe_test_cam1
2026-08-13 23:07:21,551 - post_processor_c35a117e9f5a - INFO - PPE frame complete | camera=ppe_test_cam1 | violation=True
2026-08-13 23:07:22,569 - post_processor_c35a117e9f5a - INFO - [FRAME RECEIVED] topic=post_processing | partition=0 | offset=484 | frame_id=None | camera=ppe_test_cam1
2026-08-13 23:07:22,569 - post_processor_c35a117e9f5a - INFO - [DETECT BATCH] START | od=0 | ppe=1
2026-08-13 23:07:22,570 - post_processor_c35a117e9f5a - INFO - [PROCESS PPE DETECTION] camera=ppe_test_cam1 | severity=none | violated=[]
2026-08-13 23:07:22,570 - post_processor_c35a117e9f5a - INFO - [DETECT BATCH] DONE | od=0 | ppe=1
2026-08-13 23:07:22,570 - post_processor_c35a117e9f5a - INFO - PPE meta buffered | camera=ppe_test_cam1 | violation=False
2026-08-13 23:07:22,570 - post_processor_c35a117e9f5a - INFO - PPE frame complete | camera=ppe_test_cam1 | violation=False
2026-08-13 23:07:27,509 - post_processor_c35a117e9f5a - INFO - [FRAME RECEIVED] topic=post_processing | partition=0 | offset=485 | frame_id=None | camera=ppe_test_cam1
2026-08-13 23:07:27,509 - post_processor_c35a117e9f5a - INFO - [DETECT BATCH] START | od=0 | ppe=1
2026-08-13 23:07:27,509 - post_processor_c35a117e9f5a - INFO - [PROCESS PPE DETECTION] camera=ppe_test_cam1 | severity=none | violated=[]
2026-08-13 23:07:27,510 - post_processor_c35a117e9f5a - INFO - [DETECT BATCH] DONE | od=0 | ppe=1
2026-08-13 23:07:27,510 - post_processor_c35a117e9f5a - INFO - PPE meta buffered | camera=ppe_test_cam1 | violation=False
2026-08-13 23:07:27,510 - post_processor_c35a117e9f5a - INFO - PPE frame complete | camera=ppe_test_cam1 | violation=False
2026-08-13 23:07:28,560 - post_processor_c35a117e9f5a - INFO - [FRAME RECEIVED] topic=post_processing | partition=0 | offset=486 | frame_id=None | camera=ppe_test_cam1
2026-08-13 23:07:28,560 - post_processor_c35a117e9f5a - INFO - [DETECT BATCH] START | od=0 | ppe=1
2026-08-13 23:07:28,560 - post_processor_c35a117e9f5a - INFO - [PROCESS PPE DETECTION] camera=ppe_test_cam1 | severity=none | violated=[]
2026-08-13 23:07:28,561 - post_processor_c35a117e9f5a - INFO - [DETECT BATCH] DONE | od=0 | ppe=1
2026-08-13 23:07:28,561 - post_processor_c35a117e9f5a - INFO - PPE meta buffered | camera=ppe_test_cam1 | violation=False
2026-08-13 23:07:28,600 - post_processor_c35a117e9f5a - INFO - PPE MongoDB batch insert | camera=ppe_test_cam1 | count=10
2026-08-13 23:07:28,601 - post_processor_c35a117e9f5a - INFO - PPE frame complete | camera=ppe_test_cam1 | violation=False
2026-08-13 23:07:28,602 - post_processor_c35a117e9f5a - INFO - Kafka offsets committed | count=10
2026-08-13 23:07:29,434 - post_processor_c35a117e9f5a - INFO - [FRAME RECEIVED] topic=post_processing | partition=0 | offset=487 | frame_id=None | camera=ppe_test_cam1
2026-08-13 23:07:29,434 - post_processor_c35a117e9f5a - INFO - [DETECT BATCH] START | od=0 | ppe=1
2026-08-13 23:07:29,434 - post_processor_c35a117e9f5a - INFO - [PROCESS PPE DETECTION] camera=ppe_test_cam1 | severity=none | violated=[]
2026-08-13 23:07:29,436 - post_processor_c35a117e9f5a - INFO - [DETECT BATCH] DONE | od=0 | ppe=1
2026-08-13 23:07:29,437 - post_processor_c35a117e9f5a - INFO - PPE meta buffered | camera=ppe_test_cam1 | violation=False
2026-08-13 23:07:29,437 - post_processor_c35a117e9f5a - INFO - PPE frame complete | camera=ppe_test_cam1 | violation=False
2026-08-13 23:07:30,536 - post_processor_c35a117e9f5a - INFO - [FRAME RECEIVED] topic=post_processing | partition=0 | offset=488 | frame_id=None | camera=ppe_test_cam1
2026-08-13 23:07:30,537 - post_processor_c35a117e9f5a - INFO - [DETECT BATCH] START | od=0 | ppe=1
2026-08-13 23:07:30,537 - post_processor_c35a117e9f5a - INFO - [PROCESS PPE DETECTION] camera=ppe_test_cam1 | severity=none | violated=[]
2026-08-13 23:07:30,537 - post_processor_c35a117e9f5a - INFO - [DETECT BATCH] DONE | od=0 | ppe=1
2026-08-13 23:07:30,537 - post_processor_c35a117e9f5a - INFO - PPE meta buffered | camera=ppe_test_cam1 | violation=False
2026-08-13 23:07:30,537 - post_processor_c35a117e9f5a - INFO - PPE frame complete | camera=ppe_test_cam1 | violation=False
2026-08-13 23:07:31,604 - post_processor_c35a117e9f5a - INFO - [FRAME RECEIVED] topic=post_processing | partition=0 | offset=489 | frame_id=None | camera=ppe_test_cam1
2026-08-13 23:07:31,604 - post_processor_c35a117e9f5a - INFO - [DETECT BATCH] START | od=0 | ppe=1
2026-08-13 23:07:31,605 - post_processor_c35a117e9f5a - INFO - [PROCESS PPE DETECTION] camera=ppe_test_cam1 | severity=none | violated=[]
2026-08-13 23:07:31,605 - post_processor_c35a117e9f5a - INFO - [DETECT BATCH] DONE | od=0 | ppe=1
2026-08-13 23:07:31,605 - post_processor_c35a117e9f5a - INFO - PPE meta buffered | camera=ppe_test_cam1 | violation=False
2026-08-13 23:07:31,605 - post_processor_c35a117e9f5a - INFO - PPE frame complete | camera=ppe_test_cam1 | violation=False
2026-08-13 23:07:32,512 - post_processor_c35a117e9f5a - INFO - [FRAME RECEIVED] topic=post_processing | partition=0 | offset=490 | frame_id=None | camera=ppe_test_cam1
2026-08-13 23:07:32,514 - post_processor_c35a117e9f5a - INFO - [DETECT BATCH] START | od=0 | ppe=1
2026-08-13 23:07:32,515 - post_processor_c35a117e9f5a - INFO - [PROCESS PPE DETECTION] camera=ppe_test_cam1 | severity=none | violated=[]
2026-08-13 23:07:32,516 - post_processor_c35a117e9f5a - INFO - [DETECT BATCH] DONE | od=0 | ppe=1
2026-08-13 23:07:32,516 - post_processor_c35a117e9f5a - INFO - PPE meta buffered | camera=ppe_test_cam1 | violation=False
2026-08-13 23:07:32,516 - post_processor_c35a117e9f5a - INFO - PPE frame complete | camera=ppe_test_cam1 | violation=False
2026-08-13 23:07:33,673 - post_processor_c35a117e9f5a - INFO - [FRAME RECEIVED] topic=post_processing | partition=0 | offset=491 | frame_id=None | camera=ppe_test_cam1
2026-08-13 23:07:33,673 - post_processor_c35a117e9f5a - INFO - [DETECT BATCH] START | od=0 | ppe=1
2026-08-13 23:07:33,673 - post_processor_c35a117e9f5a - INFO - [PROCESS PPE DETECTION] camera=ppe_test_cam1 | severity=none | violated=[]
2026-08-13 23:07:33,674 - post_processor_c35a117e9f5a - INFO - [DETECT BATCH] DONE | od=0 | ppe=1
2026-08-13 23:07:33,674 - post_processor_c35a117e9f5a - INFO - PPE meta buffered | camera=ppe_test_cam1 | violation=False
2026-08-13 23:07:33,674 - post_processor_c35a117e9f5a - INFO - PPE frame complete | camera=ppe_test_cam1 | violation=False
2026-08-13 23:07:34,589 - post_processor_c35a117e9f5a - INFO - [FRAME RECEIVED] topic=post_processing | partition=0 | offset=492 | frame_id=None | camera=ppe_test_cam1
2026-08-13 23:07:34,589 - post_processor_c35a117e9f5a - INFO - [DETECT BATCH] START | od=0 | ppe=1
2026-08-13 23:07:34,589 - post_processor_c35a117e9f5a - INFO - [PROCESS PPE DETECTION] camera=ppe_test_cam1 | severity=none | violated=[]
2026-08-13 23:07:34,590 - post_processor_c35a117e9f5a - INFO - [DETECT BATCH] DONE | od=0 | ppe=1
2026-08-13 23:07:34,590 - post_processor_c35a117e9f5a - INFO - PPE meta buffered | camera=ppe_test_cam1 | violation=False
2026-08-13 23:07:34,590 - post_processor_c35a117e9f5a - INFO - PPE frame complete | camera=ppe_test_cam1 | violation=False
2026-08-13 23:07:34,625 - post_processor_c35a117e9f5a - INFO - [FRAME RECEIVED] topic=post_processing | partition=0 | offset=493 | frame_id=None | camera=ppe_test_cam1
2026-08-13 23:07:34,625 - post_processor_c35a117e9f5a - INFO - [DETECT BATCH] START | od=0 | ppe=1
2026-08-13 23:07:34,625 - post_processor_c35a117e9f5a - INFO - [PROCESS PPE DETECTION] camera=ppe_test_cam1 | severity=none | violated=[]
2026-08-13 23:07:34,625 - post_processor_c35a117e9f5a - INFO - [DETECT BATCH] DONE | od=0 | ppe=1
2026-08-13 23:07:34,625 - post_processor_c35a117e9f5a - INFO - PPE meta buffered | camera=ppe_test_cam1 | violation=False
2026-08-13 23:07:34,625 - post_processor_c35a117e9f5a - INFO - PPE frame complete | camera=ppe_test_cam1 | violation=False
2026-08-13 23:07:59,595 - post_processor_c35a117e9f5a - INFO - [FRAME RECEIVED] topic=post_processing | partition=0 | offset=494 | frame_id=None | camera=ppe_test_cam1
2026-08-13 23:07:59,595 - post_processor_c35a117e9f5a - INFO - [DETECT BATCH] START | od=0 | ppe=1
2026-08-13 23:07:59,596 - post_processor_c35a117e9f5a - INFO - [PROCESS PPE DETECTION] camera=ppe_test_cam1 | severity=none | violated=[]
2026-08-13 23:07:59,596 - post_processor_c35a117e9f5a - INFO - [DETECT BATCH] DONE | od=0 | ppe=1
2026-08-13 23:07:59,596 - post_processor_c35a117e9f5a - INFO - PPE meta buffered | camera=ppe_test_cam1 | violation=False
2026-08-13 23:07:59,596 - post_processor_c35a117e9f5a - INFO - PPE frame complete | camera=ppe_test_cam1 | violation=False
2026-08-13 23:08:00,596 - post_processor_c35a117e9f5a - INFO - [FRAME RECEIVED] topic=post_processing | partition=0 | offset=495 | frame_id=None | camera=ppe_test_cam1
2026-08-13 23:08:00,597 - post_processor_c35a117e9f5a - INFO - [DETECT BATCH] START | od=0 | ppe=1
2026-08-13 23:08:00,597 - post_processor_c35a117e9f5a - INFO - [PROCESS PPE DETECTION] camera=ppe_test_cam1 | severity=none | violated=[]
2026-08-13 23:08:00,598 - post_processor_c35a117e9f5a - INFO - [DETECT BATCH] DONE | od=0 | ppe=1
2026-08-13 23:08:00,598 - post_processor_c35a117e9f5a - INFO - PPE meta buffered | camera=ppe_test_cam1 | violation=False
2026-08-13 23:08:00,598 - post_processor_c35a117e9f5a - INFO - PPE frame complete | camera=ppe_test_cam1 | violation=False
2026-08-13 23:08:18,548 - post_processor_c35a117e9f5a - INFO - [FRAME RECEIVED] topic=post_processing | partition=0 | offset=496 | frame_id=None | camera=ppe_test_cam1
2026-08-13 23:08:18,549 - post_processor_c35a117e9f5a - INFO - [DETECT BATCH] START | od=0 | ppe=1
2026-08-13 23:08:18,549 - post_processor_c35a117e9f5a - INFO - [PROCESS PPE DETECTION] camera=ppe_test_cam1 | severity=none | violated=[]
2026-08-13 23:08:18,549 - post_processor_c35a117e9f5a - INFO - [DETECT BATCH] DONE | od=0 | ppe=1
2026-08-13 23:08:18,549 - post_processor_c35a117e9f5a - INFO - PPE meta buffered | camera=ppe_test_cam1 | violation=False
2026-08-13 23:08:18,593 - post_processor_c35a117e9f5a - INFO - PPE MongoDB batch insert | camera=ppe_test_cam1 | count=10
2026-08-13 23:08:18,593 - post_processor_c35a117e9f5a - INFO - PPE frame complete | camera=ppe_test_cam1 | violation=False
2026-08-13 23:08:18,594 - post_processor_c35a117e9f5a - INFO - Kafka offsets committed | count=10
2026-08-13 23:08:18,594 - post_processor_c35a117e9f5a - INFO - [FRAME RECEIVED] topic=post_processing | partition=0 | offset=497 | frame_id=None | camera=ppe_test_cam1
2026-08-13 23:08:18,594 - post_processor_c35a117e9f5a - INFO - [DETECT BATCH] START | od=0 | ppe=1
2026-08-13 23:08:18,595 - post_processor_c35a117e9f5a - INFO - [PROCESS PPE DETECTION] camera=ppe_test_cam1 | severity=low | violated=['No-Shoes', 'No-Shoes']
2026-08-13 23:08:18,598 - post_processor_c35a117e9f5a - INFO - PPE alert image saved | path=/Aksha/ppe_test_cam1/alerts/2026-08-13/2026-08-13 23:08:18.59_alert.jpg
2026-08-13 23:08:18,598 - post_processor_c35a117e9f5a - INFO - [DETECT BATCH] DONE | od=0 | ppe=1
2026-08-13 23:08:18,598 - post_processor_c35a117e9f5a - INFO - PPE meta buffered | camera=ppe_test_cam1 | violation=True
2026-08-13 23:08:18,620 - post_processor_c35a117e9f5a - INFO - PPE alert dual-written to alerts collection | camera=ppe_test_cam1
2026-08-13 23:08:18,621 - post_processor_c35a117e9f5a - INFO - ppe_status_check | has_violation=True | validity=True
2026-08-13 23:08:18,621 - post_processor_c35a117e9f5a - INFO - PPE notification approved | camera=ppe_test_cam1 | severity=low
2026-08-13 23:08:18,621 - post_processor_c35a117e9f5a - INFO - PPE notification sent | camera=ppe_test_cam1 | severity=low | topic=notification_service
2026-08-13 23:08:18,622 - post_processor_c35a117e9f5a - INFO - PPE frame complete | camera=ppe_test_cam1 | violation=True
2026-08-13 23:08:19,480 - post_processor_c35a117e9f5a - INFO - [FRAME RECEIVED] topic=post_processing | partition=0 | offset=498 | frame_id=None | camera=ppe_test_cam1
2026-08-13 23:08:19,480 - post_processor_c35a117e9f5a - INFO - [DETECT BATCH] START | od=0 | ppe=1
2026-08-13 23:08:19,480 - post_processor_c35a117e9f5a - INFO - [PROCESS PPE DETECTION] camera=ppe_test_cam1 | severity=none | violated=[]
2026-08-13 23:08:19,480 - post_processor_c35a117e9f5a - INFO - [DETECT BATCH] DONE | od=0 | ppe=1
2026-08-13 23:08:19,480 - post_processor_c35a117e9f5a - INFO - PPE meta buffered | camera=ppe_test_cam1 | violation=False
2026-08-13 23:08:19,480 - post_processor_c35a117e9f5a - INFO - PPE frame complete | camera=ppe_test_cam1 | violation=False
2026-08-13 23:08:19,514 - post_processor_c35a117e9f5a - INFO - [FRAME RECEIVED] topic=post_processing | partition=0 | offset=499 | frame_id=None | camera=ppe_test_cam1
2026-08-13 23:08:19,514 - post_processor_c35a117e9f5a - INFO - [DETECT BATCH] START | od=0 | ppe=1
2026-08-13 23:08:19,515 - post_processor_c35a117e9f5a - INFO - [PROCESS PPE DETECTION] camera=ppe_test_cam1 | severity=low | violated=['No-Shoes', 'No-Shoes']
2026-08-13 23:08:19,518 - post_processor_c35a117e9f5a - INFO - PPE alert image saved | path=/Aksha/ppe_test_cam1/alerts/2026-08-13/2026-08-13 23:08:19.51_alert.jpg
2026-08-13 23:08:19,518 - post_processor_c35a117e9f5a - INFO - [DETECT BATCH] DONE | od=0 | ppe=1
2026-08-13 23:08:19,519 - post_processor_c35a117e9f5a - INFO - PPE meta buffered | camera=ppe_test_cam1 | violation=True
2026-08-13 23:08:19,529 - post_processor_c35a117e9f5a - INFO - PPE alert dual-written to alerts collection | camera=ppe_test_cam1
2026-08-13 23:08:19,530 - post_processor_c35a117e9f5a - INFO - ppe_status_check | has_violation=True | validity=False
2026-08-13 23:08:19,530 - post_processor_c35a117e9f5a - INFO - PPE notification suppressed by cooldown | camera=ppe_test_cam1
2026-08-13 23:08:19,530 - post_processor_c35a117e9f5a - INFO - PPE frame complete | camera=ppe_test_cam1 | violation=True
2026-08-13 23:08:20,518 - post_processor_c35a117e9f5a - INFO - [FRAME RECEIVED] topic=post_processing | partition=0 | offset=500 | frame_id=None | camera=ppe_test_cam1
2026-08-13 23:08:20,518 - post_processor_c35a117e9f5a - INFO - [DETECT BATCH] START | od=0 | ppe=1
2026-08-13 23:08:20,518 - post_processor_c35a117e9f5a - INFO - [PROCESS PPE DETECTION] camera=ppe_test_cam1 | severity=none | violated=[]
2026-08-13 23:08:20,518 - post_processor_c35a117e9f5a - INFO - [DETECT BATCH] DONE | od=0 | ppe=1
2026-08-13 23:08:20,518 - post_processor_c35a117e9f5a - INFO - PPE meta buffered | camera=ppe_test_cam1 | violation=False
2026-08-13 23:08:20,518 - post_processor_c35a117e9f5a - INFO - PPE frame complete | camera=ppe_test_cam1 | violation=False
2026-08-13 23:08:20,552 - post_processor_c35a117e9f5a - INFO - [FRAME RECEIVED] topic=post_processing | partition=0 | offset=501 | frame_id=None | camera=ppe_test_cam1
2026-08-13 23:08:20,553 - post_processor_c35a117e9f5a - INFO - [DETECT BATCH] START | od=0 | ppe=1
2026-08-13 23:08:20,554 - post_processor_c35a117e9f5a - INFO - [PROCESS PPE DETECTION] camera=ppe_test_cam1 | severity=low | violated=['No-Shoes', 'No-Shoes']
2026-08-13 23:08:20,559 - post_processor_c35a117e9f5a - INFO - PPE alert image saved | path=/Aksha/ppe_test_cam1/alerts/2026-08-13/2026-08-13 23:08:20.55_alert.jpg
2026-08-13 23:08:20,560 - post_processor_c35a117e9f5a - INFO - [DETECT BATCH] DONE | od=0 | ppe=1
2026-08-13 23:08:20,560 - post_processor_c35a117e9f5a - INFO - PPE meta buffered | camera=ppe_test_cam1 | violation=True
2026-08-13 23:08:20,714 - post_processor_c35a117e9f5a - INFO - PPE alert dual-written to alerts collection | camera=ppe_test_cam1
2026-08-13 23:08:20,715 - post_processor_c35a117e9f5a - INFO - ppe_status_check | has_violation=True | validity=False
2026-08-13 23:08:20,716 - post_processor_c35a117e9f5a - INFO - PPE notification suppressed by cooldown | camera=ppe_test_cam1
2026-08-13 23:08:20,717 - post_processor_c35a117e9f5a - INFO - PPE frame complete | camera=ppe_test_cam1 | violation=True
2026-08-13 23:08:21,603 - post_processor_c35a117e9f5a - INFO - [FRAME RECEIVED] topic=post_processing | partition=0 | offset=502 | frame_id=None | camera=ppe_test_cam1
2026-08-13 23:08:21,603 - post_processor_c35a117e9f5a - INFO - [DETECT BATCH] START | od=0 | ppe=1
2026-08-13 23:08:21,603 - post_processor_c35a117e9f5a - INFO - [PROCESS PPE DETECTION] camera=ppe_test_cam1 | severity=none | violated=[]
2026-08-13 23:08:21,604 - post_processor_c35a117e9f5a - INFO - [DETECT BATCH] DONE | od=0 | ppe=1
2026-08-13 23:08:21,604 - post_processor_c35a117e9f5a - INFO - PPE meta buffered | camera=ppe_test_cam1 | violation=False
2026-08-13 23:08:21,604 - post_processor_c35a117e9f5a - INFO - PPE frame complete | camera=ppe_test_cam1 | violation=False
2026-08-13 23:08:21,604 - post_processor_c35a117e9f5a - INFO - [FRAME RECEIVED] topic=post_processing | partition=0 | offset=503 | frame_id=None | camera=ppe_test_cam1
2026-08-13 23:08:21,604 - post_processor_c35a117e9f5a - INFO - [DETECT BATCH] START | od=0 | ppe=1
2026-08-13 23:08:21,605 - post_processor_c35a117e9f5a - INFO - [PROCESS PPE DETECTION] camera=ppe_test_cam1 | severity=low | violated=['No-Shoes', 'No-Shoes']
2026-08-13 23:08:21,608 - post_processor_c35a117e9f5a - INFO - PPE alert image saved | path=/Aksha/ppe_test_cam1/alerts/2026-08-13/2026-08-13 23:08:21.60_alert.jpg
2026-08-13 23:08:21,608 - post_processor_c35a117e9f5a - INFO - [DETECT BATCH] DONE | od=0 | ppe=1
2026-08-13 23:08:21,608 - post_processor_c35a117e9f5a - INFO - PPE meta buffered | camera=ppe_test_cam1 | violation=True
2026-08-13 23:08:21,622 - post_processor_c35a117e9f5a - INFO - PPE alert dual-written to alerts collection | camera=ppe_test_cam1
2026-08-13 23:08:21,622 - post_processor_c35a117e9f5a - INFO - ppe_status_check | has_violation=True | validity=False
2026-08-13 23:08:21,622 - post_processor_c35a117e9f5a - INFO - PPE notification suppressed by cooldown | camera=ppe_test_cam1
2026-08-13 23:08:21,623 - post_processor_c35a117e9f5a - INFO - PPE frame complete | camera=ppe_test_cam1 | violation=True
2026-08-13 23:08:22,519 - post_processor_c35a117e9f5a - INFO - [FRAME RECEIVED] topic=post_processing | partition=0 | offset=504 | frame_id=None | camera=ppe_test_cam1
2026-08-13 23:08:22,519 - post_processor_c35a117e9f5a - INFO - [DETECT BATCH] START | od=0 | ppe=1
2026-08-13 23:08:22,520 - post_processor_c35a117e9f5a - INFO - [PROCESS PPE DETECTION] camera=ppe_test_cam1 | severity=none | violated=[]
2026-08-13 23:08:22,520 - post_processor_c35a117e9f5a - INFO - [DETECT BATCH] DONE | od=0 | ppe=1
2026-08-13 23:08:22,520 - post_processor_c35a117e9f5a - INFO - PPE meta buffered | camera=ppe_test_cam1 | violation=False
2026-08-13 23:08:22,520 - post_processor_c35a117e9f5a - INFO - PPE frame complete | camera=ppe_test_cam1 | violation=False
2026-08-13 23:08:27,587 - post_processor_c35a117e9f5a - INFO - [FRAME RECEIVED] topic=post_processing | partition=0 | offset=505 | frame_id=None | camera=ppe_test_cam1
2026-08-13 23:08:27,587 - post_processor_c35a117e9f5a - INFO - [DETECT BATCH] START | od=0 | ppe=1
2026-08-13 23:08:27,588 - post_processor_c35a117e9f5a - INFO - [PROCESS PPE DETECTION] camera=ppe_test_cam1 | severity=none | violated=[]
2026-08-13 23:08:27,588 - post_processor_c35a117e9f5a - INFO - [DETECT BATCH] DONE | od=0 | ppe=1
2026-08-13 23:08:27,589 - post_processor_c35a117e9f5a - INFO - PPE meta buffered | camera=ppe_test_cam1 | violation=False
2026-08-13 23:08:27,589 - post_processor_c35a117e9f5a - INFO - PPE frame complete | camera=ppe_test_cam1 | violation=False
2026-08-13 23:08:28,453 - post_processor_c35a117e9f5a - INFO - [FRAME RECEIVED] topic=post_processing | partition=0 | offset=506 | frame_id=None | camera=ppe_test_cam1
2026-08-13 23:08:28,453 - post_processor_c35a117e9f5a - INFO - [DETECT BATCH] START | od=0 | ppe=1
2026-08-13 23:08:28,453 - post_processor_c35a117e9f5a - INFO - [PROCESS PPE DETECTION] camera=ppe_test_cam1 | severity=none | violated=[]
2026-08-13 23:08:28,454 - post_processor_c35a117e9f5a - INFO - [DETECT BATCH] DONE | od=0 | ppe=1
2026-08-13 23:08:28,454 - post_processor_c35a117e9f5a - INFO - PPE meta buffered | camera=ppe_test_cam1 | violation=False
2026-08-13 23:08:28,473 - post_processor_c35a117e9f5a - INFO - PPE MongoDB batch insert | camera=ppe_test_cam1 | count=10
2026-08-13 23:08:28,473 - post_processor_c35a117e9f5a - INFO - PPE frame complete | camera=ppe_test_cam1 | violation=False
2026-08-13 23:08:28,475 - post_processor_c35a117e9f5a - INFO - Kafka offsets committed | count=10
2026-08-13 23:08:29,521 - post_processor_c35a117e9f5a - INFO - [FRAME RECEIVED] topic=post_processing | partition=0 | offset=507 | frame_id=None | camera=ppe_test_cam1
2026-08-13 23:08:29,521 - post_processor_c35a117e9f5a - INFO - [DETECT BATCH] START | od=0 | ppe=1
2026-08-13 23:08:29,522 - post_processor_c35a117e9f5a - INFO - [PROCESS PPE DETECTION] camera=ppe_test_cam1 | severity=none | violated=[]
2026-08-13 23:08:29,522 - post_processor_c35a117e9f5a - INFO - [DETECT BATCH] DONE | od=0 | ppe=1
2026-08-13 23:08:29,522 - post_processor_c35a117e9f5a - INFO - PPE meta buffered | camera=ppe_test_cam1 | violation=False
2026-08-13 23:08:29,522 - post_processor_c35a117e9f5a - INFO - PPE frame complete | camera=ppe_test_cam1 | violation=False
2026-08-13 23:08:30,625 - post_processor_c35a117e9f5a - INFO - [FRAME RECEIVED] topic=post_processing | partition=0 | offset=508 | frame_id=None | camera=ppe_test_cam1
2026-08-13 23:08:30,626 - post_processor_c35a117e9f5a - INFO - [DETECT BATCH] START | od=0 | ppe=1
2026-08-13 23:08:30,626 - post_processor_c35a117e9f5a - INFO - [PROCESS PPE DETECTION] camera=ppe_test_cam1 | severity=none | violated=[]
2026-08-13 23:08:30,626 - post_processor_c35a117e9f5a - INFO - [DETECT BATCH] DONE | od=0 | ppe=1
2026-08-13 23:08:30,626 - post_processor_c35a117e9f5a - INFO - PPE meta buffered | camera=ppe_test_cam1 | violation=False
2026-08-13 23:08:30,627 - post_processor_c35a117e9f5a - INFO - PPE frame complete | camera=ppe_test_cam1 | violation=False
2026-08-13 23:08:31,636 - post_processor_c35a117e9f5a - INFO - [FRAME RECEIVED] topic=post_processing | partition=0 | offset=509 | frame_id=None | camera=ppe_test_cam1
2026-08-13 23:08:31,636 - post_processor_c35a117e9f5a - INFO - [DETECT BATCH] START | od=0 | ppe=1
2026-08-13 23:08:31,636 - post_processor_c35a117e9f5a - INFO - [PROCESS PPE DETECTION] camera=ppe_test_cam1 | severity=none | violated=[]
2026-08-13 23:08:31,637 - post_processor_c35a117e9f5a - INFO - [DETECT BATCH] DONE | od=0 | ppe=1
2026-08-13 23:08:31,637 - post_processor_c35a117e9f5a - INFO - PPE meta buffered | camera=ppe_test_cam1 | violation=False
2026-08-13 23:08:31,637 - post_processor_c35a117e9f5a - INFO - PPE frame complete | camera=ppe_test_cam1 | violation=False
2026-08-13 23:08:32,579 - post_processor_c35a117e9f5a - INFO - [FRAME RECEIVED] topic=post_processing | partition=0 | offset=510 | frame_id=None | camera=ppe_test_cam1
2026-08-13 23:08:32,579 - post_processor_c35a117e9f5a - INFO - [DETECT BATCH] START | od=0 | ppe=1
2026-08-13 23:08:32,580 - post_processor_c35a117e9f5a - INFO - [PROCESS PPE DETECTION] camera=ppe_test_cam1 | severity=none | violated=[]
2026-08-13 23:08:32,580 - post_processor_c35a117e9f5a - INFO - [DETECT BATCH] DONE | od=0 | ppe=1
2026-08-13 23:08:32,580 - post_processor_c35a117e9f5a - INFO - PPE meta buffered | camera=ppe_test_cam1 | violation=False
2026-08-13 23:08:32,580 - post_processor_c35a117e9f5a - INFO - PPE frame complete | camera=ppe_test_cam1 | violation=False
2026-08-13 23:08:33,615 - post_processor_c35a117e9f5a - INFO - [FRAME RECEIVED] topic=post_processing | partition=0 | offset=511 | frame_id=None | camera=ppe_test_cam1
2026-08-13 23:08:33,615 - post_processor_c35a117e9f5a - INFO - [DETECT BATCH] START | od=0 | ppe=1
2026-08-13 23:08:33,615 - post_processor_c35a117e9f5a - INFO - [PROCESS PPE DETECTION] camera=ppe_test_cam1 | severity=none | violated=[]
2026-08-13 23:08:33,615 - post_processor_c35a117e9f5a - INFO - [DETECT BATCH] DONE | od=0 | ppe=1
2026-08-13 23:08:33,616 - post_processor_c35a117e9f5a - INFO - PPE meta buffered | camera=ppe_test_cam1 | violation=False
2026-08-13 23:08:33,616 - post_processor_c35a117e9f5a - INFO - PPE frame complete | camera=ppe_test_cam1 | violation=False
2026-08-13 23:08:34,540 - post_processor_c35a117e9f5a - INFO - [FRAME RECEIVED] topic=post_processing | partition=0 | offset=512 | frame_id=None | camera=ppe_test_cam1
2026-08-13 23:08:34,540 - post_processor_c35a117e9f5a - INFO - [DETECT BATCH] START | od=0 | ppe=1
2026-08-13 23:08:34,540 - post_processor_c35a117e9f5a - INFO - [PROCESS PPE DETECTION] camera=ppe_test_cam1 | severity=none | violated=[]
2026-08-13 23:08:34,541 - post_processor_c35a117e9f5a - INFO - [DETECT BATCH] DONE | od=0 | ppe=1
2026-08-13 23:08:34,541 - post_processor_c35a117e9f5a - INFO - PPE meta buffered | camera=ppe_test_cam1 | violation=False
2026-08-13 23:08:34,541 - post_processor_c35a117e9f5a - INFO - PPE frame complete | camera=ppe_test_cam1 | violation=False
2026-08-13 23:08:34,572 - post_processor_c35a117e9f5a - INFO - [FRAME RECEIVED] topic=post_processing | partition=0 | offset=513 | frame_id=None | camera=ppe_test_cam1
2026-08-13 23:08:34,572 - post_processor_c35a117e9f5a - INFO - [DETECT BATCH] START | od=0 | ppe=1
2026-08-13 23:08:34,572 - post_processor_c35a117e9f5a - INFO - [PROCESS PPE DETECTION] camera=ppe_test_cam1 | severity=none | violated=[]
2026-08-13 23:08:34,572 - post_processor_c35a117e9f5a - INFO - [DETECT BATCH] DONE | od=0 | ppe=1
2026-08-13 23:08:34,573 - post_processor_c35a117e9f5a - INFO - PPE meta buffered | camera=ppe_test_cam1 | violation=False
2026-08-13 23:08:34,573 - post_processor_c35a117e9f5a - INFO - PPE frame complete | camera=ppe_test_cam1 | violation=False
2026-08-13 23:08:59,551 - post_processor_c35a117e9f5a - INFO - [FRAME RECEIVED] topic=post_processing | partition=0 | offset=514 | frame_id=None | camera=ppe_test_cam1
2026-08-13 23:08:59,551 - post_processor_c35a117e9f5a - INFO - [DETECT BATCH] START | od=0 | ppe=1
2026-08-13 23:08:59,552 - post_processor_c35a117e9f5a - INFO - [PROCESS PPE DETECTION] camera=ppe_test_cam1 | severity=none | violated=[]
2026-08-13 23:08:59,555 - post_processor_c35a117e9f5a - INFO - [DETECT BATCH] DONE | od=0 | ppe=1
2026-08-13 23:08:59,555 - post_processor_c35a117e9f5a - INFO - PPE meta buffered | camera=ppe_test_cam1 | violation=False
2026-08-13 23:08:59,555 - post_processor_c35a117e9f5a - INFO - PPE frame complete | camera=ppe_test_cam1 | violation=False
2026-08-13 23:09:00,579 - post_processor_c35a117e9f5a - INFO - [FRAME RECEIVED] topic=post_processing | partition=0 | offset=515 | frame_id=None | camera=ppe_test_cam1
2026-08-13 23:09:00,580 - post_processor_c35a117e9f5a - INFO - [DETECT BATCH] START | od=0 | ppe=1
2026-08-13 23:09:00,580 - post_processor_c35a117e9f5a - INFO - [PROCESS PPE DETECTION] camera=ppe_test_cam1 | severity=none | violated=[]
2026-08-13 23:09:00,580 - post_processor_c35a117e9f5a - INFO - [DETECT BATCH] DONE | od=0 | ppe=1
2026-08-13 23:09:00,581 - post_processor_c35a117e9f5a - INFO - PPE meta buffered | camera=ppe_test_cam1 | violation=False
2026-08-13 23:09:00,581 - post_processor_c35a117e9f5a - INFO - PPE frame complete | camera=ppe_test_cam1 | violation=False
2026-08-13 23:09:27,580 - post_processor_c35a117e9f5a - INFO - [FRAME RECEIVED] topic=post_processing | partition=0 | offset=516 | frame_id=None | camera=ppe_test_cam1
2026-08-13 23:09:27,581 - post_processor_c35a117e9f5a - INFO - [DETECT BATCH] START | od=0 | ppe=1
2026-08-13 23:09:27,581 - post_processor_c35a117e9f5a - INFO - [PROCESS PPE DETECTION] camera=ppe_test_cam1 | severity=none | violated=[]
2026-08-13 23:09:27,581 - post_processor_c35a117e9f5a - INFO - [DETECT BATCH] DONE | od=0 | ppe=1
2026-08-13 23:09:27,581 - post_processor_c35a117e9f5a - INFO - PPE meta buffered | camera=ppe_test_cam1 | violation=False
2026-08-13 23:09:27,619 - post_processor_c35a117e9f5a - INFO - PPE MongoDB batch insert | camera=ppe_test_cam1 | count=10
2026-08-13 23:09:27,619 - post_processor_c35a117e9f5a - INFO - PPE frame complete | camera=ppe_test_cam1 | violation=False
2026-08-13 23:09:27,620 - post_processor_c35a117e9f5a - INFO - Kafka offsets committed | count=10
2026-08-13 23:09:28,623 - post_processor_c35a117e9f5a - INFO - [FRAME RECEIVED] topic=post_processing | partition=0 | offset=517 | frame_id=None | camera=ppe_test_cam1
2026-08-13 23:09:28,623 - post_processor_c35a117e9f5a - INFO - [DETECT BATCH] START | od=0 | ppe=1
2026-08-13 23:09:28,625 - post_processor_c35a117e9f5a - INFO - [PROCESS PPE DETECTION] camera=ppe_test_cam1 | severity=none | violated=[]
2026-08-13 23:09:28,626 - post_processor_c35a117e9f5a - INFO - [DETECT BATCH] DONE | od=0 | ppe=1
2026-08-13 23:09:28,626 - post_processor_c35a117e9f5a - INFO - PPE meta buffered | camera=ppe_test_cam1 | violation=False
2026-08-13 23:09:28,626 - post_processor_c35a117e9f5a - INFO - PPE frame complete | camera=ppe_test_cam1 | violation=False
2026-08-13 23:09:29,547 - post_processor_c35a117e9f5a - INFO - [FRAME RECEIVED] topic=post_processing | partition=0 | offset=518 | frame_id=None | camera=ppe_test_cam1
2026-08-13 23:09:29,547 - post_processor_c35a117e9f5a - INFO - [DETECT BATCH] START | od=0 | ppe=1
2026-08-13 23:09:29,552 - post_processor_c35a117e9f5a - INFO - [PROCESS PPE DETECTION] camera=ppe_test_cam1 | severity=none | violated=[]
2026-08-13 23:09:29,553 - post_processor_c35a117e9f5a - INFO - [DETECT BATCH] DONE | od=0 | ppe=1
2026-08-13 23:09:29,553 - post_processor_c35a117e9f5a - INFO - PPE meta buffered | camera=ppe_test_cam1 | violation=False
2026-08-13 23:09:29,553 - post_processor_c35a117e9f5a - INFO - PPE frame complete | camera=ppe_test_cam1 | violation=False
2026-08-13 23:09:30,544 - post_processor_c35a117e9f5a - INFO - [FRAME RECEIVED] topic=post_processing | partition=0 | offset=519 | frame_id=None | camera=ppe_test_cam1
2026-08-13 23:09:30,544 - post_processor_c35a117e9f5a - INFO - [DETECT BATCH] START | od=0 | ppe=1
2026-08-13 23:09:30,544 - post_processor_c35a117e9f5a - INFO - [PROCESS PPE DETECTION] camera=ppe_test_cam1 | severity=none | violated=[]
2026-08-13 23:09:30,544 - post_processor_c35a117e9f5a - INFO - [DETECT BATCH] DONE | od=0 | ppe=1
2026-08-13 23:09:30,544 - post_processor_c35a117e9f5a - INFO - PPE meta buffered | camera=ppe_test_cam1 | violation=False
2026-08-13 23:09:30,544 - post_processor_c35a117e9f5a - INFO - PPE frame complete | camera=ppe_test_cam1 | violation=False
2026-08-13 23:09:31,756 - post_processor_c35a117e9f5a - INFO - [FRAME RECEIVED] topic=post_processing | partition=0 | offset=520 | frame_id=None | camera=ppe_test_cam1
2026-08-13 23:09:31,756 - post_processor_c35a117e9f5a - INFO - [DETECT BATCH] START | od=0 | ppe=1
2026-08-13 23:09:31,757 - post_processor_c35a117e9f5a - INFO - [PROCESS PPE DETECTION] camera=ppe_test_cam1 | severity=none | violated=[]
2026-08-13 23:09:31,757 - post_processor_c35a117e9f5a - INFO - [DETECT BATCH] DONE | od=0 | ppe=1
2026-08-13 23:09:31,757 - post_processor_c35a117e9f5a - INFO - PPE meta buffered | camera=ppe_test_cam1 | violation=False
2026-08-13 23:09:31,757 - post_processor_c35a117e9f5a - INFO - PPE frame complete | camera=ppe_test_cam1 | violation=False
2026-08-13 23:09:32,690 - post_processor_c35a117e9f5a - INFO - [FRAME RECEIVED] topic=post_processing | partition=0 | offset=521 | frame_id=None | camera=ppe_test_cam1
2026-08-13 23:09:32,690 - post_processor_c35a117e9f5a - INFO - [DETECT BATCH] START | od=0 | ppe=1
2026-08-13 23:09:32,690 - post_processor_c35a117e9f5a - INFO - [PROCESS PPE DETECTION] camera=ppe_test_cam1 | severity=none | violated=[]
2026-08-13 23:09:32,691 - post_processor_c35a117e9f5a - INFO - [DETECT BATCH] DONE | od=0 | ppe=1
2026-08-13 23:09:32,691 - post_processor_c35a117e9f5a - INFO - PPE meta buffered | camera=ppe_test_cam1 | violation=False
2026-08-13 23:09:32,691 - post_processor_c35a117e9f5a - INFO - PPE frame complete | camera=ppe_test_cam1 | violation=False
2026-08-13 23:09:33,640 - post_processor_c35a117e9f5a - INFO - [FRAME RECEIVED] topic=post_processing | partition=0 | offset=522 | frame_id=None | camera=ppe_test_cam1
2026-08-13 23:09:33,640 - post_processor_c35a117e9f5a - INFO - [DETECT BATCH] START | od=0 | ppe=1
2026-08-13 23:09:33,641 - post_processor_c35a117e9f5a - INFO - [PROCESS PPE DETECTION] camera=ppe_test_cam1 | severity=none | violated=[]
2026-08-13 23:09:33,642 - post_processor_c35a117e9f5a - INFO - [DETECT BATCH] DONE | od=0 | ppe=1
2026-08-13 23:09:33,642 - post_processor_c35a117e9f5a - INFO - PPE meta buffered | camera=ppe_test_cam1 | violation=False
2026-08-13 23:09:33,642 - post_processor_c35a117e9f5a - INFO - PPE frame complete | camera=ppe_test_cam1 | violation=False
2026-08-13 23:09:34,650 - post_processor_c35a117e9f5a - INFO - [FRAME RECEIVED] topic=post_processing | partition=0 | offset=523 | frame_id=None | camera=ppe_test_cam1
2026-08-13 23:09:34,650 - post_processor_c35a117e9f5a - INFO - [DETECT BATCH] START | od=0 | ppe=1
2026-08-13 23:09:34,650 - post_processor_c35a117e9f5a - INFO - [PROCESS PPE DETECTION] camera=ppe_test_cam1 | severity=none | violated=[]
2026-08-13 23:09:34,651 - post_processor_c35a117e9f5a - INFO - [DETECT BATCH] DONE | od=0 | ppe=1
2026-08-13 23:09:34,651 - post_processor_c35a117e9f5a - INFO - PPE meta buffered | camera=ppe_test_cam1 | violation=False
2026-08-13 23:09:34,651 - post_processor_c35a117e9f5a - INFO - PPE frame complete | camera=ppe_test_cam1 | violation=False
2026-08-13 23:09:34,652 - post_processor_c35a117e9f5a - INFO - [FRAME RECEIVED] topic=post_processing | partition=0 | offset=524 | frame_id=None | camera=ppe_test_cam1
2026-08-13 23:09:34,652 - post_processor_c35a117e9f5a - INFO - [DETECT BATCH] START | od=0 | ppe=1
2026-08-13 23:09:34,653 - post_processor_c35a117e9f5a - INFO - [PROCESS PPE DETECTION] camera=ppe_test_cam1 | severity=none | violated=[]
2026-08-13 23:09:34,653 - post_processor_c35a117e9f5a - INFO - [DETECT BATCH] DONE | od=0 | ppe=1
2026-08-13 23:09:34,653 - post_processor_c35a117e9f5a - INFO - PPE meta buffered | camera=ppe_test_cam1 | violation=False
2026-08-13 23:09:34,653 - post_processor_c35a117e9f5a - INFO - PPE frame complete | camera=ppe_test_cam1 | violation=False
2026-08-13 23:09:59,578 - post_processor_c35a117e9f5a - INFO - [FRAME RECEIVED] topic=post_processing | partition=0 | offset=525 | frame_id=None | camera=ppe_test_cam1
2026-08-13 23:09:59,578 - post_processor_c35a117e9f5a - INFO - [DETECT BATCH] START | od=0 | ppe=1
2026-08-13 23:09:59,579 - post_processor_c35a117e9f5a - INFO - [PROCESS PPE DETECTION] camera=ppe_test_cam1 | severity=none | violated=[]
2026-08-13 23:09:59,579 - post_processor_c35a117e9f5a - INFO - [DETECT BATCH] DONE | od=0 | ppe=1
2026-08-13 23:09:59,580 - post_processor_c35a117e9f5a - INFO - PPE meta buffered | camera=ppe_test_cam1 | violation=False
2026-08-13 23:09:59,580 - post_processor_c35a117e9f5a - INFO - PPE frame complete | camera=ppe_test_cam1 | violation=False
2026-08-13 23:10:00,614 - post_processor_c35a117e9f5a - INFO - [FRAME RECEIVED] topic=post_processing | partition=0 | offset=526 | frame_id=None | camera=ppe_test_cam1
2026-08-13 23:10:00,614 - post_processor_c35a117e9f5a - INFO - [DETECT BATCH] START | od=0 | ppe=1
2026-08-13 23:10:00,615 - post_processor_c35a117e9f5a - INFO - [PROCESS PPE DETECTION] camera=ppe_test_cam1 | severity=none | violated=[]
2026-08-13 23:10:00,615 - post_processor_c35a117e9f5a - INFO - [DETECT BATCH] DONE | od=0 | ppe=1
2026-08-13 23:10:00,616 - post_processor_c35a117e9f5a - INFO - PPE meta buffered | camera=ppe_test_cam1 | violation=False
2026-08-13 23:10:00,656 - post_processor_c35a117e9f5a - INFO - PPE MongoDB batch insert | camera=ppe_test_cam1 | count=10
2026-08-13 23:10:00,656 - post_processor_c35a117e9f5a - INFO - PPE frame complete | camera=ppe_test_cam1 | violation=False
2026-08-13 23:10:00,658 - post_processor_c35a117e9f5a - INFO - Kafka offsets committed | count=10
2026-08-13 23:10:18,578 - post_processor_c35a117e9f5a - INFO - [FRAME RECEIVED] topic=post_processing | partition=0 | offset=527 | frame_id=None | camera=ppe_test_cam1
2026-08-13 23:10:18,578 - post_processor_c35a117e9f5a - INFO - [DETECT BATCH] START | od=0 | ppe=1
2026-08-13 23:10:18,578 - post_processor_c35a117e9f5a - INFO - [PROCESS PPE DETECTION] camera=ppe_test_cam1 | severity=none | violated=[]
2026-08-13 23:10:18,578 - post_processor_c35a117e9f5a - INFO - [DETECT BATCH] DONE | od=0 | ppe=1
2026-08-13 23:10:18,579 - post_processor_c35a117e9f5a - INFO - PPE meta buffered | camera=ppe_test_cam1 | violation=False
2026-08-13 23:10:18,579 - post_processor_c35a117e9f5a - INFO - PPE frame complete | camera=ppe_test_cam1 | violation=False
2026-08-13 23:10:18,579 - post_processor_c35a117e9f5a - INFO - [FRAME RECEIVED] topic=post_processing | partition=0 | offset=528 | frame_id=None | camera=ppe_test_cam1
2026-08-13 23:10:18,579 - post_processor_c35a117e9f5a - INFO - [DETECT BATCH] START | od=0 | ppe=1
2026-08-13 23:10:18,579 - post_processor_c35a117e9f5a - INFO - [PROCESS PPE DETECTION] camera=ppe_test_cam1 | severity=low | violated=['No-Shoes', 'No-Shoes']
2026-08-13 23:10:18,583 - post_processor_c35a117e9f5a - INFO - PPE alert image saved | path=/Aksha/ppe_test_cam1/alerts/2026-08-13/2026-08-13 23:10:18.58_alert.jpg
2026-08-13 23:10:18,583 - post_processor_c35a117e9f5a - INFO - [DETECT BATCH] DONE | od=0 | ppe=1
2026-08-13 23:10:18,583 - post_processor_c35a117e9f5a - INFO - PPE meta buffered | camera=ppe_test_cam1 | violation=True
2026-08-13 23:10:18,595 - post_processor_c35a117e9f5a - INFO - PPE alert dual-written to alerts collection | camera=ppe_test_cam1
2026-08-13 23:10:18,595 - post_processor_c35a117e9f5a - INFO - ppe_status_check | has_violation=True | validity=True
2026-08-13 23:10:18,596 - post_processor_c35a117e9f5a - INFO - PPE notification approved | camera=ppe_test_cam1 | severity=low
2026-08-13 23:10:18,596 - post_processor_c35a117e9f5a - INFO - PPE notification sent | camera=ppe_test_cam1 | severity=low | topic=notification_service
2026-08-13 23:10:18,596 - post_processor_c35a117e9f5a - INFO - PPE frame complete | camera=ppe_test_cam1 | violation=True
2026-08-13 23:10:19,632 - post_processor_c35a117e9f5a - INFO - [FRAME RECEIVED] topic=post_processing | partition=0 | offset=529 | frame_id=None | camera=ppe_test_cam1
2026-08-13 23:10:19,633 - post_processor_c35a117e9f5a - INFO - [DETECT BATCH] START | od=0 | ppe=1
2026-08-13 23:10:19,633 - post_processor_c35a117e9f5a - INFO - [PROCESS PPE DETECTION] camera=ppe_test_cam1 | severity=none | violated=[]
2026-08-13 23:10:19,633 - post_processor_c35a117e9f5a - INFO - [DETECT BATCH] DONE | od=0 | ppe=1
2026-08-13 23:10:19,633 - post_processor_c35a117e9f5a - INFO - PPE meta buffered | camera=ppe_test_cam1 | violation=False
2026-08-13 23:10:19,633 - post_processor_c35a117e9f5a - INFO - PPE frame complete | camera=ppe_test_cam1 | violation=False
2026-08-13 23:10:19,662 - post_processor_c35a117e9f5a - INFO - [FRAME RECEIVED] topic=post_processing | partition=0 | offset=530 | frame_id=None | camera=ppe_test_cam1
2026-08-13 23:10:19,662 - post_processor_c35a117e9f5a - INFO - [DETECT BATCH] START | od=0 | ppe=1
2026-08-13 23:10:19,663 - post_processor_c35a117e9f5a - INFO - [PROCESS PPE DETECTION] camera=ppe_test_cam1 | severity=low | violated=['No-Shoes', 'No-Shoes']
2026-08-13 23:10:19,671 - post_processor_c35a117e9f5a - INFO - PPE alert image saved | path=/Aksha/ppe_test_cam1/alerts/2026-08-13/2026-08-13 23:10:19.67_alert.jpg
2026-08-13 23:10:19,672 - post_processor_c35a117e9f5a - INFO - [DETECT BATCH] DONE | od=0 | ppe=1
2026-08-13 23:10:19,672 - post_processor_c35a117e9f5a - INFO - PPE meta buffered | camera=ppe_test_cam1 | violation=True
2026-08-13 23:10:19,695 - post_processor_c35a117e9f5a - INFO - PPE alert dual-written to alerts collection | camera=ppe_test_cam1
2026-08-13 23:10:19,696 - post_processor_c35a117e9f5a - INFO - ppe_status_check | has_violation=True | validity=False
2026-08-13 23:10:19,696 - post_processor_c35a117e9f5a - INFO - PPE notification suppressed by cooldown | camera=ppe_test_cam1
2026-08-13 23:10:19,697 - post_processor_c35a117e9f5a - INFO - PPE frame complete | camera=ppe_test_cam1 | violation=True
2026-08-13 23:10:20,621 - post_processor_c35a117e9f5a - INFO - [FRAME RECEIVED] topic=post_processing | partition=0 | offset=531 | frame_id=None | camera=ppe_test_cam1
2026-08-13 23:10:20,621 - post_processor_c35a117e9f5a - INFO - [DETECT BATCH] START | od=0 | ppe=1
2026-08-13 23:10:20,621 - post_processor_c35a117e9f5a - INFO - [PROCESS PPE DETECTION] camera=ppe_test_cam1 | severity=low | violated=['No-Shoes', 'No-Shoes']
2026-08-13 23:10:20,624 - post_processor_c35a117e9f5a - INFO - PPE alert image saved | path=/Aksha/ppe_test_cam1/alerts/2026-08-13/2026-08-13 23:10:20.62_alert.jpg
2026-08-13 23:10:20,625 - post_processor_c35a117e9f5a - INFO - [DETECT BATCH] DONE | od=0 | ppe=1
2026-08-13 23:10:20,625 - post_processor_c35a117e9f5a - INFO - PPE meta buffered | camera=ppe_test_cam1 | violation=True
2026-08-13 23:10:20,646 - post_processor_c35a117e9f5a - INFO - PPE alert dual-written to alerts collection | camera=ppe_test_cam1
2026-08-13 23:10:20,646 - post_processor_c35a117e9f5a - INFO - ppe_status_check | has_violation=True | validity=False
2026-08-13 23:10:20,646 - post_processor_c35a117e9f5a - INFO - PPE notification suppressed by cooldown | camera=ppe_test_cam1
2026-08-13 23:10:20,647 - post_processor_c35a117e9f5a - INFO - PPE frame complete | camera=ppe_test_cam1 | violation=True
2026-08-13 23:10:20,647 - post_processor_c35a117e9f5a - INFO - [FRAME RECEIVED] topic=post_processing | partition=0 | offset=532 | frame_id=None | camera=ppe_test_cam1
2026-08-13 23:10:20,647 - post_processor_c35a117e9f5a - INFO - [DETECT BATCH] START | od=0 | ppe=1
2026-08-13 23:10:20,648 - post_processor_c35a117e9f5a - INFO - [PROCESS PPE DETECTION] camera=ppe_test_cam1 | severity=none | violated=[]
2026-08-13 23:10:20,648 - post_processor_c35a117e9f5a - INFO - [DETECT BATCH] DONE | od=0 | ppe=1
2026-08-13 23:10:20,648 - post_processor_c35a117e9f5a - INFO - PPE meta buffered | camera=ppe_test_cam1 | violation=False
2026-08-13 23:10:20,648 - post_processor_c35a117e9f5a - INFO - PPE frame complete | camera=ppe_test_cam1 | violation=False
2026-08-13 23:10:21,852 - post_processor_c35a117e9f5a - INFO - [FRAME RECEIVED] topic=post_processing | partition=0 | offset=533 | frame_id=None | camera=ppe_test_cam1
2026-08-13 23:10:21,852 - post_processor_c35a117e9f5a - INFO - [DETECT BATCH] START | od=0 | ppe=1
2026-08-13 23:10:21,853 - post_processor_c35a117e9f5a - INFO - [PROCESS PPE DETECTION] camera=ppe_test_cam1 | severity=none | violated=[]
2026-08-13 23:10:21,853 - post_processor_c35a117e9f5a - INFO - [DETECT BATCH] DONE | od=0 | ppe=1
2026-08-13 23:10:21,853 - post_processor_c35a117e9f5a - INFO - PPE meta buffered | camera=ppe_test_cam1 | violation=False
2026-08-13 23:10:21,853 - post_processor_c35a117e9f5a - INFO - PPE frame complete | camera=ppe_test_cam1 | violation=False
2026-08-13 23:10:21,897 - post_processor_c35a117e9f5a - INFO - [FRAME RECEIVED] topic=post_processing | partition=0 | offset=534 | frame_id=None | camera=ppe_test_cam1
2026-08-13 23:10:21,897 - post_processor_c35a117e9f5a - INFO - [DETECT BATCH] START | od=0 | ppe=1
2026-08-13 23:10:21,897 - post_processor_c35a117e9f5a - INFO - [PROCESS PPE DETECTION] camera=ppe_test_cam1 | severity=low | violated=['No-Shoes', 'No-Shoes']
2026-08-13 23:10:21,900 - post_processor_c35a117e9f5a - INFO - PPE alert image saved | path=/Aksha/ppe_test_cam1/alerts/2026-08-13/2026-08-13 23:10:21.89_alert.jpg
2026-08-13 23:10:21,901 - post_processor_c35a117e9f5a - INFO - [DETECT BATCH] DONE | od=0 | ppe=1
2026-08-13 23:10:21,901 - post_processor_c35a117e9f5a - INFO - PPE meta buffered | camera=ppe_test_cam1 | violation=True
2026-08-13 23:10:21,969 - post_processor_c35a117e9f5a - INFO - PPE alert dual-written to alerts collection | camera=ppe_test_cam1
2026-08-13 23:10:21,973 - post_processor_c35a117e9f5a - INFO - ppe_status_check | has_violation=True | validity=False
2026-08-13 23:10:21,974 - post_processor_c35a117e9f5a - INFO - PPE notification suppressed by cooldown | camera=ppe_test_cam1
2026-08-13 23:10:21,975 - post_processor_c35a117e9f5a - INFO - PPE frame complete | camera=ppe_test_cam1 | violation=True
2026-08-13 23:10:22,596 - post_processor_c35a117e9f5a - INFO - [FRAME RECEIVED] topic=post_processing | partition=0 | offset=535 | frame_id=None | camera=ppe_test_cam1
2026-08-13 23:10:22,596 - post_processor_c35a117e9f5a - INFO - [DETECT BATCH] START | od=0 | ppe=1
2026-08-13 23:10:22,596 - post_processor_c35a117e9f5a - INFO - [PROCESS PPE DETECTION] camera=ppe_test_cam1 | severity=none | violated=[]
2026-08-13 23:10:22,597 - post_processor_c35a117e9f5a - INFO - [DETECT BATCH] DONE | od=0 | ppe=1
2026-08-13 23:10:22,597 - post_processor_c35a117e9f5a - INFO - PPE meta buffered | camera=ppe_test_cam1 | violation=False
2026-08-13 23:10:22,597 - post_processor_c35a117e9f5a - INFO - PPE frame complete | camera=ppe_test_cam1 | violation=False
2026-08-13 23:10:27,591 - post_processor_c35a117e9f5a - INFO - [FRAME RECEIVED] topic=post_processing | partition=0 | offset=536 | frame_id=None | camera=ppe_test_cam1
2026-08-13 23:10:27,591 - post_processor_c35a117e9f5a - INFO - [DETECT BATCH] START | od=0 | ppe=1
2026-08-13 23:10:27,592 - post_processor_c35a117e9f5a - INFO - [PROCESS PPE DETECTION] camera=ppe_test_cam1 | severity=none | violated=[]
2026-08-13 23:10:27,592 - post_processor_c35a117e9f5a - INFO - [DETECT BATCH] DONE | od=0 | ppe=1
2026-08-13 23:10:27,592 - post_processor_c35a117e9f5a - INFO - PPE meta buffered | camera=ppe_test_cam1 | violation=False
2026-08-13 23:10:27,606 - post_processor_c35a117e9f5a - INFO - PPE MongoDB batch insert | camera=ppe_test_cam1 | count=10
2026-08-13 23:10:27,607 - post_processor_c35a117e9f5a - INFO - PPE frame complete | camera=ppe_test_cam1 | violation=False
2026-08-13 23:10:27,608 - post_processor_c35a117e9f5a - INFO - Kafka offsets committed | count=10
2026-08-13 23:10:28,600 - post_processor_c35a117e9f5a - INFO - [FRAME RECEIVED] topic=post_processing | partition=0 | offset=537 | frame_id=None | camera=ppe_test_cam1
2026-08-13 23:10:28,600 - post_processor_c35a117e9f5a - INFO - [DETECT BATCH] START | od=0 | ppe=1
2026-08-13 23:10:28,603 - post_processor_c35a117e9f5a - INFO - [PROCESS PPE DETECTION] camera=ppe_test_cam1 | severity=none | violated=[]
2026-08-13 23:10:28,603 - post_processor_c35a117e9f5a - INFO - [DETECT BATCH] DONE | od=0 | ppe=1
2026-08-13 23:10:28,603 - post_processor_c35a117e9f5a - INFO - PPE meta buffered | camera=ppe_test_cam1 | violation=False
2026-08-13 23:10:28,603 - post_processor_c35a117e9f5a - INFO - PPE frame complete | camera=ppe_test_cam1 | violation=False
2026-08-13 23:10:29,513 - post_processor_c35a117e9f5a - INFO - [FRAME RECEIVED] topic=post_processing | partition=0 | offset=538 | frame_id=None | camera=ppe_test_cam1
2026-08-13 23:10:29,513 - post_processor_c35a117e9f5a - INFO - [DETECT BATCH] START | od=0 | ppe=1
2026-08-13 23:10:29,513 - post_processor_c35a117e9f5a - INFO - [PROCESS PPE DETECTION] camera=ppe_test_cam1 | severity=none | violated=[]
2026-08-13 23:10:29,514 - post_processor_c35a117e9f5a - INFO - [DETECT BATCH] DONE | od=0 | ppe=1
2026-08-13 23:10:29,514 - post_processor_c35a117e9f5a - INFO - PPE meta buffered | camera=ppe_test_cam1 | violation=False
2026-08-13 23:10:29,514 - post_processor_c35a117e9f5a - INFO - PPE frame complete | camera=ppe_test_cam1 | violation=False
2026-08-13 23:10:30,593 - post_processor_c35a117e9f5a - INFO - [FRAME RECEIVED] topic=post_processing | partition=0 | offset=539 | frame_id=None | camera=ppe_test_cam1
2026-08-13 23:10:30,593 - post_processor_c35a117e9f5a - INFO - [DETECT BATCH] START | od=0 | ppe=1
2026-08-13 23:10:30,594 - post_processor_c35a117e9f5a - INFO - [PROCESS PPE DETECTION] camera=ppe_test_cam1 | severity=none | violated=[]
2026-08-13 23:10:30,594 - post_processor_c35a117e9f5a - INFO - [DETECT BATCH] DONE | od=0 | ppe=1
2026-08-13 23:10:30,595 - post_processor_c35a117e9f5a - INFO - PPE meta buffered | camera=ppe_test_cam1 | violation=False
2026-08-13 23:10:30,595 - post_processor_c35a117e9f5a - INFO - PPE frame complete | camera=ppe_test_cam1 | violation=False
2026-08-13 23:10:31,786 - post_processor_c35a117e9f5a - INFO - [FRAME RECEIVED] topic=post_processing | partition=0 | offset=540 | frame_id=None | camera=ppe_test_cam1
2026-08-13 23:10:31,786 - post_processor_c35a117e9f5a - INFO - [DETECT BATCH] START | od=0 | ppe=1
2026-08-13 23:10:31,786 - post_processor_c35a117e9f5a - INFO - [PROCESS PPE DETECTION] camera=ppe_test_cam1 | severity=none | violated=[]
2026-08-13 23:10:31,787 - post_processor_c35a117e9f5a - INFO - [DETECT BATCH] DONE | od=0 | ppe=1
2026-08-13 23:10:31,787 - post_processor_c35a117e9f5a - INFO - PPE meta buffered | camera=ppe_test_cam1 | violation=False
2026-08-13 23:10:31,787 - post_processor_c35a117e9f5a - INFO - PPE frame complete | camera=ppe_test_cam1 | violation=False
2026-08-13 23:10:32,621 - post_processor_c35a117e9f5a - INFO - [FRAME RECEIVED] topic=post_processing | partition=0 | offset=541 | frame_id=None | camera=ppe_test_cam1
2026-08-13 23:10:32,621 - post_processor_c35a117e9f5a - INFO - [DETECT BATCH] START | od=0 | ppe=1
2026-08-13 23:10:32,621 - post_processor_c35a117e9f5a - INFO - [PROCESS PPE DETECTION] camera=ppe_test_cam1 | severity=none | violated=[]
2026-08-13 23:10:32,622 - post_processor_c35a117e9f5a - INFO - [DETECT BATCH] DONE | od=0 | ppe=1
2026-08-13 23:10:32,622 - post_processor_c35a117e9f5a - INFO - PPE meta buffered | camera=ppe_test_cam1 | violation=False
2026-08-13 23:10:32,622 - post_processor_c35a117e9f5a - INFO - PPE frame complete | camera=ppe_test_cam1 | violation=False
2026-08-13 23:10:33,575 - post_processor_c35a117e9f5a - INFO - [FRAME RECEIVED] topic=post_processing | partition=0 | offset=542 | frame_id=None | camera=ppe_test_cam1
2026-08-13 23:10:33,575 - post_processor_c35a117e9f5a - INFO - [DETECT BATCH] START | od=0 | ppe=1
2026-08-13 23:10:33,576 - post_processor_c35a117e9f5a - INFO - [PROCESS PPE DETECTION] camera=ppe_test_cam1 | severity=none | violated=[]
2026-08-13 23:10:33,576 - post_processor_c35a117e9f5a - INFO - [DETECT BATCH] DONE | od=0 | ppe=1
2026-08-13 23:10:33,576 - post_processor_c35a117e9f5a - INFO - PPE meta buffered | camera=ppe_test_cam1 | violation=False
2026-08-13 23:10:33,576 - post_processor_c35a117e9f5a - INFO - PPE frame complete | camera=ppe_test_cam1 | violation=False
2026-08-13 23:10:34,597 - post_processor_c35a117e9f5a - INFO - [FRAME RECEIVED] topic=post_processing | partition=0 | offset=543 | frame_id=None | camera=ppe_test_cam1
2026-08-13 23:10:34,597 - post_processor_c35a117e9f5a - INFO - [DETECT BATCH] START | od=0 | ppe=1
2026-08-13 23:10:34,598 - post_processor_c35a117e9f5a - INFO - [PROCESS PPE DETECTION] camera=ppe_test_cam1 | severity=none | violated=[]
2026-08-13 23:10:34,598 - post_processor_c35a117e9f5a - INFO - [DETECT BATCH] DONE | od=0 | ppe=1
2026-08-13 23:10:34,598 - post_processor_c35a117e9f5a - INFO - PPE meta buffered | camera=ppe_test_cam1 | violation=False
2026-08-13 23:10:34,598 - post_processor_c35a117e9f5a - INFO - PPE frame complete | camera=ppe_test_cam1 | violation=False
2026-08-13 23:10:34,632 - post_processor_c35a117e9f5a - INFO - [FRAME RECEIVED] topic=post_processing | partition=0 | offset=544 | frame_id=None | camera=ppe_test_cam1
2026-08-13 23:10:34,632 - post_processor_c35a117e9f5a - INFO - [DETECT BATCH] START | od=0 | ppe=1
2026-08-13 23:10:34,632 - post_processor_c35a117e9f5a - INFO - [PROCESS PPE DETECTION] camera=ppe_test_cam1 | severity=none | violated=[]
2026-08-13 23:10:34,632 - post_processor_c35a117e9f5a - INFO - [DETECT BATCH] DONE | od=0 | ppe=1
2026-08-13 23:10:34,633 - post_processor_c35a117e9f5a - INFO - PPE meta buffered | camera=ppe_test_cam1 | violation=False
2026-08-13 23:10:34,633 - post_processor_c35a117e9f5a - INFO - PPE frame complete | camera=ppe_test_cam1 | violation=False
2026-08-13 23:10:59,578 - post_processor_c35a117e9f5a - INFO - [FRAME RECEIVED] topic=post_processing | partition=0 | offset=545 | frame_id=None | camera=ppe_test_cam1
2026-08-13 23:10:59,578 - post_processor_c35a117e9f5a - INFO - [DETECT BATCH] START | od=0 | ppe=1
2026-08-13 23:10:59,579 - post_processor_c35a117e9f5a - INFO - [PROCESS PPE DETECTION] camera=ppe_test_cam1 | severity=none | violated=[]
2026-08-13 23:10:59,579 - post_processor_c35a117e9f5a - INFO - [DETECT BATCH] DONE | od=0 | ppe=1
2026-08-13 23:10:59,579 - post_processor_c35a117e9f5a - INFO - PPE meta buffered | camera=ppe_test_cam1 | violation=False
2026-08-13 23:10:59,579 - post_processor_c35a117e9f5a - INFO - PPE frame complete | camera=ppe_test_cam1 | violation=False
2026-08-13 23:11:00,623 - post_processor_c35a117e9f5a - INFO - [FRAME RECEIVED] topic=post_processing | partition=0 | offset=546 | frame_id=None | camera=ppe_test_cam1
2026-08-13 23:11:00,623 - post_processor_c35a117e9f5a - INFO - [DETECT BATCH] START | od=0 | ppe=1
2026-08-13 23:11:00,623 - post_processor_c35a117e9f5a - INFO - [PROCESS PPE DETECTION] camera=ppe_test_cam1 | severity=none | violated=[]
2026-08-13 23:11:00,623 - post_processor_c35a117e9f5a - INFO - [DETECT BATCH] DONE | od=0 | ppe=1
2026-08-13 23:11:00,624 - post_processor_c35a117e9f5a - INFO - PPE meta buffered | camera=ppe_test_cam1 | violation=False
2026-08-13 23:11:00,680 - post_processor_c35a117e9f5a - INFO - PPE MongoDB batch insert | camera=ppe_test_cam1 | count=10
2026-08-13 23:11:00,680 - post_processor_c35a117e9f5a - INFO - PPE frame complete | camera=ppe_test_cam1 | violation=False
2026-08-13 23:11:00,681 - post_processor_c35a117e9f5a - INFO - Kafka offsets committed | count=10
2026-08-13 23:11:18,513 - post_processor_c35a117e9f5a - INFO - [FRAME RECEIVED] topic=post_processing | partition=0 | offset=547 | frame_id=None | camera=ppe_test_cam1
2026-08-13 23:11:18,513 - post_processor_c35a117e9f5a - INFO - [DETECT BATCH] START | od=0 | ppe=1
2026-08-13 23:11:18,513 - post_processor_c35a117e9f5a - INFO - [PROCESS PPE DETECTION] camera=ppe_test_cam1 | severity=none | violated=[]
2026-08-13 23:11:18,513 - post_processor_c35a117e9f5a - INFO - [DETECT BATCH] DONE | od=0 | ppe=1
2026-08-13 23:11:18,514 - post_processor_c35a117e9f5a - INFO - PPE meta buffered | camera=ppe_test_cam1 | violation=False
2026-08-13 23:11:18,514 - post_processor_c35a117e9f5a - INFO - PPE frame complete | camera=ppe_test_cam1 | violation=False
2026-08-13 23:11:18,561 - post_processor_c35a117e9f5a - INFO - [FRAME RECEIVED] topic=post_processing | partition=0 | offset=548 | frame_id=None | camera=ppe_test_cam1
2026-08-13 23:11:18,561 - post_processor_c35a117e9f5a - INFO - [DETECT BATCH] START | od=0 | ppe=1
2026-08-13 23:11:18,562 - post_processor_c35a117e9f5a - INFO - [PROCESS PPE DETECTION] camera=ppe_test_cam1 | severity=low | violated=['No-Shoes', 'No-Shoes']
2026-08-13 23:11:18,566 - post_processor_c35a117e9f5a - INFO - PPE alert image saved | path=/Aksha/ppe_test_cam1/alerts/2026-08-13/2026-08-13 23:11:18.56_alert.jpg
2026-08-13 23:11:18,566 - post_processor_c35a117e9f5a - INFO - [DETECT BATCH] DONE | od=0 | ppe=1
2026-08-13 23:11:18,566 - post_processor_c35a117e9f5a - INFO - PPE meta buffered | camera=ppe_test_cam1 | violation=True
2026-08-13 23:11:18,616 - post_processor_c35a117e9f5a - INFO - PPE alert dual-written to alerts collection | camera=ppe_test_cam1
2026-08-13 23:11:18,617 - post_processor_c35a117e9f5a - INFO - ppe_status_check | has_violation=True | validity=True
2026-08-13 23:11:18,617 - post_processor_c35a117e9f5a - INFO - PPE notification approved | camera=ppe_test_cam1 | severity=low
2026-08-13 23:11:18,617 - post_processor_c35a117e9f5a - INFO - PPE notification sent | camera=ppe_test_cam1 | severity=low | topic=notification_service
2026-08-13 23:11:18,618 - post_processor_c35a117e9f5a - INFO - PPE frame complete | camera=ppe_test_cam1 | violation=True
2026-08-13 23:11:19,542 - post_processor_c35a117e9f5a - INFO - [FRAME RECEIVED] topic=post_processing | partition=0 | offset=549 | frame_id=None | camera=ppe_test_cam1
2026-08-13 23:11:19,542 - post_processor_c35a117e9f5a - INFO - [DETECT BATCH] START | od=0 | ppe=1
2026-08-13 23:11:19,542 - post_processor_c35a117e9f5a - INFO - [PROCESS PPE DETECTION] camera=ppe_test_cam1 | severity=none | violated=[]
2026-08-13 23:11:19,543 - post_processor_c35a117e9f5a - INFO - [DETECT BATCH] DONE | od=0 | ppe=1
2026-08-13 23:11:19,543 - post_processor_c35a117e9f5a - INFO - PPE meta buffered | camera=ppe_test_cam1 | violation=False
2026-08-13 23:11:19,543 - post_processor_c35a117e9f5a - INFO - PPE frame complete | camera=ppe_test_cam1 | violation=False
2026-08-13 23:11:19,544 - post_processor_c35a117e9f5a - INFO - [FRAME RECEIVED] topic=post_processing | partition=0 | offset=550 | frame_id=None | camera=ppe_test_cam1
2026-08-13 23:11:19,544 - post_processor_c35a117e9f5a - INFO - [DETECT BATCH] START | od=0 | ppe=1
2026-08-13 23:11:19,545 - post_processor_c35a117e9f5a - INFO - [PROCESS PPE DETECTION] camera=ppe_test_cam1 | severity=low | violated=['No-Shoes', 'No-Shoes']
2026-08-13 23:11:19,550 - post_processor_c35a117e9f5a - INFO - PPE alert image saved | path=/Aksha/ppe_test_cam1/alerts/2026-08-13/2026-08-13 23:11:19.54_alert.jpg
2026-08-13 23:11:19,550 - post_processor_c35a117e9f5a - INFO - [DETECT BATCH] DONE | od=0 | ppe=1
2026-08-13 23:11:19,550 - post_processor_c35a117e9f5a - INFO - PPE meta buffered | camera=ppe_test_cam1 | violation=True
2026-08-13 23:11:19,607 - post_processor_c35a117e9f5a - INFO - PPE alert dual-written to alerts collection | camera=ppe_test_cam1
2026-08-13 23:11:19,607 - post_processor_c35a117e9f5a - INFO - ppe_status_check | has_violation=True | validity=False
2026-08-13 23:11:19,607 - post_processor_c35a117e9f5a - INFO - PPE notification suppressed by cooldown | camera=ppe_test_cam1
2026-08-13 23:11:19,608 - post_processor_c35a117e9f5a - INFO - PPE frame complete | camera=ppe_test_cam1 | violation=True
2026-08-13 23:11:20,598 - post_processor_c35a117e9f5a - INFO - [FRAME RECEIVED] topic=post_processing | partition=0 | offset=551 | frame_id=None | camera=ppe_test_cam1
2026-08-13 23:11:20,598 - post_processor_c35a117e9f5a - INFO - [DETECT BATCH] START | od=0 | ppe=1
2026-08-13 23:11:20,599 - post_processor_c35a117e9f5a - INFO - [PROCESS PPE DETECTION] camera=ppe_test_cam1 | severity=none | violated=[]
2026-08-13 23:11:20,599 - post_processor_c35a117e9f5a - INFO - [DETECT BATCH] DONE | od=0 | ppe=1
2026-08-13 23:11:20,599 - post_processor_c35a117e9f5a - INFO - PPE meta buffered | camera=ppe_test_cam1 | violation=False
2026-08-13 23:11:20,599 - post_processor_c35a117e9f5a - INFO - PPE frame complete | camera=ppe_test_cam1 | violation=False
2026-08-13 23:11:20,631 - post_processor_c35a117e9f5a - INFO - [FRAME RECEIVED] topic=post_processing | partition=0 | offset=552 | frame_id=None | camera=ppe_test_cam1
2026-08-13 23:11:20,631 - post_processor_c35a117e9f5a - INFO - [DETECT BATCH] START | od=0 | ppe=1
2026-08-13 23:11:20,631 - post_processor_c35a117e9f5a - INFO - [PROCESS PPE DETECTION] camera=ppe_test_cam1 | severity=low | violated=['No-Shoes', 'No-Shoes']
2026-08-13 23:11:20,637 - post_processor_c35a117e9f5a - INFO - PPE alert image saved | path=/Aksha/ppe_test_cam1/alerts/2026-08-13/2026-08-13 23:11:20.63_alert.jpg
2026-08-13 23:11:20,637 - post_processor_c35a117e9f5a - INFO - [DETECT BATCH] DONE | od=0 | ppe=1
2026-08-13 23:11:20,638 - post_processor_c35a117e9f5a - INFO - PPE meta buffered | camera=ppe_test_cam1 | violation=True
2026-08-13 23:11:20,650 - post_processor_c35a117e9f5a - INFO - PPE alert dual-written to alerts collection | camera=ppe_test_cam1
2026-08-13 23:11:20,651 - post_processor_c35a117e9f5a - INFO - ppe_status_check | has_violation=True | validity=False
2026-08-13 23:11:20,651 - post_processor_c35a117e9f5a - INFO - PPE notification suppressed by cooldown | camera=ppe_test_cam1
2026-08-13 23:11:20,652 - post_processor_c35a117e9f5a - INFO - PPE frame complete | camera=ppe_test_cam1 | violation=True
2026-08-13 23:11:21,632 - post_processor_c35a117e9f5a - INFO - [FRAME RECEIVED] topic=post_processing | partition=0 | offset=553 | frame_id=None | camera=ppe_test_cam1
2026-08-13 23:11:21,632 - post_processor_c35a117e9f5a - INFO - [DETECT BATCH] START | od=0 | ppe=1
2026-08-13 23:11:21,632 - post_processor_c35a117e9f5a - INFO - [PROCESS PPE DETECTION] camera=ppe_test_cam1 | severity=none | violated=[]
2026-08-13 23:11:21,635 - post_processor_c35a117e9f5a - INFO - [DETECT BATCH] DONE | od=0 | ppe=1
2026-08-13 23:11:21,635 - post_processor_c35a117e9f5a - INFO - PPE meta buffered | camera=ppe_test_cam1 | violation=False
2026-08-13 23:11:21,635 - post_processor_c35a117e9f5a - INFO - PPE frame complete | camera=ppe_test_cam1 | violation=False
2026-08-13 23:11:21,673 - post_processor_c35a117e9f5a - INFO - [FRAME RECEIVED] topic=post_processing | partition=0 | offset=554 | frame_id=None | camera=ppe_test_cam1
2026-08-13 23:11:21,673 - post_processor_c35a117e9f5a - INFO - [DETECT BATCH] START | od=0 | ppe=1
2026-08-13 23:11:21,673 - post_processor_c35a117e9f5a - INFO - [PROCESS PPE DETECTION] camera=ppe_test_cam1 | severity=low | violated=['No-Shoes', 'No-Shoes']
2026-08-13 23:11:21,676 - post_processor_c35a117e9f5a - INFO - PPE alert image saved | path=/Aksha/ppe_test_cam1/alerts/2026-08-13/2026-08-13 23:11:21.67_alert.jpg
2026-08-13 23:11:21,676 - post_processor_c35a117e9f5a - INFO - [DETECT BATCH] DONE | od=0 | ppe=1
2026-08-13 23:11:21,676 - post_processor_c35a117e9f5a - INFO - PPE meta buffered | camera=ppe_test_cam1 | violation=True
2026-08-13 23:11:21,684 - post_processor_c35a117e9f5a - INFO - PPE alert dual-written to alerts collection | camera=ppe_test_cam1
2026-08-13 23:11:21,684 - post_processor_c35a117e9f5a - INFO - ppe_status_check | has_violation=True | validity=False
2026-08-13 23:11:21,684 - post_processor_c35a117e9f5a - INFO - PPE notification suppressed by cooldown | camera=ppe_test_cam1
2026-08-13 23:11:21,685 - post_processor_c35a117e9f5a - INFO - PPE frame complete | camera=ppe_test_cam1 | violation=True
2026-08-13 23:11:22,509 - post_processor_c35a117e9f5a - INFO - [FRAME RECEIVED] topic=post_processing | partition=0 | offset=555 | frame_id=None | camera=ppe_test_cam1
2026-08-13 23:11:22,509 - post_processor_c35a117e9f5a - INFO - [DETECT BATCH] START | od=0 | ppe=1
2026-08-13 23:11:22,510 - post_processor_c35a117e9f5a - INFO - [PROCESS PPE DETECTION] camera=ppe_test_cam1 | severity=none | violated=[]
2026-08-13 23:11:22,510 - post_processor_c35a117e9f5a - INFO - [DETECT BATCH] DONE | od=0 | ppe=1
2026-08-13 23:11:22,510 - post_processor_c35a117e9f5a - INFO - PPE meta buffered | camera=ppe_test_cam1 | violation=False
2026-08-13 23:11:22,510 - post_processor_c35a117e9f5a - INFO - PPE frame complete | camera=ppe_test_cam1 | violation=False
2026-08-13 23:11:27,698 - post_processor_c35a117e9f5a - INFO - [FRAME RECEIVED] topic=post_processing | partition=0 | offset=556 | frame_id=None | camera=ppe_test_cam1
2026-08-13 23:11:27,698 - post_processor_c35a117e9f5a - INFO - [DETECT BATCH] START | od=0 | ppe=1
2026-08-13 23:11:27,698 - post_processor_c35a117e9f5a - INFO - [PROCESS PPE DETECTION] camera=ppe_test_cam1 | severity=none | violated=[]
2026-08-13 23:11:27,699 - post_processor_c35a117e9f5a - INFO - [DETECT BATCH] DONE | od=0 | ppe=1
2026-08-13 23:11:27,699 - post_processor_c35a117e9f5a - INFO - PPE meta buffered | camera=ppe_test_cam1 | violation=False
2026-08-13 23:11:27,733 - post_processor_c35a117e9f5a - INFO - PPE MongoDB batch insert | camera=ppe_test_cam1 | count=10
2026-08-13 23:11:27,733 - post_processor_c35a117e9f5a - INFO - PPE frame complete | camera=ppe_test_cam1 | violation=False
2026-08-13 23:11:27,734 - post_processor_c35a117e9f5a - INFO - Kafka offsets committed | count=10
2026-08-13 23:11:28,639 - post_processor_c35a117e9f5a - INFO - [FRAME RECEIVED] topic=post_processing | partition=0 | offset=557 | frame_id=None | camera=ppe_test_cam1
2026-08-13 23:11:28,639 - post_processor_c35a117e9f5a - INFO - [DETECT BATCH] START | od=0 | ppe=1
2026-08-13 23:11:28,639 - post_processor_c35a117e9f5a - INFO - [PROCESS PPE DETECTION] camera=ppe_test_cam1 | severity=none | violated=[]
2026-08-13 23:11:28,639 - post_processor_c35a117e9f5a - INFO - [DETECT BATCH] DONE | od=0 | ppe=1
2026-08-13 23:11:28,640 - post_processor_c35a117e9f5a - INFO - PPE meta buffered | camera=ppe_test_cam1 | violation=False
2026-08-13 23:11:28,640 - post_processor_c35a117e9f5a - INFO - PPE frame complete | camera=ppe_test_cam1 | violation=False
2026-08-13 23:11:29,590 - post_processor_c35a117e9f5a - INFO - [FRAME RECEIVED] topic=post_processing | partition=0 | offset=558 | frame_id=None | camera=ppe_test_cam1
2026-08-13 23:11:29,590 - post_processor_c35a117e9f5a - INFO - [DETECT BATCH] START | od=0 | ppe=1
2026-08-13 23:11:29,590 - post_processor_c35a117e9f5a - INFO - [PROCESS PPE DETECTION] camera=ppe_test_cam1 | severity=none | violated=[]
2026-08-13 23:11:29,590 - post_processor_c35a117e9f5a - INFO - [DETECT BATCH] DONE | od=0 | ppe=1
2026-08-13 23:11:29,591 - post_processor_c35a117e9f5a - INFO - PPE meta buffered | camera=ppe_test_cam1 | violation=False
2026-08-13 23:11:29,591 - post_processor_c35a117e9f5a - INFO - PPE frame complete | camera=ppe_test_cam1 | violation=False
2026-08-13 23:11:30,583 - post_processor_c35a117e9f5a - INFO - [FRAME RECEIVED] topic=post_processing | partition=0 | offset=559 | frame_id=None | camera=ppe_test_cam1
2026-08-13 23:11:30,583 - post_processor_c35a117e9f5a - INFO - [DETECT BATCH] START | od=0 | ppe=1
2026-08-13 23:11:30,583 - post_processor_c35a117e9f5a - INFO - [PROCESS PPE DETECTION] camera=ppe_test_cam1 | severity=none | violated=[]
2026-08-13 23:11:30,583 - post_processor_c35a117e9f5a - INFO - [DETECT BATCH] DONE | od=0 | ppe=1
2026-08-13 23:11:30,584 - post_processor_c35a117e9f5a - INFO - PPE meta buffered | camera=ppe_test_cam1 | violation=False
2026-08-13 23:11:30,584 - post_processor_c35a117e9f5a - INFO - PPE frame complete | camera=ppe_test_cam1 | violation=False
2026-08-13 23:11:31,587 - post_processor_c35a117e9f5a - INFO - [FRAME RECEIVED] topic=post_processing | partition=0 | offset=560 | frame_id=None | camera=ppe_test_cam1
2026-08-13 23:11:31,587 - post_processor_c35a117e9f5a - INFO - [DETECT BATCH] START | od=0 | ppe=1
2026-08-13 23:11:31,588 - post_processor_c35a117e9f5a - INFO - [PROCESS PPE DETECTION] camera=ppe_test_cam1 | severity=none | violated=[]
2026-08-13 23:11:31,589 - post_processor_c35a117e9f5a - INFO - [DETECT BATCH] DONE | od=0 | ppe=1
2026-08-13 23:11:31,589 - post_processor_c35a117e9f5a - INFO - PPE meta buffered | camera=ppe_test_cam1 | violation=False
2026-08-13 23:11:31,591 - post_processor_c35a117e9f5a - INFO - PPE frame complete | camera=ppe_test_cam1 | violation=False
2026-08-13 23:11:32,599 - post_processor_c35a117e9f5a - INFO - [FRAME RECEIVED] topic=post_processing | partition=0 | offset=561 | frame_id=None | camera=ppe_test_cam1
2026-08-13 23:11:32,599 - post_processor_c35a117e9f5a - INFO - [DETECT BATCH] START | od=0 | ppe=1
2026-08-13 23:11:32,599 - post_processor_c35a117e9f5a - INFO - [PROCESS PPE DETECTION] camera=ppe_test_cam1 | severity=none | violated=[]
2026-08-13 23:11:32,600 - post_processor_c35a117e9f5a - INFO - [DETECT BATCH] DONE | od=0 | ppe=1
2026-08-13 23:11:32,600 - post_processor_c35a117e9f5a - INFO - PPE meta buffered | camera=ppe_test_cam1 | violation=False
2026-08-13 23:11:32,600 - post_processor_c35a117e9f5a - INFO - PPE frame complete | camera=ppe_test_cam1 | violation=False
2026-08-13 23:11:33,647 - post_processor_c35a117e9f5a - INFO - [FRAME RECEIVED] topic=post_processing | partition=0 | offset=562 | frame_id=None | camera=ppe_test_cam1
2026-08-13 23:11:33,647 - post_processor_c35a117e9f5a - INFO - [DETECT BATCH] START | od=0 | ppe=1
2026-08-13 23:11:33,648 - post_processor_c35a117e9f5a - INFO - [PROCESS PPE DETECTION] camera=ppe_test_cam1 | severity=none | violated=[]
2026-08-13 23:11:33,648 - post_processor_c35a117e9f5a - INFO - [DETECT BATCH] DONE | od=0 | ppe=1
2026-08-13 23:11:33,648 - post_processor_c35a117e9f5a - INFO - PPE meta buffered | camera=ppe_test_cam1 | violation=False
2026-08-13 23:11:33,648 - post_processor_c35a117e9f5a - INFO - PPE frame complete | camera=ppe_test_cam1 | violation=False
2026-08-13 23:11:34,740 - post_processor_c35a117e9f5a - INFO - [FRAME RECEIVED] topic=post_processing | partition=0 | offset=563 | frame_id=None | camera=ppe_test_cam1
2026-08-13 23:11:34,740 - post_processor_c35a117e9f5a - INFO - [DETECT BATCH] START | od=0 | ppe=1
2026-08-13 23:11:34,743 - post_processor_c35a117e9f5a - INFO - [PROCESS PPE DETECTION] camera=ppe_test_cam1 | severity=none | violated=[]
2026-08-13 23:11:34,744 - post_processor_c35a117e9f5a - INFO - [DETECT BATCH] DONE | od=0 | ppe=1
2026-08-13 23:11:34,744 - post_processor_c35a117e9f5a - INFO - PPE meta buffered | camera=ppe_test_cam1 | violation=False
2026-08-13 23:11:34,744 - post_processor_c35a117e9f5a - INFO - PPE frame complete | camera=ppe_test_cam1 | violation=False
2026-08-13 23:11:34,745 - post_processor_c35a117e9f5a - INFO - [FRAME RECEIVED] topic=post_processing | partition=0 | offset=564 | frame_id=None | camera=ppe_test_cam1
2026-08-13 23:11:34,745 - post_processor_c35a117e9f5a - INFO - [DETECT BATCH] START | od=0 | ppe=1
2026-08-13 23:11:34,745 - post_processor_c35a117e9f5a - INFO - [PROCESS PPE DETECTION] camera=ppe_test_cam1 | severity=none | violated=[]
2026-08-13 23:11:34,746 - post_processor_c35a117e9f5a - INFO - [DETECT BATCH] DONE | od=0 | ppe=1
2026-08-13 23:11:34,746 - post_processor_c35a117e9f5a - INFO - PPE meta buffered | camera=ppe_test_cam1 | violation=False
2026-08-13 23:11:34,746 - post_processor_c35a117e9f5a - INFO - PPE frame complete | camera=ppe_test_cam1 | violation=False
2026-08-13 23:11:59,995 - post_processor_c35a117e9f5a - INFO - [FRAME RECEIVED] topic=post_processing | partition=0 | offset=565 | frame_id=None | camera=ppe_test_cam1
2026-08-13 23:11:59,996 - post_processor_c35a117e9f5a - INFO - [DETECT BATCH] START | od=0 | ppe=1
2026-08-13 23:11:59,998 - post_processor_c35a117e9f5a - INFO - [PROCESS PPE DETECTION] camera=ppe_test_cam1 | severity=none | violated=[]
2026-08-13 23:11:59,999 - post_processor_c35a117e9f5a - INFO - [DETECT BATCH] DONE | od=0 | ppe=1
2026-08-13 23:11:59,999 - post_processor_c35a117e9f5a - INFO - PPE meta buffered | camera=ppe_test_cam1 | violation=False
2026-08-13 23:11:59,999 - post_processor_c35a117e9f5a - INFO - PPE frame complete | camera=ppe_test_cam1 | violation=False
2026-08-13 23:12:00,565 - post_processor_c35a117e9f5a - INFO - [FRAME RECEIVED] topic=post_processing | partition=0 | offset=566 | frame_id=None | camera=ppe_test_cam1
2026-08-13 23:12:00,565 - post_processor_c35a117e9f5a - INFO - [DETECT BATCH] START | od=0 | ppe=1
2026-08-13 23:12:00,566 - post_processor_c35a117e9f5a - INFO - [PROCESS PPE DETECTION] camera=ppe_test_cam1 | severity=none | violated=[]
2026-08-13 23:12:00,566 - post_processor_c35a117e9f5a - INFO - [DETECT BATCH] DONE | od=0 | ppe=1
2026-08-13 23:12:00,566 - post_processor_c35a117e9f5a - INFO - PPE meta buffered | camera=ppe_test_cam1 | violation=False
2026-08-13 23:12:00,693 - post_processor_c35a117e9f5a - INFO - PPE MongoDB batch insert | camera=ppe_test_cam1 | count=10
2026-08-13 23:12:00,694 - post_processor_c35a117e9f5a - INFO - PPE frame complete | camera=ppe_test_cam1 | violation=False
2026-08-13 23:12:00,697 - post_processor_c35a117e9f5a - INFO - Kafka offsets committed | count=10
2026-08-13 23:12:18,529 - post_processor_c35a117e9f5a - INFO - [FRAME RECEIVED] topic=post_processing | partition=0 | offset=567 | frame_id=None | camera=ppe_test_cam1
2026-08-13 23:12:18,529 - post_processor_c35a117e9f5a - INFO - [DETECT BATCH] START | od=0 | ppe=1
2026-08-13 23:12:18,530 - post_processor_c35a117e9f5a - INFO - [PROCESS PPE DETECTION] camera=ppe_test_cam1 | severity=none | violated=[]
2026-08-13 23:12:18,530 - post_processor_c35a117e9f5a - INFO - [DETECT BATCH] DONE | od=0 | ppe=1
2026-08-13 23:12:18,531 - post_processor_c35a117e9f5a - INFO - PPE meta buffered | camera=ppe_test_cam1 | violation=False
2026-08-13 23:12:18,531 - post_processor_c35a117e9f5a - INFO - PPE frame complete | camera=ppe_test_cam1 | violation=False
2026-08-13 23:12:18,531 - post_processor_c35a117e9f5a - INFO - [FRAME RECEIVED] topic=post_processing | partition=0 | offset=568 | frame_id=None | camera=ppe_test_cam1
2026-08-13 23:12:18,532 - post_processor_c35a117e9f5a - INFO - [DETECT BATCH] START | od=0 | ppe=1
2026-08-13 23:12:18,532 - post_processor_c35a117e9f5a - INFO - [PROCESS PPE DETECTION] camera=ppe_test_cam1 | severity=low | violated=['No-Shoes', 'No-Shoes']
2026-08-13 23:12:18,535 - post_processor_c35a117e9f5a - INFO - PPE alert image saved | path=/Aksha/ppe_test_cam1/alerts/2026-08-13/2026-08-13 23:12:18.53_alert.jpg
2026-08-13 23:12:18,535 - post_processor_c35a117e9f5a - INFO - [DETECT BATCH] DONE | od=0 | ppe=1
2026-08-13 23:12:18,536 - post_processor_c35a117e9f5a - INFO - PPE meta buffered | camera=ppe_test_cam1 | violation=True
2026-08-13 23:12:18,588 - post_processor_c35a117e9f5a - INFO - PPE alert dual-written to alerts collection | camera=ppe_test_cam1
2026-08-13 23:12:18,588 - post_processor_c35a117e9f5a - INFO - ppe_status_check | has_violation=True | validity=True
2026-08-13 23:12:18,588 - post_processor_c35a117e9f5a - INFO - PPE notification approved | camera=ppe_test_cam1 | severity=low
2026-08-13 23:12:18,589 - post_processor_c35a117e9f5a - INFO - PPE notification sent | camera=ppe_test_cam1 | severity=low | topic=notification_service
2026-08-13 23:12:18,589 - post_processor_c35a117e9f5a - INFO - PPE frame complete | camera=ppe_test_cam1 | violation=True
2026-08-13 23:12:19,551 - post_processor_c35a117e9f5a - INFO - [FRAME RECEIVED] topic=post_processing | partition=0 | offset=569 | frame_id=None | camera=ppe_test_cam1
2026-08-13 23:12:19,551 - post_processor_c35a117e9f5a - INFO - [DETECT BATCH] START | od=0 | ppe=1
2026-08-13 23:12:19,552 - post_processor_c35a117e9f5a - INFO - [PROCESS PPE DETECTION] camera=ppe_test_cam1 | severity=none | violated=[]
2026-08-13 23:12:19,552 - post_processor_c35a117e9f5a - INFO - [DETECT BATCH] DONE | od=0 | ppe=1
2026-08-13 23:12:19,552 - post_processor_c35a117e9f5a - INFO - PPE meta buffered | camera=ppe_test_cam1 | violation=False
2026-08-13 23:12:19,552 - post_processor_c35a117e9f5a - INFO - PPE frame complete | camera=ppe_test_cam1 | violation=False
2026-08-13 23:12:19,588 - post_processor_c35a117e9f5a - INFO - [FRAME RECEIVED] topic=post_processing | partition=0 | offset=570 | frame_id=None | camera=ppe_test_cam1
2026-08-13 23:12:19,588 - post_processor_c35a117e9f5a - INFO - [DETECT BATCH] START | od=0 | ppe=1
2026-08-13 23:12:19,589 - post_processor_c35a117e9f5a - INFO - [PROCESS PPE DETECTION] camera=ppe_test_cam1 | severity=low | violated=['No-Shoes', 'No-Shoes']
2026-08-13 23:12:19,592 - post_processor_c35a117e9f5a - INFO - PPE alert image saved | path=/Aksha/ppe_test_cam1/alerts/2026-08-13/2026-08-13 23:12:19.59_alert.jpg
2026-08-13 23:12:19,592 - post_processor_c35a117e9f5a - INFO - [DETECT BATCH] DONE | od=0 | ppe=1
2026-08-13 23:12:19,592 - post_processor_c35a117e9f5a - INFO - PPE meta buffered | camera=ppe_test_cam1 | violation=True
2026-08-13 23:12:19,605 - post_processor_c35a117e9f5a - INFO - PPE alert dual-written to alerts collection | camera=ppe_test_cam1
2026-08-13 23:12:19,606 - post_processor_c35a117e9f5a - INFO - ppe_status_check | has_violation=True | validity=False
2026-08-13 23:12:19,606 - post_processor_c35a117e9f5a - INFO - PPE notification suppressed by cooldown | camera=ppe_test_cam1
2026-08-13 23:12:19,606 - post_processor_c35a117e9f5a - INFO - PPE frame complete | camera=ppe_test_cam1 | violation=True
2026-08-13 23:12:20,571 - post_processor_c35a117e9f5a - INFO - [FRAME RECEIVED] topic=post_processing | partition=0 | offset=571 | frame_id=None | camera=ppe_test_cam1
2026-08-13 23:12:20,571 - post_processor_c35a117e9f5a - INFO - [DETECT BATCH] START | od=0 | ppe=1
2026-08-13 23:12:20,571 - post_processor_c35a117e9f5a - INFO - [PROCESS PPE DETECTION] camera=ppe_test_cam1 | severity=none | violated=[]
2026-08-13 23:12:20,571 - post_processor_c35a117e9f5a - INFO - [DETECT BATCH] DONE | od=0 | ppe=1
2026-08-13 23:12:20,571 - post_processor_c35a117e9f5a - INFO - PPE meta buffered | camera=ppe_test_cam1 | violation=False
2026-08-13 23:12:20,571 - post_processor_c35a117e9f5a - INFO - PPE frame complete | camera=ppe_test_cam1 | violation=False
2026-08-13 23:12:20,604 - post_processor_c35a117e9f5a - INFO - [FRAME RECEIVED] topic=post_processing | partition=0 | offset=572 | frame_id=None | camera=ppe_test_cam1
2026-08-13 23:12:20,604 - post_processor_c35a117e9f5a - INFO - [DETECT BATCH] START | od=0 | ppe=1
2026-08-13 23:12:20,605 - post_processor_c35a117e9f5a - INFO - [PROCESS PPE DETECTION] camera=ppe_test_cam1 | severity=low | violated=['No-Shoes', 'No-Shoes']
2026-08-13 23:12:20,608 - post_processor_c35a117e9f5a - INFO - PPE alert image saved | path=/Aksha/ppe_test_cam1/alerts/2026-08-13/2026-08-13 23:12:20.60_alert.jpg
2026-08-13 23:12:20,608 - post_processor_c35a117e9f5a - INFO - [DETECT BATCH] DONE | od=0 | ppe=1
2026-08-13 23:12:20,608 - post_processor_c35a117e9f5a - INFO - PPE meta buffered | camera=ppe_test_cam1 | violation=True
2026-08-13 23:12:20,630 - post_processor_c35a117e9f5a - INFO - PPE alert dual-written to alerts collection | camera=ppe_test_cam1
2026-08-13 23:12:20,630 - post_processor_c35a117e9f5a - INFO - ppe_status_check | has_violation=True | validity=False
2026-08-13 23:12:20,631 - post_processor_c35a117e9f5a - INFO - PPE notification suppressed by cooldown | camera=ppe_test_cam1
2026-08-13 23:12:20,631 - post_processor_c35a117e9f5a - INFO - PPE frame complete | camera=ppe_test_cam1 | violation=True
2026-08-13 23:12:21,580 - post_processor_c35a117e9f5a - INFO - [FRAME RECEIVED] topic=post_processing | partition=0 | offset=573 | frame_id=None | camera=ppe_test_cam1
2026-08-13 23:12:21,580 - post_processor_c35a117e9f5a - INFO - [DETECT BATCH] START | od=0 | ppe=1
2026-08-13 23:12:21,581 - post_processor_c35a117e9f5a - INFO - [PROCESS PPE DETECTION] camera=ppe_test_cam1 | severity=none | violated=[]
2026-08-13 23:12:21,581 - post_processor_c35a117e9f5a - INFO - [DETECT BATCH] DONE | od=0 | ppe=1
2026-08-13 23:12:21,581 - post_processor_c35a117e9f5a - INFO - PPE meta buffered | camera=ppe_test_cam1 | violation=False
2026-08-13 23:12:21,581 - post_processor_c35a117e9f5a - INFO - PPE frame complete | camera=ppe_test_cam1 | violation=False
2026-08-13 23:12:21,581 - post_processor_c35a117e9f5a - INFO - [FRAME RECEIVED] topic=post_processing | partition=0 | offset=574 | frame_id=None | camera=ppe_test_cam1
2026-08-13 23:12:21,582 - post_processor_c35a117e9f5a - INFO - [DETECT BATCH] START | od=0 | ppe=1
2026-08-13 23:12:21,582 - post_processor_c35a117e9f5a - INFO - [PROCESS PPE DETECTION] camera=ppe_test_cam1 | severity=low | violated=['No-Shoes', 'No-Shoes']
2026-08-13 23:12:21,585 - post_processor_c35a117e9f5a - INFO - PPE alert image saved | path=/Aksha/ppe_test_cam1/alerts/2026-08-13/2026-08-13 23:12:21.58_alert.jpg
2026-08-13 23:12:21,585 - post_processor_c35a117e9f5a - INFO - [DETECT BATCH] DONE | od=0 | ppe=1
2026-08-13 23:12:21,585 - post_processor_c35a117e9f5a - INFO - PPE meta buffered | camera=ppe_test_cam1 | violation=True
2026-08-13 23:12:21,597 - post_processor_c35a117e9f5a - INFO - PPE alert dual-written to alerts collection | camera=ppe_test_cam1
2026-08-13 23:12:21,597 - post_processor_c35a117e9f5a - INFO - ppe_status_check | has_violation=True | validity=False
2026-08-13 23:12:21,597 - post_processor_c35a117e9f5a - INFO - PPE notification suppressed by cooldown | camera=ppe_test_cam1
2026-08-13 23:12:21,598 - post_processor_c35a117e9f5a - INFO - PPE frame complete | camera=ppe_test_cam1 | violation=True
2026-08-13 23:12:22,594 - post_processor_c35a117e9f5a - INFO - [FRAME RECEIVED] topic=post_processing | partition=0 | offset=575 | frame_id=None | camera=ppe_test_cam1
2026-08-13 23:12:22,594 - post_processor_c35a117e9f5a - INFO - [DETECT BATCH] START | od=0 | ppe=1
2026-08-13 23:12:22,594 - post_processor_c35a117e9f5a - INFO - [PROCESS PPE DETECTION] camera=ppe_test_cam1 | severity=none | violated=[]
2026-08-13 23:12:22,594 - post_processor_c35a117e9f5a - INFO - [DETECT BATCH] DONE | od=0 | ppe=1
2026-08-13 23:12:22,595 - post_processor_c35a117e9f5a - INFO - PPE meta buffered | camera=ppe_test_cam1 | violation=False
2026-08-13 23:12:22,595 - post_processor_c35a117e9f5a - INFO - PPE frame complete | camera=ppe_test_cam1 | violation=False
2026-08-13 23:12:27,610 - post_processor_c35a117e9f5a - INFO - [FRAME RECEIVED] topic=post_processing | partition=0 | offset=576 | frame_id=None | camera=ppe_test_cam1
2026-08-13 23:12:27,610 - post_processor_c35a117e9f5a - INFO - [DETECT BATCH] START | od=0 | ppe=1
2026-08-13 23:12:27,610 - post_processor_c35a117e9f5a - INFO - [PROCESS PPE DETECTION] camera=ppe_test_cam1 | severity=none | violated=[]
2026-08-13 23:12:27,610 - post_processor_c35a117e9f5a - INFO - [DETECT BATCH] DONE | od=0 | ppe=1
2026-08-13 23:12:27,610 - post_processor_c35a117e9f5a - INFO - PPE meta buffered | camera=ppe_test_cam1 | violation=False
2026-08-13 23:12:27,664 - post_processor_c35a117e9f5a - INFO - PPE MongoDB batch insert | camera=ppe_test_cam1 | count=10
2026-08-13 23:12:27,665 - post_processor_c35a117e9f5a - INFO - PPE frame complete | camera=ppe_test_cam1 | violation=False
2026-08-13 23:12:27,666 - post_processor_c35a117e9f5a - INFO - Kafka offsets committed | count=10
2026-08-13 23:12:28,529 - post_processor_c35a117e9f5a - INFO - [FRAME RECEIVED] topic=post_processing | partition=0 | offset=577 | frame_id=None | camera=ppe_test_cam1
2026-08-13 23:12:28,529 - post_processor_c35a117e9f5a - INFO - [DETECT BATCH] START | od=0 | ppe=1
2026-08-13 23:12:28,530 - post_processor_c35a117e9f5a - INFO - [PROCESS PPE DETECTION] camera=ppe_test_cam1 | severity=none | violated=[]
2026-08-13 23:12:28,530 - post_processor_c35a117e9f5a - INFO - [DETECT BATCH] DONE | od=0 | ppe=1
2026-08-13 23:12:28,531 - post_processor_c35a117e9f5a - INFO - PPE meta buffered | camera=ppe_test_cam1 | violation=False
2026-08-13 23:12:28,531 - post_processor_c35a117e9f5a - INFO - PPE frame complete | camera=ppe_test_cam1 | violation=False
2026-08-13 23:12:29,538 - post_processor_c35a117e9f5a - INFO - [FRAME RECEIVED] topic=post_processing | partition=0 | offset=578 | frame_id=None | camera=ppe_test_cam1
2026-08-13 23:12:29,538 - post_processor_c35a117e9f5a - INFO - [DETECT BATCH] START | od=0 | ppe=1
2026-08-13 23:12:29,538 - post_processor_c35a117e9f5a - INFO - [PROCESS PPE DETECTION] camera=ppe_test_cam1 | severity=none | violated=[]
2026-08-13 23:12:29,539 - post_processor_c35a117e9f5a - INFO - [DETECT BATCH] DONE | od=0 | ppe=1
2026-08-13 23:12:29,539 - post_processor_c35a117e9f5a - INFO - PPE meta buffered | camera=ppe_test_cam1 | violation=False
2026-08-13 23:12:29,539 - post_processor_c35a117e9f5a - INFO - PPE frame complete | camera=ppe_test_cam1 | violation=False
2026-08-13 23:12:30,622 - post_processor_c35a117e9f5a - INFO - [FRAME RECEIVED] topic=post_processing | partition=0 | offset=579 | frame_id=None | camera=ppe_test_cam1
2026-08-13 23:12:30,622 - post_processor_c35a117e9f5a - INFO - [DETECT BATCH] START | od=0 | ppe=1
2026-08-13 23:12:30,622 - post_processor_c35a117e9f5a - INFO - [PROCESS PPE DETECTION] camera=ppe_test_cam1 | severity=none | violated=[]
2026-08-13 23:12:30,623 - post_processor_c35a117e9f5a - INFO - [DETECT BATCH] DONE | od=0 | ppe=1
2026-08-13 23:12:30,623 - post_processor_c35a117e9f5a - INFO - PPE meta buffered | camera=ppe_test_cam1 | violation=False
2026-08-13 23:12:30,623 - post_processor_c35a117e9f5a - INFO - PPE frame complete | camera=ppe_test_cam1 | violation=False
2026-08-13 23:12:31,595 - post_processor_c35a117e9f5a - INFO - [FRAME RECEIVED] topic=post_processing | partition=0 | offset=580 | frame_id=None | camera=ppe_test_cam1
2026-08-13 23:12:31,595 - post_processor_c35a117e9f5a - INFO - [DETECT BATCH] START | od=0 | ppe=1
2026-08-13 23:12:31,595 - post_processor_c35a117e9f5a - INFO - [PROCESS PPE DETECTION] camera=ppe_test_cam1 | severity=none | violated=[]
2026-08-13 23:12:31,596 - post_processor_c35a117e9f5a - INFO - [DETECT BATCH] DONE | od=0 | ppe=1
2026-08-13 23:12:31,596 - post_processor_c35a117e9f5a - INFO - PPE meta buffered | camera=ppe_test_cam1 | violation=False
2026-08-13 23:12:31,596 - post_processor_c35a117e9f5a - INFO - PPE frame complete | camera=ppe_test_cam1 | violation=False
2026-08-13 23:12:32,477 - post_processor_c35a117e9f5a - INFO - [FRAME RECEIVED] topic=post_processing | partition=0 | offset=581 | frame_id=None | camera=ppe_test_cam1
2026-08-13 23:12:32,477 - post_processor_c35a117e9f5a - INFO - [DETECT BATCH] START | od=0 | ppe=1
2026-08-13 23:12:32,478 - post_processor_c35a117e9f5a - INFO - [PROCESS PPE DETECTION] camera=ppe_test_cam1 | severity=none | violated=[]
2026-08-13 23:12:32,479 - post_processor_c35a117e9f5a - INFO - [DETECT BATCH] DONE | od=0 | ppe=1
2026-08-13 23:12:32,479 - post_processor_c35a117e9f5a - INFO - PPE meta buffered | camera=ppe_test_cam1 | violation=False
2026-08-13 23:12:32,479 - post_processor_c35a117e9f5a - INFO - PPE frame complete | camera=ppe_test_cam1 | violation=False
2026-08-13 23:12:33,602 - post_processor_c35a117e9f5a - INFO - [FRAME RECEIVED] topic=post_processing | partition=0 | offset=582 | frame_id=None | camera=ppe_test_cam1
2026-08-13 23:12:33,602 - post_processor_c35a117e9f5a - INFO - [DETECT BATCH] START | od=0 | ppe=1
2026-08-13 23:12:33,603 - post_processor_c35a117e9f5a - INFO - [PROCESS PPE DETECTION] camera=ppe_test_cam1 | severity=none | violated=[]
2026-08-13 23:12:33,603 - post_processor_c35a117e9f5a - INFO - [DETECT BATCH] DONE | od=0 | ppe=1
2026-08-13 23:12:33,603 - post_processor_c35a117e9f5a - INFO - PPE meta buffered | camera=ppe_test_cam1 | violation=False
2026-08-13 23:12:33,603 - post_processor_c35a117e9f5a - INFO - PPE frame complete | camera=ppe_test_cam1 | violation=False
2026-08-13 23:12:34,664 - post_processor_c35a117e9f5a - INFO - [FRAME RECEIVED] topic=post_processing | partition=0 | offset=583 | frame_id=None | camera=ppe_test_cam1
2026-08-13 23:12:34,664 - post_processor_c35a117e9f5a - INFO - [DETECT BATCH] START | od=0 | ppe=1
2026-08-13 23:12:34,665 - post_processor_c35a117e9f5a - INFO - [PROCESS PPE DETECTION] camera=ppe_test_cam1 | severity=none | violated=[]
2026-08-13 23:12:34,665 - post_processor_c35a117e9f5a - INFO - [DETECT BATCH] DONE | od=0 | ppe=1
2026-08-13 23:12:34,665 - post_processor_c35a117e9f5a - INFO - PPE meta buffered | camera=ppe_test_cam1 | violation=False
2026-08-13 23:12:34,665 - post_processor_c35a117e9f5a - INFO - PPE frame complete | camera=ppe_test_cam1 | violation=False
2026-08-13 23:12:34,666 - post_processor_c35a117e9f5a - INFO - [FRAME RECEIVED] topic=post_processing | partition=0 | offset=584 | frame_id=None | camera=ppe_test_cam1
2026-08-13 23:12:34,666 - post_processor_c35a117e9f5a - INFO - [DETECT BATCH] START | od=0 | ppe=1
2026-08-13 23:12:34,666 - post_processor_c35a117e9f5a - INFO - [PROCESS PPE DETECTION] camera=ppe_test_cam1 | severity=none | violated=[]
2026-08-13 23:12:34,666 - post_processor_c35a117e9f5a - INFO - [DETECT BATCH] DONE | od=0 | ppe=1
2026-08-13 23:12:34,666 - post_processor_c35a117e9f5a - INFO - PPE meta buffered | camera=ppe_test_cam1 | violation=False
2026-08-13 23:12:34,666 - post_processor_c35a117e9f5a - INFO - PPE frame complete | camera=ppe_test_cam1 | violation=False
2026-08-13 23:12:59,661 - post_processor_c35a117e9f5a - INFO - [FRAME RECEIVED] topic=post_processing | partition=0 | offset=585 | frame_id=None | camera=ppe_test_cam1
2026-08-13 23:12:59,661 - post_processor_c35a117e9f5a - INFO - [DETECT BATCH] START | od=0 | ppe=1
2026-08-13 23:12:59,662 - post_processor_c35a117e9f5a - INFO - [PROCESS PPE DETECTION] camera=ppe_test_cam1 | severity=none | violated=[]
2026-08-13 23:12:59,662 - post_processor_c35a117e9f5a - INFO - [DETECT BATCH] DONE | od=0 | ppe=1
2026-08-13 23:12:59,662 - post_processor_c35a117e9f5a - INFO - PPE meta buffered | camera=ppe_test_cam1 | violation=False
2026-08-13 23:12:59,662 - post_processor_c35a117e9f5a - INFO - PPE frame complete | camera=ppe_test_cam1 | violation=False
2026-08-13 23:13:00,608 - post_processor_c35a117e9f5a - INFO - [FRAME RECEIVED] topic=post_processing | partition=0 | offset=586 | frame_id=None | camera=ppe_test_cam1
2026-08-13 23:13:00,608 - post_processor_c35a117e9f5a - INFO - [DETECT BATCH] START | od=0 | ppe=1
2026-08-13 23:13:00,608 - post_processor_c35a117e9f5a - INFO - [PROCESS PPE DETECTION] camera=ppe_test_cam1 | severity=none | violated=[]
2026-08-13 23:13:00,608 - post_processor_c35a117e9f5a - INFO - [DETECT BATCH] DONE | od=0 | ppe=1
2026-08-13 23:13:00,609 - post_processor_c35a117e9f5a - INFO - PPE meta buffered | camera=ppe_test_cam1 | violation=False
2026-08-13 23:13:00,619 - post_processor_c35a117e9f5a - INFO - PPE MongoDB batch insert | camera=ppe_test_cam1 | count=10
2026-08-13 23:13:00,619 - post_processor_c35a117e9f5a - INFO - PPE frame complete | camera=ppe_test_cam1 | violation=False
2026-08-13 23:13:00,620 - post_processor_c35a117e9f5a - INFO - Kafka offsets committed | count=10
2026-08-13 23:13:18,597 - post_processor_c35a117e9f5a - INFO - [FRAME RECEIVED] topic=post_processing | partition=0 | offset=587 | frame_id=None | camera=ppe_test_cam1
2026-08-13 23:13:18,598 - post_processor_c35a117e9f5a - INFO - [DETECT BATCH] START | od=0 | ppe=1
2026-08-13 23:13:18,599 - post_processor_c35a117e9f5a - INFO - [PROCESS PPE DETECTION] camera=ppe_test_cam1 | severity=low | violated=['No-Shoes', 'No-Shoes']
2026-08-13 23:13:18,603 - post_processor_c35a117e9f5a - INFO - PPE alert image saved | path=/Aksha/ppe_test_cam1/alerts/2026-08-13/2026-08-13 23:13:18.60_alert.jpg
2026-08-13 23:13:18,603 - post_processor_c35a117e9f5a - INFO - [DETECT BATCH] DONE | od=0 | ppe=1
2026-08-13 23:13:18,603 - post_processor_c35a117e9f5a - INFO - PPE meta buffered | camera=ppe_test_cam1 | violation=True
2026-08-13 23:13:18,626 - post_processor_c35a117e9f5a - INFO - PPE alert dual-written to alerts collection | camera=ppe_test_cam1
2026-08-13 23:13:18,626 - post_processor_c35a117e9f5a - INFO - ppe_status_check | has_violation=True | validity=True
2026-08-13 23:13:18,626 - post_processor_c35a117e9f5a - INFO - PPE notification approved | camera=ppe_test_cam1 | severity=low
2026-08-13 23:13:18,627 - post_processor_c35a117e9f5a - INFO - PPE notification sent | camera=ppe_test_cam1 | severity=low | topic=notification_service
2026-08-13 23:13:18,627 - post_processor_c35a117e9f5a - INFO - PPE frame complete | camera=ppe_test_cam1 | violation=True
2026-08-13 23:13:18,628 - post_processor_c35a117e9f5a - INFO - [FRAME RECEIVED] topic=post_processing | partition=0 | offset=588 | frame_id=None | camera=ppe_test_cam1
2026-08-13 23:13:18,628 - post_processor_c35a117e9f5a - INFO - [DETECT BATCH] START | od=0 | ppe=1
2026-08-13 23:13:18,628 - post_processor_c35a117e9f5a - INFO - [PROCESS PPE DETECTION] camera=ppe_test_cam1 | severity=none | violated=[]
2026-08-13 23:13:18,629 - post_processor_c35a117e9f5a - INFO - [DETECT BATCH] DONE | od=0 | ppe=1
2026-08-13 23:13:18,629 - post_processor_c35a117e9f5a - INFO - PPE meta buffered | camera=ppe_test_cam1 | violation=False
2026-08-13 23:13:18,629 - post_processor_c35a117e9f5a - INFO - PPE frame complete | camera=ppe_test_cam1 | violation=False
2026-08-13 23:13:19,560 - post_processor_c35a117e9f5a - INFO - [FRAME RECEIVED] topic=post_processing | partition=0 | offset=589 | frame_id=None | camera=ppe_test_cam1
2026-08-13 23:13:19,560 - post_processor_c35a117e9f5a - INFO - [DETECT BATCH] START | od=0 | ppe=1
2026-08-13 23:13:19,560 - post_processor_c35a117e9f5a - INFO - [PROCESS PPE DETECTION] camera=ppe_test_cam1 | severity=none | violated=[]
2026-08-13 23:13:19,560 - post_processor_c35a117e9f5a - INFO - [DETECT BATCH] DONE | od=0 | ppe=1
2026-08-13 23:13:19,560 - post_processor_c35a117e9f5a - INFO - PPE meta buffered | camera=ppe_test_cam1 | violation=False
2026-08-13 23:13:19,560 - post_processor_c35a117e9f5a - INFO - PPE frame complete | camera=ppe_test_cam1 | violation=False
2026-08-13 23:13:19,595 - post_processor_c35a117e9f5a - INFO - [FRAME RECEIVED] topic=post_processing | partition=0 | offset=590 | frame_id=None | camera=ppe_test_cam1
2026-08-13 23:13:19,595 - post_processor_c35a117e9f5a - INFO - [DETECT BATCH] START | od=0 | ppe=1
2026-08-13 23:13:19,596 - post_processor_c35a117e9f5a - INFO - [PROCESS PPE DETECTION] camera=ppe_test_cam1 | severity=low | violated=['No-Shoes', 'No-Shoes']
2026-08-13 23:13:19,599 - post_processor_c35a117e9f5a - INFO - PPE alert image saved | path=/Aksha/ppe_test_cam1/alerts/2026-08-13/2026-08-13 23:13:19.59_alert.jpg
2026-08-13 23:13:19,600 - post_processor_c35a117e9f5a - INFO - [DETECT BATCH] DONE | od=0 | ppe=1
2026-08-13 23:13:19,600 - post_processor_c35a117e9f5a - INFO - PPE meta buffered | camera=ppe_test_cam1 | violation=True
2026-08-13 23:13:19,610 - post_processor_c35a117e9f5a - INFO - PPE alert dual-written to alerts collection | camera=ppe_test_cam1
2026-08-13 23:13:19,611 - post_processor_c35a117e9f5a - INFO - ppe_status_check | has_violation=True | validity=False
2026-08-13 23:13:19,611 - post_processor_c35a117e9f5a - INFO - PPE notification suppressed by cooldown | camera=ppe_test_cam1
2026-08-13 23:13:19,611 - post_processor_c35a117e9f5a - INFO - PPE frame complete | camera=ppe_test_cam1 | violation=True
2026-08-13 23:13:20,582 - post_processor_c35a117e9f5a - INFO - [FRAME RECEIVED] topic=post_processing | partition=0 | offset=591 | frame_id=None | camera=ppe_test_cam1
2026-08-13 23:13:20,582 - post_processor_c35a117e9f5a - INFO - [DETECT BATCH] START | od=0 | ppe=1
2026-08-13 23:13:20,582 - post_processor_c35a117e9f5a - INFO - [PROCESS PPE DETECTION] camera=ppe_test_cam1 | severity=none | violated=[]
2026-08-13 23:13:20,582 - post_processor_c35a117e9f5a - INFO - [DETECT BATCH] DONE | od=0 | ppe=1
2026-08-13 23:13:20,582 - post_processor_c35a117e9f5a - INFO - PPE meta buffered | camera=ppe_test_cam1 | violation=False
2026-08-13 23:13:20,583 - post_processor_c35a117e9f5a - INFO - PPE frame complete | camera=ppe_test_cam1 | violation=False
2026-08-13 23:13:20,611 - post_processor_c35a117e9f5a - INFO - [FRAME RECEIVED] topic=post_processing | partition=0 | offset=592 | frame_id=None | camera=ppe_test_cam1
2026-08-13 23:13:20,612 - post_processor_c35a117e9f5a - INFO - [DETECT BATCH] START | od=0 | ppe=1
2026-08-13 23:13:20,612 - post_processor_c35a117e9f5a - INFO - [PROCESS PPE DETECTION] camera=ppe_test_cam1 | severity=low | violated=['No-Shoes', 'No-Shoes']
2026-08-13 23:13:20,617 - post_processor_c35a117e9f5a - INFO - PPE alert image saved | path=/Aksha/ppe_test_cam1/alerts/2026-08-13/2026-08-13 23:13:20.61_alert.jpg
2026-08-13 23:13:20,617 - post_processor_c35a117e9f5a - INFO - [DETECT BATCH] DONE | od=0 | ppe=1
2026-08-13 23:13:20,618 - post_processor_c35a117e9f5a - INFO - PPE meta buffered | camera=ppe_test_cam1 | violation=True
2026-08-13 23:13:20,643 - post_processor_c35a117e9f5a - INFO - PPE alert dual-written to alerts collection | camera=ppe_test_cam1
2026-08-13 23:13:20,644 - post_processor_c35a117e9f5a - INFO - ppe_status_check | has_violation=True | validity=False
2026-08-13 23:13:20,644 - post_processor_c35a117e9f5a - INFO - PPE notification suppressed by cooldown | camera=ppe_test_cam1
2026-08-13 23:13:20,644 - post_processor_c35a117e9f5a - INFO - PPE frame complete | camera=ppe_test_cam1 | violation=True
2026-08-13 23:13:21,596 - post_processor_c35a117e9f5a - INFO - [FRAME RECEIVED] topic=post_processing | partition=0 | offset=593 | frame_id=None | camera=ppe_test_cam1
2026-08-13 23:13:21,596 - post_processor_c35a117e9f5a - INFO - [DETECT BATCH] START | od=0 | ppe=1
2026-08-13 23:13:21,597 - post_processor_c35a117e9f5a - INFO - [PROCESS PPE DETECTION] camera=ppe_test_cam1 | severity=none | violated=[]
2026-08-13 23:13:21,598 - post_processor_c35a117e9f5a - INFO - [DETECT BATCH] DONE | od=0 | ppe=1
2026-08-13 23:13:21,599 - post_processor_c35a117e9f5a - INFO - PPE meta buffered | camera=ppe_test_cam1 | violation=False
2026-08-13 23:13:21,599 - post_processor_c35a117e9f5a - INFO - PPE frame complete | camera=ppe_test_cam1 | violation=False
2026-08-13 23:13:21,626 - post_processor_c35a117e9f5a - INFO - [FRAME RECEIVED] topic=post_processing | partition=0 | offset=594 | frame_id=None | camera=ppe_test_cam1
2026-08-13 23:13:21,626 - post_processor_c35a117e9f5a - INFO - [DETECT BATCH] START | od=0 | ppe=1
2026-08-13 23:13:21,627 - post_processor_c35a117e9f5a - INFO - [PROCESS PPE DETECTION] camera=ppe_test_cam1 | severity=low | violated=['No-Shoes', 'No-Shoes']
2026-08-13 23:13:21,630 - post_processor_c35a117e9f5a - INFO - PPE alert image saved | path=/Aksha/ppe_test_cam1/alerts/2026-08-13/2026-08-13 23:13:21.62_alert.jpg
2026-08-13 23:13:21,630 - post_processor_c35a117e9f5a - INFO - [DETECT BATCH] DONE | od=0 | ppe=1
2026-08-13 23:13:21,630 - post_processor_c35a117e9f5a - INFO - PPE meta buffered | camera=ppe_test_cam1 | violation=True
2026-08-13 23:13:21,672 - post_processor_c35a117e9f5a - INFO - PPE alert dual-written to alerts collection | camera=ppe_test_cam1
2026-08-13 23:13:21,672 - post_processor_c35a117e9f5a - INFO - ppe_status_check | has_violation=True | validity=False
2026-08-13 23:13:21,672 - post_processor_c35a117e9f5a - INFO - PPE notification suppressed by cooldown | camera=ppe_test_cam1
2026-08-13 23:13:21,673 - post_processor_c35a117e9f5a - INFO - PPE frame complete | camera=ppe_test_cam1 | violation=True
2026-08-13 23:13:22,598 - post_processor_c35a117e9f5a - INFO - [FRAME RECEIVED] topic=post_processing | partition=0 | offset=595 | frame_id=None | camera=ppe_test_cam1
2026-08-13 23:13:22,598 - post_processor_c35a117e9f5a - INFO - [DETECT BATCH] START | od=0 | ppe=1
2026-08-13 23:13:22,599 - post_processor_c35a117e9f5a - INFO - [PROCESS PPE DETECTION] camera=ppe_test_cam1 | severity=none | violated=[]
2026-08-13 23:13:22,599 - post_processor_c35a117e9f5a - INFO - [DETECT BATCH] DONE | od=0 | ppe=1
2026-08-13 23:13:22,599 - post_processor_c35a117e9f5a - INFO - PPE meta buffered | camera=ppe_test_cam1 | violation=False
2026-08-13 23:13:22,599 - post_processor_c35a117e9f5a - INFO - PPE frame complete | camera=ppe_test_cam1 | violation=False
2026-08-13 23:13:27,560 - post_processor_c35a117e9f5a - INFO - [FRAME RECEIVED] topic=post_processing | partition=0 | offset=596 | frame_id=None | camera=ppe_test_cam1
2026-08-13 23:13:27,560 - post_processor_c35a117e9f5a - INFO - [DETECT BATCH] START | od=0 | ppe=1
2026-08-13 23:13:27,561 - post_processor_c35a117e9f5a - INFO - [PROCESS PPE DETECTION] camera=ppe_test_cam1 | severity=none | violated=[]
2026-08-13 23:13:27,561 - post_processor_c35a117e9f5a - INFO - [DETECT BATCH] DONE | od=0 | ppe=1
2026-08-13 23:13:27,561 - post_processor_c35a117e9f5a - INFO - PPE meta buffered | camera=ppe_test_cam1 | violation=False
2026-08-13 23:13:27,570 - post_processor_c35a117e9f5a - INFO - PPE MongoDB batch insert | camera=ppe_test_cam1 | count=10
2026-08-13 23:13:27,571 - post_processor_c35a117e9f5a - INFO - PPE frame complete | camera=ppe_test_cam1 | violation=False
2026-08-13 23:13:27,571 - post_processor_c35a117e9f5a - INFO - Kafka offsets committed | count=10
2026-08-13 23:13:28,564 - post_processor_c35a117e9f5a - INFO - [FRAME RECEIVED] topic=post_processing | partition=0 | offset=597 | frame_id=None | camera=ppe_test_cam1
2026-08-13 23:13:28,564 - post_processor_c35a117e9f5a - INFO - [DETECT BATCH] START | od=0 | ppe=1
2026-08-13 23:13:28,564 - post_processor_c35a117e9f5a - INFO - [PROCESS PPE DETECTION] camera=ppe_test_cam1 | severity=none | violated=[]
2026-08-13 23:13:28,567 - post_processor_c35a117e9f5a - INFO - [DETECT BATCH] DONE | od=0 | ppe=1
2026-08-13 23:13:28,568 - post_processor_c35a117e9f5a - INFO - PPE meta buffered | camera=ppe_test_cam1 | violation=False
2026-08-13 23:13:28,568 - post_processor_c35a117e9f5a - INFO - PPE frame complete | camera=ppe_test_cam1 | violation=False
2026-08-13 23:13:29,496 - post_processor_c35a117e9f5a - INFO - [FRAME RECEIVED] topic=post_processing | partition=0 | offset=598 | frame_id=None | camera=ppe_test_cam1
2026-08-13 23:13:29,496 - post_processor_c35a117e9f5a - INFO - [DETECT BATCH] START | od=0 | ppe=1
2026-08-13 23:13:29,498 - post_processor_c35a117e9f5a - INFO - [PROCESS PPE DETECTION] camera=ppe_test_cam1 | severity=none | violated=[]
2026-08-13 23:13:29,498 - post_processor_c35a117e9f5a - INFO - [DETECT BATCH] DONE | od=0 | ppe=1
2026-08-13 23:13:29,498 - post_processor_c35a117e9f5a - INFO - PPE meta buffered | camera=ppe_test_cam1 | violation=False
2026-08-13 23:13:29,498 - post_processor_c35a117e9f5a - INFO - PPE frame complete | camera=ppe_test_cam1 | violation=False
2026-08-13 23:13:30,646 - post_processor_c35a117e9f5a - INFO - [FRAME RECEIVED] topic=post_processing | partition=0 | offset=599 | frame_id=None | camera=ppe_test_cam1
2026-08-13 23:13:30,646 - post_processor_c35a117e9f5a - INFO - [DETECT BATCH] START | od=0 | ppe=1
2026-08-13 23:13:30,646 - post_processor_c35a117e9f5a - INFO - [PROCESS PPE DETECTION] camera=ppe_test_cam1 | severity=none | violated=[]
2026-08-13 23:13:30,646 - post_processor_c35a117e9f5a - INFO - [DETECT BATCH] DONE | od=0 | ppe=1
2026-08-13 23:13:30,646 - post_processor_c35a117e9f5a - INFO - PPE meta buffered | camera=ppe_test_cam1 | violation=False
2026-08-13 23:13:30,646 - post_processor_c35a117e9f5a - INFO - PPE frame complete | camera=ppe_test_cam1 | violation=False
2026-08-13 23:13:31,629 - post_processor_c35a117e9f5a - INFO - [FRAME RECEIVED] topic=post_processing | partition=0 | offset=600 | frame_id=None | camera=ppe_test_cam1
2026-08-13 23:13:31,629 - post_processor_c35a117e9f5a - INFO - [DETECT BATCH] START | od=0 | ppe=1
2026-08-13 23:13:31,630 - post_processor_c35a117e9f5a - INFO - [PROCESS PPE DETECTION] camera=ppe_test_cam1 | severity=none | violated=[]
2026-08-13 23:13:31,630 - post_processor_c35a117e9f5a - INFO - [DETECT BATCH] DONE | od=0 | ppe=1
2026-08-13 23:13:31,630 - post_processor_c35a117e9f5a - INFO - PPE meta buffered | camera=ppe_test_cam1 | violation=False
2026-08-13 23:13:31,630 - post_processor_c35a117e9f5a - INFO - PPE frame complete | camera=ppe_test_cam1 | violation=False
2026-08-13 23:13:32,492 - post_processor_c35a117e9f5a - INFO - [FRAME RECEIVED] topic=post_processing | partition=0 | offset=601 | frame_id=None | camera=ppe_test_cam1
2026-08-13 23:13:32,492 - post_processor_c35a117e9f5a - INFO - [DETECT BATCH] START | od=0 | ppe=1
2026-08-13 23:13:32,493 - post_processor_c35a117e9f5a - INFO - [PROCESS PPE DETECTION] camera=ppe_test_cam1 | severity=none | violated=[]
2026-08-13 23:13:32,493 - post_processor_c35a117e9f5a - INFO - [DETECT BATCH] DONE | od=0 | ppe=1
2026-08-13 23:13:32,493 - post_processor_c35a117e9f5a - INFO - PPE meta buffered | camera=ppe_test_cam1 | violation=False
2026-08-13 23:13:32,494 - post_processor_c35a117e9f5a - INFO - PPE frame complete | camera=ppe_test_cam1 | violation=False
2026-08-13 23:13:33,560 - post_processor_c35a117e9f5a - INFO - [FRAME RECEIVED] topic=post_processing | partition=0 | offset=602 | frame_id=None | camera=ppe_test_cam1
2026-08-13 23:13:33,560 - post_processor_c35a117e9f5a - INFO - [DETECT BATCH] START | od=0 | ppe=1
2026-08-13 23:13:33,561 - post_processor_c35a117e9f5a - INFO - [PROCESS PPE DETECTION] camera=ppe_test_cam1 | severity=none | violated=[]
2026-08-13 23:13:33,561 - post_processor_c35a117e9f5a - INFO - [DETECT BATCH] DONE | od=0 | ppe=1
2026-08-13 23:13:33,561 - post_processor_c35a117e9f5a - INFO - PPE meta buffered | camera=ppe_test_cam1 | violation=False
2026-08-13 23:13:33,561 - post_processor_c35a117e9f5a - INFO - PPE frame complete | camera=ppe_test_cam1 | violation=False
2026-08-13 23:13:34,642 - post_processor_c35a117e9f5a - INFO - [FRAME RECEIVED] topic=post_processing | partition=0 | offset=603 | frame_id=None | camera=ppe_test_cam1
2026-08-13 23:13:34,642 - post_processor_c35a117e9f5a - INFO - [DETECT BATCH] START | od=0 | ppe=1
2026-08-13 23:13:34,642 - post_processor_c35a117e9f5a - INFO - [PROCESS PPE DETECTION] camera=ppe_test_cam1 | severity=none | violated=[]
2026-08-13 23:13:34,643 - post_processor_c35a117e9f5a - INFO - [DETECT BATCH] DONE | od=0 | ppe=1
2026-08-13 23:13:34,643 - post_processor_c35a117e9f5a - INFO - PPE meta buffered | camera=ppe_test_cam1 | violation=False
2026-08-13 23:13:34,644 - post_processor_c35a117e9f5a - INFO - PPE frame complete | camera=ppe_test_cam1 | violation=False
2026-08-13 23:13:34,644 - post_processor_c35a117e9f5a - INFO - [FRAME RECEIVED] topic=post_processing | partition=0 | offset=604 | frame_id=None | camera=ppe_test_cam1
2026-08-13 23:13:34,644 - post_processor_c35a117e9f5a - INFO - [DETECT BATCH] START | od=0 | ppe=1
2026-08-13 23:13:34,645 - post_processor_c35a117e9f5a - INFO - [PROCESS PPE DETECTION] camera=ppe_test_cam1 | severity=none | violated=[]
2026-08-13 23:13:34,645 - post_processor_c35a117e9f5a - INFO - [DETECT BATCH] DONE | od=0 | ppe=1
2026-08-13 23:13:34,646 - post_processor_c35a117e9f5a - INFO - PPE meta buffered | camera=ppe_test_cam1 | violation=False
2026-08-13 23:13:34,646 - post_processor_c35a117e9f5a - INFO - PPE frame complete | camera=ppe_test_cam1 | violation=False
2026-08-13 23:13:59,624 - post_processor_c35a117e9f5a - INFO - [FRAME RECEIVED] topic=post_processing | partition=0 | offset=605 | frame_id=None | camera=ppe_test_cam1
2026-08-13 23:13:59,624 - post_processor_c35a117e9f5a - INFO - [DETECT BATCH] START | od=0 | ppe=1
2026-08-13 23:13:59,625 - post_processor_c35a117e9f5a - INFO - [PROCESS PPE DETECTION] camera=ppe_test_cam1 | severity=none | violated=[]
2026-08-13 23:13:59,625 - post_processor_c35a117e9f5a - INFO - [DETECT BATCH] DONE | od=0 | ppe=1
2026-08-13 23:13:59,625 - post_processor_c35a117e9f5a - INFO - PPE meta buffered | camera=ppe_test_cam1 | violation=False
2026-08-13 23:13:59,625 - post_processor_c35a117e9f5a - INFO - PPE frame complete | camera=ppe_test_cam1 | violation=False
2026-08-13 23:14:00,641 - post_processor_c35a117e9f5a - INFO - [FRAME RECEIVED] topic=post_processing | partition=0 | offset=606 | frame_id=None | camera=ppe_test_cam1
2026-08-13 23:14:00,641 - post_processor_c35a117e9f5a - INFO - [DETECT BATCH] START | od=0 | ppe=1
2026-08-13 23:14:00,641 - post_processor_c35a117e9f5a - INFO - [PROCESS PPE DETECTION] camera=ppe_test_cam1 | severity=none | violated=[]
2026-08-13 23:14:00,642 - post_processor_c35a117e9f5a - INFO - [DETECT BATCH] DONE | od=0 | ppe=1
2026-08-13 23:14:00,642 - post_processor_c35a117e9f5a - INFO - PPE meta buffered | camera=ppe_test_cam1 | violation=False
2026-08-13 23:14:00,701 - post_processor_c35a117e9f5a - INFO - PPE MongoDB batch insert | camera=ppe_test_cam1 | count=10
2026-08-13 23:14:00,701 - post_processor_c35a117e9f5a - INFO - PPE frame complete | camera=ppe_test_cam1 | violation=False
2026-08-13 23:14:00,702 - post_processor_c35a117e9f5a - INFO - Kafka offsets committed | count=10
2026-08-13 23:14:18,548 - post_processor_c35a117e9f5a - INFO - [FRAME RECEIVED] topic=post_processing | partition=0 | offset=607 | frame_id=None | camera=ppe_test_cam1
2026-08-13 23:14:18,548 - post_processor_c35a117e9f5a - INFO - [DETECT BATCH] START | od=0 | ppe=1
2026-08-13 23:14:18,548 - post_processor_c35a117e9f5a - INFO - [PROCESS PPE DETECTION] camera=ppe_test_cam1 | severity=none | violated=[]
2026-08-13 23:14:18,548 - post_processor_c35a117e9f5a - INFO - [DETECT BATCH] DONE | od=0 | ppe=1
2026-08-13 23:14:18,548 - post_processor_c35a117e9f5a - INFO - PPE meta buffered | camera=ppe_test_cam1 | violation=False
2026-08-13 23:14:18,548 - post_processor_c35a117e9f5a - INFO - PPE frame complete | camera=ppe_test_cam1 | violation=False
2026-08-13 23:14:18,588 - post_processor_c35a117e9f5a - INFO - [FRAME RECEIVED] topic=post_processing | partition=0 | offset=608 | frame_id=None | camera=ppe_test_cam1
2026-08-13 23:14:18,589 - post_processor_c35a117e9f5a - INFO - [DETECT BATCH] START | od=0 | ppe=1
2026-08-13 23:14:18,589 - post_processor_c35a117e9f5a - INFO - [PROCESS PPE DETECTION] camera=ppe_test_cam1 | severity=low | violated=['No-Shoes', 'No-Shoes']
2026-08-13 23:14:18,592 - post_processor_c35a117e9f5a - INFO - PPE alert image saved | path=/Aksha/ppe_test_cam1/alerts/2026-08-13/2026-08-13 23:14:18.59_alert.jpg
2026-08-13 23:14:18,592 - post_processor_c35a117e9f5a - INFO - [DETECT BATCH] DONE | od=0 | ppe=1
2026-08-13 23:14:18,592 - post_processor_c35a117e9f5a - INFO - PPE meta buffered | camera=ppe_test_cam1 | violation=True
2026-08-13 23:14:18,606 - post_processor_c35a117e9f5a - INFO - PPE alert dual-written to alerts collection | camera=ppe_test_cam1
2026-08-13 23:14:18,607 - post_processor_c35a117e9f5a - INFO - ppe_status_check | has_violation=True | validity=True
2026-08-13 23:14:18,607 - post_processor_c35a117e9f5a - INFO - PPE notification approved | camera=ppe_test_cam1 | severity=low
2026-08-13 23:14:18,607 - post_processor_c35a117e9f5a - INFO - PPE notification sent | camera=ppe_test_cam1 | severity=low | topic=notification_service
2026-08-13 23:14:18,608 - post_processor_c35a117e9f5a - INFO - PPE frame complete | camera=ppe_test_cam1 | violation=True
2026-08-13 23:14:19,547 - post_processor_c35a117e9f5a - INFO - [FRAME RECEIVED] topic=post_processing | partition=0 | offset=609 | frame_id=None | camera=ppe_test_cam1
2026-08-13 23:14:19,547 - post_processor_c35a117e9f5a - INFO - [DETECT BATCH] START | od=0 | ppe=1
2026-08-13 23:14:19,548 - post_processor_c35a117e9f5a - INFO - [PROCESS PPE DETECTION] camera=ppe_test_cam1 | severity=none | violated=[]
2026-08-13 23:14:19,549 - post_processor_c35a117e9f5a - INFO - [DETECT BATCH] DONE | od=0 | ppe=1
2026-08-13 23:14:19,549 - post_processor_c35a117e9f5a - INFO - PPE meta buffered | camera=ppe_test_cam1 | violation=False
2026-08-13 23:14:19,549 - post_processor_c35a117e9f5a - INFO - PPE frame complete | camera=ppe_test_cam1 | violation=False
2026-08-13 23:14:19,585 - post_processor_c35a117e9f5a - INFO - [FRAME RECEIVED] topic=post_processing | partition=0 | offset=610 | frame_id=None | camera=ppe_test_cam1
2026-08-13 23:14:19,585 - post_processor_c35a117e9f5a - INFO - [DETECT BATCH] START | od=0 | ppe=1
2026-08-13 23:14:19,586 - post_processor_c35a117e9f5a - INFO - [PROCESS PPE DETECTION] camera=ppe_test_cam1 | severity=low | violated=['No-Shoes', 'No-Shoes']
2026-08-13 23:14:19,590 - post_processor_c35a117e9f5a - INFO - PPE alert image saved | path=/Aksha/ppe_test_cam1/alerts/2026-08-13/2026-08-13 23:14:19.58_alert.jpg
2026-08-13 23:14:19,591 - post_processor_c35a117e9f5a - INFO - [DETECT BATCH] DONE | od=0 | ppe=1
2026-08-13 23:14:19,591 - post_processor_c35a117e9f5a - INFO - PPE meta buffered | camera=ppe_test_cam1 | violation=True
2026-08-13 23:14:19,606 - post_processor_c35a117e9f5a - INFO - PPE alert dual-written to alerts collection | camera=ppe_test_cam1
2026-08-13 23:14:19,606 - post_processor_c35a117e9f5a - INFO - ppe_status_check | has_violation=True | validity=False
2026-08-13 23:14:19,607 - post_processor_c35a117e9f5a - INFO - PPE notification suppressed by cooldown | camera=ppe_test_cam1
2026-08-13 23:14:19,607 - post_processor_c35a117e9f5a - INFO - PPE frame complete | camera=ppe_test_cam1 | violation=True
2026-08-13 23:14:20,526 - post_processor_c35a117e9f5a - INFO - [FRAME RECEIVED] topic=post_processing | partition=0 | offset=611 | frame_id=None | camera=ppe_test_cam1
2026-08-13 23:14:20,526 - post_processor_c35a117e9f5a - INFO - [DETECT BATCH] START | od=0 | ppe=1
2026-08-13 23:14:20,527 - post_processor_c35a117e9f5a - INFO - [PROCESS PPE DETECTION] camera=ppe_test_cam1 | severity=low | violated=['No-Shoes', 'No-Shoes']
2026-08-13 23:14:20,530 - post_processor_c35a117e9f5a - INFO - PPE alert image saved | path=/Aksha/ppe_test_cam1/alerts/2026-08-13/2026-08-13 23:14:20.52_alert.jpg
2026-08-13 23:14:20,530 - post_processor_c35a117e9f5a - INFO - [DETECT BATCH] DONE | od=0 | ppe=1
2026-08-13 23:14:20,531 - post_processor_c35a117e9f5a - INFO - PPE meta buffered | camera=ppe_test_cam1 | violation=True
2026-08-13 23:14:20,577 - post_processor_c35a117e9f5a - INFO - PPE alert dual-written to alerts collection | camera=ppe_test_cam1
2026-08-13 23:14:20,577 - post_processor_c35a117e9f5a - INFO - ppe_status_check | has_violation=True | validity=False
2026-08-13 23:14:20,577 - post_processor_c35a117e9f5a - INFO - PPE notification suppressed by cooldown | camera=ppe_test_cam1
2026-08-13 23:14:20,578 - post_processor_c35a117e9f5a - INFO - PPE frame complete | camera=ppe_test_cam1 | violation=True
2026-08-13 23:14:20,578 - post_processor_c35a117e9f5a - INFO - [FRAME RECEIVED] topic=post_processing | partition=0 | offset=612 | frame_id=None | camera=ppe_test_cam1
2026-08-13 23:14:20,578 - post_processor_c35a117e9f5a - INFO - [DETECT BATCH] START | od=0 | ppe=1
2026-08-13 23:14:20,579 - post_processor_c35a117e9f5a - INFO - [PROCESS PPE DETECTION] camera=ppe_test_cam1 | severity=none | violated=[]
2026-08-13 23:14:20,579 - post_processor_c35a117e9f5a - INFO - [DETECT BATCH] DONE | od=0 | ppe=1
2026-08-13 23:14:20,579 - post_processor_c35a117e9f5a - INFO - PPE meta buffered | camera=ppe_test_cam1 | violation=False
2026-08-13 23:14:20,579 - post_processor_c35a117e9f5a - INFO - PPE frame complete | camera=ppe_test_cam1 | violation=False
2026-08-13 23:14:21,628 - post_processor_c35a117e9f5a - INFO - [FRAME RECEIVED] topic=post_processing | partition=0 | offset=613 | frame_id=None | camera=ppe_test_cam1
2026-08-13 23:14:21,628 - post_processor_c35a117e9f5a - INFO - [DETECT BATCH] START | od=0 | ppe=1
2026-08-13 23:14:21,628 - post_processor_c35a117e9f5a - INFO - [PROCESS PPE DETECTION] camera=ppe_test_cam1 | severity=none | violated=[]
2026-08-13 23:14:21,628 - post_processor_c35a117e9f5a - INFO - [DETECT BATCH] DONE | od=0 | ppe=1
2026-08-13 23:14:21,629 - post_processor_c35a117e9f5a - INFO - PPE meta buffered | camera=ppe_test_cam1 | violation=False
2026-08-13 23:14:21,629 - post_processor_c35a117e9f5a - INFO - PPE frame complete | camera=ppe_test_cam1 | violation=False
2026-08-13 23:14:21,664 - post_processor_c35a117e9f5a - INFO - [FRAME RECEIVED] topic=post_processing | partition=0 | offset=614 | frame_id=None | camera=ppe_test_cam1
2026-08-13 23:14:21,664 - post_processor_c35a117e9f5a - INFO - [DETECT BATCH] START | od=0 | ppe=1
2026-08-13 23:14:21,664 - post_processor_c35a117e9f5a - INFO - [PROCESS PPE DETECTION] camera=ppe_test_cam1 | severity=low | violated=['No-Shoes', 'No-Shoes']
2026-08-13 23:14:21,668 - post_processor_c35a117e9f5a - INFO - PPE alert image saved | path=/Aksha/ppe_test_cam1/alerts/2026-08-13/2026-08-13 23:14:21.66_alert.jpg
2026-08-13 23:14:21,668 - post_processor_c35a117e9f5a - INFO - [DETECT BATCH] DONE | od=0 | ppe=1
2026-08-13 23:14:21,668 - post_processor_c35a117e9f5a - INFO - PPE meta buffered | camera=ppe_test_cam1 | violation=True
2026-08-13 23:14:21,698 - post_processor_c35a117e9f5a - INFO - PPE alert dual-written to alerts collection | camera=ppe_test_cam1
2026-08-13 23:14:21,699 - post_processor_c35a117e9f5a - INFO - ppe_status_check | has_violation=True | validity=False
2026-08-13 23:14:21,699 - post_processor_c35a117e9f5a - INFO - PPE notification suppressed by cooldown | camera=ppe_test_cam1
2026-08-13 23:14:21,699 - post_processor_c35a117e9f5a - INFO - PPE frame complete | camera=ppe_test_cam1 | violation=True
2026-08-13 23:14:22,610 - post_processor_c35a117e9f5a - INFO - [FRAME RECEIVED] topic=post_processing | partition=0 | offset=615 | frame_id=None | camera=ppe_test_cam1
2026-08-13 23:14:22,610 - post_processor_c35a117e9f5a - INFO - [DETECT BATCH] START | od=0 | ppe=1
2026-08-13 23:14:22,611 - post_processor_c35a117e9f5a - INFO - [PROCESS PPE DETECTION] camera=ppe_test_cam1 | severity=none | violated=[]
2026-08-13 23:14:22,611 - post_processor_c35a117e9f5a - INFO - [DETECT BATCH] DONE | od=0 | ppe=1
2026-08-13 23:14:22,611 - post_processor_c35a117e9f5a - INFO - PPE meta buffered | camera=ppe_test_cam1 | violation=False
2026-08-13 23:14:22,611 - post_processor_c35a117e9f5a - INFO - PPE frame complete | camera=ppe_test_cam1 | violation=False
2026-08-13 23:14:27,678 - post_processor_c35a117e9f5a - INFO - [FRAME RECEIVED] topic=post_processing | partition=0 | offset=616 | frame_id=None | camera=ppe_test_cam1
2026-08-13 23:14:27,678 - post_processor_c35a117e9f5a - INFO - [DETECT BATCH] START | od=0 | ppe=1
2026-08-13 23:14:27,678 - post_processor_c35a117e9f5a - INFO - [PROCESS PPE DETECTION] camera=ppe_test_cam1 | severity=none | violated=[]
2026-08-13 23:14:27,679 - post_processor_c35a117e9f5a - INFO - [DETECT BATCH] DONE | od=0 | ppe=1
2026-08-13 23:14:27,679 - post_processor_c35a117e9f5a - INFO - PPE meta buffered | camera=ppe_test_cam1 | violation=False
2026-08-13 23:14:27,761 - post_processor_c35a117e9f5a - INFO - PPE MongoDB batch insert | camera=ppe_test_cam1 | count=10
2026-08-13 23:14:27,761 - post_processor_c35a117e9f5a - INFO - PPE frame complete | camera=ppe_test_cam1 | violation=False
2026-08-13 23:14:27,762 - post_processor_c35a117e9f5a - INFO - Kafka offsets committed | count=10
2026-08-13 23:14:28,556 - post_processor_c35a117e9f5a - INFO - [FRAME RECEIVED] topic=post_processing | partition=0 | offset=617 | frame_id=None | camera=ppe_test_cam1
2026-08-13 23:14:28,557 - post_processor_c35a117e9f5a - INFO - [DETECT BATCH] START | od=0 | ppe=1
2026-08-13 23:14:28,557 - post_processor_c35a117e9f5a - INFO - [PROCESS PPE DETECTION] camera=ppe_test_cam1 | severity=none | violated=[]
2026-08-13 23:14:28,557 - post_processor_c35a117e9f5a - INFO - [DETECT BATCH] DONE | od=0 | ppe=1
2026-08-13 23:14:28,557 - post_processor_c35a117e9f5a - INFO - PPE meta buffered | camera=ppe_test_cam1 | violation=False
2026-08-13 23:14:28,557 - post_processor_c35a117e9f5a - INFO - PPE frame complete | camera=ppe_test_cam1 | violation=False
2026-08-13 23:14:29,595 - post_processor_c35a117e9f5a - INFO - [FRAME RECEIVED] topic=post_processing | partition=0 | offset=618 | frame_id=None | camera=ppe_test_cam1
2026-08-13 23:14:29,596 - post_processor_c35a117e9f5a - INFO - [DETECT BATCH] START | od=0 | ppe=1
2026-08-13 23:14:29,596 - post_processor_c35a117e9f5a - INFO - [PROCESS PPE DETECTION] camera=ppe_test_cam1 | severity=none | violated=[]
2026-08-13 23:14:29,596 - post_processor_c35a117e9f5a - INFO - [DETECT BATCH] DONE | od=0 | ppe=1
2026-08-13 23:14:29,596 - post_processor_c35a117e9f5a - INFO - PPE meta buffered | camera=ppe_test_cam1 | violation=False
2026-08-13 23:14:29,596 - post_processor_c35a117e9f5a - INFO - PPE frame complete | camera=ppe_test_cam1 | violation=False
2026-08-13 23:14:30,493 - post_processor_c35a117e9f5a - INFO - [FRAME RECEIVED] topic=post_processing | partition=0 | offset=619 | frame_id=None | camera=ppe_test_cam1
2026-08-13 23:14:30,493 - post_processor_c35a117e9f5a - INFO - [DETECT BATCH] START | od=0 | ppe=1
2026-08-13 23:14:30,494 - post_processor_c35a117e9f5a - INFO - [PROCESS PPE DETECTION] camera=ppe_test_cam1 | severity=none | violated=[]
2026-08-13 23:14:30,494 - post_processor_c35a117e9f5a - INFO - [DETECT BATCH] DONE | od=0 | ppe=1
2026-08-13 23:14:30,494 - post_processor_c35a117e9f5a - INFO - PPE meta buffered | camera=ppe_test_cam1 | violation=False
2026-08-13 23:14:30,494 - post_processor_c35a117e9f5a - INFO - PPE frame complete | camera=ppe_test_cam1 | violation=False
2026-08-13 23:14:31,578 - post_processor_c35a117e9f5a - INFO - [FRAME RECEIVED] topic=post_processing | partition=0 | offset=620 | frame_id=None | camera=ppe_test_cam1
2026-08-13 23:14:31,578 - post_processor_c35a117e9f5a - INFO - [DETECT BATCH] START | od=0 | ppe=1
2026-08-13 23:14:31,579 - post_processor_c35a117e9f5a - INFO - [PROCESS PPE DETECTION] camera=ppe_test_cam1 | severity=none | violated=[]
2026-08-13 23:14:31,579 - post_processor_c35a117e9f5a - INFO - [DETECT BATCH] DONE | od=0 | ppe=1
2026-08-13 23:14:31,579 - post_processor_c35a117e9f5a - INFO - PPE meta buffered | camera=ppe_test_cam1 | violation=False
2026-08-13 23:14:31,579 - post_processor_c35a117e9f5a - INFO - PPE frame complete | camera=ppe_test_cam1 | violation=False
2026-08-13 23:14:32,545 - post_processor_c35a117e9f5a - INFO - [FRAME RECEIVED] topic=post_processing | partition=0 | offset=621 | frame_id=None | camera=ppe_test_cam1
2026-08-13 23:14:32,546 - post_processor_c35a117e9f5a - INFO - [DETECT BATCH] START | od=0 | ppe=1
2026-08-13 23:14:32,547 - post_processor_c35a117e9f5a - INFO - [PROCESS PPE DETECTION] camera=ppe_test_cam1 | severity=none | violated=[]
2026-08-13 23:14:32,548 - post_processor_c35a117e9f5a - INFO - [DETECT BATCH] DONE | od=0 | ppe=1
2026-08-13 23:14:32,548 - post_processor_c35a117e9f5a - INFO - PPE meta buffered | camera=ppe_test_cam1 | violation=False
2026-08-13 23:14:32,548 - post_processor_c35a117e9f5a - INFO - PPE frame complete | camera=ppe_test_cam1 | violation=False
2026-08-13 23:14:33,622 - post_processor_c35a117e9f5a - INFO - [FRAME RECEIVED] topic=post_processing | partition=0 | offset=622 | frame_id=None | camera=ppe_test_cam1
2026-08-13 23:14:33,622 - post_processor_c35a117e9f5a - INFO - [DETECT BATCH] START | od=0 | ppe=1
2026-08-13 23:14:33,623 - post_processor_c35a117e9f5a - INFO - [PROCESS PPE DETECTION] camera=ppe_test_cam1 | severity=none | violated=[]
2026-08-13 23:14:33,623 - post_processor_c35a117e9f5a - INFO - [DETECT BATCH] DONE | od=0 | ppe=1
2026-08-13 23:14:33,623 - post_processor_c35a117e9f5a - INFO - PPE meta buffered | camera=ppe_test_cam1 | violation=False
2026-08-13 23:14:33,623 - post_processor_c35a117e9f5a - INFO - PPE frame complete | camera=ppe_test_cam1 | violation=False
2026-08-13 23:14:34,609 - post_processor_c35a117e9f5a - INFO - [FRAME RECEIVED] topic=post_processing | partition=0 | offset=623 | frame_id=None | camera=ppe_test_cam1
2026-08-13 23:14:34,609 - post_processor_c35a117e9f5a - INFO - [DETECT BATCH] START | od=0 | ppe=1
2026-08-13 23:14:34,609 - post_processor_c35a117e9f5a - INFO - [PROCESS PPE DETECTION] camera=ppe_test_cam1 | severity=none | violated=[]
2026-08-13 23:14:34,611 - post_processor_c35a117e9f5a - INFO - [DETECT BATCH] DONE | od=0 | ppe=1
2026-08-13 23:14:34,611 - post_processor_c35a117e9f5a - INFO - PPE meta buffered | camera=ppe_test_cam1 | violation=False
2026-08-13 23:14:34,611 - post_processor_c35a117e9f5a - INFO - PPE frame complete | camera=ppe_test_cam1 | violation=False
2026-08-13 23:14:34,643 - post_processor_c35a117e9f5a - INFO - [FRAME RECEIVED] topic=post_processing | partition=0 | offset=624 | frame_id=None | camera=ppe_test_cam1
2026-08-13 23:14:34,643 - post_processor_c35a117e9f5a - INFO - [DETECT BATCH] START | od=0 | ppe=1
2026-08-13 23:14:34,643 - post_processor_c35a117e9f5a - INFO - [PROCESS PPE DETECTION] camera=ppe_test_cam1 | severity=none | violated=[]
2026-08-13 23:14:34,643 - post_processor_c35a117e9f5a - INFO - [DETECT BATCH] DONE | od=0 | ppe=1
2026-08-13 23:14:34,643 - post_processor_c35a117e9f5a - INFO - PPE meta buffered | camera=ppe_test_cam1 | violation=False
2026-08-13 23:14:34,643 - post_processor_c35a117e9f5a - INFO - PPE frame complete | camera=ppe_test_cam1 | violation=False
2026-08-13 23:14:59,586 - post_processor_c35a117e9f5a - INFO - [FRAME RECEIVED] topic=post_processing | partition=0 | offset=625 | frame_id=None | camera=ppe_test_cam1
2026-08-13 23:14:59,586 - post_processor_c35a117e9f5a - INFO - [DETECT BATCH] START | od=0 | ppe=1
2026-08-13 23:14:59,590 - post_processor_c35a117e9f5a - INFO - [PROCESS PPE DETECTION] camera=ppe_test_cam1 | severity=none | violated=[]
2026-08-13 23:14:59,590 - post_processor_c35a117e9f5a - INFO - [DETECT BATCH] DONE | od=0 | ppe=1
2026-08-13 23:14:59,591 - post_processor_c35a117e9f5a - INFO - PPE meta buffered | camera=ppe_test_cam1 | violation=False
2026-08-13 23:14:59,591 - post_processor_c35a117e9f5a - INFO - PPE frame complete | camera=ppe_test_cam1 | violation=False
2026-08-13 23:15:00,630 - post_processor_c35a117e9f5a - INFO - [FRAME RECEIVED] topic=post_processing | partition=0 | offset=626 | frame_id=None | camera=ppe_test_cam1
2026-08-13 23:15:00,630 - post_processor_c35a117e9f5a - INFO - [DETECT BATCH] START | od=0 | ppe=1
2026-08-13 23:15:00,630 - post_processor_c35a117e9f5a - INFO - [PROCESS PPE DETECTION] camera=ppe_test_cam1 | severity=none | violated=[]
2026-08-13 23:15:00,631 - post_processor_c35a117e9f5a - INFO - [DETECT BATCH] DONE | od=0 | ppe=1
2026-08-13 23:15:00,631 - post_processor_c35a117e9f5a - INFO - PPE meta buffered | camera=ppe_test_cam1 | violation=False
2026-08-13 23:15:00,687 - post_processor_c35a117e9f5a - INFO - PPE MongoDB batch insert | camera=ppe_test_cam1 | count=10
2026-08-13 23:15:00,687 - post_processor_c35a117e9f5a - INFO - PPE frame complete | camera=ppe_test_cam1 | violation=False
2026-08-13 23:15:00,688 - post_processor_c35a117e9f5a - INFO - Kafka offsets committed | count=10
2026-08-13 23:15:18,616 - post_processor_c35a117e9f5a - INFO - [FRAME RECEIVED] topic=post_processing | partition=0 | offset=627 | frame_id=None | camera=ppe_test_cam1
2026-08-13 23:15:18,616 - post_processor_c35a117e9f5a - INFO - [DETECT BATCH] START | od=0 | ppe=1
2026-08-13 23:15:18,617 - post_processor_c35a117e9f5a - INFO - [PROCESS PPE DETECTION] camera=ppe_test_cam1 | severity=none | violated=[]
2026-08-13 23:15:18,617 - post_processor_c35a117e9f5a - INFO - [DETECT BATCH] DONE | od=0 | ppe=1
2026-08-13 23:15:18,617 - post_processor_c35a117e9f5a - INFO - PPE meta buffered | camera=ppe_test_cam1 | violation=False
2026-08-13 23:15:18,617 - post_processor_c35a117e9f5a - INFO - PPE frame complete | camera=ppe_test_cam1 | violation=False
2026-08-13 23:15:18,618 - post_processor_c35a117e9f5a - INFO - [FRAME RECEIVED] topic=post_processing | partition=0 | offset=628 | frame_id=None | camera=ppe_test_cam1
2026-08-13 23:15:18,618 - post_processor_c35a117e9f5a - INFO - [DETECT BATCH] START | od=0 | ppe=1
2026-08-13 23:15:18,618 - post_processor_c35a117e9f5a - INFO - [PROCESS PPE DETECTION] camera=ppe_test_cam1 | severity=low | violated=['No-Shoes', 'No-Shoes']
2026-08-13 23:15:18,621 - post_processor_c35a117e9f5a - INFO - PPE alert image saved | path=/Aksha/ppe_test_cam1/alerts/2026-08-13/2026-08-13 23:15:18.62_alert.jpg
2026-08-13 23:15:18,622 - post_processor_c35a117e9f5a - INFO - [DETECT BATCH] DONE | od=0 | ppe=1
2026-08-13 23:15:18,622 - post_processor_c35a117e9f5a - INFO - PPE meta buffered | camera=ppe_test_cam1 | violation=True
2026-08-13 23:15:18,645 - post_processor_c35a117e9f5a - INFO - PPE alert dual-written to alerts collection | camera=ppe_test_cam1
2026-08-13 23:15:18,647 - post_processor_c35a117e9f5a - INFO - ppe_status_check | has_violation=True | validity=True
2026-08-13 23:15:18,647 - post_processor_c35a117e9f5a - INFO - PPE notification approved | camera=ppe_test_cam1 | severity=low
2026-08-13 23:15:18,648 - post_processor_c35a117e9f5a - INFO - PPE notification sent | camera=ppe_test_cam1 | severity=low | topic=notification_service
2026-08-13 23:15:18,650 - post_processor_c35a117e9f5a - INFO - PPE frame complete | camera=ppe_test_cam1 | violation=True
2026-08-13 23:15:19,587 - post_processor_c35a117e9f5a - INFO - [FRAME RECEIVED] topic=post_processing | partition=0 | offset=629 | frame_id=None | camera=ppe_test_cam1
2026-08-13 23:15:19,587 - post_processor_c35a117e9f5a - INFO - [DETECT BATCH] START | od=0 | ppe=1
2026-08-13 23:15:19,587 - post_processor_c35a117e9f5a - INFO - [PROCESS PPE DETECTION] camera=ppe_test_cam1 | severity=none | violated=[]
2026-08-13 23:15:19,587 - post_processor_c35a117e9f5a - INFO - [DETECT BATCH] DONE | od=0 | ppe=1
2026-08-13 23:15:19,587 - post_processor_c35a117e9f5a - INFO - PPE meta buffered | camera=ppe_test_cam1 | violation=False
2026-08-13 23:15:19,587 - post_processor_c35a117e9f5a - INFO - PPE frame complete | camera=ppe_test_cam1 | violation=False
2026-08-13 23:15:19,619 - post_processor_c35a117e9f5a - INFO - [FRAME RECEIVED] topic=post_processing | partition=0 | offset=630 | frame_id=None | camera=ppe_test_cam1
2026-08-13 23:15:19,619 - post_processor_c35a117e9f5a - INFO - [DETECT BATCH] START | od=0 | ppe=1
2026-08-13 23:15:19,620 - post_processor_c35a117e9f5a - INFO - [PROCESS PPE DETECTION] camera=ppe_test_cam1 | severity=low | violated=['No-Shoes', 'No-Shoes']
2026-08-13 23:15:19,623 - post_processor_c35a117e9f5a - INFO - PPE alert image saved | path=/Aksha/ppe_test_cam1/alerts/2026-08-13/2026-08-13 23:15:19.62_alert.jpg
2026-08-13 23:15:19,623 - post_processor_c35a117e9f5a - INFO - [DETECT BATCH] DONE | od=0 | ppe=1
2026-08-13 23:15:19,623 - post_processor_c35a117e9f5a - INFO - PPE meta buffered | camera=ppe_test_cam1 | violation=True
2026-08-13 23:15:19,666 - post_processor_c35a117e9f5a - INFO - PPE alert dual-written to alerts collection | camera=ppe_test_cam1
2026-08-13 23:15:19,666 - post_processor_c35a117e9f5a - INFO - ppe_status_check | has_violation=True | validity=False
2026-08-13 23:15:19,667 - post_processor_c35a117e9f5a - INFO - PPE notification suppressed by cooldown | camera=ppe_test_cam1
2026-08-13 23:15:19,667 - post_processor_c35a117e9f5a - INFO - PPE frame complete | camera=ppe_test_cam1 | violation=True
2026-08-13 23:15:20,648 - post_processor_c35a117e9f5a - INFO - [FRAME RECEIVED] topic=post_processing | partition=0 | offset=631 | frame_id=None | camera=ppe_test_cam1
2026-08-13 23:15:20,648 - post_processor_c35a117e9f5a - INFO - [DETECT BATCH] START | od=0 | ppe=1
2026-08-13 23:15:20,648 - post_processor_c35a117e9f5a - INFO - [PROCESS PPE DETECTION] camera=ppe_test_cam1 | severity=low | violated=['No-Shoes', 'No-Shoes']
2026-08-13 23:15:20,651 - post_processor_c35a117e9f5a - INFO - PPE alert image saved | path=/Aksha/ppe_test_cam1/alerts/2026-08-13/2026-08-13 23:15:20.65_alert.jpg
2026-08-13 23:15:20,652 - post_processor_c35a117e9f5a - INFO - [DETECT BATCH] DONE | od=0 | ppe=1
2026-08-13 23:15:20,652 - post_processor_c35a117e9f5a - INFO - PPE meta buffered | camera=ppe_test_cam1 | violation=True
2026-08-13 23:15:20,678 - post_processor_c35a117e9f5a - INFO - PPE alert dual-written to alerts collection | camera=ppe_test_cam1
2026-08-13 23:15:20,679 - post_processor_c35a117e9f5a - INFO - ppe_status_check | has_violation=True | validity=False
2026-08-13 23:15:20,679 - post_processor_c35a117e9f5a - INFO - PPE notification suppressed by cooldown | camera=ppe_test_cam1
2026-08-13 23:15:20,679 - post_processor_c35a117e9f5a - INFO - PPE frame complete | camera=ppe_test_cam1 | violation=True
2026-08-13 23:15:20,680 - post_processor_c35a117e9f5a - INFO - [FRAME RECEIVED] topic=post_processing | partition=0 | offset=632 | frame_id=None | camera=ppe_test_cam1
2026-08-13 23:15:20,680 - post_processor_c35a117e9f5a - INFO - [DETECT BATCH] START | od=0 | ppe=1
2026-08-13 23:15:20,680 - post_processor_c35a117e9f5a - INFO - [PROCESS PPE DETECTION] camera=ppe_test_cam1 | severity=none | violated=[]
2026-08-13 23:15:20,680 - post_processor_c35a117e9f5a - INFO - [DETECT BATCH] DONE | od=0 | ppe=1
2026-08-13 23:15:20,680 - post_processor_c35a117e9f5a - INFO - PPE meta buffered | camera=ppe_test_cam1 | violation=False
2026-08-13 23:15:20,680 - post_processor_c35a117e9f5a - INFO - PPE frame complete | camera=ppe_test_cam1 | violation=False
2026-08-13 23:15:21,597 - post_processor_c35a117e9f5a - INFO - [FRAME RECEIVED] topic=post_processing | partition=0 | offset=633 | frame_id=None | camera=ppe_test_cam1
2026-08-13 23:15:21,597 - post_processor_c35a117e9f5a - INFO - [DETECT BATCH] START | od=0 | ppe=1
2026-08-13 23:15:21,598 - post_processor_c35a117e9f5a - INFO - [PROCESS PPE DETECTION] camera=ppe_test_cam1 | severity=none | violated=[]
2026-08-13 23:15:21,598 - post_processor_c35a117e9f5a - INFO - [DETECT BATCH] DONE | od=0 | ppe=1
2026-08-13 23:15:21,598 - post_processor_c35a117e9f5a - INFO - PPE meta buffered | camera=ppe_test_cam1 | violation=False
2026-08-13 23:15:21,598 - post_processor_c35a117e9f5a - INFO - PPE frame complete | camera=ppe_test_cam1 | violation=False
2026-08-13 23:15:21,634 - post_processor_c35a117e9f5a - INFO - [FRAME RECEIVED] topic=post_processing | partition=0 | offset=634 | frame_id=None | camera=ppe_test_cam1
2026-08-13 23:15:21,635 - post_processor_c35a117e9f5a - INFO - [DETECT BATCH] START | od=0 | ppe=1
2026-08-13 23:15:21,635 - post_processor_c35a117e9f5a - INFO - [PROCESS PPE DETECTION] camera=ppe_test_cam1 | severity=low | violated=['No-Shoes', 'No-Shoes']
2026-08-13 23:15:21,642 - post_processor_c35a117e9f5a - INFO - PPE alert image saved | path=/Aksha/ppe_test_cam1/alerts/2026-08-13/2026-08-13 23:15:21.63_alert.jpg
2026-08-13 23:15:21,643 - post_processor_c35a117e9f5a - INFO - [DETECT BATCH] DONE | od=0 | ppe=1
2026-08-13 23:15:21,643 - post_processor_c35a117e9f5a - INFO - PPE meta buffered | camera=ppe_test_cam1 | violation=True
2026-08-13 23:15:21,662 - post_processor_c35a117e9f5a - INFO - PPE alert dual-written to alerts collection | camera=ppe_test_cam1
2026-08-13 23:15:21,662 - post_processor_c35a117e9f5a - INFO - ppe_status_check | has_violation=True | validity=False
2026-08-13 23:15:21,662 - post_processor_c35a117e9f5a - INFO - PPE notification suppressed by cooldown | camera=ppe_test_cam1
2026-08-13 23:15:21,663 - post_processor_c35a117e9f5a - INFO - PPE frame complete | camera=ppe_test_cam1 | violation=True
2026-08-13 23:15:22,515 - post_processor_c35a117e9f5a - INFO - [FRAME RECEIVED] topic=post_processing | partition=0 | offset=635 | frame_id=None | camera=ppe_test_cam1
2026-08-13 23:15:22,515 - post_processor_c35a117e9f5a - INFO - [DETECT BATCH] START | od=0 | ppe=1
2026-08-13 23:15:22,516 - post_processor_c35a117e9f5a - INFO - [PROCESS PPE DETECTION] camera=ppe_test_cam1 | severity=none | violated=[]
2026-08-13 23:15:22,516 - post_processor_c35a117e9f5a - INFO - [DETECT BATCH] DONE | od=0 | ppe=1
2026-08-13 23:15:22,516 - post_processor_c35a117e9f5a - INFO - PPE meta buffered | camera=ppe_test_cam1 | violation=False
2026-08-13 23:15:22,516 - post_processor_c35a117e9f5a - INFO - PPE frame complete | camera=ppe_test_cam1 | violation=False
2026-08-13 23:15:27,576 - post_processor_c35a117e9f5a - INFO - [FRAME RECEIVED] topic=post_processing | partition=0 | offset=636 | frame_id=None | camera=ppe_test_cam1
2026-08-13 23:15:27,576 - post_processor_c35a117e9f5a - INFO - [DETECT BATCH] START | od=0 | ppe=1
2026-08-13 23:15:27,576 - post_processor_c35a117e9f5a - INFO - [PROCESS PPE DETECTION] camera=ppe_test_cam1 | severity=none | violated=[]
2026-08-13 23:15:27,576 - post_processor_c35a117e9f5a - INFO - [DETECT BATCH] DONE | od=0 | ppe=1
2026-08-13 23:15:27,577 - post_processor_c35a117e9f5a - INFO - PPE meta buffered | camera=ppe_test_cam1 | violation=False
2026-08-13 23:15:27,616 - post_processor_c35a117e9f5a - INFO - PPE MongoDB batch insert | camera=ppe_test_cam1 | count=10
2026-08-13 23:15:27,616 - post_processor_c35a117e9f5a - INFO - PPE frame complete | camera=ppe_test_cam1 | violation=False
2026-08-13 23:15:27,617 - post_processor_c35a117e9f5a - INFO - Kafka offsets committed | count=10
2026-08-13 23:15:28,434 - post_processor_c35a117e9f5a - INFO - [FRAME RECEIVED] topic=post_processing | partition=0 | offset=637 | frame_id=None | camera=ppe_test_cam1
2026-08-13 23:15:28,434 - post_processor_c35a117e9f5a - INFO - [DETECT BATCH] START | od=0 | ppe=1
2026-08-13 23:15:28,435 - post_processor_c35a117e9f5a - INFO - [PROCESS PPE DETECTION] camera=ppe_test_cam1 | severity=none | violated=[]
2026-08-13 23:15:28,436 - post_processor_c35a117e9f5a - INFO - [DETECT BATCH] DONE | od=0 | ppe=1
2026-08-13 23:15:28,436 - post_processor_c35a117e9f5a - INFO - PPE meta buffered | camera=ppe_test_cam1 | violation=False
2026-08-13 23:15:28,436 - post_processor_c35a117e9f5a - INFO - PPE frame complete | camera=ppe_test_cam1 | violation=False
2026-08-13 23:15:29,536 - post_processor_c35a117e9f5a - INFO - [FRAME RECEIVED] topic=post_processing | partition=0 | offset=638 | frame_id=None | camera=ppe_test_cam1
2026-08-13 23:15:29,537 - post_processor_c35a117e9f5a - INFO - [DETECT BATCH] START | od=0 | ppe=1
2026-08-13 23:15:29,537 - post_processor_c35a117e9f5a - INFO - [PROCESS PPE DETECTION] camera=ppe_test_cam1 | severity=none | violated=[]
2026-08-13 23:15:29,538 - post_processor_c35a117e9f5a - INFO - [DETECT BATCH] DONE | od=0 | ppe=1
2026-08-13 23:15:29,538 - post_processor_c35a117e9f5a - INFO - PPE meta buffered | camera=ppe_test_cam1 | violation=False
2026-08-13 23:15:29,538 - post_processor_c35a117e9f5a - INFO - PPE frame complete | camera=ppe_test_cam1 | violation=False
2026-08-13 23:15:30,558 - post_processor_c35a117e9f5a - INFO - [FRAME RECEIVED] topic=post_processing | partition=0 | offset=639 | frame_id=None | camera=ppe_test_cam1
2026-08-13 23:15:30,558 - post_processor_c35a117e9f5a - INFO - [DETECT BATCH] START | od=0 | ppe=1
2026-08-13 23:15:30,558 - post_processor_c35a117e9f5a - INFO - [PROCESS PPE DETECTION] camera=ppe_test_cam1 | severity=none | violated=[]
2026-08-13 23:15:30,559 - post_processor_c35a117e9f5a - INFO - [DETECT BATCH] DONE | od=0 | ppe=1
2026-08-13 23:15:30,559 - post_processor_c35a117e9f5a - INFO - PPE meta buffered | camera=ppe_test_cam1 | violation=False
2026-08-13 23:15:30,559 - post_processor_c35a117e9f5a - INFO - PPE frame complete | camera=ppe_test_cam1 | violation=False
2026-08-13 23:15:31,501 - post_processor_c35a117e9f5a - INFO - [FRAME RECEIVED] topic=post_processing | partition=0 | offset=640 | frame_id=None | camera=ppe_test_cam1
2026-08-13 23:15:31,501 - post_processor_c35a117e9f5a - INFO - [DETECT BATCH] START | od=0 | ppe=1
2026-08-13 23:15:31,502 - post_processor_c35a117e9f5a - INFO - [PROCESS PPE DETECTION] camera=ppe_test_cam1 | severity=none | violated=[]
2026-08-13 23:15:31,502 - post_processor_c35a117e9f5a - INFO - [DETECT BATCH] DONE | od=0 | ppe=1
2026-08-13 23:15:31,502 - post_processor_c35a117e9f5a - INFO - PPE meta buffered | camera=ppe_test_cam1 | violation=False
2026-08-13 23:15:31,502 - post_processor_c35a117e9f5a - INFO - PPE frame complete | camera=ppe_test_cam1 | violation=False
2026-08-13 23:15:32,725 - post_processor_c35a117e9f5a - INFO - [FRAME RECEIVED] topic=post_processing | partition=0 | offset=641 | frame_id=None | camera=ppe_test_cam1
2026-08-13 23:15:32,725 - post_processor_c35a117e9f5a - INFO - [DETECT BATCH] START | od=0 | ppe=1
2026-08-13 23:15:32,726 - post_processor_c35a117e9f5a - INFO - [PROCESS PPE DETECTION] camera=ppe_test_cam1 | severity=none | violated=[]
2026-08-13 23:15:32,726 - post_processor_c35a117e9f5a - INFO - [DETECT BATCH] DONE | od=0 | ppe=1
2026-08-13 23:15:32,726 - post_processor_c35a117e9f5a - INFO - PPE meta buffered | camera=ppe_test_cam1 | violation=False
2026-08-13 23:15:32,726 - post_processor_c35a117e9f5a - INFO - PPE frame complete | camera=ppe_test_cam1 | violation=False
2026-08-13 23:15:33,550 - post_processor_c35a117e9f5a - INFO - [FRAME RECEIVED] topic=post_processing | partition=0 | offset=642 | frame_id=None | camera=ppe_test_cam1
2026-08-13 23:15:33,550 - post_processor_c35a117e9f5a - INFO - [DETECT BATCH] START | od=0 | ppe=1
2026-08-13 23:15:33,550 - post_processor_c35a117e9f5a - INFO - [PROCESS PPE DETECTION] camera=ppe_test_cam1 | severity=none | violated=[]
2026-08-13 23:15:33,551 - post_processor_c35a117e9f5a - INFO - [DETECT BATCH] DONE | od=0 | ppe=1
2026-08-13 23:15:33,551 - post_processor_c35a117e9f5a - INFO - PPE meta buffered | camera=ppe_test_cam1 | violation=False
2026-08-13 23:15:33,551 - post_processor_c35a117e9f5a - INFO - PPE frame complete | camera=ppe_test_cam1 | violation=False
2026-08-13 23:15:34,469 - post_processor_c35a117e9f5a - INFO - [FRAME RECEIVED] topic=post_processing | partition=0 | offset=643 | frame_id=None | camera=ppe_test_cam1
2026-08-13 23:15:34,469 - post_processor_c35a117e9f5a - INFO - [DETECT BATCH] START | od=0 | ppe=1
2026-08-13 23:15:34,470 - post_processor_c35a117e9f5a - INFO - [PROCESS PPE DETECTION] camera=ppe_test_cam1 | severity=none | violated=[]
2026-08-13 23:15:34,470 - post_processor_c35a117e9f5a - INFO - [DETECT BATCH] DONE | od=0 | ppe=1
2026-08-13 23:15:34,470 - post_processor_c35a117e9f5a - INFO - PPE meta buffered | camera=ppe_test_cam1 | violation=False
2026-08-13 23:15:34,470 - post_processor_c35a117e9f5a - INFO - PPE frame complete | camera=ppe_test_cam1 | violation=False
2026-08-13 23:15:34,502 - post_processor_c35a117e9f5a - INFO - [FRAME RECEIVED] topic=post_processing | partition=0 | offset=644 | frame_id=None | camera=ppe_test_cam1
2026-08-13 23:15:34,502 - post_processor_c35a117e9f5a - INFO - [DETECT BATCH] START | od=0 | ppe=1
2026-08-13 23:15:34,503 - post_processor_c35a117e9f5a - INFO - [PROCESS PPE DETECTION] camera=ppe_test_cam1 | severity=none | violated=[]
2026-08-13 23:15:34,503 - post_processor_c35a117e9f5a - INFO - [DETECT BATCH] DONE | od=0 | ppe=1
2026-08-13 23:15:34,503 - post_processor_c35a117e9f5a - INFO - PPE meta buffered | camera=ppe_test_cam1 | violation=False
2026-08-13 23:15:34,503 - post_processor_c35a117e9f5a - INFO - PPE frame complete | camera=ppe_test_cam1 | violation=False
2026-08-13 23:15:59,777 - post_processor_c35a117e9f5a - INFO - [FRAME RECEIVED] topic=post_processing | partition=0 | offset=645 | frame_id=None | camera=ppe_test_cam1
2026-08-13 23:15:59,777 - post_processor_c35a117e9f5a - INFO - [DETECT BATCH] START | od=0 | ppe=1
2026-08-13 23:15:59,777 - post_processor_c35a117e9f5a - INFO - [PROCESS PPE DETECTION] camera=ppe_test_cam1 | severity=none | violated=[]
2026-08-13 23:15:59,778 - post_processor_c35a117e9f5a - INFO - [DETECT BATCH] DONE | od=0 | ppe=1
2026-08-13 23:15:59,778 - post_processor_c35a117e9f5a - INFO - PPE meta buffered | camera=ppe_test_cam1 | violation=False
2026-08-13 23:15:59,778 - post_processor_c35a117e9f5a - INFO - PPE frame complete | camera=ppe_test_cam1 | violation=False
2026-08-13 23:16:00,578 - post_processor_c35a117e9f5a - INFO - [FRAME RECEIVED] topic=post_processing | partition=0 | offset=646 | frame_id=None | camera=ppe_test_cam1
2026-08-13 23:16:00,578 - post_processor_c35a117e9f5a - INFO - [DETECT BATCH] START | od=0 | ppe=1
2026-08-13 23:16:00,578 - post_processor_c35a117e9f5a - INFO - [PROCESS PPE DETECTION] camera=ppe_test_cam1 | severity=none | violated=[]
2026-08-13 23:16:00,579 - post_processor_c35a117e9f5a - INFO - [DETECT BATCH] DONE | od=0 | ppe=1
2026-08-13 23:16:00,579 - post_processor_c35a117e9f5a - INFO - PPE meta buffered | camera=ppe_test_cam1 | violation=False
2026-08-13 23:16:00,626 - post_processor_c35a117e9f5a - INFO - PPE MongoDB batch insert | camera=ppe_test_cam1 | count=10
2026-08-13 23:16:00,627 - post_processor_c35a117e9f5a - INFO - PPE frame complete | camera=ppe_test_cam1 | violation=False
2026-08-13 23:16:00,628 - post_processor_c35a117e9f5a - INFO - Kafka offsets committed | count=10
2026-08-13 23:16:18,605 - post_processor_c35a117e9f5a - INFO - [FRAME RECEIVED] topic=post_processing | partition=0 | offset=647 | frame_id=None | camera=ppe_test_cam1
2026-08-13 23:16:18,605 - post_processor_c35a117e9f5a - INFO - [DETECT BATCH] START | od=0 | ppe=1
2026-08-13 23:16:18,605 - post_processor_c35a117e9f5a - INFO - [PROCESS PPE DETECTION] camera=ppe_test_cam1 | severity=none | violated=[]
2026-08-13 23:16:18,605 - post_processor_c35a117e9f5a - INFO - [DETECT BATCH] DONE | od=0 | ppe=1
2026-08-13 23:16:18,606 - post_processor_c35a117e9f5a - INFO - PPE meta buffered | camera=ppe_test_cam1 | violation=False
2026-08-13 23:16:18,606 - post_processor_c35a117e9f5a - INFO - PPE frame complete | camera=ppe_test_cam1 | violation=False
2026-08-13 23:16:18,634 - post_processor_c35a117e9f5a - INFO - [FRAME RECEIVED] topic=post_processing | partition=0 | offset=648 | frame_id=None | camera=ppe_test_cam1
2026-08-13 23:16:18,634 - post_processor_c35a117e9f5a - INFO - [DETECT BATCH] START | od=0 | ppe=1
2026-08-13 23:16:18,635 - post_processor_c35a117e9f5a - INFO - [PROCESS PPE DETECTION] camera=ppe_test_cam1 | severity=low | violated=['No-Shoes', 'No-Shoes']
2026-08-13 23:16:18,638 - post_processor_c35a117e9f5a - INFO - PPE alert image saved | path=/Aksha/ppe_test_cam1/alerts/2026-08-13/2026-08-13 23:16:18.63_alert.jpg
2026-08-13 23:16:18,638 - post_processor_c35a117e9f5a - INFO - [DETECT BATCH] DONE | od=0 | ppe=1
2026-08-13 23:16:18,638 - post_processor_c35a117e9f5a - INFO - PPE meta buffered | camera=ppe_test_cam1 | violation=True
2026-08-13 23:16:18,658 - post_processor_c35a117e9f5a - INFO - PPE alert dual-written to alerts collection | camera=ppe_test_cam1
2026-08-13 23:16:18,658 - post_processor_c35a117e9f5a - INFO - ppe_status_check | has_violation=True | validity=True
2026-08-13 23:16:18,659 - post_processor_c35a117e9f5a - INFO - PPE notification approved | camera=ppe_test_cam1 | severity=low
2026-08-13 23:16:18,659 - post_processor_c35a117e9f5a - INFO - PPE notification sent | camera=ppe_test_cam1 | severity=low | topic=notification_service
2026-08-13 23:16:18,660 - post_processor_c35a117e9f5a - INFO - PPE frame complete | camera=ppe_test_cam1 | violation=True
2026-08-13 23:16:19,532 - post_processor_c35a117e9f5a - INFO - [FRAME RECEIVED] topic=post_processing | partition=0 | offset=649 | frame_id=None | camera=ppe_test_cam1
2026-08-13 23:16:19,532 - post_processor_c35a117e9f5a - INFO - [DETECT BATCH] START | od=0 | ppe=1
2026-08-13 23:16:19,532 - post_processor_c35a117e9f5a - INFO - [PROCESS PPE DETECTION] camera=ppe_test_cam1 | severity=none | violated=[]
2026-08-13 23:16:19,532 - post_processor_c35a117e9f5a - INFO - [DETECT BATCH] DONE | od=0 | ppe=1
2026-08-13 23:16:19,532 - post_processor_c35a117e9f5a - INFO - PPE meta buffered | camera=ppe_test_cam1 | violation=False
2026-08-13 23:16:19,532 - post_processor_c35a117e9f5a - INFO - PPE frame complete | camera=ppe_test_cam1 | violation=False
2026-08-13 23:16:19,563 - post_processor_c35a117e9f5a - INFO - [FRAME RECEIVED] topic=post_processing | partition=0 | offset=650 | frame_id=None | camera=ppe_test_cam1
2026-08-13 23:16:19,563 - post_processor_c35a117e9f5a - INFO - [DETECT BATCH] START | od=0 | ppe=1
2026-08-13 23:16:19,564 - post_processor_c35a117e9f5a - INFO - [PROCESS PPE DETECTION] camera=ppe_test_cam1 | severity=low | violated=['No-Shoes', 'No-Shoes']
2026-08-13 23:16:19,567 - post_processor_c35a117e9f5a - INFO - PPE alert image saved | path=/Aksha/ppe_test_cam1/alerts/2026-08-13/2026-08-13 23:16:19.56_alert.jpg
2026-08-13 23:16:19,568 - post_processor_c35a117e9f5a - INFO - [DETECT BATCH] DONE | od=0 | ppe=1
2026-08-13 23:16:19,568 - post_processor_c35a117e9f5a - INFO - PPE meta buffered | camera=ppe_test_cam1 | violation=True
2026-08-13 23:16:19,574 - post_processor_c35a117e9f5a - INFO - PPE alert dual-written to alerts collection | camera=ppe_test_cam1
2026-08-13 23:16:19,575 - post_processor_c35a117e9f5a - INFO - ppe_status_check | has_violation=True | validity=False
2026-08-13 23:16:19,575 - post_processor_c35a117e9f5a - INFO - PPE notification suppressed by cooldown | camera=ppe_test_cam1
2026-08-13 23:16:19,576 - post_processor_c35a117e9f5a - INFO - PPE frame complete | camera=ppe_test_cam1 | violation=True
2026-08-13 23:16:20,642 - post_processor_c35a117e9f5a - INFO - [FRAME RECEIVED] topic=post_processing | partition=0 | offset=651 | frame_id=None | camera=ppe_test_cam1
2026-08-13 23:16:20,642 - post_processor_c35a117e9f5a - INFO - [DETECT BATCH] START | od=0 | ppe=1
2026-08-13 23:16:20,645 - post_processor_c35a117e9f5a - INFO - [PROCESS PPE DETECTION] camera=ppe_test_cam1 | severity=none | violated=[]
2026-08-13 23:16:20,646 - post_processor_c35a117e9f5a - INFO - [DETECT BATCH] DONE | od=0 | ppe=1
2026-08-13 23:16:20,646 - post_processor_c35a117e9f5a - INFO - PPE meta buffered | camera=ppe_test_cam1 | violation=False
2026-08-13 23:16:20,646 - post_processor_c35a117e9f5a - INFO - PPE frame complete | camera=ppe_test_cam1 | violation=False
2026-08-13 23:16:20,647 - post_processor_c35a117e9f5a - INFO - [FRAME RECEIVED] topic=post_processing | partition=0 | offset=652 | frame_id=None | camera=ppe_test_cam1
2026-08-13 23:16:20,647 - post_processor_c35a117e9f5a - INFO - [DETECT BATCH] START | od=0 | ppe=1
2026-08-13 23:16:20,647 - post_processor_c35a117e9f5a - INFO - [PROCESS PPE DETECTION] camera=ppe_test_cam1 | severity=low | violated=['No-Shoes', 'No-Shoes']
2026-08-13 23:16:20,650 - post_processor_c35a117e9f5a - INFO - PPE alert image saved | path=/Aksha/ppe_test_cam1/alerts/2026-08-13/2026-08-13 23:16:20.64_alert.jpg
2026-08-13 23:16:20,650 - post_processor_c35a117e9f5a - INFO - [DETECT BATCH] DONE | od=0 | ppe=1
2026-08-13 23:16:20,651 - post_processor_c35a117e9f5a - INFO - PPE meta buffered | camera=ppe_test_cam1 | violation=True
2026-08-13 23:16:20,675 - post_processor_c35a117e9f5a - INFO - PPE alert dual-written to alerts collection | camera=ppe_test_cam1
2026-08-13 23:16:20,676 - post_processor_c35a117e9f5a - INFO - ppe_status_check | has_violation=True | validity=False
2026-08-13 23:16:20,676 - post_processor_c35a117e9f5a - INFO - PPE notification suppressed by cooldown | camera=ppe_test_cam1
2026-08-13 23:16:20,676 - post_processor_c35a117e9f5a - INFO - PPE frame complete | camera=ppe_test_cam1 | violation=True
2026-08-13 23:16:21,599 - post_processor_c35a117e9f5a - INFO - [FRAME RECEIVED] topic=post_processing | partition=0 | offset=653 | frame_id=None | camera=ppe_test_cam1
2026-08-13 23:16:21,599 - post_processor_c35a117e9f5a - INFO - [DETECT BATCH] START | od=0 | ppe=1
2026-08-13 23:16:21,599 - post_processor_c35a117e9f5a - INFO - [PROCESS PPE DETECTION] camera=ppe_test_cam1 | severity=none | violated=[]
2026-08-13 23:16:21,600 - post_processor_c35a117e9f5a - INFO - [DETECT BATCH] DONE | od=0 | ppe=1
2026-08-13 23:16:21,600 - post_processor_c35a117e9f5a - INFO - PPE meta buffered | camera=ppe_test_cam1 | violation=False
2026-08-13 23:16:21,600 - post_processor_c35a117e9f5a - INFO - PPE frame complete | camera=ppe_test_cam1 | violation=False
2026-08-13 23:16:21,637 - post_processor_c35a117e9f5a - INFO - [FRAME RECEIVED] topic=post_processing | partition=0 | offset=654 | frame_id=None | camera=ppe_test_cam1
2026-08-13 23:16:21,637 - post_processor_c35a117e9f5a - INFO - [DETECT BATCH] START | od=0 | ppe=1
2026-08-13 23:16:21,637 - post_processor_c35a117e9f5a - INFO - [PROCESS PPE DETECTION] camera=ppe_test_cam1 | severity=low | violated=['No-Shoes', 'No-Shoes']
2026-08-13 23:16:21,641 - post_processor_c35a117e9f5a - INFO - PPE alert image saved | path=/Aksha/ppe_test_cam1/alerts/2026-08-13/2026-08-13 23:16:21.64_alert.jpg
2026-08-13 23:16:21,641 - post_processor_c35a117e9f5a - INFO - [DETECT BATCH] DONE | od=0 | ppe=1
2026-08-13 23:16:21,641 - post_processor_c35a117e9f5a - INFO - PPE meta buffered | camera=ppe_test_cam1 | violation=True
2026-08-13 23:16:21,689 - post_processor_c35a117e9f5a - INFO - PPE alert dual-written to alerts collection | camera=ppe_test_cam1
2026-08-13 23:16:21,689 - post_processor_c35a117e9f5a - INFO - ppe_status_check | has_violation=True | validity=False
2026-08-13 23:16:21,689 - post_processor_c35a117e9f5a - INFO - PPE notification suppressed by cooldown | camera=ppe_test_cam1
2026-08-13 23:16:21,690 - post_processor_c35a117e9f5a - INFO - PPE frame complete | camera=ppe_test_cam1 | violation=True
2026-08-13 23:16:22,502 - post_processor_c35a117e9f5a - INFO - [FRAME RECEIVED] topic=post_processing | partition=0 | offset=655 | frame_id=None | camera=ppe_test_cam1
2026-08-13 23:16:22,503 - post_processor_c35a117e9f5a - INFO - [DETECT BATCH] START | od=0 | ppe=1
2026-08-13 23:16:22,503 - post_processor_c35a117e9f5a - INFO - [PROCESS PPE DETECTION] camera=ppe_test_cam1 | severity=none | violated=[]
2026-08-13 23:16:22,503 - post_processor_c35a117e9f5a - INFO - [DETECT BATCH] DONE | od=0 | ppe=1
2026-08-13 23:16:22,504 - post_processor_c35a117e9f5a - INFO - PPE meta buffered | camera=ppe_test_cam1 | violation=False
2026-08-13 23:16:22,504 - post_processor_c35a117e9f5a - INFO - PPE frame complete | camera=ppe_test_cam1 | violation=False
2026-08-13 23:16:27,582 - post_processor_c35a117e9f5a - INFO - [FRAME RECEIVED] topic=post_processing | partition=0 | offset=656 | frame_id=None | camera=ppe_test_cam1
2026-08-13 23:16:27,582 - post_processor_c35a117e9f5a - INFO - [DETECT BATCH] START | od=0 | ppe=1
2026-08-13 23:16:27,582 - post_processor_c35a117e9f5a - INFO - [PROCESS PPE DETECTION] camera=ppe_test_cam1 | severity=none | violated=[]
2026-08-13 23:16:27,582 - post_processor_c35a117e9f5a - INFO - [DETECT BATCH] DONE | od=0 | ppe=1
2026-08-13 23:16:27,582 - post_processor_c35a117e9f5a - INFO - PPE meta buffered | camera=ppe_test_cam1 | violation=False
2026-08-13 23:16:27,637 - post_processor_c35a117e9f5a - INFO - PPE MongoDB batch insert | camera=ppe_test_cam1 | count=10
2026-08-13 23:16:27,638 - post_processor_c35a117e9f5a - INFO - PPE frame complete | camera=ppe_test_cam1 | violation=False
2026-08-13 23:16:27,641 - post_processor_c35a117e9f5a - INFO - Kafka offsets committed | count=10
2026-08-13 23:16:28,587 - post_processor_c35a117e9f5a - INFO - [FRAME RECEIVED] topic=post_processing | partition=0 | offset=657 | frame_id=None | camera=ppe_test_cam1
2026-08-13 23:16:28,587 - post_processor_c35a117e9f5a - INFO - [DETECT BATCH] START | od=0 | ppe=1
2026-08-13 23:16:28,587 - post_processor_c35a117e9f5a - INFO - [PROCESS PPE DETECTION] camera=ppe_test_cam1 | severity=none | violated=[]
2026-08-13 23:16:28,588 - post_processor_c35a117e9f5a - INFO - [DETECT BATCH] DONE | od=0 | ppe=1
2026-08-13 23:16:28,588 - post_processor_c35a117e9f5a - INFO - PPE meta buffered | camera=ppe_test_cam1 | violation=False
2026-08-13 23:16:28,588 - post_processor_c35a117e9f5a - INFO - PPE frame complete | camera=ppe_test_cam1 | violation=False
2026-08-13 23:16:29,556 - post_processor_c35a117e9f5a - INFO - [FRAME RECEIVED] topic=post_processing | partition=0 | offset=658 | frame_id=None | camera=ppe_test_cam1
2026-08-13 23:16:29,556 - post_processor_c35a117e9f5a - INFO - [DETECT BATCH] START | od=0 | ppe=1
2026-08-13 23:16:29,556 - post_processor_c35a117e9f5a - INFO - [PROCESS PPE DETECTION] camera=ppe_test_cam1 | severity=none | violated=[]
2026-08-13 23:16:29,557 - post_processor_c35a117e9f5a - INFO - [DETECT BATCH] DONE | od=0 | ppe=1
2026-08-13 23:16:29,557 - post_processor_c35a117e9f5a - INFO - PPE meta buffered | camera=ppe_test_cam1 | violation=False
2026-08-13 23:16:29,557 - post_processor_c35a117e9f5a - INFO - PPE frame complete | camera=ppe_test_cam1 | violation=False
2026-08-13 23:16:30,558 - post_processor_c35a117e9f5a - INFO - [FRAME RECEIVED] topic=post_processing | partition=0 | offset=659 | frame_id=None | camera=ppe_test_cam1
2026-08-13 23:16:30,558 - post_processor_c35a117e9f5a - INFO - [DETECT BATCH] START | od=0 | ppe=1
2026-08-13 23:16:30,558 - post_processor_c35a117e9f5a - INFO - [PROCESS PPE DETECTION] camera=ppe_test_cam1 | severity=none | violated=[]
2026-08-13 23:16:30,559 - post_processor_c35a117e9f5a - INFO - [DETECT BATCH] DONE | od=0 | ppe=1
2026-08-13 23:16:30,559 - post_processor_c35a117e9f5a - INFO - PPE meta buffered | camera=ppe_test_cam1 | violation=False
2026-08-13 23:16:30,559 - post_processor_c35a117e9f5a - INFO - PPE frame complete | camera=ppe_test_cam1 | violation=False
2026-08-13 23:16:31,654 - post_processor_c35a117e9f5a - INFO - [FRAME RECEIVED] topic=post_processing | partition=0 | offset=660 | frame_id=None | camera=ppe_test_cam1
2026-08-13 23:16:31,654 - post_processor_c35a117e9f5a - INFO - [DETECT BATCH] START | od=0 | ppe=1
2026-08-13 23:16:31,655 - post_processor_c35a117e9f5a - INFO - [PROCESS PPE DETECTION] camera=ppe_test_cam1 | severity=none | violated=[]
2026-08-13 23:16:31,655 - post_processor_c35a117e9f5a - INFO - [DETECT BATCH] DONE | od=0 | ppe=1
2026-08-13 23:16:31,655 - post_processor_c35a117e9f5a - INFO - PPE meta buffered | camera=ppe_test_cam1 | violation=False
2026-08-13 23:16:31,655 - post_processor_c35a117e9f5a - INFO - PPE frame complete | camera=ppe_test_cam1 | violation=False
2026-08-13 23:16:32,576 - post_processor_c35a117e9f5a - INFO - [FRAME RECEIVED] topic=post_processing | partition=0 | offset=661 | frame_id=None | camera=ppe_test_cam1
2026-08-13 23:16:32,577 - post_processor_c35a117e9f5a - INFO - [DETECT BATCH] START | od=0 | ppe=1
2026-08-13 23:16:32,577 - post_processor_c35a117e9f5a - INFO - [PROCESS PPE DETECTION] camera=ppe_test_cam1 | severity=none | violated=[]
2026-08-13 23:16:32,578 - post_processor_c35a117e9f5a - INFO - [DETECT BATCH] DONE | od=0 | ppe=1
2026-08-13 23:16:32,578 - post_processor_c35a117e9f5a - INFO - PPE meta buffered | camera=ppe_test_cam1 | violation=False
2026-08-13 23:16:32,578 - post_processor_c35a117e9f5a - INFO - PPE frame complete | camera=ppe_test_cam1 | violation=False
2026-08-13 23:16:33,634 - post_processor_c35a117e9f5a - INFO - [FRAME RECEIVED] topic=post_processing | partition=0 | offset=662 | frame_id=None | camera=ppe_test_cam1
2026-08-13 23:16:33,634 - post_processor_c35a117e9f5a - INFO - [DETECT BATCH] START | od=0 | ppe=1
2026-08-13 23:16:33,634 - post_processor_c35a117e9f5a - INFO - [PROCESS PPE DETECTION] camera=ppe_test_cam1 | severity=none | violated=[]
2026-08-13 23:16:33,635 - post_processor_c35a117e9f5a - INFO - [DETECT BATCH] DONE | od=0 | ppe=1
2026-08-13 23:16:33,635 - post_processor_c35a117e9f5a - INFO - PPE meta buffered | camera=ppe_test_cam1 | violation=False
2026-08-13 23:16:33,635 - post_processor_c35a117e9f5a - INFO - PPE frame complete | camera=ppe_test_cam1 | violation=False
2026-08-13 23:16:34,607 - post_processor_c35a117e9f5a - INFO - [FRAME RECEIVED] topic=post_processing | partition=0 | offset=663 | frame_id=None | camera=ppe_test_cam1
2026-08-13 23:16:34,607 - post_processor_c35a117e9f5a - INFO - [DETECT BATCH] START | od=0 | ppe=1
2026-08-13 23:16:34,607 - post_processor_c35a117e9f5a - INFO - [PROCESS PPE DETECTION] camera=ppe_test_cam1 | severity=none | violated=[]
2026-08-13 23:16:34,607 - post_processor_c35a117e9f5a - INFO - [DETECT BATCH] DONE | od=0 | ppe=1
2026-08-13 23:16:34,608 - post_processor_c35a117e9f5a - INFO - PPE meta buffered | camera=ppe_test_cam1 | violation=False
2026-08-13 23:16:34,608 - post_processor_c35a117e9f5a - INFO - PPE frame complete | camera=ppe_test_cam1 | violation=False
2026-08-13 23:16:34,641 - post_processor_c35a117e9f5a - INFO - [FRAME RECEIVED] topic=post_processing | partition=0 | offset=664 | frame_id=None | camera=ppe_test_cam1
2026-08-13 23:16:34,641 - post_processor_c35a117e9f5a - INFO - [DETECT BATCH] START | od=0 | ppe=1
2026-08-13 23:16:34,641 - post_processor_c35a117e9f5a - INFO - [PROCESS PPE DETECTION] camera=ppe_test_cam1 | severity=none | violated=[]
2026-08-13 23:16:34,642 - post_processor_c35a117e9f5a - INFO - [DETECT BATCH] DONE | od=0 | ppe=1
2026-08-13 23:16:34,642 - post_processor_c35a117e9f5a - INFO - PPE meta buffered | camera=ppe_test_cam1 | violation=False
2026-08-13 23:16:34,642 - post_processor_c35a117e9f5a - INFO - PPE frame complete | camera=ppe_test_cam1 | violation=False
2026-08-13 23:16:59,688 - post_processor_c35a117e9f5a - INFO - [FRAME RECEIVED] topic=post_processing | partition=0 | offset=665 | frame_id=None | camera=ppe_test_cam1
2026-08-13 23:16:59,688 - post_processor_c35a117e9f5a - INFO - [DETECT BATCH] START | od=0 | ppe=1
2026-08-13 23:16:59,689 - post_processor_c35a117e9f5a - INFO - [PROCESS PPE DETECTION] camera=ppe_test_cam1 | severity=none | violated=[]
2026-08-13 23:16:59,689 - post_processor_c35a117e9f5a - INFO - [DETECT BATCH] DONE | od=0 | ppe=1
2026-08-13 23:16:59,690 - post_processor_c35a117e9f5a - INFO - PPE meta buffered | camera=ppe_test_cam1 | violation=False
2026-08-13 23:16:59,690 - post_processor_c35a117e9f5a - INFO - PPE frame complete | camera=ppe_test_cam1 | violation=False
2026-08-13 23:17:00,723 - post_processor_c35a117e9f5a - INFO - [FRAME RECEIVED] topic=post_processing | partition=0 | offset=666 | frame_id=None | camera=ppe_test_cam1
2026-08-13 23:17:00,724 - post_processor_c35a117e9f5a - INFO - [DETECT BATCH] START | od=0 | ppe=1
2026-08-13 23:17:00,724 - post_processor_c35a117e9f5a - INFO - [PROCESS PPE DETECTION] camera=ppe_test_cam1 | severity=none | violated=[]
2026-08-13 23:17:00,729 - post_processor_c35a117e9f5a - INFO - [DETECT BATCH] DONE | od=0 | ppe=1
2026-08-13 23:17:00,729 - post_processor_c35a117e9f5a - INFO - PPE meta buffered | camera=ppe_test_cam1 | violation=False
2026-08-13 23:17:00,788 - post_processor_c35a117e9f5a - INFO - PPE MongoDB batch insert | camera=ppe_test_cam1 | count=10
2026-08-13 23:17:00,788 - post_processor_c35a117e9f5a - INFO - PPE frame complete | camera=ppe_test_cam1 | violation=False
2026-08-13 23:17:00,789 - post_processor_c35a117e9f5a - INFO - Kafka offsets committed | count=10
2026-08-13 23:17:18,617 - post_processor_c35a117e9f5a - INFO - [FRAME RECEIVED] topic=post_processing | partition=0 | offset=667 | frame_id=None | camera=ppe_test_cam1
2026-08-13 23:17:18,617 - post_processor_c35a117e9f5a - INFO - [DETECT BATCH] START | od=0 | ppe=1
2026-08-13 23:17:18,617 - post_processor_c35a117e9f5a - INFO - [PROCESS PPE DETECTION] camera=ppe_test_cam1 | severity=none | violated=[]
2026-08-13 23:17:18,618 - post_processor_c35a117e9f5a - INFO - [DETECT BATCH] DONE | od=0 | ppe=1
2026-08-13 23:17:18,618 - post_processor_c35a117e9f5a - INFO - PPE meta buffered | camera=ppe_test_cam1 | violation=False
2026-08-13 23:17:18,618 - post_processor_c35a117e9f5a - INFO - PPE frame complete | camera=ppe_test_cam1 | violation=False
2026-08-13 23:17:18,653 - post_processor_c35a117e9f5a - INFO - [FRAME RECEIVED] topic=post_processing | partition=0 | offset=668 | frame_id=None | camera=ppe_test_cam1
2026-08-13 23:17:18,653 - post_processor_c35a117e9f5a - INFO - [DETECT BATCH] START | od=0 | ppe=1
2026-08-13 23:17:18,653 - post_processor_c35a117e9f5a - INFO - [PROCESS PPE DETECTION] camera=ppe_test_cam1 | severity=low | violated=['No-Shoes', 'No-Shoes']
2026-08-13 23:17:18,657 - post_processor_c35a117e9f5a - INFO - PPE alert image saved | path=/Aksha/ppe_test_cam1/alerts/2026-08-13/2026-08-13 23:17:18.65_alert.jpg
2026-08-13 23:17:18,657 - post_processor_c35a117e9f5a - INFO - [DETECT BATCH] DONE | od=0 | ppe=1
2026-08-13 23:17:18,657 - post_processor_c35a117e9f5a - INFO - PPE meta buffered | camera=ppe_test_cam1 | violation=True
2026-08-13 23:17:18,671 - post_processor_c35a117e9f5a - INFO - PPE alert dual-written to alerts collection | camera=ppe_test_cam1
2026-08-13 23:17:18,671 - post_processor_c35a117e9f5a - INFO - ppe_status_check | has_violation=True | validity=True
2026-08-13 23:17:18,672 - post_processor_c35a117e9f5a - INFO - PPE notification approved | camera=ppe_test_cam1 | severity=low
2026-08-13 23:17:18,672 - post_processor_c35a117e9f5a - INFO - PPE notification sent | camera=ppe_test_cam1 | severity=low | topic=notification_service
2026-08-13 23:17:18,672 - post_processor_c35a117e9f5a - INFO - PPE frame complete | camera=ppe_test_cam1 | violation=True
2026-08-13 23:17:19,503 - post_processor_c35a117e9f5a - INFO - [FRAME RECEIVED] topic=post_processing | partition=0 | offset=669 | frame_id=None | camera=ppe_test_cam1
2026-08-13 23:17:19,503 - post_processor_c35a117e9f5a - INFO - [DETECT BATCH] START | od=0 | ppe=1
2026-08-13 23:17:19,504 - post_processor_c35a117e9f5a - INFO - [PROCESS PPE DETECTION] camera=ppe_test_cam1 | severity=none | violated=[]
2026-08-13 23:17:19,504 - post_processor_c35a117e9f5a - INFO - [DETECT BATCH] DONE | od=0 | ppe=1
2026-08-13 23:17:19,504 - post_processor_c35a117e9f5a - INFO - PPE meta buffered | camera=ppe_test_cam1 | violation=False
2026-08-13 23:17:19,504 - post_processor_c35a117e9f5a - INFO - PPE frame complete | camera=ppe_test_cam1 | violation=False
2026-08-13 23:17:19,541 - post_processor_c35a117e9f5a - INFO - [FRAME RECEIVED] topic=post_processing | partition=0 | offset=670 | frame_id=None | camera=ppe_test_cam1
2026-08-13 23:17:19,541 - post_processor_c35a117e9f5a - INFO - [DETECT BATCH] START | od=0 | ppe=1
2026-08-13 23:17:19,541 - post_processor_c35a117e9f5a - INFO - [PROCESS PPE DETECTION] camera=ppe_test_cam1 | severity=low | violated=['No-Shoes', 'No-Shoes']
2026-08-13 23:17:19,547 - post_processor_c35a117e9f5a - INFO - PPE alert image saved | path=/Aksha/ppe_test_cam1/alerts/2026-08-13/2026-08-13 23:17:19.54_alert.jpg
2026-08-13 23:17:19,547 - post_processor_c35a117e9f5a - INFO - [DETECT BATCH] DONE | od=0 | ppe=1
2026-08-13 23:17:19,547 - post_processor_c35a117e9f5a - INFO - PPE meta buffered | camera=ppe_test_cam1 | violation=True
2026-08-13 23:17:19,555 - post_processor_c35a117e9f5a - INFO - PPE alert dual-written to alerts collection | camera=ppe_test_cam1
2026-08-13 23:17:19,555 - post_processor_c35a117e9f5a - INFO - ppe_status_check | has_violation=True | validity=False
2026-08-13 23:17:19,555 - post_processor_c35a117e9f5a - INFO - PPE notification suppressed by cooldown | camera=ppe_test_cam1
2026-08-13 23:17:19,556 - post_processor_c35a117e9f5a - INFO - PPE frame complete | camera=ppe_test_cam1 | violation=True
2026-08-13 23:17:20,631 - post_processor_c35a117e9f5a - INFO - [FRAME RECEIVED] topic=post_processing | partition=0 | offset=671 | frame_id=None | camera=ppe_test_cam1
2026-08-13 23:17:20,631 - post_processor_c35a117e9f5a - INFO - [DETECT BATCH] START | od=0 | ppe=1
2026-08-13 23:17:20,631 - post_processor_c35a117e9f5a - INFO - [PROCESS PPE DETECTION] camera=ppe_test_cam1 | severity=none | violated=[]
2026-08-13 23:17:20,632 - post_processor_c35a117e9f5a - INFO - [DETECT BATCH] DONE | od=0 | ppe=1
2026-08-13 23:17:20,632 - post_processor_c35a117e9f5a - INFO - PPE meta buffered | camera=ppe_test_cam1 | violation=False
2026-08-13 23:17:20,632 - post_processor_c35a117e9f5a - INFO - PPE frame complete | camera=ppe_test_cam1 | violation=False
2026-08-13 23:17:20,669 - post_processor_c35a117e9f5a - INFO - [FRAME RECEIVED] topic=post_processing | partition=0 | offset=672 | frame_id=None | camera=ppe_test_cam1
2026-08-13 23:17:20,669 - post_processor_c35a117e9f5a - INFO - [DETECT BATCH] START | od=0 | ppe=1
2026-08-13 23:17:20,670 - post_processor_c35a117e9f5a - INFO - [PROCESS PPE DETECTION] camera=ppe_test_cam1 | severity=low | violated=['No-Shoes', 'No-Shoes']
2026-08-13 23:17:20,673 - post_processor_c35a117e9f5a - INFO - PPE alert image saved | path=/Aksha/ppe_test_cam1/alerts/2026-08-13/2026-08-13 23:17:20.67_alert.jpg
2026-08-13 23:17:20,673 - post_processor_c35a117e9f5a - INFO - [DETECT BATCH] DONE | od=0 | ppe=1
2026-08-13 23:17:20,674 - post_processor_c35a117e9f5a - INFO - PPE meta buffered | camera=ppe_test_cam1 | violation=True
2026-08-13 23:17:20,736 - post_processor_c35a117e9f5a - INFO - PPE alert dual-written to alerts collection | camera=ppe_test_cam1
2026-08-13 23:17:20,736 - post_processor_c35a117e9f5a - INFO - ppe_status_check | has_violation=True | validity=False
2026-08-13 23:17:20,736 - post_processor_c35a117e9f5a - INFO - PPE notification suppressed by cooldown | camera=ppe_test_cam1
2026-08-13 23:17:20,737 - post_processor_c35a117e9f5a - INFO - PPE frame complete | camera=ppe_test_cam1 | violation=True
2026-08-13 23:17:21,620 - post_processor_c35a117e9f5a - INFO - [FRAME RECEIVED] topic=post_processing | partition=0 | offset=673 | frame_id=None | camera=ppe_test_cam1
2026-08-13 23:17:21,620 - post_processor_c35a117e9f5a - INFO - [DETECT BATCH] START | od=0 | ppe=1
2026-08-13 23:17:21,620 - post_processor_c35a117e9f5a - INFO - [PROCESS PPE DETECTION] camera=ppe_test_cam1 | severity=none | violated=[]
2026-08-13 23:17:21,621 - post_processor_c35a117e9f5a - INFO - [DETECT BATCH] DONE | od=0 | ppe=1
2026-08-13 23:17:21,621 - post_processor_c35a117e9f5a - INFO - PPE meta buffered | camera=ppe_test_cam1 | violation=False
2026-08-13 23:17:21,621 - post_processor_c35a117e9f5a - INFO - PPE frame complete | camera=ppe_test_cam1 | violation=False
2026-08-13 23:17:21,621 - post_processor_c35a117e9f5a - INFO - [FRAME RECEIVED] topic=post_processing | partition=0 | offset=674 | frame_id=None | camera=ppe_test_cam1
2026-08-13 23:17:21,621 - post_processor_c35a117e9f5a - INFO - [DETECT BATCH] START | od=0 | ppe=1
2026-08-13 23:17:21,622 - post_processor_c35a117e9f5a - INFO - [PROCESS PPE DETECTION] camera=ppe_test_cam1 | severity=low | violated=['No-Shoes', 'No-Shoes']
2026-08-13 23:17:21,625 - post_processor_c35a117e9f5a - INFO - PPE alert image saved | path=/Aksha/ppe_test_cam1/alerts/2026-08-13/2026-08-13 23:17:21.62_alert.jpg
2026-08-13 23:17:21,625 - post_processor_c35a117e9f5a - INFO - [DETECT BATCH] DONE | od=0 | ppe=1
2026-08-13 23:17:21,625 - post_processor_c35a117e9f5a - INFO - PPE meta buffered | camera=ppe_test_cam1 | violation=True
2026-08-13 23:17:21,672 - post_processor_c35a117e9f5a - INFO - PPE alert dual-written to alerts collection | camera=ppe_test_cam1
2026-08-13 23:17:21,672 - post_processor_c35a117e9f5a - INFO - ppe_status_check | has_violation=True | validity=False
2026-08-13 23:17:21,672 - post_processor_c35a117e9f5a - INFO - PPE notification suppressed by cooldown | camera=ppe_test_cam1
2026-08-13 23:17:21,673 - post_processor_c35a117e9f5a - INFO - PPE frame complete | camera=ppe_test_cam1 | violation=True
2026-08-13 23:17:22,598 - post_processor_c35a117e9f5a - INFO - [FRAME RECEIVED] topic=post_processing | partition=0 | offset=675 | frame_id=None | camera=ppe_test_cam1
2026-08-13 23:17:22,598 - post_processor_c35a117e9f5a - INFO - [DETECT BATCH] START | od=0 | ppe=1
2026-08-13 23:17:22,598 - post_processor_c35a117e9f5a - INFO - [PROCESS PPE DETECTION] camera=ppe_test_cam1 | severity=none | violated=[]
2026-08-13 23:17:22,598 - post_processor_c35a117e9f5a - INFO - [DETECT BATCH] DONE | od=0 | ppe=1
2026-08-13 23:17:22,598 - post_processor_c35a117e9f5a - INFO - PPE meta buffered | camera=ppe_test_cam1 | violation=False
2026-08-13 23:17:22,598 - post_processor_c35a117e9f5a - INFO - PPE frame complete | camera=ppe_test_cam1 | violation=False
2026-08-13 23:17:27,588 - post_processor_c35a117e9f5a - INFO - [FRAME RECEIVED] topic=post_processing | partition=0 | offset=676 | frame_id=None | camera=ppe_test_cam1
2026-08-13 23:17:27,588 - post_processor_c35a117e9f5a - INFO - [DETECT BATCH] START | od=0 | ppe=1
2026-08-13 23:17:27,589 - post_processor_c35a117e9f5a - INFO - [PROCESS PPE DETECTION] camera=ppe_test_cam1 | severity=none | violated=[]
2026-08-13 23:17:27,589 - post_processor_c35a117e9f5a - INFO - [DETECT BATCH] DONE | od=0 | ppe=1
2026-08-13 23:17:27,590 - post_processor_c35a117e9f5a - INFO - PPE meta buffered | camera=ppe_test_cam1 | violation=False
2026-08-13 23:17:27,616 - post_processor_c35a117e9f5a - INFO - PPE MongoDB batch insert | camera=ppe_test_cam1 | count=10
2026-08-13 23:17:27,616 - post_processor_c35a117e9f5a - INFO - PPE frame complete | camera=ppe_test_cam1 | violation=False
2026-08-13 23:17:27,617 - post_processor_c35a117e9f5a - INFO - Kafka offsets committed | count=10
2026-08-13 23:17:28,535 - post_processor_c35a117e9f5a - INFO - [FRAME RECEIVED] topic=post_processing | partition=0 | offset=677 | frame_id=None | camera=ppe_test_cam1
2026-08-13 23:17:28,535 - post_processor_c35a117e9f5a - INFO - [DETECT BATCH] START | od=0 | ppe=1
2026-08-13 23:17:28,544 - post_processor_c35a117e9f5a - INFO - [PROCESS PPE DETECTION] camera=ppe_test_cam1 | severity=none | violated=[]
2026-08-13 23:17:28,544 - post_processor_c35a117e9f5a - INFO - [DETECT BATCH] DONE | od=0 | ppe=1
2026-08-13 23:17:28,545 - post_processor_c35a117e9f5a - INFO - PPE meta buffered | camera=ppe_test_cam1 | violation=False
2026-08-13 23:17:28,545 - post_processor_c35a117e9f5a - INFO - PPE frame complete | camera=ppe_test_cam1 | violation=False
2026-08-13 23:17:29,551 - post_processor_c35a117e9f5a - INFO - [FRAME RECEIVED] topic=post_processing | partition=0 | offset=678 | frame_id=None | camera=ppe_test_cam1
2026-08-13 23:17:29,551 - post_processor_c35a117e9f5a - INFO - [DETECT BATCH] START | od=0 | ppe=1
2026-08-13 23:17:29,551 - post_processor_c35a117e9f5a - INFO - [PROCESS PPE DETECTION] camera=ppe_test_cam1 | severity=none | violated=[]
2026-08-13 23:17:29,552 - post_processor_c35a117e9f5a - INFO - [DETECT BATCH] DONE | od=0 | ppe=1
2026-08-13 23:17:29,552 - post_processor_c35a117e9f5a - INFO - PPE meta buffered | camera=ppe_test_cam1 | violation=False
2026-08-13 23:17:29,553 - post_processor_c35a117e9f5a - INFO - PPE frame complete | camera=ppe_test_cam1 | violation=False
2026-08-13 23:17:30,595 - post_processor_c35a117e9f5a - INFO - [FRAME RECEIVED] topic=post_processing | partition=0 | offset=679 | frame_id=None | camera=ppe_test_cam1
2026-08-13 23:17:30,595 - post_processor_c35a117e9f5a - INFO - [DETECT BATCH] START | od=0 | ppe=1
2026-08-13 23:17:30,595 - post_processor_c35a117e9f5a - INFO - [PROCESS PPE DETECTION] camera=ppe_test_cam1 | severity=none | violated=[]
2026-08-13 23:17:30,596 - post_processor_c35a117e9f5a - INFO - [DETECT BATCH] DONE | od=0 | ppe=1
2026-08-13 23:17:30,596 - post_processor_c35a117e9f5a - INFO - PPE meta buffered | camera=ppe_test_cam1 | violation=False
2026-08-13 23:17:30,596 - post_processor_c35a117e9f5a - INFO - PPE frame complete | camera=ppe_test_cam1 | violation=False
2026-08-13 23:17:31,510 - post_processor_c35a117e9f5a - INFO - [FRAME RECEIVED] topic=post_processing | partition=0 | offset=680 | frame_id=None | camera=ppe_test_cam1
2026-08-13 23:17:31,515 - post_processor_c35a117e9f5a - INFO - [DETECT BATCH] START | od=0 | ppe=1
2026-08-13 23:17:31,515 - post_processor_c35a117e9f5a - INFO - [PROCESS PPE DETECTION] camera=ppe_test_cam1 | severity=none | violated=[]
2026-08-13 23:17:31,515 - post_processor_c35a117e9f5a - INFO - [DETECT BATCH] DONE | od=0 | ppe=1
2026-08-13 23:17:31,516 - post_processor_c35a117e9f5a - INFO - PPE meta buffered | camera=ppe_test_cam1 | violation=False
2026-08-13 23:17:31,516 - post_processor_c35a117e9f5a - INFO - PPE frame complete | camera=ppe_test_cam1 | violation=False
2026-08-13 23:17:32,622 - post_processor_c35a117e9f5a - INFO - [FRAME RECEIVED] topic=post_processing | partition=0 | offset=681 | frame_id=None | camera=ppe_test_cam1
2026-08-13 23:17:32,622 - post_processor_c35a117e9f5a - INFO - [DETECT BATCH] START | od=0 | ppe=1
2026-08-13 23:17:32,622 - post_processor_c35a117e9f5a - INFO - [PROCESS PPE DETECTION] camera=ppe_test_cam1 | severity=none | violated=[]
2026-08-13 23:17:32,623 - post_processor_c35a117e9f5a - INFO - [DETECT BATCH] DONE | od=0 | ppe=1
2026-08-13 23:17:32,623 - post_processor_c35a117e9f5a - INFO - PPE meta buffered | camera=ppe_test_cam1 | violation=False
2026-08-13 23:17:32,624 - post_processor_c35a117e9f5a - INFO - PPE frame complete | camera=ppe_test_cam1 | violation=False
2026-08-13 23:17:33,599 - post_processor_c35a117e9f5a - INFO - [FRAME RECEIVED] topic=post_processing | partition=0 | offset=682 | frame_id=None | camera=ppe_test_cam1
2026-08-13 23:17:33,599 - post_processor_c35a117e9f5a - INFO - [DETECT BATCH] START | od=0 | ppe=1
2026-08-13 23:17:33,600 - post_processor_c35a117e9f5a - INFO - [PROCESS PPE DETECTION] camera=ppe_test_cam1 | severity=none | violated=[]
2026-08-13 23:17:33,600 - post_processor_c35a117e9f5a - INFO - [DETECT BATCH] DONE | od=0 | ppe=1
2026-08-13 23:17:33,601 - post_processor_c35a117e9f5a - INFO - PPE meta buffered | camera=ppe_test_cam1 | violation=False
2026-08-13 23:17:33,601 - post_processor_c35a117e9f5a - INFO - PPE frame complete | camera=ppe_test_cam1 | violation=False
2026-08-13 23:17:34,539 - post_processor_c35a117e9f5a - INFO - [FRAME RECEIVED] topic=post_processing | partition=0 | offset=683 | frame_id=None | camera=ppe_test_cam1
2026-08-13 23:17:34,539 - post_processor_c35a117e9f5a - INFO - [DETECT BATCH] START | od=0 | ppe=1
2026-08-13 23:17:34,540 - post_processor_c35a117e9f5a - INFO - [PROCESS PPE DETECTION] camera=ppe_test_cam1 | severity=none | violated=[]
2026-08-13 23:17:34,540 - post_processor_c35a117e9f5a - INFO - [DETECT BATCH] DONE | od=0 | ppe=1
2026-08-13 23:17:34,541 - post_processor_c35a117e9f5a - INFO - PPE meta buffered | camera=ppe_test_cam1 | violation=False
2026-08-13 23:17:34,541 - post_processor_c35a117e9f5a - INFO - PPE frame complete | camera=ppe_test_cam1 | violation=False
2026-08-13 23:17:34,576 - post_processor_c35a117e9f5a - INFO - [FRAME RECEIVED] topic=post_processing | partition=0 | offset=684 | frame_id=None | camera=ppe_test_cam1
2026-08-13 23:17:34,576 - post_processor_c35a117e9f5a - INFO - [DETECT BATCH] START | od=0 | ppe=1
2026-08-13 23:17:34,577 - post_processor_c35a117e9f5a - INFO - [PROCESS PPE DETECTION] camera=ppe_test_cam1 | severity=none | violated=[]
2026-08-13 23:17:34,577 - post_processor_c35a117e9f5a - INFO - [DETECT BATCH] DONE | od=0 | ppe=1
2026-08-13 23:17:34,577 - post_processor_c35a117e9f5a - INFO - PPE meta buffered | camera=ppe_test_cam1 | violation=False
2026-08-13 23:17:34,577 - post_processor_c35a117e9f5a - INFO - PPE frame complete | camera=ppe_test_cam1 | violation=False
2026-08-13 23:17:59,617 - post_processor_c35a117e9f5a - INFO - [FRAME RECEIVED] topic=post_processing | partition=0 | offset=685 | frame_id=None | camera=ppe_test_cam1
2026-08-13 23:17:59,617 - post_processor_c35a117e9f5a - INFO - [DETECT BATCH] START | od=0 | ppe=1
2026-08-13 23:17:59,618 - post_processor_c35a117e9f5a - INFO - [PROCESS PPE DETECTION] camera=ppe_test_cam1 | severity=none | violated=[]
2026-08-13 23:17:59,619 - post_processor_c35a117e9f5a - INFO - [DETECT BATCH] DONE | od=0 | ppe=1
2026-08-13 23:17:59,619 - post_processor_c35a117e9f5a - INFO - PPE meta buffered | camera=ppe_test_cam1 | violation=False
2026-08-13 23:17:59,619 - post_processor_c35a117e9f5a - INFO - PPE frame complete | camera=ppe_test_cam1 | violation=False
2026-08-13 23:18:00,585 - post_processor_c35a117e9f5a - INFO - [FRAME RECEIVED] topic=post_processing | partition=0 | offset=686 | frame_id=None | camera=ppe_test_cam1
2026-08-13 23:18:00,585 - post_processor_c35a117e9f5a - INFO - [DETECT BATCH] START | od=0 | ppe=1
2026-08-13 23:18:00,585 - post_processor_c35a117e9f5a - INFO - [PROCESS PPE DETECTION] camera=ppe_test_cam1 | severity=none | violated=[]
2026-08-13 23:18:00,586 - post_processor_c35a117e9f5a - INFO - [DETECT BATCH] DONE | od=0 | ppe=1
2026-08-13 23:18:00,586 - post_processor_c35a117e9f5a - INFO - PPE meta buffered | camera=ppe_test_cam1 | violation=False
2026-08-13 23:18:00,626 - post_processor_c35a117e9f5a - INFO - PPE MongoDB batch insert | camera=ppe_test_cam1 | count=10
2026-08-13 23:18:00,626 - post_processor_c35a117e9f5a - INFO - PPE frame complete | camera=ppe_test_cam1 | violation=False
2026-08-13 23:18:00,627 - post_processor_c35a117e9f5a - INFO - Kafka offsets committed | count=10
2026-08-13 23:18:18,581 - post_processor_c35a117e9f5a - INFO - [FRAME RECEIVED] topic=post_processing | partition=0 | offset=687 | frame_id=None | camera=ppe_test_cam1
2026-08-13 23:18:18,581 - post_processor_c35a117e9f5a - INFO - [DETECT BATCH] START | od=0 | ppe=1
2026-08-13 23:18:18,581 - post_processor_c35a117e9f5a - INFO - [PROCESS PPE DETECTION] camera=ppe_test_cam1 | severity=low | violated=['No-Shoes', 'No-Shoes']
2026-08-13 23:18:18,585 - post_processor_c35a117e9f5a - INFO - PPE alert image saved | path=/Aksha/ppe_test_cam1/alerts/2026-08-13/2026-08-13 23:18:18.58_alert.jpg
2026-08-13 23:18:18,585 - post_processor_c35a117e9f5a - INFO - [DETECT BATCH] DONE | od=0 | ppe=1
2026-08-13 23:18:18,585 - post_processor_c35a117e9f5a - INFO - PPE meta buffered | camera=ppe_test_cam1 | violation=True
2026-08-13 23:18:18,635 - post_processor_c35a117e9f5a - INFO - PPE alert dual-written to alerts collection | camera=ppe_test_cam1
2026-08-13 23:18:18,635 - post_processor_c35a117e9f5a - INFO - ppe_status_check | has_violation=True | validity=True
2026-08-13 23:18:18,635 - post_processor_c35a117e9f5a - INFO - PPE notification approved | camera=ppe_test_cam1 | severity=low
2026-08-13 23:18:18,635 - post_processor_c35a117e9f5a - INFO - PPE notification sent | camera=ppe_test_cam1 | severity=low | topic=notification_service
2026-08-13 23:18:18,636 - post_processor_c35a117e9f5a - INFO - PPE frame complete | camera=ppe_test_cam1 | violation=True
2026-08-13 23:18:18,637 - post_processor_c35a117e9f5a - INFO - [FRAME RECEIVED] topic=post_processing | partition=0 | offset=688 | frame_id=None | camera=ppe_test_cam1
2026-08-13 23:18:18,637 - post_processor_c35a117e9f5a - INFO - [DETECT BATCH] START | od=0 | ppe=1
2026-08-13 23:18:18,637 - post_processor_c35a117e9f5a - INFO - [PROCESS PPE DETECTION] camera=ppe_test_cam1 | severity=none | violated=[]
2026-08-13 23:18:18,637 - post_processor_c35a117e9f5a - INFO - [DETECT BATCH] DONE | od=0 | ppe=1
2026-08-13 23:18:18,637 - post_processor_c35a117e9f5a - INFO - PPE meta buffered | camera=ppe_test_cam1 | violation=False
2026-08-13 23:18:18,637 - post_processor_c35a117e9f5a - INFO - PPE frame complete | camera=ppe_test_cam1 | violation=False
2026-08-13 23:18:19,532 - post_processor_c35a117e9f5a - INFO - [FRAME RECEIVED] topic=post_processing | partition=0 | offset=689 | frame_id=None | camera=ppe_test_cam1
2026-08-13 23:18:19,532 - post_processor_c35a117e9f5a - INFO - [DETECT BATCH] START | od=0 | ppe=1
2026-08-13 23:18:19,532 - post_processor_c35a117e9f5a - INFO - [PROCESS PPE DETECTION] camera=ppe_test_cam1 | severity=none | violated=[]
2026-08-13 23:18:19,532 - post_processor_c35a117e9f5a - INFO - [DETECT BATCH] DONE | od=0 | ppe=1
2026-08-13 23:18:19,532 - post_processor_c35a117e9f5a - INFO - PPE meta buffered | camera=ppe_test_cam1 | violation=False
2026-08-13 23:18:19,532 - post_processor_c35a117e9f5a - INFO - PPE frame complete | camera=ppe_test_cam1 | violation=False
2026-08-13 23:18:19,567 - post_processor_c35a117e9f5a - INFO - [FRAME RECEIVED] topic=post_processing | partition=0 | offset=690 | frame_id=None | camera=ppe_test_cam1
2026-08-13 23:18:19,567 - post_processor_c35a117e9f5a - INFO - [DETECT BATCH] START | od=0 | ppe=1
2026-08-13 23:18:19,568 - post_processor_c35a117e9f5a - INFO - [PROCESS PPE DETECTION] camera=ppe_test_cam1 | severity=low | violated=['No-Shoes', 'No-Shoes']
2026-08-13 23:18:19,571 - post_processor_c35a117e9f5a - INFO - PPE alert image saved | path=/Aksha/ppe_test_cam1/alerts/2026-08-13/2026-08-13 23:18:19.57_alert.jpg
2026-08-13 23:18:19,571 - post_processor_c35a117e9f5a - INFO - [DETECT BATCH] DONE | od=0 | ppe=1
2026-08-13 23:18:19,571 - post_processor_c35a117e9f5a - INFO - PPE meta buffered | camera=ppe_test_cam1 | violation=True
2026-08-13 23:18:19,614 - post_processor_c35a117e9f5a - INFO - PPE alert dual-written to alerts collection | camera=ppe_test_cam1
2026-08-13 23:18:19,615 - post_processor_c35a117e9f5a - INFO - ppe_status_check | has_violation=True | validity=False
2026-08-13 23:18:19,615 - post_processor_c35a117e9f5a - INFO - PPE notification suppressed by cooldown | camera=ppe_test_cam1
2026-08-13 23:18:19,616 - post_processor_c35a117e9f5a - INFO - PPE frame complete | camera=ppe_test_cam1 | violation=True
2026-08-13 23:18:20,599 - post_processor_c35a117e9f5a - INFO - [FRAME RECEIVED] topic=post_processing | partition=0 | offset=691 | frame_id=None | camera=ppe_test_cam1
2026-08-13 23:18:20,599 - post_processor_c35a117e9f5a - INFO - [DETECT BATCH] START | od=0 | ppe=1
2026-08-13 23:18:20,599 - post_processor_c35a117e9f5a - INFO - [PROCESS PPE DETECTION] camera=ppe_test_cam1 | severity=none | violated=[]
2026-08-13 23:18:20,600 - post_processor_c35a117e9f5a - INFO - [DETECT BATCH] DONE | od=0 | ppe=1
2026-08-13 23:18:20,600 - post_processor_c35a117e9f5a - INFO - PPE meta buffered | camera=ppe_test_cam1 | violation=False
2026-08-13 23:18:20,600 - post_processor_c35a117e9f5a - INFO - PPE frame complete | camera=ppe_test_cam1 | violation=False
2026-08-13 23:18:20,636 - post_processor_c35a117e9f5a - INFO - [FRAME RECEIVED] topic=post_processing | partition=0 | offset=692 | frame_id=None | camera=ppe_test_cam1
2026-08-13 23:18:20,636 - post_processor_c35a117e9f5a - INFO - [DETECT BATCH] START | od=0 | ppe=1
2026-08-13 23:18:20,637 - post_processor_c35a117e9f5a - INFO - [PROCESS PPE DETECTION] camera=ppe_test_cam1 | severity=low | violated=['No-Shoes', 'No-Shoes']
2026-08-13 23:18:20,640 - post_processor_c35a117e9f5a - INFO - PPE alert image saved | path=/Aksha/ppe_test_cam1/alerts/2026-08-13/2026-08-13 23:18:20.63_alert.jpg
2026-08-13 23:18:20,641 - post_processor_c35a117e9f5a - INFO - [DETECT BATCH] DONE | od=0 | ppe=1
2026-08-13 23:18:20,641 - post_processor_c35a117e9f5a - INFO - PPE meta buffered | camera=ppe_test_cam1 | violation=True
2026-08-13 23:18:20,652 - post_processor_c35a117e9f5a - INFO - PPE alert dual-written to alerts collection | camera=ppe_test_cam1
2026-08-13 23:18:20,652 - post_processor_c35a117e9f5a - INFO - ppe_status_check | has_violation=True | validity=False
2026-08-13 23:18:20,652 - post_processor_c35a117e9f5a - INFO - PPE notification suppressed by cooldown | camera=ppe_test_cam1
2026-08-13 23:18:20,653 - post_processor_c35a117e9f5a - INFO - PPE frame complete | camera=ppe_test_cam1 | violation=True
2026-08-13 23:18:21,466 - post_processor_c35a117e9f5a - INFO - [FRAME RECEIVED] topic=post_processing | partition=0 | offset=693 | frame_id=None | camera=ppe_test_cam1
2026-08-13 23:18:21,466 - post_processor_c35a117e9f5a - INFO - [DETECT BATCH] START | od=0 | ppe=1
2026-08-13 23:18:21,466 - post_processor_c35a117e9f5a - INFO - [PROCESS PPE DETECTION] camera=ppe_test_cam1 | severity=none | violated=[]
2026-08-13 23:18:21,466 - post_processor_c35a117e9f5a - INFO - [DETECT BATCH] DONE | od=0 | ppe=1
2026-08-13 23:18:21,466 - post_processor_c35a117e9f5a - INFO - PPE meta buffered | camera=ppe_test_cam1 | violation=False
2026-08-13 23:18:21,466 - post_processor_c35a117e9f5a - INFO - PPE frame complete | camera=ppe_test_cam1 | violation=False
2026-08-13 23:18:21,497 - post_processor_c35a117e9f5a - INFO - [FRAME RECEIVED] topic=post_processing | partition=0 | offset=694 | frame_id=None | camera=ppe_test_cam1
2026-08-13 23:18:21,497 - post_processor_c35a117e9f5a - INFO - [DETECT BATCH] START | od=0 | ppe=1
2026-08-13 23:18:21,498 - post_processor_c35a117e9f5a - INFO - [PROCESS PPE DETECTION] camera=ppe_test_cam1 | severity=low | violated=['No-Shoes', 'No-Shoes']
2026-08-13 23:18:21,501 - post_processor_c35a117e9f5a - INFO - PPE alert image saved | path=/Aksha/ppe_test_cam1/alerts/2026-08-13/2026-08-13 23:18:21.50_alert.jpg
2026-08-13 23:18:21,501 - post_processor_c35a117e9f5a - INFO - [DETECT BATCH] DONE | od=0 | ppe=1
2026-08-13 23:18:21,501 - post_processor_c35a117e9f5a - INFO - PPE meta buffered | camera=ppe_test_cam1 | violation=True
2026-08-13 23:18:21,511 - post_processor_c35a117e9f5a - INFO - PPE alert dual-written to alerts collection | camera=ppe_test_cam1
2026-08-13 23:18:21,511 - post_processor_c35a117e9f5a - INFO - ppe_status_check | has_violation=True | validity=False
2026-08-13 23:18:21,511 - post_processor_c35a117e9f5a - INFO - PPE notification suppressed by cooldown | camera=ppe_test_cam1
2026-08-13 23:18:21,512 - post_processor_c35a117e9f5a - INFO - PPE frame complete | camera=ppe_test_cam1 | violation=True
2026-08-13 23:18:22,547 - post_processor_c35a117e9f5a - INFO - [FRAME RECEIVED] topic=post_processing | partition=0 | offset=695 | frame_id=None | camera=ppe_test_cam1
2026-08-13 23:18:22,547 - post_processor_c35a117e9f5a - INFO - [DETECT BATCH] START | od=0 | ppe=1
2026-08-13 23:18:22,548 - post_processor_c35a117e9f5a - INFO - [PROCESS PPE DETECTION] camera=ppe_test_cam1 | severity=none | violated=[]
2026-08-13 23:18:22,548 - post_processor_c35a117e9f5a - INFO - [DETECT BATCH] DONE | od=0 | ppe=1
2026-08-13 23:18:22,548 - post_processor_c35a117e9f5a - INFO - PPE meta buffered | camera=ppe_test_cam1 | violation=False
2026-08-13 23:18:22,548 - post_processor_c35a117e9f5a - INFO - PPE frame complete | camera=ppe_test_cam1 | violation=False
2026-08-13 23:18:27,511 - post_processor_c35a117e9f5a - INFO - [FRAME RECEIVED] topic=post_processing | partition=0 | offset=696 | frame_id=None | camera=ppe_test_cam1
2026-08-13 23:18:27,511 - post_processor_c35a117e9f5a - INFO - [DETECT BATCH] START | od=0 | ppe=1
2026-08-13 23:18:27,512 - post_processor_c35a117e9f5a - INFO - [PROCESS PPE DETECTION] camera=ppe_test_cam1 | severity=none | violated=[]
2026-08-13 23:18:27,514 - post_processor_c35a117e9f5a - INFO - [DETECT BATCH] DONE | od=0 | ppe=1
2026-08-13 23:18:27,514 - post_processor_c35a117e9f5a - INFO - PPE meta buffered | camera=ppe_test_cam1 | violation=False
2026-08-13 23:18:27,565 - post_processor_c35a117e9f5a - INFO - PPE MongoDB batch insert | camera=ppe_test_cam1 | count=10
2026-08-13 23:18:27,565 - post_processor_c35a117e9f5a - INFO - PPE frame complete | camera=ppe_test_cam1 | violation=False
2026-08-13 23:18:27,566 - post_processor_c35a117e9f5a - INFO - Kafka offsets committed | count=10
2026-08-13 23:18:28,585 - post_processor_c35a117e9f5a - INFO - [FRAME RECEIVED] topic=post_processing | partition=0 | offset=697 | frame_id=None | camera=ppe_test_cam1
2026-08-13 23:18:28,585 - post_processor_c35a117e9f5a - INFO - [DETECT BATCH] START | od=0 | ppe=1
2026-08-13 23:18:28,585 - post_processor_c35a117e9f5a - INFO - [PROCESS PPE DETECTION] camera=ppe_test_cam1 | severity=none | violated=[]
2026-08-13 23:18:28,585 - post_processor_c35a117e9f5a - INFO - [DETECT BATCH] DONE | od=0 | ppe=1
2026-08-13 23:18:28,586 - post_processor_c35a117e9f5a - INFO - PPE meta buffered | camera=ppe_test_cam1 | violation=False
2026-08-13 23:18:28,586 - post_processor_c35a117e9f5a - INFO - PPE frame complete | camera=ppe_test_cam1 | violation=False
2026-08-13 23:18:29,554 - post_processor_c35a117e9f5a - INFO - [FRAME RECEIVED] topic=post_processing | partition=0 | offset=698 | frame_id=None | camera=ppe_test_cam1
2026-08-13 23:18:29,554 - post_processor_c35a117e9f5a - INFO - [DETECT BATCH] START | od=0 | ppe=1
2026-08-13 23:18:29,554 - post_processor_c35a117e9f5a - INFO - [PROCESS PPE DETECTION] camera=ppe_test_cam1 | severity=none | violated=[]
2026-08-13 23:18:29,554 - post_processor_c35a117e9f5a - INFO - [DETECT BATCH] DONE | od=0 | ppe=1
2026-08-13 23:18:29,554 - post_processor_c35a117e9f5a - INFO - PPE meta buffered | camera=ppe_test_cam1 | violation=False
2026-08-13 23:18:29,554 - post_processor_c35a117e9f5a - INFO - PPE frame complete | camera=ppe_test_cam1 | violation=False
2026-08-13 23:18:30,541 - post_processor_c35a117e9f5a - INFO - [FRAME RECEIVED] topic=post_processing | partition=0 | offset=699 | frame_id=None | camera=ppe_test_cam1
2026-08-13 23:18:30,541 - post_processor_c35a117e9f5a - INFO - [DETECT BATCH] START | od=0 | ppe=1
2026-08-13 23:18:30,542 - post_processor_c35a117e9f5a - INFO - [PROCESS PPE DETECTION] camera=ppe_test_cam1 | severity=none | violated=[]
2026-08-13 23:18:30,542 - post_processor_c35a117e9f5a - INFO - [DETECT BATCH] DONE | od=0 | ppe=1
2026-08-13 23:18:30,543 - post_processor_c35a117e9f5a - INFO - PPE meta buffered | camera=ppe_test_cam1 | violation=False
2026-08-13 23:18:30,543 - post_processor_c35a117e9f5a - INFO - PPE frame complete | camera=ppe_test_cam1 | violation=False
2026-08-13 23:18:31,632 - post_processor_c35a117e9f5a - INFO - [FRAME RECEIVED] topic=post_processing | partition=0 | offset=700 | frame_id=None | camera=ppe_test_cam1
2026-08-13 23:18:31,632 - post_processor_c35a117e9f5a - INFO - [DETECT BATCH] START | od=0 | ppe=1
2026-08-13 23:18:31,633 - post_processor_c35a117e9f5a - INFO - [PROCESS PPE DETECTION] camera=ppe_test_cam1 | severity=none | violated=[]
2026-08-13 23:18:31,633 - post_processor_c35a117e9f5a - INFO - [DETECT BATCH] DONE | od=0 | ppe=1
2026-08-13 23:18:31,633 - post_processor_c35a117e9f5a - INFO - PPE meta buffered | camera=ppe_test_cam1 | violation=False
2026-08-13 23:18:31,633 - post_processor_c35a117e9f5a - INFO - PPE frame complete | camera=ppe_test_cam1 | violation=False
2026-08-13 23:18:32,606 - post_processor_c35a117e9f5a - INFO - [FRAME RECEIVED] topic=post_processing | partition=0 | offset=701 | frame_id=None | camera=ppe_test_cam1
2026-08-13 23:18:32,606 - post_processor_c35a117e9f5a - INFO - [DETECT BATCH] START | od=0 | ppe=1
2026-08-13 23:18:32,608 - post_processor_c35a117e9f5a - INFO - [PROCESS PPE DETECTION] camera=ppe_test_cam1 | severity=none | violated=[]
2026-08-13 23:18:32,609 - post_processor_c35a117e9f5a - INFO - [DETECT BATCH] DONE | od=0 | ppe=1
2026-08-13 23:18:32,609 - post_processor_c35a117e9f5a - INFO - PPE meta buffered | camera=ppe_test_cam1 | violation=False
2026-08-13 23:18:32,609 - post_processor_c35a117e9f5a - INFO - PPE frame complete | camera=ppe_test_cam1 | violation=False
2026-08-13 23:18:33,535 - post_processor_c35a117e9f5a - INFO - [FRAME RECEIVED] topic=post_processing | partition=0 | offset=702 | frame_id=None | camera=ppe_test_cam1
2026-08-13 23:18:33,535 - post_processor_c35a117e9f5a - INFO - [DETECT BATCH] START | od=0 | ppe=1
2026-08-13 23:18:33,537 - post_processor_c35a117e9f5a - INFO - [PROCESS PPE DETECTION] camera=ppe_test_cam1 | severity=none | violated=[]
2026-08-13 23:18:33,537 - post_processor_c35a117e9f5a - INFO - [DETECT BATCH] DONE | od=0 | ppe=1
2026-08-13 23:18:33,538 - post_processor_c35a117e9f5a - INFO - PPE meta buffered | camera=ppe_test_cam1 | violation=False
2026-08-13 23:18:33,538 - post_processor_c35a117e9f5a - INFO - PPE frame complete | camera=ppe_test_cam1 | violation=False
2026-08-13 23:18:34,603 - post_processor_c35a117e9f5a - INFO - [FRAME RECEIVED] topic=post_processing | partition=0 | offset=703 | frame_id=None | camera=ppe_test_cam1
2026-08-13 23:18:34,604 - post_processor_c35a117e9f5a - INFO - [DETECT BATCH] START | od=0 | ppe=1
2026-08-13 23:18:34,604 - post_processor_c35a117e9f5a - INFO - [PROCESS PPE DETECTION] camera=ppe_test_cam1 | severity=none | violated=[]
2026-08-13 23:18:34,604 - post_processor_c35a117e9f5a - INFO - [DETECT BATCH] DONE | od=0 | ppe=1
2026-08-13 23:18:34,604 - post_processor_c35a117e9f5a - INFO - PPE meta buffered | camera=ppe_test_cam1 | violation=False
2026-08-13 23:18:34,604 - post_processor_c35a117e9f5a - INFO - PPE frame complete | camera=ppe_test_cam1 | violation=False
2026-08-13 23:18:34,636 - post_processor_c35a117e9f5a - INFO - [FRAME RECEIVED] topic=post_processing | partition=0 | offset=704 | frame_id=None | camera=ppe_test_cam1
2026-08-13 23:18:34,636 - post_processor_c35a117e9f5a - INFO - [DETECT BATCH] START | od=0 | ppe=1
2026-08-13 23:18:34,637 - post_processor_c35a117e9f5a - INFO - [PROCESS PPE DETECTION] camera=ppe_test_cam1 | severity=none | violated=[]
2026-08-13 23:18:34,637 - post_processor_c35a117e9f5a - INFO - [DETECT BATCH] DONE | od=0 | ppe=1
2026-08-13 23:18:34,637 - post_processor_c35a117e9f5a - INFO - PPE meta buffered | camera=ppe_test_cam1 | violation=False
2026-08-13 23:18:34,637 - post_processor_c35a117e9f5a - INFO - PPE frame complete | camera=ppe_test_cam1 | violation=False
2026-08-13 23:18:59,523 - post_processor_c35a117e9f5a - INFO - [FRAME RECEIVED] topic=post_processing | partition=0 | offset=705 | frame_id=None | camera=ppe_test_cam1
2026-08-13 23:18:59,524 - post_processor_c35a117e9f5a - INFO - [DETECT BATCH] START | od=0 | ppe=1
2026-08-13 23:18:59,524 - post_processor_c35a117e9f5a - INFO - [PROCESS PPE DETECTION] camera=ppe_test_cam1 | severity=none | violated=[]
2026-08-13 23:18:59,524 - post_processor_c35a117e9f5a - INFO - [DETECT BATCH] DONE | od=0 | ppe=1
2026-08-13 23:18:59,524 - post_processor_c35a117e9f5a - INFO - PPE meta buffered | camera=ppe_test_cam1 | violation=False
2026-08-13 23:18:59,524 - post_processor_c35a117e9f5a - INFO - PPE frame complete | camera=ppe_test_cam1 | violation=False
2026-08-13 23:19:00,575 - post_processor_c35a117e9f5a - INFO - [FRAME RECEIVED] topic=post_processing | partition=0 | offset=706 | frame_id=None | camera=ppe_test_cam1
2026-08-13 23:19:00,575 - post_processor_c35a117e9f5a - INFO - [DETECT BATCH] START | od=0 | ppe=1
2026-08-13 23:19:00,575 - post_processor_c35a117e9f5a - INFO - [PROCESS PPE DETECTION] camera=ppe_test_cam1 | severity=none | violated=[]
2026-08-13 23:19:00,576 - post_processor_c35a117e9f5a - INFO - [DETECT BATCH] DONE | od=0 | ppe=1
2026-08-13 23:19:00,576 - post_processor_c35a117e9f5a - INFO - PPE meta buffered | camera=ppe_test_cam1 | violation=False
2026-08-13 23:19:00,592 - post_processor_c35a117e9f5a - INFO - PPE MongoDB batch insert | camera=ppe_test_cam1 | count=10
2026-08-13 23:19:00,593 - post_processor_c35a117e9f5a - INFO - PPE frame complete | camera=ppe_test_cam1 | violation=False
2026-08-13 23:19:00,594 - post_processor_c35a117e9f5a - INFO - Kafka offsets committed | count=10
2026-08-13 23:19:18,634 - post_processor_c35a117e9f5a - INFO - [FRAME RECEIVED] topic=post_processing | partition=0 | offset=707 | frame_id=None | camera=ppe_test_cam1
2026-08-13 23:19:18,634 - post_processor_c35a117e9f5a - INFO - [DETECT BATCH] START | od=0 | ppe=1
2026-08-13 23:19:18,634 - post_processor_c35a117e9f5a - INFO - [PROCESS PPE DETECTION] camera=ppe_test_cam1 | severity=low | violated=['No-Shoes', 'No-Shoes']
2026-08-13 23:19:18,637 - post_processor_c35a117e9f5a - INFO - PPE alert image saved | path=/Aksha/ppe_test_cam1/alerts/2026-08-13/2026-08-13 23:19:18.63_alert.jpg
2026-08-13 23:19:18,638 - post_processor_c35a117e9f5a - INFO - [DETECT BATCH] DONE | od=0 | ppe=1
2026-08-13 23:19:18,638 - post_processor_c35a117e9f5a - INFO - PPE meta buffered | camera=ppe_test_cam1 | violation=True
2026-08-13 23:19:18,689 - post_processor_c35a117e9f5a - INFO - PPE alert dual-written to alerts collection | camera=ppe_test_cam1
2026-08-13 23:19:18,690 - post_processor_c35a117e9f5a - INFO - ppe_status_check | has_violation=True | validity=True
2026-08-13 23:19:18,691 - post_processor_c35a117e9f5a - INFO - PPE notification approved | camera=ppe_test_cam1 | severity=low
2026-08-13 23:19:18,691 - post_processor_c35a117e9f5a - INFO - PPE notification sent | camera=ppe_test_cam1 | severity=low | topic=notification_service
2026-08-13 23:19:18,692 - post_processor_c35a117e9f5a - INFO - PPE frame complete | camera=ppe_test_cam1 | violation=True
2026-08-13 23:19:18,692 - post_processor_c35a117e9f5a - INFO - [FRAME RECEIVED] topic=post_processing | partition=0 | offset=708 | frame_id=None | camera=ppe_test_cam1
2026-08-13 23:19:18,692 - post_processor_c35a117e9f5a - INFO - [DETECT BATCH] START | od=0 | ppe=1
2026-08-13 23:19:18,693 - post_processor_c35a117e9f5a - INFO - [PROCESS PPE DETECTION] camera=ppe_test_cam1 | severity=none | violated=[]
2026-08-13 23:19:18,693 - post_processor_c35a117e9f5a - INFO - [DETECT BATCH] DONE | od=0 | ppe=1
2026-08-13 23:19:18,693 - post_processor_c35a117e9f5a - INFO - PPE meta buffered | camera=ppe_test_cam1 | violation=False
2026-08-13 23:19:18,693 - post_processor_c35a117e9f5a - INFO - PPE frame complete | camera=ppe_test_cam1 | violation=False
2026-08-13 23:19:19,487 - post_processor_c35a117e9f5a - INFO - [FRAME RECEIVED] topic=post_processing | partition=0 | offset=709 | frame_id=None | camera=ppe_test_cam1
2026-08-13 23:19:19,487 - post_processor_c35a117e9f5a - INFO - [DETECT BATCH] START | od=0 | ppe=1
2026-08-13 23:19:19,488 - post_processor_c35a117e9f5a - INFO - [PROCESS PPE DETECTION] camera=ppe_test_cam1 | severity=none | violated=[]
2026-08-13 23:19:19,488 - post_processor_c35a117e9f5a - INFO - [DETECT BATCH] DONE | od=0 | ppe=1
2026-08-13 23:19:19,488 - post_processor_c35a117e9f5a - INFO - PPE meta buffered | camera=ppe_test_cam1 | violation=False
2026-08-13 23:19:19,488 - post_processor_c35a117e9f5a - INFO - PPE frame complete | camera=ppe_test_cam1 | violation=False
2026-08-13 23:19:19,523 - post_processor_c35a117e9f5a - INFO - [FRAME RECEIVED] topic=post_processing | partition=0 | offset=710 | frame_id=None | camera=ppe_test_cam1
2026-08-13 23:19:19,523 - post_processor_c35a117e9f5a - INFO - [DETECT BATCH] START | od=0 | ppe=1
2026-08-13 23:19:19,523 - post_processor_c35a117e9f5a - INFO - [PROCESS PPE DETECTION] camera=ppe_test_cam1 | severity=low | violated=['No-Shoes', 'No-Shoes']
2026-08-13 23:19:19,527 - post_processor_c35a117e9f5a - INFO - PPE alert image saved | path=/Aksha/ppe_test_cam1/alerts/2026-08-13/2026-08-13 23:19:19.52_alert.jpg
2026-08-13 23:19:19,527 - post_processor_c35a117e9f5a - INFO - [DETECT BATCH] DONE | od=0 | ppe=1
2026-08-13 23:19:19,527 - post_processor_c35a117e9f5a - INFO - PPE meta buffered | camera=ppe_test_cam1 | violation=True
2026-08-13 23:19:19,549 - post_processor_c35a117e9f5a - INFO - PPE alert dual-written to alerts collection | camera=ppe_test_cam1
2026-08-13 23:19:19,550 - post_processor_c35a117e9f5a - INFO - ppe_status_check | has_violation=True | validity=False
2026-08-13 23:19:19,550 - post_processor_c35a117e9f5a - INFO - PPE notification suppressed by cooldown | camera=ppe_test_cam1
2026-08-13 23:19:19,550 - post_processor_c35a117e9f5a - INFO - PPE frame complete | camera=ppe_test_cam1 | violation=True
2026-08-13 23:19:20,629 - post_processor_c35a117e9f5a - INFO - [FRAME RECEIVED] topic=post_processing | partition=0 | offset=711 | frame_id=None | camera=ppe_test_cam1
2026-08-13 23:19:20,629 - post_processor_c35a117e9f5a - INFO - [DETECT BATCH] START | od=0 | ppe=1
2026-08-13 23:19:20,629 - post_processor_c35a117e9f5a - INFO - [PROCESS PPE DETECTION] camera=ppe_test_cam1 | severity=none | violated=[]
2026-08-13 23:19:20,630 - post_processor_c35a117e9f5a - INFO - [DETECT BATCH] DONE | od=0 | ppe=1
2026-08-13 23:19:20,630 - post_processor_c35a117e9f5a - INFO - PPE meta buffered | camera=ppe_test_cam1 | violation=False
2026-08-13 23:19:20,630 - post_processor_c35a117e9f5a - INFO - PPE frame complete | camera=ppe_test_cam1 | violation=False
2026-08-13 23:19:20,631 - post_processor_c35a117e9f5a - INFO - [FRAME RECEIVED] topic=post_processing | partition=0 | offset=712 | frame_id=None | camera=ppe_test_cam1
2026-08-13 23:19:20,631 - post_processor_c35a117e9f5a - INFO - [DETECT BATCH] START | od=0 | ppe=1
2026-08-13 23:19:20,632 - post_processor_c35a117e9f5a - INFO - [PROCESS PPE DETECTION] camera=ppe_test_cam1 | severity=low | violated=['No-Shoes', 'No-Shoes']
2026-08-13 23:19:20,635 - post_processor_c35a117e9f5a - INFO - PPE alert image saved | path=/Aksha/ppe_test_cam1/alerts/2026-08-13/2026-08-13 23:19:20.63_alert.jpg
2026-08-13 23:19:20,636 - post_processor_c35a117e9f5a - INFO - [DETECT BATCH] DONE | od=0 | ppe=1
2026-08-13 23:19:20,636 - post_processor_c35a117e9f5a - INFO - PPE meta buffered | camera=ppe_test_cam1 | violation=True
2026-08-13 23:19:20,657 - post_processor_c35a117e9f5a - INFO - PPE alert dual-written to alerts collection | camera=ppe_test_cam1
2026-08-13 23:19:20,658 - post_processor_c35a117e9f5a - INFO - ppe_status_check | has_violation=True | validity=False
2026-08-13 23:19:20,658 - post_processor_c35a117e9f5a - INFO - PPE notification suppressed by cooldown | camera=ppe_test_cam1
2026-08-13 23:19:20,658 - post_processor_c35a117e9f5a - INFO - PPE frame complete | camera=ppe_test_cam1 | violation=True
2026-08-13 23:19:21,622 - post_processor_c35a117e9f5a - INFO - [FRAME RECEIVED] topic=post_processing | partition=0 | offset=713 | frame_id=None | camera=ppe_test_cam1
2026-08-13 23:19:21,622 - post_processor_c35a117e9f5a - INFO - [DETECT BATCH] START | od=0 | ppe=1
2026-08-13 23:19:21,623 - post_processor_c35a117e9f5a - INFO - [PROCESS PPE DETECTION] camera=ppe_test_cam1 | severity=none | violated=[]
2026-08-13 23:19:21,624 - post_processor_c35a117e9f5a - INFO - [DETECT BATCH] DONE | od=0 | ppe=1
2026-08-13 23:19:21,624 - post_processor_c35a117e9f5a - INFO - PPE meta buffered | camera=ppe_test_cam1 | violation=False
2026-08-13 23:19:21,624 - post_processor_c35a117e9f5a - INFO - PPE frame complete | camera=ppe_test_cam1 | violation=False
2026-08-13 23:19:21,624 - post_processor_c35a117e9f5a - INFO - [FRAME RECEIVED] topic=post_processing | partition=0 | offset=714 | frame_id=None | camera=ppe_test_cam1
2026-08-13 23:19:21,625 - post_processor_c35a117e9f5a - INFO - [DETECT BATCH] START | od=0 | ppe=1
2026-08-13 23:19:21,625 - post_processor_c35a117e9f5a - INFO - [PROCESS PPE DETECTION] camera=ppe_test_cam1 | severity=low | violated=['No-Shoes', 'No-Shoes']
2026-08-13 23:19:21,629 - post_processor_c35a117e9f5a - INFO - PPE alert image saved | path=/Aksha/ppe_test_cam1/alerts/2026-08-13/2026-08-13 23:19:21.62_alert.jpg
2026-08-13 23:19:21,629 - post_processor_c35a117e9f5a - INFO - [DETECT BATCH] DONE | od=0 | ppe=1
2026-08-13 23:19:21,629 - post_processor_c35a117e9f5a - INFO - PPE meta buffered | camera=ppe_test_cam1 | violation=True
2026-08-13 23:19:21,649 - post_processor_c35a117e9f5a - INFO - PPE alert dual-written to alerts collection | camera=ppe_test_cam1
2026-08-13 23:19:21,650 - post_processor_c35a117e9f5a - INFO - ppe_status_check | has_violation=True | validity=False
2026-08-13 23:19:21,650 - post_processor_c35a117e9f5a - INFO - PPE notification suppressed by cooldown | camera=ppe_test_cam1
2026-08-13 23:19:21,650 - post_processor_c35a117e9f5a - INFO - PPE frame complete | camera=ppe_test_cam1 | violation=True
2026-08-13 23:19:22,457 - post_processor_c35a117e9f5a - INFO - [FRAME RECEIVED] topic=post_processing | partition=0 | offset=715 | frame_id=None | camera=ppe_test_cam1
2026-08-13 23:19:22,457 - post_processor_c35a117e9f5a - INFO - [DETECT BATCH] START | od=0 | ppe=1
2026-08-13 23:19:22,457 - post_processor_c35a117e9f5a - INFO - [PROCESS PPE DETECTION] camera=ppe_test_cam1 | severity=none | violated=[]
2026-08-13 23:19:22,457 - post_processor_c35a117e9f5a - INFO - [DETECT BATCH] DONE | od=0 | ppe=1
2026-08-13 23:19:22,458 - post_processor_c35a117e9f5a - INFO - PPE meta buffered | camera=ppe_test_cam1 | violation=False
2026-08-13 23:19:22,458 - post_processor_c35a117e9f5a - INFO - PPE frame complete | camera=ppe_test_cam1 | violation=False
2026-08-13 23:19:27,613 - post_processor_c35a117e9f5a - INFO - [FRAME RECEIVED] topic=post_processing | partition=0 | offset=716 | frame_id=None | camera=ppe_test_cam1
2026-08-13 23:19:27,613 - post_processor_c35a117e9f5a - INFO - [DETECT BATCH] START | od=0 | ppe=1
2026-08-13 23:19:27,613 - post_processor_c35a117e9f5a - INFO - [PROCESS PPE DETECTION] camera=ppe_test_cam1 | severity=none | violated=[]
2026-08-13 23:19:27,614 - post_processor_c35a117e9f5a - INFO - [DETECT BATCH] DONE | od=0 | ppe=1
2026-08-13 23:19:27,614 - post_processor_c35a117e9f5a - INFO - PPE meta buffered | camera=ppe_test_cam1 | violation=False
2026-08-13 23:19:27,650 - post_processor_c35a117e9f5a - INFO - PPE MongoDB batch insert | camera=ppe_test_cam1 | count=10
2026-08-13 23:19:27,650 - post_processor_c35a117e9f5a - INFO - PPE frame complete | camera=ppe_test_cam1 | violation=False
2026-08-13 23:19:27,651 - post_processor_c35a117e9f5a - INFO - Kafka offsets committed | count=10
2026-08-13 23:19:28,502 - post_processor_c35a117e9f5a - INFO - [FRAME RECEIVED] topic=post_processing | partition=0 | offset=717 | frame_id=None | camera=ppe_test_cam1
2026-08-13 23:19:28,502 - post_processor_c35a117e9f5a - INFO - [DETECT BATCH] START | od=0 | ppe=1
2026-08-13 23:19:28,502 - post_processor_c35a117e9f5a - INFO - [PROCESS PPE DETECTION] camera=ppe_test_cam1 | severity=none | violated=[]
2026-08-13 23:19:28,503 - post_processor_c35a117e9f5a - INFO - [DETECT BATCH] DONE | od=0 | ppe=1
2026-08-13 23:19:28,503 - post_processor_c35a117e9f5a - INFO - PPE meta buffered | camera=ppe_test_cam1 | violation=False
2026-08-13 23:19:28,503 - post_processor_c35a117e9f5a - INFO - PPE frame complete | camera=ppe_test_cam1 | violation=False
2026-08-13 23:19:29,543 - post_processor_c35a117e9f5a - INFO - [FRAME RECEIVED] topic=post_processing | partition=0 | offset=718 | frame_id=None | camera=ppe_test_cam1
2026-08-13 23:19:29,544 - post_processor_c35a117e9f5a - INFO - [DETECT BATCH] START | od=0 | ppe=1
2026-08-13 23:19:29,544 - post_processor_c35a117e9f5a - INFO - [PROCESS PPE DETECTION] camera=ppe_test_cam1 | severity=none | violated=[]
2026-08-13 23:19:29,544 - post_processor_c35a117e9f5a - INFO - [DETECT BATCH] DONE | od=0 | ppe=1
2026-08-13 23:19:29,545 - post_processor_c35a117e9f5a - INFO - PPE meta buffered | camera=ppe_test_cam1 | violation=False
2026-08-13 23:19:29,545 - post_processor_c35a117e9f5a - INFO - PPE frame complete | camera=ppe_test_cam1 | violation=False
2026-08-13 23:19:30,501 - post_processor_c35a117e9f5a - INFO - [FRAME RECEIVED] topic=post_processing | partition=0 | offset=719 | frame_id=None | camera=ppe_test_cam1
2026-08-13 23:19:30,501 - post_processor_c35a117e9f5a - INFO - [DETECT BATCH] START | od=0 | ppe=1
2026-08-13 23:19:30,501 - post_processor_c35a117e9f5a - INFO - [PROCESS PPE DETECTION] camera=ppe_test_cam1 | severity=none | violated=[]
2026-08-13 23:19:30,501 - post_processor_c35a117e9f5a - INFO - [DETECT BATCH] DONE | od=0 | ppe=1
2026-08-13 23:19:30,502 - post_processor_c35a117e9f5a - INFO - PPE meta buffered | camera=ppe_test_cam1 | violation=False
2026-08-13 23:19:30,502 - post_processor_c35a117e9f5a - INFO - PPE frame complete | camera=ppe_test_cam1 | violation=False
2026-08-13 23:19:31,593 - post_processor_c35a117e9f5a - INFO - [FRAME RECEIVED] topic=post_processing | partition=0 | offset=720 | frame_id=None | camera=ppe_test_cam1
2026-08-13 23:19:31,593 - post_processor_c35a117e9f5a - INFO - [DETECT BATCH] START | od=0 | ppe=1
2026-08-13 23:19:31,594 - post_processor_c35a117e9f5a - INFO - [PROCESS PPE DETECTION] camera=ppe_test_cam1 | severity=none | violated=[]
2026-08-13 23:19:31,594 - post_processor_c35a117e9f5a - INFO - [DETECT BATCH] DONE | od=0 | ppe=1
2026-08-13 23:19:31,594 - post_processor_c35a117e9f5a - INFO - PPE meta buffered | camera=ppe_test_cam1 | violation=False
2026-08-13 23:19:31,594 - post_processor_c35a117e9f5a - INFO - PPE frame complete | camera=ppe_test_cam1 | violation=False
2026-08-13 23:19:32,606 - post_processor_c35a117e9f5a - INFO - [FRAME RECEIVED] topic=post_processing | partition=0 | offset=721 | frame_id=None | camera=ppe_test_cam1
2026-08-13 23:19:32,606 - post_processor_c35a117e9f5a - INFO - [DETECT BATCH] START | od=0 | ppe=1
2026-08-13 23:19:32,607 - post_processor_c35a117e9f5a - INFO - [PROCESS PPE DETECTION] camera=ppe_test_cam1 | severity=none | violated=[]
2026-08-13 23:19:32,607 - post_processor_c35a117e9f5a - INFO - [DETECT BATCH] DONE | od=0 | ppe=1
2026-08-13 23:19:32,607 - post_processor_c35a117e9f5a - INFO - PPE meta buffered | camera=ppe_test_cam1 | violation=False
2026-08-13 23:19:32,607 - post_processor_c35a117e9f5a - INFO - PPE frame complete | camera=ppe_test_cam1 | violation=False
2026-08-13 23:19:33,616 - post_processor_c35a117e9f5a - INFO - [FRAME RECEIVED] topic=post_processing | partition=0 | offset=722 | frame_id=None | camera=ppe_test_cam1
2026-08-13 23:19:33,616 - post_processor_c35a117e9f5a - INFO - [DETECT BATCH] START | od=0 | ppe=1
2026-08-13 23:19:33,617 - post_processor_c35a117e9f5a - INFO - [PROCESS PPE DETECTION] camera=ppe_test_cam1 | severity=none | violated=[]
2026-08-13 23:19:33,617 - post_processor_c35a117e9f5a - INFO - [DETECT BATCH] DONE | od=0 | ppe=1
2026-08-13 23:19:33,617 - post_processor_c35a117e9f5a - INFO - PPE meta buffered | camera=ppe_test_cam1 | violation=False
2026-08-13 23:19:33,617 - post_processor_c35a117e9f5a - INFO - PPE frame complete | camera=ppe_test_cam1 | violation=False
2026-08-13 23:19:34,621 - post_processor_c35a117e9f5a - INFO - [FRAME RECEIVED] topic=post_processing | partition=0 | offset=723 | frame_id=None | camera=ppe_test_cam1
2026-08-13 23:19:34,621 - post_processor_c35a117e9f5a - INFO - [DETECT BATCH] START | od=0 | ppe=1
2026-08-13 23:19:34,621 - post_processor_c35a117e9f5a - INFO - [PROCESS PPE DETECTION] camera=ppe_test_cam1 | severity=none | violated=[]
2026-08-13 23:19:34,621 - post_processor_c35a117e9f5a - INFO - [DETECT BATCH] DONE | od=0 | ppe=1
2026-08-13 23:19:34,621 - post_processor_c35a117e9f5a - INFO - PPE meta buffered | camera=ppe_test_cam1 | violation=False
2026-08-13 23:19:34,621 - post_processor_c35a117e9f5a - INFO - PPE frame complete | camera=ppe_test_cam1 | violation=False
2026-08-13 23:19:34,651 - post_processor_c35a117e9f5a - INFO - [FRAME RECEIVED] topic=post_processing | partition=0 | offset=724 | frame_id=None | camera=ppe_test_cam1
2026-08-13 23:19:34,652 - post_processor_c35a117e9f5a - INFO - [DETECT BATCH] START | od=0 | ppe=1
2026-08-13 23:19:34,652 - post_processor_c35a117e9f5a - INFO - [PROCESS PPE DETECTION] camera=ppe_test_cam1 | severity=none | violated=[]
2026-08-13 23:19:34,652 - post_processor_c35a117e9f5a - INFO - [DETECT BATCH] DONE | od=0 | ppe=1
2026-08-13 23:19:34,652 - post_processor_c35a117e9f5a - INFO - PPE meta buffered | camera=ppe_test_cam1 | violation=False
2026-08-13 23:19:34,652 - post_processor_c35a117e9f5a - INFO - PPE frame complete | camera=ppe_test_cam1 | violation=False
2026-08-13 23:19:59,641 - post_processor_c35a117e9f5a - INFO - [FRAME RECEIVED] topic=post_processing | partition=0 | offset=725 | frame_id=None | camera=ppe_test_cam1
2026-08-13 23:19:59,641 - post_processor_c35a117e9f5a - INFO - [DETECT BATCH] START | od=0 | ppe=1
2026-08-13 23:19:59,642 - post_processor_c35a117e9f5a - INFO - [PROCESS PPE DETECTION] camera=ppe_test_cam1 | severity=none | violated=[]
2026-08-13 23:19:59,642 - post_processor_c35a117e9f5a - INFO - [DETECT BATCH] DONE | od=0 | ppe=1
2026-08-13 23:19:59,642 - post_processor_c35a117e9f5a - INFO - PPE meta buffered | camera=ppe_test_cam1 | violation=False
2026-08-13 23:19:59,642 - post_processor_c35a117e9f5a - INFO - PPE frame complete | camera=ppe_test_cam1 | violation=False
2026-08-13 23:20:00,548 - post_processor_c35a117e9f5a - INFO - [FRAME RECEIVED] topic=post_processing | partition=0 | offset=726 | frame_id=None | camera=ppe_test_cam1
2026-08-13 23:20:00,549 - post_processor_c35a117e9f5a - INFO - [DETECT BATCH] START | od=0 | ppe=1
2026-08-13 23:20:00,549 - post_processor_c35a117e9f5a - INFO - [PROCESS PPE DETECTION] camera=ppe_test_cam1 | severity=none | violated=[]
2026-08-13 23:20:00,549 - post_processor_c35a117e9f5a - INFO - [DETECT BATCH] DONE | od=0 | ppe=1
2026-08-13 23:20:00,550 - post_processor_c35a117e9f5a - INFO - PPE meta buffered | camera=ppe_test_cam1 | violation=False
2026-08-13 23:20:00,563 - post_processor_c35a117e9f5a - INFO - PPE MongoDB batch insert | camera=ppe_test_cam1 | count=10
2026-08-13 23:20:00,564 - post_processor_c35a117e9f5a - INFO - PPE frame complete | camera=ppe_test_cam1 | violation=False
2026-08-13 23:20:00,565 - post_processor_c35a117e9f5a - INFO - Kafka offsets committed | count=10
2026-08-13 23:20:18,602 - post_processor_c35a117e9f5a - INFO - [FRAME RECEIVED] topic=post_processing | partition=0 | offset=727 | frame_id=None | camera=ppe_test_cam1
2026-08-13 23:20:18,602 - post_processor_c35a117e9f5a - INFO - [DETECT BATCH] START | od=0 | ppe=1
2026-08-13 23:20:18,603 - post_processor_c35a117e9f5a - INFO - [PROCESS PPE DETECTION] camera=ppe_test_cam1 | severity=none | violated=[]
2026-08-13 23:20:18,603 - post_processor_c35a117e9f5a - INFO - [DETECT BATCH] DONE | od=0 | ppe=1
2026-08-13 23:20:18,603 - post_processor_c35a117e9f5a - INFO - PPE meta buffered | camera=ppe_test_cam1 | violation=False
2026-08-13 23:20:18,603 - post_processor_c35a117e9f5a - INFO - PPE frame complete | camera=ppe_test_cam1 | violation=False
2026-08-13 23:20:18,634 - post_processor_c35a117e9f5a - INFO - [FRAME RECEIVED] topic=post_processing | partition=0 | offset=728 | frame_id=None | camera=ppe_test_cam1
2026-08-13 23:20:18,634 - post_processor_c35a117e9f5a - INFO - [DETECT BATCH] START | od=0 | ppe=1
2026-08-13 23:20:18,635 - post_processor_c35a117e9f5a - INFO - [PROCESS PPE DETECTION] camera=ppe_test_cam1 | severity=low | violated=['No-Shoes', 'No-Shoes']
2026-08-13 23:20:18,638 - post_processor_c35a117e9f5a - INFO - PPE alert image saved | path=/Aksha/ppe_test_cam1/alerts/2026-08-13/2026-08-13 23:20:18.63_alert.jpg
2026-08-13 23:20:18,638 - post_processor_c35a117e9f5a - INFO - [DETECT BATCH] DONE | od=0 | ppe=1
2026-08-13 23:20:18,638 - post_processor_c35a117e9f5a - INFO - PPE meta buffered | camera=ppe_test_cam1 | violation=True
2026-08-13 23:20:18,662 - post_processor_c35a117e9f5a - INFO - PPE alert dual-written to alerts collection | camera=ppe_test_cam1
2026-08-13 23:20:18,663 - post_processor_c35a117e9f5a - INFO - ppe_status_check | has_violation=True | validity=True
2026-08-13 23:20:18,663 - post_processor_c35a117e9f5a - INFO - PPE notification approved | camera=ppe_test_cam1 | severity=low
2026-08-13 23:20:18,663 - post_processor_c35a117e9f5a - INFO - PPE notification sent | camera=ppe_test_cam1 | severity=low | topic=notification_service
2026-08-13 23:20:18,664 - post_processor_c35a117e9f5a - INFO - PPE frame complete | camera=ppe_test_cam1 | violation=True
2026-08-13 23:20:19,600 - post_processor_c35a117e9f5a - INFO - [FRAME RECEIVED] topic=post_processing | partition=0 | offset=729 | frame_id=None | camera=ppe_test_cam1
2026-08-13 23:20:19,600 - post_processor_c35a117e9f5a - INFO - [DETECT BATCH] START | od=0 | ppe=1
2026-08-13 23:20:19,600 - post_processor_c35a117e9f5a - INFO - [PROCESS PPE DETECTION] camera=ppe_test_cam1 | severity=none | violated=[]
2026-08-13 23:20:19,600 - post_processor_c35a117e9f5a - INFO - [DETECT BATCH] DONE | od=0 | ppe=1
2026-08-13 23:20:19,601 - post_processor_c35a117e9f5a - INFO - PPE meta buffered | camera=ppe_test_cam1 | violation=False
2026-08-13 23:20:19,601 - post_processor_c35a117e9f5a - INFO - PPE frame complete | camera=ppe_test_cam1 | violation=False
2026-08-13 23:20:19,601 - post_processor_c35a117e9f5a - INFO - [FRAME RECEIVED] topic=post_processing | partition=0 | offset=730 | frame_id=None | camera=ppe_test_cam1
2026-08-13 23:20:19,601 - post_processor_c35a117e9f5a - INFO - [DETECT BATCH] START | od=0 | ppe=1
2026-08-13 23:20:19,601 - post_processor_c35a117e9f5a - INFO - [PROCESS PPE DETECTION] camera=ppe_test_cam1 | severity=low | violated=['No-Shoes', 'No-Shoes']
2026-08-13 23:20:19,605 - post_processor_c35a117e9f5a - INFO - PPE alert image saved | path=/Aksha/ppe_test_cam1/alerts/2026-08-13/2026-08-13 23:20:19.60_alert.jpg
2026-08-13 23:20:19,605 - post_processor_c35a117e9f5a - INFO - [DETECT BATCH] DONE | od=0 | ppe=1
2026-08-13 23:20:19,605 - post_processor_c35a117e9f5a - INFO - PPE meta buffered | camera=ppe_test_cam1 | violation=True
2026-08-13 23:20:19,629 - post_processor_c35a117e9f5a - INFO - PPE alert dual-written to alerts collection | camera=ppe_test_cam1
2026-08-13 23:20:19,629 - post_processor_c35a117e9f5a - INFO - ppe_status_check | has_violation=True | validity=False
2026-08-13 23:20:19,629 - post_processor_c35a117e9f5a - INFO - PPE notification suppressed by cooldown | camera=ppe_test_cam1
2026-08-13 23:20:19,630 - post_processor_c35a117e9f5a - INFO - PPE frame complete | camera=ppe_test_cam1 | violation=True
2026-08-13 23:20:20,597 - post_processor_c35a117e9f5a - INFO - [FRAME RECEIVED] topic=post_processing | partition=0 | offset=731 | frame_id=None | camera=ppe_test_cam1
2026-08-13 23:20:20,598 - post_processor_c35a117e9f5a - INFO - [DETECT BATCH] START | od=0 | ppe=1
2026-08-13 23:20:20,598 - post_processor_c35a117e9f5a - INFO - [PROCESS PPE DETECTION] camera=ppe_test_cam1 | severity=none | violated=[]
2026-08-13 23:20:20,598 - post_processor_c35a117e9f5a - INFO - [DETECT BATCH] DONE | od=0 | ppe=1
2026-08-13 23:20:20,599 - post_processor_c35a117e9f5a - INFO - PPE meta buffered | camera=ppe_test_cam1 | violation=False
2026-08-13 23:20:20,599 - post_processor_c35a117e9f5a - INFO - PPE frame complete | camera=ppe_test_cam1 | violation=False
2026-08-13 23:20:20,633 - post_processor_c35a117e9f5a - INFO - [FRAME RECEIVED] topic=post_processing | partition=0 | offset=732 | frame_id=None | camera=ppe_test_cam1
2026-08-13 23:20:20,634 - post_processor_c35a117e9f5a - INFO - [DETECT BATCH] START | od=0 | ppe=1
2026-08-13 23:20:20,634 - post_processor_c35a117e9f5a - INFO - [PROCESS PPE DETECTION] camera=ppe_test_cam1 | severity=low | violated=['No-Shoes', 'No-Shoes']
2026-08-13 23:20:20,640 - post_processor_c35a117e9f5a - INFO - PPE alert image saved | path=/Aksha/ppe_test_cam1/alerts/2026-08-13/2026-08-13 23:20:20.63_alert.jpg
2026-08-13 23:20:20,640 - post_processor_c35a117e9f5a - INFO - [DETECT BATCH] DONE | od=0 | ppe=1
2026-08-13 23:20:20,640 - post_processor_c35a117e9f5a - INFO - PPE meta buffered | camera=ppe_test_cam1 | violation=True
2026-08-13 23:20:20,654 - post_processor_c35a117e9f5a - INFO - PPE alert dual-written to alerts collection | camera=ppe_test_cam1
2026-08-13 23:20:20,655 - post_processor_c35a117e9f5a - INFO - ppe_status_check | has_violation=True | validity=False
2026-08-13 23:20:20,655 - post_processor_c35a117e9f5a - INFO - PPE notification suppressed by cooldown | camera=ppe_test_cam1
2026-08-13 23:20:20,655 - post_processor_c35a117e9f5a - INFO - PPE frame complete | camera=ppe_test_cam1 | violation=True
2026-08-13 23:20:21,496 - post_processor_c35a117e9f5a - INFO - [FRAME RECEIVED] topic=post_processing | partition=0 | offset=733 | frame_id=None | camera=ppe_test_cam1
2026-08-13 23:20:21,497 - post_processor_c35a117e9f5a - INFO - [DETECT BATCH] START | od=0 | ppe=1
2026-08-13 23:20:21,498 - post_processor_c35a117e9f5a - INFO - [PROCESS PPE DETECTION] camera=ppe_test_cam1 | severity=none | violated=[]
2026-08-13 23:20:21,499 - post_processor_c35a117e9f5a - INFO - [DETECT BATCH] DONE | od=0 | ppe=1
2026-08-13 23:20:21,499 - post_processor_c35a117e9f5a - INFO - PPE meta buffered | camera=ppe_test_cam1 | violation=False
2026-08-13 23:20:21,499 - post_processor_c35a117e9f5a - INFO - PPE frame complete | camera=ppe_test_cam1 | violation=False
2026-08-13 23:20:21,531 - post_processor_c35a117e9f5a - INFO - [FRAME RECEIVED] topic=post_processing | partition=0 | offset=734 | frame_id=None | camera=ppe_test_cam1
2026-08-13 23:20:21,531 - post_processor_c35a117e9f5a - INFO - [DETECT BATCH] START | od=0 | ppe=1
2026-08-13 23:20:21,531 - post_processor_c35a117e9f5a - INFO - [PROCESS PPE DETECTION] camera=ppe_test_cam1 | severity=low | violated=['No-Shoes', 'No-Shoes']
2026-08-13 23:20:21,535 - post_processor_c35a117e9f5a - INFO - PPE alert image saved | path=/Aksha/ppe_test_cam1/alerts/2026-08-13/2026-08-13 23:20:21.53_alert.jpg
2026-08-13 23:20:21,536 - post_processor_c35a117e9f5a - INFO - [DETECT BATCH] DONE | od=0 | ppe=1
2026-08-13 23:20:21,536 - post_processor_c35a117e9f5a - INFO - PPE meta buffered | camera=ppe_test_cam1 | violation=True
2026-08-13 23:20:21,591 - post_processor_c35a117e9f5a - INFO - PPE alert dual-written to alerts collection | camera=ppe_test_cam1
2026-08-13 23:20:21,592 - post_processor_c35a117e9f5a - INFO - ppe_status_check | has_violation=True | validity=False
2026-08-13 23:20:21,592 - post_processor_c35a117e9f5a - INFO - PPE notification suppressed by cooldown | camera=ppe_test_cam1
2026-08-13 23:20:21,592 - post_processor_c35a117e9f5a - INFO - PPE frame complete | camera=ppe_test_cam1 | violation=True
2026-08-13 23:20:22,545 - post_processor_c35a117e9f5a - INFO - [FRAME RECEIVED] topic=post_processing | partition=0 | offset=735 | frame_id=None | camera=ppe_test_cam1
2026-08-13 23:20:22,546 - post_processor_c35a117e9f5a - INFO - [DETECT BATCH] START | od=0 | ppe=1
2026-08-13 23:20:22,546 - post_processor_c35a117e9f5a - INFO - [PROCESS PPE DETECTION] camera=ppe_test_cam1 | severity=none | violated=[]
2026-08-13 23:20:22,546 - post_processor_c35a117e9f5a - INFO - [DETECT BATCH] DONE | od=0 | ppe=1
2026-08-13 23:20:22,547 - post_processor_c35a117e9f5a - INFO - PPE meta buffered | camera=ppe_test_cam1 | violation=False
2026-08-13 23:20:22,547 - post_processor_c35a117e9f5a - INFO - PPE frame complete | camera=ppe_test_cam1 | violation=False
2026-08-13 23:20:27,583 - post_processor_c35a117e9f5a - INFO - [FRAME RECEIVED] topic=post_processing | partition=0 | offset=736 | frame_id=None | camera=ppe_test_cam1
2026-08-13 23:20:27,583 - post_processor_c35a117e9f5a - INFO - [DETECT BATCH] START | od=0 | ppe=1
2026-08-13 23:20:27,584 - post_processor_c35a117e9f5a - INFO - [PROCESS PPE DETECTION] camera=ppe_test_cam1 | severity=none | violated=[]
2026-08-13 23:20:27,585 - post_processor_c35a117e9f5a - INFO - [DETECT BATCH] DONE | od=0 | ppe=1
2026-08-13 23:20:27,585 - post_processor_c35a117e9f5a - INFO - PPE meta buffered | camera=ppe_test_cam1 | violation=False
2026-08-13 23:20:27,607 - post_processor_c35a117e9f5a - INFO - PPE MongoDB batch insert | camera=ppe_test_cam1 | count=10
2026-08-13 23:20:27,607 - post_processor_c35a117e9f5a - INFO - PPE frame complete | camera=ppe_test_cam1 | violation=False
2026-08-13 23:20:27,608 - post_processor_c35a117e9f5a - INFO - Kafka offsets committed | count=10
2026-08-13 23:20:28,582 - post_processor_c35a117e9f5a - INFO - [FRAME RECEIVED] topic=post_processing | partition=0 | offset=737 | frame_id=None | camera=ppe_test_cam1
2026-08-13 23:20:28,582 - post_processor_c35a117e9f5a - INFO - [DETECT BATCH] START | od=0 | ppe=1
2026-08-13 23:20:28,583 - post_processor_c35a117e9f5a - INFO - [PROCESS PPE DETECTION] camera=ppe_test_cam1 | severity=none | violated=[]
2026-08-13 23:20:28,584 - post_processor_c35a117e9f5a - INFO - [DETECT BATCH] DONE | od=0 | ppe=1
2026-08-13 23:20:28,584 - post_processor_c35a117e9f5a - INFO - PPE meta buffered | camera=ppe_test_cam1 | violation=False
2026-08-13 23:20:28,585 - post_processor_c35a117e9f5a - INFO - PPE frame complete | camera=ppe_test_cam1 | violation=False
2026-08-13 23:20:29,484 - post_processor_c35a117e9f5a - INFO - [FRAME RECEIVED] topic=post_processing | partition=0 | offset=738 | frame_id=None | camera=ppe_test_cam1
2026-08-13 23:20:29,484 - post_processor_c35a117e9f5a - INFO - [DETECT BATCH] START | od=0 | ppe=1
2026-08-13 23:20:29,485 - post_processor_c35a117e9f5a - INFO - [PROCESS PPE DETECTION] camera=ppe_test_cam1 | severity=none | violated=[]
2026-08-13 23:20:29,485 - post_processor_c35a117e9f5a - INFO - [DETECT BATCH] DONE | od=0 | ppe=1
2026-08-13 23:20:29,485 - post_processor_c35a117e9f5a - INFO - PPE meta buffered | camera=ppe_test_cam1 | violation=False
2026-08-13 23:20:29,485 - post_processor_c35a117e9f5a - INFO - PPE frame complete | camera=ppe_test_cam1 | violation=False
2026-08-13 23:20:30,574 - post_processor_c35a117e9f5a - INFO - [FRAME RECEIVED] topic=post_processing | partition=0 | offset=739 | frame_id=None | camera=ppe_test_cam1
2026-08-13 23:20:30,574 - post_processor_c35a117e9f5a - INFO - [DETECT BATCH] START | od=0 | ppe=1
2026-08-13 23:20:30,575 - post_processor_c35a117e9f5a - INFO - [PROCESS PPE DETECTION] camera=ppe_test_cam1 | severity=none | violated=[]
2026-08-13 23:20:30,575 - post_processor_c35a117e9f5a - INFO - [DETECT BATCH] DONE | od=0 | ppe=1
2026-08-13 23:20:30,576 - post_processor_c35a117e9f5a - INFO - PPE meta buffered | camera=ppe_test_cam1 | violation=False
2026-08-13 23:20:30,576 - post_processor_c35a117e9f5a - INFO - PPE frame complete | camera=ppe_test_cam1 | violation=False
2026-08-13 23:20:31,609 - post_processor_c35a117e9f5a - INFO - [FRAME RECEIVED] topic=post_processing | partition=0 | offset=740 | frame_id=None | camera=ppe_test_cam1
2026-08-13 23:20:31,609 - post_processor_c35a117e9f5a - INFO - [DETECT BATCH] START | od=0 | ppe=1
2026-08-13 23:20:31,610 - post_processor_c35a117e9f5a - INFO - [PROCESS PPE DETECTION] camera=ppe_test_cam1 | severity=none | violated=[]
2026-08-13 23:20:31,610 - post_processor_c35a117e9f5a - INFO - [DETECT BATCH] DONE | od=0 | ppe=1
2026-08-13 23:20:31,610 - post_processor_c35a117e9f5a - INFO - PPE meta buffered | camera=ppe_test_cam1 | violation=False
2026-08-13 23:20:31,610 - post_processor_c35a117e9f5a - INFO - PPE frame complete | camera=ppe_test_cam1 | violation=False
2026-08-13 23:20:32,521 - post_processor_c35a117e9f5a - INFO - [FRAME RECEIVED] topic=post_processing | partition=0 | offset=741 | frame_id=None | camera=ppe_test_cam1
2026-08-13 23:20:32,521 - post_processor_c35a117e9f5a - INFO - [DETECT BATCH] START | od=0 | ppe=1
2026-08-13 23:20:32,522 - post_processor_c35a117e9f5a - INFO - [PROCESS PPE DETECTION] camera=ppe_test_cam1 | severity=none | violated=[]
2026-08-13 23:20:32,522 - post_processor_c35a117e9f5a - INFO - [DETECT BATCH] DONE | od=0 | ppe=1
2026-08-13 23:20:32,522 - post_processor_c35a117e9f5a - INFO - PPE meta buffered | camera=ppe_test_cam1 | violation=False
2026-08-13 23:20:32,522 - post_processor_c35a117e9f5a - INFO - PPE frame complete | camera=ppe_test_cam1 | violation=False
2026-08-13 23:20:33,618 - post_processor_c35a117e9f5a - INFO - [FRAME RECEIVED] topic=post_processing | partition=0 | offset=742 | frame_id=None | camera=ppe_test_cam1
2026-08-13 23:20:33,618 - post_processor_c35a117e9f5a - INFO - [DETECT BATCH] START | od=0 | ppe=1
2026-08-13 23:20:33,618 - post_processor_c35a117e9f5a - INFO - [PROCESS PPE DETECTION] camera=ppe_test_cam1 | severity=none | violated=[]
2026-08-13 23:20:33,619 - post_processor_c35a117e9f5a - INFO - [DETECT BATCH] DONE | od=0 | ppe=1
2026-08-13 23:20:33,620 - post_processor_c35a117e9f5a - INFO - PPE meta buffered | camera=ppe_test_cam1 | violation=False
2026-08-13 23:20:33,620 - post_processor_c35a117e9f5a - INFO - PPE frame complete | camera=ppe_test_cam1 | violation=False
2026-08-13 23:20:34,654 - post_processor_c35a117e9f5a - INFO - [FRAME RECEIVED] topic=post_processing | partition=0 | offset=743 | frame_id=None | camera=ppe_test_cam1
2026-08-13 23:20:34,654 - post_processor_c35a117e9f5a - INFO - [DETECT BATCH] START | od=0 | ppe=1
2026-08-13 23:20:34,654 - post_processor_c35a117e9f5a - INFO - [PROCESS PPE DETECTION] camera=ppe_test_cam1 | severity=none | violated=[]
2026-08-13 23:20:34,655 - post_processor_c35a117e9f5a - INFO - [DETECT BATCH] DONE | od=0 | ppe=1
2026-08-13 23:20:34,655 - post_processor_c35a117e9f5a - INFO - PPE meta buffered | camera=ppe_test_cam1 | violation=False
2026-08-13 23:20:34,655 - post_processor_c35a117e9f5a - INFO - PPE frame complete | camera=ppe_test_cam1 | violation=False
2026-08-13 23:20:34,655 - post_processor_c35a117e9f5a - INFO - [FRAME RECEIVED] topic=post_processing | partition=0 | offset=744 | frame_id=None | camera=ppe_test_cam1
2026-08-13 23:20:34,655 - post_processor_c35a117e9f5a - INFO - [DETECT BATCH] START | od=0 | ppe=1
2026-08-13 23:20:34,655 - post_processor_c35a117e9f5a - INFO - [PROCESS PPE DETECTION] camera=ppe_test_cam1 | severity=none | violated=[]
2026-08-13 23:20:34,656 - post_processor_c35a117e9f5a - INFO - [DETECT BATCH] DONE | od=0 | ppe=1
2026-08-13 23:20:34,656 - post_processor_c35a117e9f5a - INFO - PPE meta buffered | camera=ppe_test_cam1 | violation=False
2026-08-13 23:20:34,656 - post_processor_c35a117e9f5a - INFO - PPE frame complete | camera=ppe_test_cam1 | violation=False
2026-08-13 23:20:59,621 - post_processor_c35a117e9f5a - INFO - [FRAME RECEIVED] topic=post_processing | partition=0 | offset=745 | frame_id=None | camera=ppe_test_cam1
2026-08-13 23:20:59,621 - post_processor_c35a117e9f5a - INFO - [DETECT BATCH] START | od=0 | ppe=1
2026-08-13 23:20:59,622 - post_processor_c35a117e9f5a - INFO - [PROCESS PPE DETECTION] camera=ppe_test_cam1 | severity=none | violated=[]
2026-08-13 23:20:59,622 - post_processor_c35a117e9f5a - INFO - [DETECT BATCH] DONE | od=0 | ppe=1
2026-08-13 23:20:59,623 - post_processor_c35a117e9f5a - INFO - PPE meta buffered | camera=ppe_test_cam1 | violation=False
2026-08-13 23:20:59,623 - post_processor_c35a117e9f5a - INFO - PPE frame complete | camera=ppe_test_cam1 | violation=False
2026-08-13 23:21:00,540 - post_processor_c35a117e9f5a - INFO - [FRAME RECEIVED] topic=post_processing | partition=0 | offset=746 | frame_id=None | camera=ppe_test_cam1
2026-08-13 23:21:00,540 - post_processor_c35a117e9f5a - INFO - [DETECT BATCH] START | od=0 | ppe=1
2026-08-13 23:21:00,541 - post_processor_c35a117e9f5a - INFO - [PROCESS PPE DETECTION] camera=ppe_test_cam1 | severity=none | violated=[]
2026-08-13 23:21:00,541 - post_processor_c35a117e9f5a - INFO - [DETECT BATCH] DONE | od=0 | ppe=1
2026-08-13 23:21:00,542 - post_processor_c35a117e9f5a - INFO - PPE meta buffered | camera=ppe_test_cam1 | violation=False
2026-08-13 23:21:00,598 - post_processor_c35a117e9f5a - INFO - PPE MongoDB batch insert | camera=ppe_test_cam1 | count=10
2026-08-13 23:21:00,598 - post_processor_c35a117e9f5a - INFO - PPE frame complete | camera=ppe_test_cam1 | violation=False
2026-08-13 23:21:00,599 - post_processor_c35a117e9f5a - INFO - Kafka offsets committed | count=10
2026-08-13 23:21:18,602 - post_processor_c35a117e9f5a - INFO - [FRAME RECEIVED] topic=post_processing | partition=0 | offset=747 | frame_id=None | camera=ppe_test_cam1
2026-08-13 23:21:18,602 - post_processor_c35a117e9f5a - INFO - [DETECT BATCH] START | od=0 | ppe=1
2026-08-13 23:21:18,603 - post_processor_c35a117e9f5a - INFO - [PROCESS PPE DETECTION] camera=ppe_test_cam1 | severity=low | violated=['No-Shoes', 'No-Shoes']
2026-08-13 23:21:18,606 - post_processor_c35a117e9f5a - INFO - PPE alert image saved | path=/Aksha/ppe_test_cam1/alerts/2026-08-13/2026-08-13 23:21:18.60_alert.jpg
2026-08-13 23:21:18,607 - post_processor_c35a117e9f5a - INFO - [DETECT BATCH] DONE | od=0 | ppe=1
2026-08-13 23:21:18,607 - post_processor_c35a117e9f5a - INFO - PPE meta buffered | camera=ppe_test_cam1 | violation=True
2026-08-13 23:21:18,626 - post_processor_c35a117e9f5a - INFO - PPE alert dual-written to alerts collection | camera=ppe_test_cam1
2026-08-13 23:21:18,626 - post_processor_c35a117e9f5a - INFO - ppe_status_check | has_violation=True | validity=True
2026-08-13 23:21:18,626 - post_processor_c35a117e9f5a - INFO - PPE notification approved | camera=ppe_test_cam1 | severity=low
2026-08-13 23:21:18,626 - post_processor_c35a117e9f5a - INFO - PPE notification sent | camera=ppe_test_cam1 | severity=low | topic=notification_service
2026-08-13 23:21:18,627 - post_processor_c35a117e9f5a - INFO - PPE frame complete | camera=ppe_test_cam1 | violation=True
2026-08-13 23:21:18,627 - post_processor_c35a117e9f5a - INFO - [FRAME RECEIVED] topic=post_processing | partition=0 | offset=748 | frame_id=None | camera=ppe_test_cam1
2026-08-13 23:21:18,628 - post_processor_c35a117e9f5a - INFO - [DETECT BATCH] START | od=0 | ppe=1
2026-08-13 23:21:18,628 - post_processor_c35a117e9f5a - INFO - [PROCESS PPE DETECTION] camera=ppe_test_cam1 | severity=none | violated=[]
2026-08-13 23:21:18,628 - post_processor_c35a117e9f5a - INFO - [DETECT BATCH] DONE | od=0 | ppe=1
2026-08-13 23:21:18,628 - post_processor_c35a117e9f5a - INFO - PPE meta buffered | camera=ppe_test_cam1 | violation=False
2026-08-13 23:21:18,628 - post_processor_c35a117e9f5a - INFO - PPE frame complete | camera=ppe_test_cam1 | violation=False
2026-08-13 23:21:19,580 - post_processor_c35a117e9f5a - INFO - [FRAME RECEIVED] topic=post_processing | partition=0 | offset=749 | frame_id=None | camera=ppe_test_cam1
2026-08-13 23:21:19,581 - post_processor_c35a117e9f5a - INFO - [DETECT BATCH] START | od=0 | ppe=1
2026-08-13 23:21:19,583 - post_processor_c35a117e9f5a - INFO - [PROCESS PPE DETECTION] camera=ppe_test_cam1 | severity=none | violated=[]
2026-08-13 23:21:19,584 - post_processor_c35a117e9f5a - INFO - [DETECT BATCH] DONE | od=0 | ppe=1
2026-08-13 23:21:19,584 - post_processor_c35a117e9f5a - INFO - PPE meta buffered | camera=ppe_test_cam1 | violation=False
2026-08-13 23:21:19,584 - post_processor_c35a117e9f5a - INFO - PPE frame complete | camera=ppe_test_cam1 | violation=False
2026-08-13 23:21:19,618 - post_processor_c35a117e9f5a - INFO - [FRAME RECEIVED] topic=post_processing | partition=0 | offset=750 | frame_id=None | camera=ppe_test_cam1
2026-08-13 23:21:19,618 - post_processor_c35a117e9f5a - INFO - [DETECT BATCH] START | od=0 | ppe=1
2026-08-13 23:21:19,619 - post_processor_c35a117e9f5a - INFO - [PROCESS PPE DETECTION] camera=ppe_test_cam1 | severity=low | violated=['No-Shoes', 'No-Shoes']
2026-08-13 23:21:19,622 - post_processor_c35a117e9f5a - INFO - PPE alert image saved | path=/Aksha/ppe_test_cam1/alerts/2026-08-13/2026-08-13 23:21:19.62_alert.jpg
2026-08-13 23:21:19,622 - post_processor_c35a117e9f5a - INFO - [DETECT BATCH] DONE | od=0 | ppe=1
2026-08-13 23:21:19,622 - post_processor_c35a117e9f5a - INFO - PPE meta buffered | camera=ppe_test_cam1 | violation=True
2026-08-13 23:21:19,672 - post_processor_c35a117e9f5a - INFO - PPE alert dual-written to alerts collection | camera=ppe_test_cam1
2026-08-13 23:21:19,674 - post_processor_c35a117e9f5a - INFO - ppe_status_check | has_violation=True | validity=False
2026-08-13 23:21:19,674 - post_processor_c35a117e9f5a - INFO - PPE notification suppressed by cooldown | camera=ppe_test_cam1
2026-08-13 23:21:19,676 - post_processor_c35a117e9f5a - INFO - PPE frame complete | camera=ppe_test_cam1 | violation=True
2026-08-13 23:21:20,535 - post_processor_c35a117e9f5a - INFO - [FRAME RECEIVED] topic=post_processing | partition=0 | offset=751 | frame_id=None | camera=ppe_test_cam1
2026-08-13 23:21:20,535 - post_processor_c35a117e9f5a - INFO - [DETECT BATCH] START | od=0 | ppe=1
2026-08-13 23:21:20,536 - post_processor_c35a117e9f5a - INFO - [PROCESS PPE DETECTION] camera=ppe_test_cam1 | severity=none | violated=[]
2026-08-13 23:21:20,536 - post_processor_c35a117e9f5a - INFO - [DETECT BATCH] DONE | od=0 | ppe=1
2026-08-13 23:21:20,536 - post_processor_c35a117e9f5a - INFO - PPE meta buffered | camera=ppe_test_cam1 | violation=False
2026-08-13 23:21:20,536 - post_processor_c35a117e9f5a - INFO - PPE frame complete | camera=ppe_test_cam1 | violation=False
2026-08-13 23:21:20,574 - post_processor_c35a117e9f5a - INFO - [FRAME RECEIVED] topic=post_processing | partition=0 | offset=752 | frame_id=None | camera=ppe_test_cam1
2026-08-13 23:21:20,574 - post_processor_c35a117e9f5a - INFO - [DETECT BATCH] START | od=0 | ppe=1
2026-08-13 23:21:20,574 - post_processor_c35a117e9f5a - INFO - [PROCESS PPE DETECTION] camera=ppe_test_cam1 | severity=low | violated=['No-Shoes', 'No-Shoes']
2026-08-13 23:21:20,578 - post_processor_c35a117e9f5a - INFO - PPE alert image saved | path=/Aksha/ppe_test_cam1/alerts/2026-08-13/2026-08-13 23:21:20.57_alert.jpg
2026-08-13 23:21:20,578 - post_processor_c35a117e9f5a - INFO - [DETECT BATCH] DONE | od=0 | ppe=1
2026-08-13 23:21:20,578 - post_processor_c35a117e9f5a - INFO - PPE meta buffered | camera=ppe_test_cam1 | violation=True
2026-08-13 23:21:20,585 - post_processor_c35a117e9f5a - INFO - PPE alert dual-written to alerts collection | camera=ppe_test_cam1
2026-08-13 23:21:20,585 - post_processor_c35a117e9f5a - INFO - ppe_status_check | has_violation=True | validity=False
2026-08-13 23:21:20,585 - post_processor_c35a117e9f5a - INFO - PPE notification suppressed by cooldown | camera=ppe_test_cam1
2026-08-13 23:21:20,586 - post_processor_c35a117e9f5a - INFO - PPE frame complete | camera=ppe_test_cam1 | violation=True
2026-08-13 23:21:21,566 - post_processor_c35a117e9f5a - INFO - [FRAME RECEIVED] topic=post_processing | partition=0 | offset=753 | frame_id=None | camera=ppe_test_cam1
2026-08-13 23:21:21,567 - post_processor_c35a117e9f5a - INFO - [DETECT BATCH] START | od=0 | ppe=1
2026-08-13 23:21:21,567 - post_processor_c35a117e9f5a - INFO - [PROCESS PPE DETECTION] camera=ppe_test_cam1 | severity=low | violated=['No-Shoes', 'No-Shoes']
2026-08-13 23:21:21,571 - post_processor_c35a117e9f5a - INFO - PPE alert image saved | path=/Aksha/ppe_test_cam1/alerts/2026-08-13/2026-08-13 23:21:21.57_alert.jpg
2026-08-13 23:21:21,571 - post_processor_c35a117e9f5a - INFO - [DETECT BATCH] DONE | od=0 | ppe=1
2026-08-13 23:21:21,571 - post_processor_c35a117e9f5a - INFO - PPE meta buffered | camera=ppe_test_cam1 | violation=True
2026-08-13 23:21:21,593 - post_processor_c35a117e9f5a - INFO - PPE alert dual-written to alerts collection | camera=ppe_test_cam1
2026-08-13 23:21:21,594 - post_processor_c35a117e9f5a - INFO - ppe_status_check | has_violation=True | validity=False
2026-08-13 23:21:21,594 - post_processor_c35a117e9f5a - INFO - PPE notification suppressed by cooldown | camera=ppe_test_cam1
2026-08-13 23:21:21,594 - post_processor_c35a117e9f5a - INFO - PPE frame complete | camera=ppe_test_cam1 | violation=True
2026-08-13 23:21:21,595 - post_processor_c35a117e9f5a - INFO - [FRAME RECEIVED] topic=post_processing | partition=0 | offset=754 | frame_id=None | camera=ppe_test_cam1
2026-08-13 23:21:21,595 - post_processor_c35a117e9f5a - INFO - [DETECT BATCH] START | od=0 | ppe=1
2026-08-13 23:21:21,595 - post_processor_c35a117e9f5a - INFO - [PROCESS PPE DETECTION] camera=ppe_test_cam1 | severity=none | violated=[]
2026-08-13 23:21:21,595 - post_processor_c35a117e9f5a - INFO - [DETECT BATCH] DONE | od=0 | ppe=1
2026-08-13 23:21:21,596 - post_processor_c35a117e9f5a - INFO - PPE meta buffered | camera=ppe_test_cam1 | violation=False
2026-08-13 23:21:21,596 - post_processor_c35a117e9f5a - INFO - PPE frame complete | camera=ppe_test_cam1 | violation=False
2026-08-13 23:21:22,566 - post_processor_c35a117e9f5a - INFO - [FRAME RECEIVED] topic=post_processing | partition=0 | offset=755 | frame_id=None | camera=ppe_test_cam1
2026-08-13 23:21:22,566 - post_processor_c35a117e9f5a - INFO - [DETECT BATCH] START | od=0 | ppe=1
2026-08-13 23:21:22,567 - post_processor_c35a117e9f5a - INFO - [PROCESS PPE DETECTION] camera=ppe_test_cam1 | severity=none | violated=[]
2026-08-13 23:21:22,567 - post_processor_c35a117e9f5a - INFO - [DETECT BATCH] DONE | od=0 | ppe=1
2026-08-13 23:21:22,569 - post_processor_c35a117e9f5a - INFO - PPE meta buffered | camera=ppe_test_cam1 | violation=False
2026-08-13 23:21:22,569 - post_processor_c35a117e9f5a - INFO - PPE frame complete | camera=ppe_test_cam1 | violation=False
2026-08-13 23:21:27,593 - post_processor_c35a117e9f5a - INFO - [FRAME RECEIVED] topic=post_processing | partition=0 | offset=756 | frame_id=None | camera=ppe_test_cam1
2026-08-13 23:21:27,593 - post_processor_c35a117e9f5a - INFO - [DETECT BATCH] START | od=0 | ppe=1
2026-08-13 23:21:27,594 - post_processor_c35a117e9f5a - INFO - [PROCESS PPE DETECTION] camera=ppe_test_cam1 | severity=none | violated=[]
2026-08-13 23:21:27,594 - post_processor_c35a117e9f5a - INFO - [DETECT BATCH] DONE | od=0 | ppe=1
2026-08-13 23:21:27,595 - post_processor_c35a117e9f5a - INFO - PPE meta buffered | camera=ppe_test_cam1 | violation=False
2026-08-13 23:21:27,663 - post_processor_c35a117e9f5a - INFO - PPE MongoDB batch insert | camera=ppe_test_cam1 | count=10
2026-08-13 23:21:27,663 - post_processor_c35a117e9f5a - INFO - PPE frame complete | camera=ppe_test_cam1 | violation=False
2026-08-13 23:21:27,664 - post_processor_c35a117e9f5a - INFO - Kafka offsets committed | count=10
2026-08-13 23:21:28,562 - post_processor_c35a117e9f5a - INFO - [FRAME RECEIVED] topic=post_processing | partition=0 | offset=757 | frame_id=None | camera=ppe_test_cam1
2026-08-13 23:21:28,563 - post_processor_c35a117e9f5a - INFO - [DETECT BATCH] START | od=0 | ppe=1
2026-08-13 23:21:28,563 - post_processor_c35a117e9f5a - INFO - [PROCESS PPE DETECTION] camera=ppe_test_cam1 | severity=none | violated=[]
2026-08-13 23:21:28,563 - post_processor_c35a117e9f5a - INFO - [DETECT BATCH] DONE | od=0 | ppe=1
2026-08-13 23:21:28,563 - post_processor_c35a117e9f5a - INFO - PPE meta buffered | camera=ppe_test_cam1 | violation=False
2026-08-13 23:21:28,564 - post_processor_c35a117e9f5a - INFO - PPE frame complete | camera=ppe_test_cam1 | violation=False
2026-08-13 23:21:29,522 - post_processor_c35a117e9f5a - INFO - [FRAME RECEIVED] topic=post_processing | partition=0 | offset=758 | frame_id=None | camera=ppe_test_cam1
2026-08-13 23:21:29,522 - post_processor_c35a117e9f5a - INFO - [DETECT BATCH] START | od=0 | ppe=1
2026-08-13 23:21:29,522 - post_processor_c35a117e9f5a - INFO - [PROCESS PPE DETECTION] camera=ppe_test_cam1 | severity=none | violated=[]
2026-08-13 23:21:29,523 - post_processor_c35a117e9f5a - INFO - [DETECT BATCH] DONE | od=0 | ppe=1
2026-08-13 23:21:29,523 - post_processor_c35a117e9f5a - INFO - PPE meta buffered | camera=ppe_test_cam1 | violation=False
2026-08-13 23:21:29,523 - post_processor_c35a117e9f5a - INFO - PPE frame complete | camera=ppe_test_cam1 | violation=False
2026-08-13 23:21:30,606 - post_processor_c35a117e9f5a - INFO - [FRAME RECEIVED] topic=post_processing | partition=0 | offset=759 | frame_id=None | camera=ppe_test_cam1
2026-08-13 23:21:30,606 - post_processor_c35a117e9f5a - INFO - [DETECT BATCH] START | od=0 | ppe=1
2026-08-13 23:21:30,606 - post_processor_c35a117e9f5a - INFO - [PROCESS PPE DETECTION] camera=ppe_test_cam1 | severity=none | violated=[]
2026-08-13 23:21:30,607 - post_processor_c35a117e9f5a - INFO - [DETECT BATCH] DONE | od=0 | ppe=1
2026-08-13 23:21:30,607 - post_processor_c35a117e9f5a - INFO - PPE meta buffered | camera=ppe_test_cam1 | violation=False
2026-08-13 23:21:30,607 - post_processor_c35a117e9f5a - INFO - PPE frame complete | camera=ppe_test_cam1 | violation=False
2026-08-13 23:21:31,598 - post_processor_c35a117e9f5a - INFO - [FRAME RECEIVED] topic=post_processing | partition=0 | offset=760 | frame_id=None | camera=ppe_test_cam1
2026-08-13 23:21:31,599 - post_processor_c35a117e9f5a - INFO - [DETECT BATCH] START | od=0 | ppe=1
2026-08-13 23:21:31,599 - post_processor_c35a117e9f5a - INFO - [PROCESS PPE DETECTION] camera=ppe_test_cam1 | severity=none | violated=[]
2026-08-13 23:21:31,600 - post_processor_c35a117e9f5a - INFO - [DETECT BATCH] DONE | od=0 | ppe=1
2026-08-13 23:21:31,600 - post_processor_c35a117e9f5a - INFO - PPE meta buffered | camera=ppe_test_cam1 | violation=False
2026-08-13 23:21:31,600 - post_processor_c35a117e9f5a - INFO - PPE frame complete | camera=ppe_test_cam1 | violation=False
2026-08-13 23:21:32,531 - post_processor_c35a117e9f5a - INFO - [FRAME RECEIVED] topic=post_processing | partition=0 | offset=761 | frame_id=None | camera=ppe_test_cam1
2026-08-13 23:21:32,531 - post_processor_c35a117e9f5a - INFO - [DETECT BATCH] START | od=0 | ppe=1
2026-08-13 23:21:32,532 - post_processor_c35a117e9f5a - INFO - [PROCESS PPE DETECTION] camera=ppe_test_cam1 | severity=none | violated=[]
2026-08-13 23:21:32,532 - post_processor_c35a117e9f5a - INFO - [DETECT BATCH] DONE | od=0 | ppe=1
2026-08-13 23:21:32,532 - post_processor_c35a117e9f5a - INFO - PPE meta buffered | camera=ppe_test_cam1 | violation=False
2026-08-13 23:21:32,532 - post_processor_c35a117e9f5a - INFO - PPE frame complete | camera=ppe_test_cam1 | violation=False
2026-08-13 23:21:33,592 - post_processor_c35a117e9f5a - INFO - [FRAME RECEIVED] topic=post_processing | partition=0 | offset=762 | frame_id=None | camera=ppe_test_cam1
2026-08-13 23:21:33,592 - post_processor_c35a117e9f5a - INFO - [DETECT BATCH] START | od=0 | ppe=1
2026-08-13 23:21:33,593 - post_processor_c35a117e9f5a - INFO - [PROCESS PPE DETECTION] camera=ppe_test_cam1 | severity=none | violated=[]
2026-08-13 23:21:33,593 - post_processor_c35a117e9f5a - INFO - [DETECT BATCH] DONE | od=0 | ppe=1
2026-08-13 23:21:33,593 - post_processor_c35a117e9f5a - INFO - PPE meta buffered | camera=ppe_test_cam1 | violation=False
2026-08-13 23:21:33,593 - post_processor_c35a117e9f5a - INFO - PPE frame complete | camera=ppe_test_cam1 | violation=False
2026-08-13 23:21:34,630 - post_processor_c35a117e9f5a - INFO - [FRAME RECEIVED] topic=post_processing | partition=0 | offset=763 | frame_id=None | camera=ppe_test_cam1
2026-08-13 23:21:34,630 - post_processor_c35a117e9f5a - INFO - [DETECT BATCH] START | od=0 | ppe=1
2026-08-13 23:21:34,631 - post_processor_c35a117e9f5a - INFO - [PROCESS PPE DETECTION] camera=ppe_test_cam1 | severity=none | violated=[]
2026-08-13 23:21:34,631 - post_processor_c35a117e9f5a - INFO - [DETECT BATCH] DONE | od=0 | ppe=1
2026-08-13 23:21:34,631 - post_processor_c35a117e9f5a - INFO - PPE meta buffered | camera=ppe_test_cam1 | violation=False
2026-08-13 23:21:34,631 - post_processor_c35a117e9f5a - INFO - PPE frame complete | camera=ppe_test_cam1 | violation=False
2026-08-13 23:21:34,660 - post_processor_c35a117e9f5a - INFO - [FRAME RECEIVED] topic=post_processing | partition=0 | offset=764 | frame_id=None | camera=ppe_test_cam1
2026-08-13 23:21:34,660 - post_processor_c35a117e9f5a - INFO - [DETECT BATCH] START | od=0 | ppe=1
2026-08-13 23:21:34,661 - post_processor_c35a117e9f5a - INFO - [PROCESS PPE DETECTION] camera=ppe_test_cam1 | severity=none | violated=[]
2026-08-13 23:21:34,661 - post_processor_c35a117e9f5a - INFO - [DETECT BATCH] DONE | od=0 | ppe=1
2026-08-13 23:21:34,661 - post_processor_c35a117e9f5a - INFO - PPE meta buffered | camera=ppe_test_cam1 | violation=False
2026-08-13 23:21:34,661 - post_processor_c35a117e9f5a - INFO - PPE frame complete | camera=ppe_test_cam1 | violation=False
2026-08-13 23:21:59,835 - post_processor_c35a117e9f5a - INFO - [FRAME RECEIVED] topic=post_processing | partition=0 | offset=765 | frame_id=None | camera=ppe_test_cam1
2026-08-13 23:21:59,835 - post_processor_c35a117e9f5a - INFO - [DETECT BATCH] START | od=0 | ppe=1
2026-08-13 23:21:59,835 - post_processor_c35a117e9f5a - INFO - [PROCESS PPE DETECTION] camera=ppe_test_cam1 | severity=none | violated=[]
2026-08-13 23:21:59,836 - post_processor_c35a117e9f5a - INFO - [DETECT BATCH] DONE | od=0 | ppe=1
2026-08-13 23:21:59,836 - post_processor_c35a117e9f5a - INFO - PPE meta buffered | camera=ppe_test_cam1 | violation=False
2026-08-13 23:21:59,836 - post_processor_c35a117e9f5a - INFO - PPE frame complete | camera=ppe_test_cam1 | violation=False
2026-08-13 23:22:00,567 - post_processor_c35a117e9f5a - INFO - [FRAME RECEIVED] topic=post_processing | partition=0 | offset=766 | frame_id=None | camera=ppe_test_cam1
2026-08-13 23:22:00,568 - post_processor_c35a117e9f5a - INFO - [DETECT BATCH] START | od=0 | ppe=1
2026-08-13 23:22:00,568 - post_processor_c35a117e9f5a - INFO - [PROCESS PPE DETECTION] camera=ppe_test_cam1 | severity=none | violated=[]
2026-08-13 23:22:00,569 - post_processor_c35a117e9f5a - INFO - [DETECT BATCH] DONE | od=0 | ppe=1
2026-08-13 23:22:00,569 - post_processor_c35a117e9f5a - INFO - PPE meta buffered | camera=ppe_test_cam1 | violation=False
2026-08-13 23:22:00,591 - post_processor_c35a117e9f5a - INFO - PPE MongoDB batch insert | camera=ppe_test_cam1 | count=10
2026-08-13 23:22:00,591 - post_processor_c35a117e9f5a - INFO - PPE frame complete | camera=ppe_test_cam1 | violation=False
2026-08-13 23:22:00,592 - post_processor_c35a117e9f5a - INFO - Kafka offsets committed | count=10
2026-08-13 23:22:18,579 - post_processor_c35a117e9f5a - INFO - [FRAME RECEIVED] topic=post_processing | partition=0 | offset=767 | frame_id=None | camera=ppe_test_cam1
2026-08-13 23:22:18,579 - post_processor_c35a117e9f5a - INFO - [DETECT BATCH] START | od=0 | ppe=1
2026-08-13 23:22:18,579 - post_processor_c35a117e9f5a - INFO - [PROCESS PPE DETECTION] camera=ppe_test_cam1 | severity=none | violated=[]
2026-08-13 23:22:18,579 - post_processor_c35a117e9f5a - INFO - [DETECT BATCH] DONE | od=0 | ppe=1
2026-08-13 23:22:18,579 - post_processor_c35a117e9f5a - INFO - PPE meta buffered | camera=ppe_test_cam1 | violation=False
2026-08-13 23:22:18,579 - post_processor_c35a117e9f5a - INFO - PPE frame complete | camera=ppe_test_cam1 | violation=False
2026-08-13 23:22:18,614 - post_processor_c35a117e9f5a - INFO - [FRAME RECEIVED] topic=post_processing | partition=0 | offset=768 | frame_id=None | camera=ppe_test_cam1
2026-08-13 23:22:18,614 - post_processor_c35a117e9f5a - INFO - [DETECT BATCH] START | od=0 | ppe=1
2026-08-13 23:22:18,614 - post_processor_c35a117e9f5a - INFO - [PROCESS PPE DETECTION] camera=ppe_test_cam1 | severity=low | violated=['No-Shoes', 'No-Shoes']
2026-08-13 23:22:18,618 - post_processor_c35a117e9f5a - INFO - PPE alert image saved | path=/Aksha/ppe_test_cam1/alerts/2026-08-13/2026-08-13 23:22:18.61_alert.jpg
2026-08-13 23:22:18,618 - post_processor_c35a117e9f5a - INFO - [DETECT BATCH] DONE | od=0 | ppe=1
2026-08-13 23:22:18,618 - post_processor_c35a117e9f5a - INFO - PPE meta buffered | camera=ppe_test_cam1 | violation=True
2026-08-13 23:22:18,661 - post_processor_c35a117e9f5a - INFO - PPE alert dual-written to alerts collection | camera=ppe_test_cam1
2026-08-13 23:22:18,662 - post_processor_c35a117e9f5a - INFO - ppe_status_check | has_violation=True | validity=True
2026-08-13 23:22:18,662 - post_processor_c35a117e9f5a - INFO - PPE notification approved | camera=ppe_test_cam1 | severity=low
2026-08-13 23:22:18,662 - post_processor_c35a117e9f5a - INFO - PPE notification sent | camera=ppe_test_cam1 | severity=low | topic=notification_service
2026-08-13 23:22:18,663 - post_processor_c35a117e9f5a - INFO - PPE frame complete | camera=ppe_test_cam1 | violation=True
2026-08-13 23:22:19,512 - post_processor_c35a117e9f5a - INFO - [FRAME RECEIVED] topic=post_processing | partition=0 | offset=769 | frame_id=None | camera=ppe_test_cam1
2026-08-13 23:22:19,512 - post_processor_c35a117e9f5a - INFO - [DETECT BATCH] START | od=0 | ppe=1
2026-08-13 23:22:19,513 - post_processor_c35a117e9f5a - INFO - [PROCESS PPE DETECTION] camera=ppe_test_cam1 | severity=none | violated=[]
2026-08-13 23:22:19,513 - post_processor_c35a117e9f5a - INFO - [DETECT BATCH] DONE | od=0 | ppe=1
2026-08-13 23:22:19,513 - post_processor_c35a117e9f5a - INFO - PPE meta buffered | camera=ppe_test_cam1 | violation=False
2026-08-13 23:22:19,513 - post_processor_c35a117e9f5a - INFO - PPE frame complete | camera=ppe_test_cam1 | violation=False
2026-08-13 23:22:19,514 - post_processor_c35a117e9f5a - INFO - [FRAME RECEIVED] topic=post_processing | partition=0 | offset=770 | frame_id=None | camera=ppe_test_cam1
2026-08-13 23:22:19,514 - post_processor_c35a117e9f5a - INFO - [DETECT BATCH] START | od=0 | ppe=1
2026-08-13 23:22:19,514 - post_processor_c35a117e9f5a - INFO - [PROCESS PPE DETECTION] camera=ppe_test_cam1 | severity=low | violated=['No-Shoes', 'No-Shoes']
2026-08-13 23:22:19,517 - post_processor_c35a117e9f5a - INFO - PPE alert image saved | path=/Aksha/ppe_test_cam1/alerts/2026-08-13/2026-08-13 23:22:19.51_alert.jpg
2026-08-13 23:22:19,518 - post_processor_c35a117e9f5a - INFO - [DETECT BATCH] DONE | od=0 | ppe=1
2026-08-13 23:22:19,518 - post_processor_c35a117e9f5a - INFO - PPE meta buffered | camera=ppe_test_cam1 | violation=True
2026-08-13 23:22:19,540 - post_processor_c35a117e9f5a - INFO - PPE alert dual-written to alerts collection | camera=ppe_test_cam1
2026-08-13 23:22:19,541 - post_processor_c35a117e9f5a - INFO - ppe_status_check | has_violation=True | validity=False
2026-08-13 23:22:19,541 - post_processor_c35a117e9f5a - INFO - PPE notification suppressed by cooldown | camera=ppe_test_cam1
2026-08-13 23:22:19,542 - post_processor_c35a117e9f5a - INFO - PPE frame complete | camera=ppe_test_cam1 | violation=True
2026-08-13 23:22:20,557 - post_processor_c35a117e9f5a - INFO - [FRAME RECEIVED] topic=post_processing | partition=0 | offset=771 | frame_id=None | camera=ppe_test_cam1
2026-08-13 23:22:20,557 - post_processor_c35a117e9f5a - INFO - [DETECT BATCH] START | od=0 | ppe=1
2026-08-13 23:22:20,558 - post_processor_c35a117e9f5a - INFO - [PROCESS PPE DETECTION] camera=ppe_test_cam1 | severity=none | violated=[]
2026-08-13 23:22:20,558 - post_processor_c35a117e9f5a - INFO - [DETECT BATCH] DONE | od=0 | ppe=1
2026-08-13 23:22:20,558 - post_processor_c35a117e9f5a - INFO - PPE meta buffered | camera=ppe_test_cam1 | violation=False
2026-08-13 23:22:20,558 - post_processor_c35a117e9f5a - INFO - PPE frame complete | camera=ppe_test_cam1 | violation=False
2026-08-13 23:22:20,585 - post_processor_c35a117e9f5a - INFO - [FRAME RECEIVED] topic=post_processing | partition=0 | offset=772 | frame_id=None | camera=ppe_test_cam1
2026-08-13 23:22:20,585 - post_processor_c35a117e9f5a - INFO - [DETECT BATCH] START | od=0 | ppe=1
2026-08-13 23:22:20,585 - post_processor_c35a117e9f5a - INFO - [PROCESS PPE DETECTION] camera=ppe_test_cam1 | severity=low | violated=['No-Shoes', 'No-Shoes']
2026-08-13 23:22:20,589 - post_processor_c35a117e9f5a - INFO - PPE alert image saved | path=/Aksha/ppe_test_cam1/alerts/2026-08-13/2026-08-13 23:22:20.58_alert.jpg
2026-08-13 23:22:20,589 - post_processor_c35a117e9f5a - INFO - [DETECT BATCH] DONE | od=0 | ppe=1
2026-08-13 23:22:20,590 - post_processor_c35a117e9f5a - INFO - PPE meta buffered | camera=ppe_test_cam1 | violation=True
2026-08-13 23:22:20,615 - post_processor_c35a117e9f5a - INFO - PPE alert dual-written to alerts collection | camera=ppe_test_cam1
2026-08-13 23:22:20,616 - post_processor_c35a117e9f5a - INFO - ppe_status_check | has_violation=True | validity=False
2026-08-13 23:22:20,616 - post_processor_c35a117e9f5a - INFO - PPE notification suppressed by cooldown | camera=ppe_test_cam1
2026-08-13 23:22:20,616 - post_processor_c35a117e9f5a - INFO - PPE frame complete | camera=ppe_test_cam1 | violation=True
2026-08-13 23:22:21,607 - post_processor_c35a117e9f5a - INFO - [FRAME RECEIVED] topic=post_processing | partition=0 | offset=773 | frame_id=None | camera=ppe_test_cam1
2026-08-13 23:22:21,607 - post_processor_c35a117e9f5a - INFO - [DETECT BATCH] START | od=0 | ppe=1
2026-08-13 23:22:21,608 - post_processor_c35a117e9f5a - INFO - [PROCESS PPE DETECTION] camera=ppe_test_cam1 | severity=none | violated=[]
2026-08-13 23:22:21,608 - post_processor_c35a117e9f5a - INFO - [DETECT BATCH] DONE | od=0 | ppe=1
2026-08-13 23:22:21,608 - post_processor_c35a117e9f5a - INFO - PPE meta buffered | camera=ppe_test_cam1 | violation=False
2026-08-13 23:22:21,609 - post_processor_c35a117e9f5a - INFO - PPE frame complete | camera=ppe_test_cam1 | violation=False
2026-08-13 23:22:21,609 - post_processor_c35a117e9f5a - INFO - [FRAME RECEIVED] topic=post_processing | partition=0 | offset=774 | frame_id=None | camera=ppe_test_cam1
2026-08-13 23:22:21,609 - post_processor_c35a117e9f5a - INFO - [DETECT BATCH] START | od=0 | ppe=1
2026-08-13 23:22:21,609 - post_processor_c35a117e9f5a - INFO - [PROCESS PPE DETECTION] camera=ppe_test_cam1 | severity=low | violated=['No-Shoes', 'No-Shoes']
2026-08-13 23:22:21,612 - post_processor_c35a117e9f5a - INFO - PPE alert image saved | path=/Aksha/ppe_test_cam1/alerts/2026-08-13/2026-08-13 23:22:21.61_alert.jpg
2026-08-13 23:22:21,613 - post_processor_c35a117e9f5a - INFO - [DETECT BATCH] DONE | od=0 | ppe=1
2026-08-13 23:22:21,613 - post_processor_c35a117e9f5a - INFO - PPE meta buffered | camera=ppe_test_cam1 | violation=True
2026-08-13 23:22:21,624 - post_processor_c35a117e9f5a - INFO - PPE alert dual-written to alerts collection | camera=ppe_test_cam1
2026-08-13 23:22:21,626 - post_processor_c35a117e9f5a - INFO - ppe_status_check | has_violation=True | validity=False
2026-08-13 23:22:21,626 - post_processor_c35a117e9f5a - INFO - PPE notification suppressed by cooldown | camera=ppe_test_cam1
2026-08-13 23:22:21,626 - post_processor_c35a117e9f5a - INFO - PPE frame complete | camera=ppe_test_cam1 | violation=True
2026-08-13 23:22:22,676 - post_processor_c35a117e9f5a - INFO - [FRAME RECEIVED] topic=post_processing | partition=0 | offset=775 | frame_id=None | camera=ppe_test_cam1
2026-08-13 23:22:22,676 - post_processor_c35a117e9f5a - INFO - [DETECT BATCH] START | od=0 | ppe=1
2026-08-13 23:22:22,676 - post_processor_c35a117e9f5a - INFO - [PROCESS PPE DETECTION] camera=ppe_test_cam1 | severity=none | violated=[]
2026-08-13 23:22:22,677 - post_processor_c35a117e9f5a - INFO - [DETECT BATCH] DONE | od=0 | ppe=1
2026-08-13 23:22:22,677 - post_processor_c35a117e9f5a - INFO - PPE meta buffered | camera=ppe_test_cam1 | violation=False
2026-08-13 23:22:22,677 - post_processor_c35a117e9f5a - INFO - PPE frame complete | camera=ppe_test_cam1 | violation=False
2026-08-13 23:22:27,497 - post_processor_c35a117e9f5a - INFO - [FRAME RECEIVED] topic=post_processing | partition=0 | offset=776 | frame_id=None | camera=ppe_test_cam1
2026-08-13 23:22:27,499 - post_processor_c35a117e9f5a - INFO - [DETECT BATCH] START | od=0 | ppe=1
2026-08-13 23:22:27,499 - post_processor_c35a117e9f5a - INFO - [PROCESS PPE DETECTION] camera=ppe_test_cam1 | severity=none | violated=[]
2026-08-13 23:22:27,499 - post_processor_c35a117e9f5a - INFO - [DETECT BATCH] DONE | od=0 | ppe=1
2026-08-13 23:22:27,500 - post_processor_c35a117e9f5a - INFO - PPE meta buffered | camera=ppe_test_cam1 | violation=False
2026-08-13 23:22:27,563 - post_processor_c35a117e9f5a - INFO - PPE MongoDB batch insert | camera=ppe_test_cam1 | count=10
2026-08-13 23:22:27,564 - post_processor_c35a117e9f5a - INFO - PPE frame complete | camera=ppe_test_cam1 | violation=False
2026-08-13 23:22:27,565 - post_processor_c35a117e9f5a - INFO - Kafka offsets committed | count=10
2026-08-13 23:22:28,552 - post_processor_c35a117e9f5a - INFO - [FRAME RECEIVED] topic=post_processing | partition=0 | offset=777 | frame_id=None | camera=ppe_test_cam1
2026-08-13 23:22:28,552 - post_processor_c35a117e9f5a - INFO - [DETECT BATCH] START | od=0 | ppe=1
2026-08-13 23:22:28,553 - post_processor_c35a117e9f5a - INFO - [PROCESS PPE DETECTION] camera=ppe_test_cam1 | severity=none | violated=[]
2026-08-13 23:22:28,554 - post_processor_c35a117e9f5a - INFO - [DETECT BATCH] DONE | od=0 | ppe=1
2026-08-13 23:22:28,556 - post_processor_c35a117e9f5a - INFO - PPE meta buffered | camera=ppe_test_cam1 | violation=False
2026-08-13 23:22:28,556 - post_processor_c35a117e9f5a - INFO - PPE frame complete | camera=ppe_test_cam1 | violation=False
2026-08-13 23:22:29,582 - post_processor_c35a117e9f5a - INFO - [FRAME RECEIVED] topic=post_processing | partition=0 | offset=778 | frame_id=None | camera=ppe_test_cam1
2026-08-13 23:22:29,582 - post_processor_c35a117e9f5a - INFO - [DETECT BATCH] START | od=0 | ppe=1
2026-08-13 23:22:29,582 - post_processor_c35a117e9f5a - INFO - [PROCESS PPE DETECTION] camera=ppe_test_cam1 | severity=none | violated=[]
2026-08-13 23:22:29,583 - post_processor_c35a117e9f5a - INFO - [DETECT BATCH] DONE | od=0 | ppe=1
2026-08-13 23:22:29,583 - post_processor_c35a117e9f5a - INFO - PPE meta buffered | camera=ppe_test_cam1 | violation=False
2026-08-13 23:22:29,583 - post_processor_c35a117e9f5a - INFO - PPE frame complete | camera=ppe_test_cam1 | violation=False
2026-08-13 23:22:30,606 - post_processor_c35a117e9f5a - INFO - [FRAME RECEIVED] topic=post_processing | partition=0 | offset=779 | frame_id=None | camera=ppe_test_cam1
2026-08-13 23:22:30,606 - post_processor_c35a117e9f5a - INFO - [DETECT BATCH] START | od=0 | ppe=1
2026-08-13 23:22:30,606 - post_processor_c35a117e9f5a - INFO - [PROCESS PPE DETECTION] camera=ppe_test_cam1 | severity=none | violated=[]
2026-08-13 23:22:30,607 - post_processor_c35a117e9f5a - INFO - [DETECT BATCH] DONE | od=0 | ppe=1
2026-08-13 23:22:30,607 - post_processor_c35a117e9f5a - INFO - PPE meta buffered | camera=ppe_test_cam1 | violation=False
2026-08-13 23:22:30,607 - post_processor_c35a117e9f5a - INFO - PPE frame complete | camera=ppe_test_cam1 | violation=False
2026-08-13 23:22:31,638 - post_processor_c35a117e9f5a - INFO - [FRAME RECEIVED] topic=post_processing | partition=0 | offset=780 | frame_id=None | camera=ppe_test_cam1
2026-08-13 23:22:31,638 - post_processor_c35a117e9f5a - INFO - [DETECT BATCH] START | od=0 | ppe=1
2026-08-13 23:22:31,639 - post_processor_c35a117e9f5a - INFO - [PROCESS PPE DETECTION] camera=ppe_test_cam1 | severity=none | violated=[]
2026-08-13 23:22:31,639 - post_processor_c35a117e9f5a - INFO - [DETECT BATCH] DONE | od=0 | ppe=1
2026-08-13 23:22:31,639 - post_processor_c35a117e9f5a - INFO - PPE meta buffered | camera=ppe_test_cam1 | violation=False
2026-08-13 23:22:31,639 - post_processor_c35a117e9f5a - INFO - PPE frame complete | camera=ppe_test_cam1 | violation=False
2026-08-13 23:22:32,609 - post_processor_c35a117e9f5a - INFO - [FRAME RECEIVED] topic=post_processing | partition=0 | offset=781 | frame_id=None | camera=ppe_test_cam1
2026-08-13 23:22:32,609 - post_processor_c35a117e9f5a - INFO - [DETECT BATCH] START | od=0 | ppe=1
2026-08-13 23:22:32,610 - post_processor_c35a117e9f5a - INFO - [PROCESS PPE DETECTION] camera=ppe_test_cam1 | severity=none | violated=[]
2026-08-13 23:22:32,610 - post_processor_c35a117e9f5a - INFO - [DETECT BATCH] DONE | od=0 | ppe=1
2026-08-13 23:22:32,610 - post_processor_c35a117e9f5a - INFO - PPE meta buffered | camera=ppe_test_cam1 | violation=False
2026-08-13 23:22:32,610 - post_processor_c35a117e9f5a - INFO - PPE frame complete | camera=ppe_test_cam1 | violation=False
2026-08-13 23:22:33,531 - post_processor_c35a117e9f5a - INFO - [FRAME RECEIVED] topic=post_processing | partition=0 | offset=782 | frame_id=None | camera=ppe_test_cam1
2026-08-13 23:22:33,531 - post_processor_c35a117e9f5a - INFO - [DETECT BATCH] START | od=0 | ppe=1
2026-08-13 23:22:33,532 - post_processor_c35a117e9f5a - INFO - [PROCESS PPE DETECTION] camera=ppe_test_cam1 | severity=none | violated=[]
2026-08-13 23:22:33,532 - post_processor_c35a117e9f5a - INFO - [DETECT BATCH] DONE | od=0 | ppe=1
2026-08-13 23:22:33,533 - post_processor_c35a117e9f5a - INFO - PPE meta buffered | camera=ppe_test_cam1 | violation=False
2026-08-13 23:22:33,533 - post_processor_c35a117e9f5a - INFO - PPE frame complete | camera=ppe_test_cam1 | violation=False
2026-08-13 23:22:34,580 - post_processor_c35a117e9f5a - INFO - [FRAME RECEIVED] topic=post_processing | partition=0 | offset=783 | frame_id=None | camera=ppe_test_cam1
2026-08-13 23:22:34,580 - post_processor_c35a117e9f5a - INFO - [DETECT BATCH] START | od=0 | ppe=1
2026-08-13 23:22:34,581 - post_processor_c35a117e9f5a - INFO - [PROCESS PPE DETECTION] camera=ppe_test_cam1 | severity=none | violated=[]
2026-08-13 23:22:34,581 - post_processor_c35a117e9f5a - INFO - [DETECT BATCH] DONE | od=0 | ppe=1
2026-08-13 23:22:34,581 - post_processor_c35a117e9f5a - INFO - PPE meta buffered | camera=ppe_test_cam1 | violation=False
2026-08-13 23:22:34,581 - post_processor_c35a117e9f5a - INFO - PPE frame complete | camera=ppe_test_cam1 | violation=False
2026-08-13 23:22:34,612 - post_processor_c35a117e9f5a - INFO - [FRAME RECEIVED] topic=post_processing | partition=0 | offset=784 | frame_id=None | camera=ppe_test_cam1
2026-08-13 23:22:34,612 - post_processor_c35a117e9f5a - INFO - [DETECT BATCH] START | od=0 | ppe=1
2026-08-13 23:22:34,613 - post_processor_c35a117e9f5a - INFO - [PROCESS PPE DETECTION] camera=ppe_test_cam1 | severity=none | violated=[]
2026-08-13 23:22:34,613 - post_processor_c35a117e9f5a - INFO - [DETECT BATCH] DONE | od=0 | ppe=1
2026-08-13 23:22:34,613 - post_processor_c35a117e9f5a - INFO - PPE meta buffered | camera=ppe_test_cam1 | violation=False
2026-08-13 23:22:34,613 - post_processor_c35a117e9f5a - INFO - PPE frame complete | camera=ppe_test_cam1 | violation=False
2026-08-13 23:22:59,642 - post_processor_c35a117e9f5a - INFO - [FRAME RECEIVED] topic=post_processing | partition=0 | offset=785 | frame_id=None | camera=ppe_test_cam1
2026-08-13 23:22:59,642 - post_processor_c35a117e9f5a - INFO - [DETECT BATCH] START | od=0 | ppe=1
2026-08-13 23:22:59,642 - post_processor_c35a117e9f5a - INFO - [PROCESS PPE DETECTION] camera=ppe_test_cam1 | severity=none | violated=[]
2026-08-13 23:22:59,643 - post_processor_c35a117e9f5a - INFO - [DETECT BATCH] DONE | od=0 | ppe=1
2026-08-13 23:22:59,643 - post_processor_c35a117e9f5a - INFO - PPE meta buffered | camera=ppe_test_cam1 | violation=False
2026-08-13 23:22:59,643 - post_processor_c35a117e9f5a - INFO - PPE frame complete | camera=ppe_test_cam1 | violation=False
2026-08-13 23:23:00,631 - post_processor_c35a117e9f5a - INFO - [FRAME RECEIVED] topic=post_processing | partition=0 | offset=786 | frame_id=None | camera=ppe_test_cam1
2026-08-13 23:23:00,631 - post_processor_c35a117e9f5a - INFO - [DETECT BATCH] START | od=0 | ppe=1
2026-08-13 23:23:00,631 - post_processor_c35a117e9f5a - INFO - [PROCESS PPE DETECTION] camera=ppe_test_cam1 | severity=none | violated=[]
2026-08-13 23:23:00,632 - post_processor_c35a117e9f5a - INFO - [DETECT BATCH] DONE | od=0 | ppe=1
2026-08-13 23:23:00,632 - post_processor_c35a117e9f5a - INFO - PPE meta buffered | camera=ppe_test_cam1 | violation=False
2026-08-13 23:23:00,656 - post_processor_c35a117e9f5a - INFO - PPE MongoDB batch insert | camera=ppe_test_cam1 | count=10
2026-08-13 23:23:00,656 - post_processor_c35a117e9f5a - INFO - PPE frame complete | camera=ppe_test_cam1 | violation=False
2026-08-13 23:23:00,657 - post_processor_c35a117e9f5a - INFO - Kafka offsets committed | count=10
2026-08-13 23:23:18,585 - post_processor_c35a117e9f5a - INFO - [FRAME RECEIVED] topic=post_processing | partition=0 | offset=787 | frame_id=None | camera=ppe_test_cam1
2026-08-13 23:23:18,585 - post_processor_c35a117e9f5a - INFO - [DETECT BATCH] START | od=0 | ppe=1
2026-08-13 23:23:18,588 - post_processor_c35a117e9f5a - INFO - [PROCESS PPE DETECTION] camera=ppe_test_cam1 | severity=none | violated=[]
2026-08-13 23:23:18,588 - post_processor_c35a117e9f5a - INFO - [DETECT BATCH] DONE | od=0 | ppe=1
2026-08-13 23:23:18,589 - post_processor_c35a117e9f5a - INFO - PPE meta buffered | camera=ppe_test_cam1 | violation=False
2026-08-13 23:23:18,589 - post_processor_c35a117e9f5a - INFO - PPE frame complete | camera=ppe_test_cam1 | violation=False
2026-08-13 23:23:18,624 - post_processor_c35a117e9f5a - INFO - [FRAME RECEIVED] topic=post_processing | partition=0 | offset=788 | frame_id=None | camera=ppe_test_cam1
2026-08-13 23:23:18,625 - post_processor_c35a117e9f5a - INFO - [DETECT BATCH] START | od=0 | ppe=1
2026-08-13 23:23:18,627 - post_processor_c35a117e9f5a - INFO - [PROCESS PPE DETECTION] camera=ppe_test_cam1 | severity=low | violated=['No-Shoes', 'No-Shoes']
2026-08-13 23:23:18,631 - post_processor_c35a117e9f5a - INFO - PPE alert image saved | path=/Aksha/ppe_test_cam1/alerts/2026-08-13/2026-08-13 23:23:18.63_alert.jpg
2026-08-13 23:23:18,631 - post_processor_c35a117e9f5a - INFO - [DETECT BATCH] DONE | od=0 | ppe=1
2026-08-13 23:23:18,631 - post_processor_c35a117e9f5a - INFO - PPE meta buffered | camera=ppe_test_cam1 | violation=True
2026-08-13 23:23:18,645 - post_processor_c35a117e9f5a - INFO - PPE alert dual-written to alerts collection | camera=ppe_test_cam1
2026-08-13 23:23:18,645 - post_processor_c35a117e9f5a - INFO - ppe_status_check | has_violation=True | validity=True
2026-08-13 23:23:18,646 - post_processor_c35a117e9f5a - INFO - PPE notification approved | camera=ppe_test_cam1 | severity=low
2026-08-13 23:23:18,646 - post_processor_c35a117e9f5a - INFO - PPE notification sent | camera=ppe_test_cam1 | severity=low | topic=notification_service
2026-08-13 23:23:18,646 - post_processor_c35a117e9f5a - INFO - PPE frame complete | camera=ppe_test_cam1 | violation=True
2026-08-13 23:23:19,572 - post_processor_c35a117e9f5a - INFO - [FRAME RECEIVED] topic=post_processing | partition=0 | offset=789 | frame_id=None | camera=ppe_test_cam1
2026-08-13 23:23:19,572 - post_processor_c35a117e9f5a - INFO - [DETECT BATCH] START | od=0 | ppe=1
2026-08-13 23:23:19,572 - post_processor_c35a117e9f5a - INFO - [PROCESS PPE DETECTION] camera=ppe_test_cam1 | severity=none | violated=[]
2026-08-13 23:23:19,573 - post_processor_c35a117e9f5a - INFO - [DETECT BATCH] DONE | od=0 | ppe=1
2026-08-13 23:23:19,573 - post_processor_c35a117e9f5a - INFO - PPE meta buffered | camera=ppe_test_cam1 | violation=False
2026-08-13 23:23:19,573 - post_processor_c35a117e9f5a - INFO - PPE frame complete | camera=ppe_test_cam1 | violation=False
2026-08-13 23:23:19,604 - post_processor_c35a117e9f5a - INFO - [FRAME RECEIVED] topic=post_processing | partition=0 | offset=790 | frame_id=None | camera=ppe_test_cam1
2026-08-13 23:23:19,604 - post_processor_c35a117e9f5a - INFO - [DETECT BATCH] START | od=0 | ppe=1
2026-08-13 23:23:19,604 - post_processor_c35a117e9f5a - INFO - [PROCESS PPE DETECTION] camera=ppe_test_cam1 | severity=low | violated=['No-Shoes', 'No-Shoes']
2026-08-13 23:23:19,608 - post_processor_c35a117e9f5a - INFO - PPE alert image saved | path=/Aksha/ppe_test_cam1/alerts/2026-08-13/2026-08-13 23:23:19.60_alert.jpg
2026-08-13 23:23:19,608 - post_processor_c35a117e9f5a - INFO - [DETECT BATCH] DONE | od=0 | ppe=1
2026-08-13 23:23:19,608 - post_processor_c35a117e9f5a - INFO - PPE meta buffered | camera=ppe_test_cam1 | violation=True
2026-08-13 23:23:19,620 - post_processor_c35a117e9f5a - INFO - PPE alert dual-written to alerts collection | camera=ppe_test_cam1
2026-08-13 23:23:19,621 - post_processor_c35a117e9f5a - INFO - ppe_status_check | has_violation=True | validity=False
2026-08-13 23:23:19,621 - post_processor_c35a117e9f5a - INFO - PPE notification suppressed by cooldown | camera=ppe_test_cam1
2026-08-13 23:23:19,621 - post_processor_c35a117e9f5a - INFO - PPE frame complete | camera=ppe_test_cam1 | violation=True
2026-08-13 23:23:20,588 - post_processor_c35a117e9f5a - INFO - [FRAME RECEIVED] topic=post_processing | partition=0 | offset=791 | frame_id=None | camera=ppe_test_cam1
2026-08-13 23:23:20,588 - post_processor_c35a117e9f5a - INFO - [DETECT BATCH] START | od=0 | ppe=1
2026-08-13 23:23:20,589 - post_processor_c35a117e9f5a - INFO - [PROCESS PPE DETECTION] camera=ppe_test_cam1 | severity=none | violated=[]
2026-08-13 23:23:20,589 - post_processor_c35a117e9f5a - INFO - [DETECT BATCH] DONE | od=0 | ppe=1
2026-08-13 23:23:20,589 - post_processor_c35a117e9f5a - INFO - PPE meta buffered | camera=ppe_test_cam1 | violation=False
2026-08-13 23:23:20,589 - post_processor_c35a117e9f5a - INFO - PPE frame complete | camera=ppe_test_cam1 | violation=False
2026-08-13 23:23:20,623 - post_processor_c35a117e9f5a - INFO - [FRAME RECEIVED] topic=post_processing | partition=0 | offset=792 | frame_id=None | camera=ppe_test_cam1
2026-08-13 23:23:20,623 - post_processor_c35a117e9f5a - INFO - [DETECT BATCH] START | od=0 | ppe=1
2026-08-13 23:23:20,623 - post_processor_c35a117e9f5a - INFO - [PROCESS PPE DETECTION] camera=ppe_test_cam1 | severity=low | violated=['No-Shoes', 'No-Shoes']
2026-08-13 23:23:20,627 - post_processor_c35a117e9f5a - INFO - PPE alert image saved | path=/Aksha/ppe_test_cam1/alerts/2026-08-13/2026-08-13 23:23:20.62_alert.jpg
2026-08-13 23:23:20,627 - post_processor_c35a117e9f5a - INFO - [DETECT BATCH] DONE | od=0 | ppe=1
2026-08-13 23:23:20,628 - post_processor_c35a117e9f5a - INFO - PPE meta buffered | camera=ppe_test_cam1 | violation=True
2026-08-13 23:23:20,654 - post_processor_c35a117e9f5a - INFO - PPE alert dual-written to alerts collection | camera=ppe_test_cam1
2026-08-13 23:23:20,654 - post_processor_c35a117e9f5a - INFO - ppe_status_check | has_violation=True | validity=False
2026-08-13 23:23:20,655 - post_processor_c35a117e9f5a - INFO - PPE notification suppressed by cooldown | camera=ppe_test_cam1
2026-08-13 23:23:20,655 - post_processor_c35a117e9f5a - INFO - PPE frame complete | camera=ppe_test_cam1 | violation=True
2026-08-13 23:23:21,569 - post_processor_c35a117e9f5a - INFO - [FRAME RECEIVED] topic=post_processing | partition=0 | offset=793 | frame_id=None | camera=ppe_test_cam1
2026-08-13 23:23:21,569 - post_processor_c35a117e9f5a - INFO - [DETECT BATCH] START | od=0 | ppe=1
2026-08-13 23:23:21,569 - post_processor_c35a117e9f5a - INFO - [PROCESS PPE DETECTION] camera=ppe_test_cam1 | severity=none | violated=[]
2026-08-13 23:23:21,570 - post_processor_c35a117e9f5a - INFO - [DETECT BATCH] DONE | od=0 | ppe=1
2026-08-13 23:23:21,570 - post_processor_c35a117e9f5a - INFO - PPE meta buffered | camera=ppe_test_cam1 | violation=False
2026-08-13 23:23:21,570 - post_processor_c35a117e9f5a - INFO - PPE frame complete | camera=ppe_test_cam1 | violation=False
2026-08-13 23:23:21,602 - post_processor_c35a117e9f5a - INFO - [FRAME RECEIVED] topic=post_processing | partition=0 | offset=794 | frame_id=None | camera=ppe_test_cam1
2026-08-13 23:23:21,602 - post_processor_c35a117e9f5a - INFO - [DETECT BATCH] START | od=0 | ppe=1
2026-08-13 23:23:21,603 - post_processor_c35a117e9f5a - INFO - [PROCESS PPE DETECTION] camera=ppe_test_cam1 | severity=low | violated=['No-Shoes', 'No-Shoes']
2026-08-13 23:23:21,606 - post_processor_c35a117e9f5a - INFO - PPE alert image saved | path=/Aksha/ppe_test_cam1/alerts/2026-08-13/2026-08-13 23:23:21.60_alert.jpg
2026-08-13 23:23:21,606 - post_processor_c35a117e9f5a - INFO - [DETECT BATCH] DONE | od=0 | ppe=1
2026-08-13 23:23:21,607 - post_processor_c35a117e9f5a - INFO - PPE meta buffered | camera=ppe_test_cam1 | violation=True
2026-08-13 23:23:21,656 - post_processor_c35a117e9f5a - INFO - PPE alert dual-written to alerts collection | camera=ppe_test_cam1
2026-08-13 23:23:21,657 - post_processor_c35a117e9f5a - INFO - ppe_status_check | has_violation=True | validity=False
2026-08-13 23:23:21,657 - post_processor_c35a117e9f5a - INFO - PPE notification suppressed by cooldown | camera=ppe_test_cam1
2026-08-13 23:23:21,657 - post_processor_c35a117e9f5a - INFO - PPE frame complete | camera=ppe_test_cam1 | violation=True
2026-08-13 23:23:22,561 - post_processor_c35a117e9f5a - INFO - [FRAME RECEIVED] topic=post_processing | partition=0 | offset=795 | frame_id=None | camera=ppe_test_cam1
2026-08-13 23:23:22,561 - post_processor_c35a117e9f5a - INFO - [DETECT BATCH] START | od=0 | ppe=1
2026-08-13 23:23:22,562 - post_processor_c35a117e9f5a - INFO - [PROCESS PPE DETECTION] camera=ppe_test_cam1 | severity=none | violated=[]
2026-08-13 23:23:22,563 - post_processor_c35a117e9f5a - INFO - [DETECT BATCH] DONE | od=0 | ppe=1
2026-08-13 23:23:22,563 - post_processor_c35a117e9f5a - INFO - PPE meta buffered | camera=ppe_test_cam1 | violation=False
2026-08-13 23:23:22,563 - post_processor_c35a117e9f5a - INFO - PPE frame complete | camera=ppe_test_cam1 | violation=False
2026-08-13 23:23:27,516 - post_processor_c35a117e9f5a - INFO - [FRAME RECEIVED] topic=post_processing | partition=0 | offset=796 | frame_id=None | camera=ppe_test_cam1
2026-08-13 23:23:27,517 - post_processor_c35a117e9f5a - INFO - [DETECT BATCH] START | od=0 | ppe=1
2026-08-13 23:23:27,517 - post_processor_c35a117e9f5a - INFO - [PROCESS PPE DETECTION] camera=ppe_test_cam1 | severity=none | violated=[]
2026-08-13 23:23:27,517 - post_processor_c35a117e9f5a - INFO - [DETECT BATCH] DONE | od=0 | ppe=1
2026-08-13 23:23:27,517 - post_processor_c35a117e9f5a - INFO - PPE meta buffered | camera=ppe_test_cam1 | violation=False
2026-08-13 23:23:27,557 - post_processor_c35a117e9f5a - INFO - PPE MongoDB batch insert | camera=ppe_test_cam1 | count=10
2026-08-13 23:23:27,557 - post_processor_c35a117e9f5a - INFO - PPE frame complete | camera=ppe_test_cam1 | violation=False
2026-08-13 23:23:27,558 - post_processor_c35a117e9f5a - INFO - Kafka offsets committed | count=10
2026-08-13 23:23:28,577 - post_processor_c35a117e9f5a - INFO - [FRAME RECEIVED] topic=post_processing | partition=0 | offset=797 | frame_id=None | camera=ppe_test_cam1
2026-08-13 23:23:28,577 - post_processor_c35a117e9f5a - INFO - [DETECT BATCH] START | od=0 | ppe=1
2026-08-13 23:23:28,578 - post_processor_c35a117e9f5a - INFO - [PROCESS PPE DETECTION] camera=ppe_test_cam1 | severity=none | violated=[]
2026-08-13 23:23:28,578 - post_processor_c35a117e9f5a - INFO - [DETECT BATCH] DONE | od=0 | ppe=1
2026-08-13 23:23:28,579 - post_processor_c35a117e9f5a - INFO - PPE meta buffered | camera=ppe_test_cam1 | violation=False
2026-08-13 23:23:28,579 - post_processor_c35a117e9f5a - INFO - PPE frame complete | camera=ppe_test_cam1 | violation=False
2026-08-13 23:23:29,555 - post_processor_c35a117e9f5a - INFO - [FRAME RECEIVED] topic=post_processing | partition=0 | offset=798 | frame_id=None | camera=ppe_test_cam1
2026-08-13 23:23:29,555 - post_processor_c35a117e9f5a - INFO - [DETECT BATCH] START | od=0 | ppe=1
2026-08-13 23:23:29,555 - post_processor_c35a117e9f5a - INFO - [PROCESS PPE DETECTION] camera=ppe_test_cam1 | severity=none | violated=[]
2026-08-13 23:23:29,555 - post_processor_c35a117e9f5a - INFO - [DETECT BATCH] DONE | od=0 | ppe=1
2026-08-13 23:23:29,556 - post_processor_c35a117e9f5a - INFO - PPE meta buffered | camera=ppe_test_cam1 | violation=False
2026-08-13 23:23:29,556 - post_processor_c35a117e9f5a - INFO - PPE frame complete | camera=ppe_test_cam1 | violation=False
2026-08-13 23:23:30,575 - post_processor_c35a117e9f5a - INFO - [FRAME RECEIVED] topic=post_processing | partition=0 | offset=799 | frame_id=None | camera=ppe_test_cam1
2026-08-13 23:23:30,579 - post_processor_c35a117e9f5a - INFO - [DETECT BATCH] START | od=0 | ppe=1
2026-08-13 23:23:30,580 - post_processor_c35a117e9f5a - INFO - [PROCESS PPE DETECTION] camera=ppe_test_cam1 | severity=none | violated=[]
2026-08-13 23:23:30,581 - post_processor_c35a117e9f5a - INFO - [DETECT BATCH] DONE | od=0 | ppe=1
2026-08-13 23:23:30,581 - post_processor_c35a117e9f5a - INFO - PPE meta buffered | camera=ppe_test_cam1 | violation=False
2026-08-13 23:23:30,581 - post_processor_c35a117e9f5a - INFO - PPE frame complete | camera=ppe_test_cam1 | violation=False
2026-08-13 23:23:31,702 - post_processor_c35a117e9f5a - INFO - [FRAME RECEIVED] topic=post_processing | partition=0 | offset=800 | frame_id=None | camera=ppe_test_cam1
2026-08-13 23:23:31,702 - post_processor_c35a117e9f5a - INFO - [DETECT BATCH] START | od=0 | ppe=1
2026-08-13 23:23:31,702 - post_processor_c35a117e9f5a - INFO - [PROCESS PPE DETECTION] camera=ppe_test_cam1 | severity=none | violated=[]
2026-08-13 23:23:31,703 - post_processor_c35a117e9f5a - INFO - [DETECT BATCH] DONE | od=0 | ppe=1
2026-08-13 23:23:31,703 - post_processor_c35a117e9f5a - INFO - PPE meta buffered | camera=ppe_test_cam1 | violation=False
2026-08-13 23:23:31,703 - post_processor_c35a117e9f5a - INFO - PPE frame complete | camera=ppe_test_cam1 | violation=False
2026-08-13 23:23:32,642 - post_processor_c35a117e9f5a - INFO - [FRAME RECEIVED] topic=post_processing | partition=0 | offset=801 | frame_id=None | camera=ppe_test_cam1
2026-08-13 23:23:32,642 - post_processor_c35a117e9f5a - INFO - [DETECT BATCH] START | od=0 | ppe=1
2026-08-13 23:23:32,643 - post_processor_c35a117e9f5a - INFO - [PROCESS PPE DETECTION] camera=ppe_test_cam1 | severity=none | violated=[]
2026-08-13 23:23:32,643 - post_processor_c35a117e9f5a - INFO - [DETECT BATCH] DONE | od=0 | ppe=1
2026-08-13 23:23:32,643 - post_processor_c35a117e9f5a - INFO - PPE meta buffered | camera=ppe_test_cam1 | violation=False
2026-08-13 23:23:32,643 - post_processor_c35a117e9f5a - INFO - PPE frame complete | camera=ppe_test_cam1 | violation=False
2026-08-13 23:23:33,551 - post_processor_c35a117e9f5a - INFO - [FRAME RECEIVED] topic=post_processing | partition=0 | offset=802 | frame_id=None | camera=ppe_test_cam1
2026-08-13 23:23:33,551 - post_processor_c35a117e9f5a - INFO - [DETECT BATCH] START | od=0 | ppe=1
2026-08-13 23:23:33,552 - post_processor_c35a117e9f5a - INFO - [PROCESS PPE DETECTION] camera=ppe_test_cam1 | severity=none | violated=[]
2026-08-13 23:23:33,552 - post_processor_c35a117e9f5a - INFO - [DETECT BATCH] DONE | od=0 | ppe=1
2026-08-13 23:23:33,552 - post_processor_c35a117e9f5a - INFO - PPE meta buffered | camera=ppe_test_cam1 | violation=False
2026-08-13 23:23:33,552 - post_processor_c35a117e9f5a - INFO - PPE frame complete | camera=ppe_test_cam1 | violation=False
2026-08-13 23:23:34,600 - post_processor_c35a117e9f5a - INFO - [FRAME RECEIVED] topic=post_processing | partition=0 | offset=803 | frame_id=None | camera=ppe_test_cam1
2026-08-13 23:23:34,600 - post_processor_c35a117e9f5a - INFO - [DETECT BATCH] START | od=0 | ppe=1
2026-08-13 23:23:34,600 - post_processor_c35a117e9f5a - INFO - [PROCESS PPE DETECTION] camera=ppe_test_cam1 | severity=none | violated=[]
2026-08-13 23:23:34,600 - post_processor_c35a117e9f5a - INFO - [DETECT BATCH] DONE | od=0 | ppe=1
2026-08-13 23:23:34,600 - post_processor_c35a117e9f5a - INFO - PPE meta buffered | camera=ppe_test_cam1 | violation=False
2026-08-13 23:23:34,600 - post_processor_c35a117e9f5a - INFO - PPE frame complete | camera=ppe_test_cam1 | violation=False
2026-08-13 23:23:34,629 - post_processor_c35a117e9f5a - INFO - [FRAME RECEIVED] topic=post_processing | partition=0 | offset=804 | frame_id=None | camera=ppe_test_cam1
2026-08-13 23:23:34,629 - post_processor_c35a117e9f5a - INFO - [DETECT BATCH] START | od=0 | ppe=1
2026-08-13 23:23:34,629 - post_processor_c35a117e9f5a - INFO - [PROCESS PPE DETECTION] camera=ppe_test_cam1 | severity=none | violated=[]
2026-08-13 23:23:34,630 - post_processor_c35a117e9f5a - INFO - [DETECT BATCH] DONE | od=0 | ppe=1
2026-08-13 23:23:34,631 - post_processor_c35a117e9f5a - INFO - PPE meta buffered | camera=ppe_test_cam1 | violation=False
2026-08-13 23:23:34,631 - post_processor_c35a117e9f5a - INFO - PPE frame complete | camera=ppe_test_cam1 | violation=False
2026-08-13 23:23:59,636 - post_processor_c35a117e9f5a - INFO - [FRAME RECEIVED] topic=post_processing | partition=0 | offset=805 | frame_id=None | camera=ppe_test_cam1
2026-08-13 23:23:59,636 - post_processor_c35a117e9f5a - INFO - [DETECT BATCH] START | od=0 | ppe=1
2026-08-13 23:23:59,636 - post_processor_c35a117e9f5a - INFO - [PROCESS PPE DETECTION] camera=ppe_test_cam1 | severity=none | violated=[]
2026-08-13 23:23:59,636 - post_processor_c35a117e9f5a - INFO - [DETECT BATCH] DONE | od=0 | ppe=1
2026-08-13 23:23:59,637 - post_processor_c35a117e9f5a - INFO - PPE meta buffered | camera=ppe_test_cam1 | violation=False
2026-08-13 23:23:59,637 - post_processor_c35a117e9f5a - INFO - PPE frame complete | camera=ppe_test_cam1 | violation=False
2026-08-13 23:24:00,646 - post_processor_c35a117e9f5a - INFO - [FRAME RECEIVED] topic=post_processing | partition=0 | offset=806 | frame_id=None | camera=ppe_test_cam1
2026-08-13 23:24:00,646 - post_processor_c35a117e9f5a - INFO - [DETECT BATCH] START | od=0 | ppe=1
2026-08-13 23:24:00,646 - post_processor_c35a117e9f5a - INFO - [PROCESS PPE DETECTION] camera=ppe_test_cam1 | severity=none | violated=[]
2026-08-13 23:24:00,647 - post_processor_c35a117e9f5a - INFO - [DETECT BATCH] DONE | od=0 | ppe=1
2026-08-13 23:24:00,647 - post_processor_c35a117e9f5a - INFO - PPE meta buffered | camera=ppe_test_cam1 | violation=False
2026-08-13 23:24:00,752 - post_processor_c35a117e9f5a - INFO - PPE MongoDB batch insert | camera=ppe_test_cam1 | count=10
2026-08-13 23:24:00,753 - post_processor_c35a117e9f5a - INFO - PPE frame complete | camera=ppe_test_cam1 | violation=False
2026-08-13 23:24:00,754 - post_processor_c35a117e9f5a - INFO - Kafka offsets committed | count=10
2026-08-13 23:24:18,589 - post_processor_c35a117e9f5a - INFO - [FRAME RECEIVED] topic=post_processing | partition=0 | offset=807 | frame_id=None | camera=ppe_test_cam1
2026-08-13 23:24:18,589 - post_processor_c35a117e9f5a - INFO - [DETECT BATCH] START | od=0 | ppe=1
2026-08-13 23:24:18,589 - post_processor_c35a117e9f5a - INFO - [PROCESS PPE DETECTION] camera=ppe_test_cam1 | severity=low | violated=['No-Shoes', 'No-Shoes']
2026-08-13 23:24:18,592 - post_processor_c35a117e9f5a - INFO - PPE alert image saved | path=/Aksha/ppe_test_cam1/alerts/2026-08-13/2026-08-13 23:24:18.59_alert.jpg
2026-08-13 23:24:18,593 - post_processor_c35a117e9f5a - INFO - [DETECT BATCH] DONE | od=0 | ppe=1
2026-08-13 23:24:18,593 - post_processor_c35a117e9f5a - INFO - PPE meta buffered | camera=ppe_test_cam1 | violation=True
2026-08-13 23:24:18,617 - post_processor_c35a117e9f5a - INFO - PPE alert dual-written to alerts collection | camera=ppe_test_cam1
2026-08-13 23:24:18,618 - post_processor_c35a117e9f5a - INFO - ppe_status_check | has_violation=True | validity=True
2026-08-13 23:24:18,618 - post_processor_c35a117e9f5a - INFO - PPE notification approved | camera=ppe_test_cam1 | severity=low
2026-08-13 23:24:18,618 - post_processor_c35a117e9f5a - INFO - PPE notification sent | camera=ppe_test_cam1 | severity=low | topic=notification_service
2026-08-13 23:24:18,619 - post_processor_c35a117e9f5a - INFO - PPE frame complete | camera=ppe_test_cam1 | violation=True
2026-08-13 23:24:18,619 - post_processor_c35a117e9f5a - INFO - [FRAME RECEIVED] topic=post_processing | partition=0 | offset=808 | frame_id=None | camera=ppe_test_cam1
2026-08-13 23:24:18,619 - post_processor_c35a117e9f5a - INFO - [DETECT BATCH] START | od=0 | ppe=1
2026-08-13 23:24:18,619 - post_processor_c35a117e9f5a - INFO - [PROCESS PPE DETECTION] camera=ppe_test_cam1 | severity=none | violated=[]
2026-08-13 23:24:18,620 - post_processor_c35a117e9f5a - INFO - [DETECT BATCH] DONE | od=0 | ppe=1
2026-08-13 23:24:18,620 - post_processor_c35a117e9f5a - INFO - PPE meta buffered | camera=ppe_test_cam1 | violation=False
2026-08-13 23:24:18,620 - post_processor_c35a117e9f5a - INFO - PPE frame complete | camera=ppe_test_cam1 | violation=False
2026-08-13 23:24:19,567 - post_processor_c35a117e9f5a - INFO - [FRAME RECEIVED] topic=post_processing | partition=0 | offset=809 | frame_id=None | camera=ppe_test_cam1
2026-08-13 23:24:19,567 - post_processor_c35a117e9f5a - INFO - [DETECT BATCH] START | od=0 | ppe=1
2026-08-13 23:24:19,567 - post_processor_c35a117e9f5a - INFO - [PROCESS PPE DETECTION] camera=ppe_test_cam1 | severity=none | violated=[]
2026-08-13 23:24:19,568 - post_processor_c35a117e9f5a - INFO - [DETECT BATCH] DONE | od=0 | ppe=1
2026-08-13 23:24:19,568 - post_processor_c35a117e9f5a - INFO - PPE meta buffered | camera=ppe_test_cam1 | violation=False
2026-08-13 23:24:19,568 - post_processor_c35a117e9f5a - INFO - PPE frame complete | camera=ppe_test_cam1 | violation=False
2026-08-13 23:24:19,568 - post_processor_c35a117e9f5a - INFO - [FRAME RECEIVED] topic=post_processing | partition=0 | offset=810 | frame_id=None | camera=ppe_test_cam1
2026-08-13 23:24:19,569 - post_processor_c35a117e9f5a - INFO - [DETECT BATCH] START | od=0 | ppe=1
2026-08-13 23:24:19,569 - post_processor_c35a117e9f5a - INFO - [PROCESS PPE DETECTION] camera=ppe_test_cam1 | severity=low | violated=['No-Shoes', 'No-Shoes']
2026-08-13 23:24:19,572 - post_processor_c35a117e9f5a - INFO - PPE alert image saved | path=/Aksha/ppe_test_cam1/alerts/2026-08-13/2026-08-13 23:24:19.57_alert.jpg
2026-08-13 23:24:19,572 - post_processor_c35a117e9f5a - INFO - [DETECT BATCH] DONE | od=0 | ppe=1
2026-08-13 23:24:19,572 - post_processor_c35a117e9f5a - INFO - PPE meta buffered | camera=ppe_test_cam1 | violation=True
2026-08-13 23:24:19,668 - post_processor_c35a117e9f5a - INFO - PPE alert dual-written to alerts collection | camera=ppe_test_cam1
2026-08-13 23:24:19,669 - post_processor_c35a117e9f5a - INFO - ppe_status_check | has_violation=True | validity=False
2026-08-13 23:24:19,669 - post_processor_c35a117e9f5a - INFO - PPE notification suppressed by cooldown | camera=ppe_test_cam1
2026-08-13 23:24:19,670 - post_processor_c35a117e9f5a - INFO - PPE frame complete | camera=ppe_test_cam1 | violation=True
2026-08-13 23:24:20,481 - post_processor_c35a117e9f5a - INFO - [FRAME RECEIVED] topic=post_processing | partition=0 | offset=811 | frame_id=None | camera=ppe_test_cam1
2026-08-13 23:24:20,482 - post_processor_c35a117e9f5a - INFO - [DETECT BATCH] START | od=0 | ppe=1
2026-08-13 23:24:20,482 - post_processor_c35a117e9f5a - INFO - [PROCESS PPE DETECTION] camera=ppe_test_cam1 | severity=low | violated=['No-Shoes', 'No-Shoes']
2026-08-13 23:24:20,487 - post_processor_c35a117e9f5a - INFO - PPE alert image saved | path=/Aksha/ppe_test_cam1/alerts/2026-08-13/2026-08-13 23:24:20.48_alert.jpg
2026-08-13 23:24:20,488 - post_processor_c35a117e9f5a - INFO - [DETECT BATCH] DONE | od=0 | ppe=1
2026-08-13 23:24:20,488 - post_processor_c35a117e9f5a - INFO - PPE meta buffered | camera=ppe_test_cam1 | violation=True
2026-08-13 23:24:20,527 - post_processor_c35a117e9f5a - INFO - PPE alert dual-written to alerts collection | camera=ppe_test_cam1
2026-08-13 23:24:20,528 - post_processor_c35a117e9f5a - INFO - ppe_status_check | has_violation=True | validity=False
2026-08-13 23:24:20,528 - post_processor_c35a117e9f5a - INFO - PPE notification suppressed by cooldown | camera=ppe_test_cam1
2026-08-13 23:24:20,528 - post_processor_c35a117e9f5a - INFO - PPE frame complete | camera=ppe_test_cam1 | violation=True
2026-08-13 23:24:20,528 - post_processor_c35a117e9f5a - INFO - [FRAME RECEIVED] topic=post_processing | partition=0 | offset=812 | frame_id=None | camera=ppe_test_cam1
2026-08-13 23:24:20,529 - post_processor_c35a117e9f5a - INFO - [DETECT BATCH] START | od=0 | ppe=1
2026-08-13 23:24:20,529 - post_processor_c35a117e9f5a - INFO - [PROCESS PPE DETECTION] camera=ppe_test_cam1 | severity=none | violated=[]
2026-08-13 23:24:20,529 - post_processor_c35a117e9f5a - INFO - [DETECT BATCH] DONE | od=0 | ppe=1
2026-08-13 23:24:20,529 - post_processor_c35a117e9f5a - INFO - PPE meta buffered | camera=ppe_test_cam1 | violation=False
2026-08-13 23:24:20,529 - post_processor_c35a117e9f5a - INFO - PPE frame complete | camera=ppe_test_cam1 | violation=False
2026-08-13 23:24:21,576 - post_processor_c35a117e9f5a - INFO - [FRAME RECEIVED] topic=post_processing | partition=0 | offset=813 | frame_id=None | camera=ppe_test_cam1
2026-08-13 23:24:21,576 - post_processor_c35a117e9f5a - INFO - [DETECT BATCH] START | od=0 | ppe=1
2026-08-13 23:24:21,576 - post_processor_c35a117e9f5a - INFO - [PROCESS PPE DETECTION] camera=ppe_test_cam1 | severity=low | violated=['No-Shoes', 'No-Shoes']
2026-08-13 23:24:21,579 - post_processor_c35a117e9f5a - INFO - PPE alert image saved | path=/Aksha/ppe_test_cam1/alerts/2026-08-13/2026-08-13 23:24:21.57_alert.jpg
2026-08-13 23:24:21,580 - post_processor_c35a117e9f5a - INFO - [DETECT BATCH] DONE | od=0 | ppe=1
2026-08-13 23:24:21,580 - post_processor_c35a117e9f5a - INFO - PPE meta buffered | camera=ppe_test_cam1 | violation=True
2026-08-13 23:24:21,602 - post_processor_c35a117e9f5a - INFO - PPE alert dual-written to alerts collection | camera=ppe_test_cam1
2026-08-13 23:24:21,602 - post_processor_c35a117e9f5a - INFO - ppe_status_check | has_violation=True | validity=False
2026-08-13 23:24:21,602 - post_processor_c35a117e9f5a - INFO - PPE notification suppressed by cooldown | camera=ppe_test_cam1
2026-08-13 23:24:21,603 - post_processor_c35a117e9f5a - INFO - PPE frame complete | camera=ppe_test_cam1 | violation=True
2026-08-13 23:24:21,603 - post_processor_c35a117e9f5a - INFO - [FRAME RECEIVED] topic=post_processing | partition=0 | offset=814 | frame_id=None | camera=ppe_test_cam1
2026-08-13 23:24:21,603 - post_processor_c35a117e9f5a - INFO - [DETECT BATCH] START | od=0 | ppe=1
2026-08-13 23:24:21,604 - post_processor_c35a117e9f5a - INFO - [PROCESS PPE DETECTION] camera=ppe_test_cam1 | severity=none | violated=[]
2026-08-13 23:24:21,604 - post_processor_c35a117e9f5a - INFO - [DETECT BATCH] DONE | od=0 | ppe=1
2026-08-13 23:24:21,604 - post_processor_c35a117e9f5a - INFO - PPE meta buffered | camera=ppe_test_cam1 | violation=False
2026-08-13 23:24:21,604 - post_processor_c35a117e9f5a - INFO - PPE frame complete | camera=ppe_test_cam1 | violation=False
2026-08-13 23:24:22,617 - post_processor_c35a117e9f5a - INFO - [FRAME RECEIVED] topic=post_processing | partition=0 | offset=815 | frame_id=None | camera=ppe_test_cam1
2026-08-13 23:24:22,617 - post_processor_c35a117e9f5a - INFO - [DETECT BATCH] START | od=0 | ppe=1
2026-08-13 23:24:22,618 - post_processor_c35a117e9f5a - INFO - [PROCESS PPE DETECTION] camera=ppe_test_cam1 | severity=none | violated=[]
2026-08-13 23:24:22,618 - post_processor_c35a117e9f5a - INFO - [DETECT BATCH] DONE | od=0 | ppe=1
2026-08-13 23:24:22,618 - post_processor_c35a117e9f5a - INFO - PPE meta buffered | camera=ppe_test_cam1 | violation=False
2026-08-13 23:24:22,618 - post_processor_c35a117e9f5a - INFO - PPE frame complete | camera=ppe_test_cam1 | violation=False
2026-08-13 23:24:27,551 - post_processor_c35a117e9f5a - INFO - [FRAME RECEIVED] topic=post_processing | partition=0 | offset=816 | frame_id=None | camera=ppe_test_cam1
2026-08-13 23:24:27,551 - post_processor_c35a117e9f5a - INFO - [DETECT BATCH] START | od=0 | ppe=1
2026-08-13 23:24:27,551 - post_processor_c35a117e9f5a - INFO - [PROCESS PPE DETECTION] camera=ppe_test_cam1 | severity=none | violated=[]
2026-08-13 23:24:27,552 - post_processor_c35a117e9f5a - INFO - [DETECT BATCH] DONE | od=0 | ppe=1
2026-08-13 23:24:27,552 - post_processor_c35a117e9f5a - INFO - PPE meta buffered | camera=ppe_test_cam1 | violation=False
2026-08-13 23:24:27,579 - post_processor_c35a117e9f5a - INFO - PPE MongoDB batch insert | camera=ppe_test_cam1 | count=10
2026-08-13 23:24:27,579 - post_processor_c35a117e9f5a - INFO - PPE frame complete | camera=ppe_test_cam1 | violation=False
2026-08-13 23:24:27,580 - post_processor_c35a117e9f5a - INFO - Kafka offsets committed | count=10
2026-08-13 23:24:28,575 - post_processor_c35a117e9f5a - INFO - [FRAME RECEIVED] topic=post_processing | partition=0 | offset=817 | frame_id=None | camera=ppe_test_cam1
2026-08-13 23:24:28,575 - post_processor_c35a117e9f5a - INFO - [DETECT BATCH] START | od=0 | ppe=1
2026-08-13 23:24:28,575 - post_processor_c35a117e9f5a - INFO - [PROCESS PPE DETECTION] camera=ppe_test_cam1 | severity=none | violated=[]
2026-08-13 23:24:28,576 - post_processor_c35a117e9f5a - INFO - [DETECT BATCH] DONE | od=0 | ppe=1
2026-08-13 23:24:28,576 - post_processor_c35a117e9f5a - INFO - PPE meta buffered | camera=ppe_test_cam1 | violation=False
2026-08-13 23:24:28,576 - post_processor_c35a117e9f5a - INFO - PPE frame complete | camera=ppe_test_cam1 | violation=False
2026-08-13 23:24:29,433 - post_processor_c35a117e9f5a - INFO - [FRAME RECEIVED] topic=post_processing | partition=0 | offset=818 | frame_id=None | camera=ppe_test_cam1
2026-08-13 23:24:29,433 - post_processor_c35a117e9f5a - INFO - [DETECT BATCH] START | od=0 | ppe=1
2026-08-13 23:24:29,433 - post_processor_c35a117e9f5a - INFO - [PROCESS PPE DETECTION] camera=ppe_test_cam1 | severity=none | violated=[]
2026-08-13 23:24:29,434 - post_processor_c35a117e9f5a - INFO - [DETECT BATCH] DONE | od=0 | ppe=1
2026-08-13 23:24:29,434 - post_processor_c35a117e9f5a - INFO - PPE meta buffered | camera=ppe_test_cam1 | violation=False
2026-08-13 23:24:29,434 - post_processor_c35a117e9f5a - INFO - PPE frame complete | camera=ppe_test_cam1 | violation=False
2026-08-13 23:24:30,562 - post_processor_c35a117e9f5a - INFO - [FRAME RECEIVED] topic=post_processing | partition=0 | offset=819 | frame_id=None | camera=ppe_test_cam1
2026-08-13 23:24:30,563 - post_processor_c35a117e9f5a - INFO - [DETECT BATCH] START | od=0 | ppe=1
2026-08-13 23:24:30,563 - post_processor_c35a117e9f5a - INFO - [PROCESS PPE DETECTION] camera=ppe_test_cam1 | severity=none | violated=[]
2026-08-13 23:24:30,563 - post_processor_c35a117e9f5a - INFO - [DETECT BATCH] DONE | od=0 | ppe=1
2026-08-13 23:24:30,564 - post_processor_c35a117e9f5a - INFO - PPE meta buffered | camera=ppe_test_cam1 | violation=False
2026-08-13 23:24:30,564 - post_processor_c35a117e9f5a - INFO - PPE frame complete | camera=ppe_test_cam1 | violation=False
2026-08-13 23:24:31,634 - post_processor_c35a117e9f5a - INFO - [FRAME RECEIVED] topic=post_processing | partition=0 | offset=820 | frame_id=None | camera=ppe_test_cam1
2026-08-13 23:24:31,635 - post_processor_c35a117e9f5a - INFO - [DETECT BATCH] START | od=0 | ppe=1
2026-08-13 23:24:31,635 - post_processor_c35a117e9f5a - INFO - [PROCESS PPE DETECTION] camera=ppe_test_cam1 | severity=none | violated=[]
2026-08-13 23:24:31,636 - post_processor_c35a117e9f5a - INFO - [DETECT BATCH] DONE | od=0 | ppe=1
2026-08-13 23:24:31,636 - post_processor_c35a117e9f5a - INFO - PPE meta buffered | camera=ppe_test_cam1 | violation=False
2026-08-13 23:24:31,637 - post_processor_c35a117e9f5a - INFO - PPE frame complete | camera=ppe_test_cam1 | violation=False
2026-08-13 23:24:32,653 - post_processor_c35a117e9f5a - INFO - [FRAME RECEIVED] topic=post_processing | partition=0 | offset=821 | frame_id=None | camera=ppe_test_cam1
2026-08-13 23:24:32,653 - post_processor_c35a117e9f5a - INFO - [DETECT BATCH] START | od=0 | ppe=1
2026-08-13 23:24:32,654 - post_processor_c35a117e9f5a - INFO - [PROCESS PPE DETECTION] camera=ppe_test_cam1 | severity=none | violated=[]
2026-08-13 23:24:32,654 - post_processor_c35a117e9f5a - INFO - [DETECT BATCH] DONE | od=0 | ppe=1
2026-08-13 23:24:32,654 - post_processor_c35a117e9f5a - INFO - PPE meta buffered | camera=ppe_test_cam1 | violation=False
2026-08-13 23:24:32,654 - post_processor_c35a117e9f5a - INFO - PPE frame complete | camera=ppe_test_cam1 | violation=False
2026-08-13 23:24:33,598 - post_processor_c35a117e9f5a - INFO - [FRAME RECEIVED] topic=post_processing | partition=0 | offset=822 | frame_id=None | camera=ppe_test_cam1
2026-08-13 23:24:33,598 - post_processor_c35a117e9f5a - INFO - [DETECT BATCH] START | od=0 | ppe=1
2026-08-13 23:24:33,598 - post_processor_c35a117e9f5a - INFO - [PROCESS PPE DETECTION] camera=ppe_test_cam1 | severity=none | violated=[]
2026-08-13 23:24:33,599 - post_processor_c35a117e9f5a - INFO - [DETECT BATCH] DONE | od=0 | ppe=1
2026-08-13 23:24:33,599 - post_processor_c35a117e9f5a - INFO - PPE meta buffered | camera=ppe_test_cam1 | violation=False
2026-08-13 23:24:33,599 - post_processor_c35a117e9f5a - INFO - PPE frame complete | camera=ppe_test_cam1 | violation=False
2026-08-13 23:24:34,599 - post_processor_c35a117e9f5a - INFO - [FRAME RECEIVED] topic=post_processing | partition=0 | offset=823 | frame_id=None | camera=ppe_test_cam1
2026-08-13 23:24:34,599 - post_processor_c35a117e9f5a - INFO - [DETECT BATCH] START | od=0 | ppe=1
2026-08-13 23:24:34,599 - post_processor_c35a117e9f5a - INFO - [PROCESS PPE DETECTION] camera=ppe_test_cam1 | severity=none | violated=[]
2026-08-13 23:24:34,601 - post_processor_c35a117e9f5a - INFO - [DETECT BATCH] DONE | od=0 | ppe=1
2026-08-13 23:24:34,602 - post_processor_c35a117e9f5a - INFO - PPE meta buffered | camera=ppe_test_cam1 | violation=False
2026-08-13 23:24:34,602 - post_processor_c35a117e9f5a - INFO - PPE frame complete | camera=ppe_test_cam1 | violation=False
2026-08-13 23:24:34,637 - post_processor_c35a117e9f5a - INFO - [FRAME RECEIVED] topic=post_processing | partition=0 | offset=824 | frame_id=None | camera=ppe_test_cam1
2026-08-13 23:24:34,637 - post_processor_c35a117e9f5a - INFO - [DETECT BATCH] START | od=0 | ppe=1
2026-08-13 23:24:34,639 - post_processor_c35a117e9f5a - INFO - [PROCESS PPE DETECTION] camera=ppe_test_cam1 | severity=none | violated=[]
2026-08-13 23:24:34,639 - post_processor_c35a117e9f5a - INFO - [DETECT BATCH] DONE | od=0 | ppe=1
2026-08-13 23:24:34,639 - post_processor_c35a117e9f5a - INFO - PPE meta buffered | camera=ppe_test_cam1 | violation=False
2026-08-13 23:24:34,639 - post_processor_c35a117e9f5a - INFO - PPE frame complete | camera=ppe_test_cam1 | violation=False
2026-08-13 23:24:59,628 - post_processor_c35a117e9f5a - INFO - [FRAME RECEIVED] topic=post_processing | partition=0 | offset=825 | frame_id=None | camera=ppe_test_cam1
2026-08-13 23:24:59,628 - post_processor_c35a117e9f5a - INFO - [DETECT BATCH] START | od=0 | ppe=1
2026-08-13 23:24:59,628 - post_processor_c35a117e9f5a - INFO - [PROCESS PPE DETECTION] camera=ppe_test_cam1 | severity=none | violated=[]
2026-08-13 23:24:59,629 - post_processor_c35a117e9f5a - INFO - [DETECT BATCH] DONE | od=0 | ppe=1
2026-08-13 23:24:59,629 - post_processor_c35a117e9f5a - INFO - PPE meta buffered | camera=ppe_test_cam1 | violation=False
2026-08-13 23:24:59,629 - post_processor_c35a117e9f5a - INFO - PPE frame complete | camera=ppe_test_cam1 | violation=False
2026-08-13 23:25:00,570 - post_processor_c35a117e9f5a - INFO - [FRAME RECEIVED] topic=post_processing | partition=0 | offset=826 | frame_id=None | camera=ppe_test_cam1
2026-08-13 23:25:00,570 - post_processor_c35a117e9f5a - INFO - [DETECT BATCH] START | od=0 | ppe=1
2026-08-13 23:25:00,570 - post_processor_c35a117e9f5a - INFO - [PROCESS PPE DETECTION] camera=ppe_test_cam1 | severity=none | violated=[]
2026-08-13 23:25:00,571 - post_processor_c35a117e9f5a - INFO - [DETECT BATCH] DONE | od=0 | ppe=1
2026-08-13 23:25:00,571 - post_processor_c35a117e9f5a - INFO - PPE meta buffered | camera=ppe_test_cam1 | violation=False
2026-08-13 23:25:00,583 - post_processor_c35a117e9f5a - INFO - PPE MongoDB batch insert | camera=ppe_test_cam1 | count=10
2026-08-13 23:25:00,583 - post_processor_c35a117e9f5a - INFO - PPE frame complete | camera=ppe_test_cam1 | violation=False
2026-08-13 23:25:00,584 - post_processor_c35a117e9f5a - INFO - Kafka offsets committed | count=10
2026-08-13 23:25:18,582 - post_processor_c35a117e9f5a - INFO - [FRAME RECEIVED] topic=post_processing | partition=0 | offset=827 | frame_id=None | camera=ppe_test_cam1
2026-08-13 23:25:18,582 - post_processor_c35a117e9f5a - INFO - [DETECT BATCH] START | od=0 | ppe=1
2026-08-13 23:25:18,583 - post_processor_c35a117e9f5a - INFO - [PROCESS PPE DETECTION] camera=ppe_test_cam1 | severity=none | violated=[]
2026-08-13 23:25:18,583 - post_processor_c35a117e9f5a - INFO - [DETECT BATCH] DONE | od=0 | ppe=1
2026-08-13 23:25:18,584 - post_processor_c35a117e9f5a - INFO - PPE meta buffered | camera=ppe_test_cam1 | violation=False
2026-08-13 23:25:18,584 - post_processor_c35a117e9f5a - INFO - PPE frame complete | camera=ppe_test_cam1 | violation=False
2026-08-13 23:25:18,617 - post_processor_c35a117e9f5a - INFO - [FRAME RECEIVED] topic=post_processing | partition=0 | offset=828 | frame_id=None | camera=ppe_test_cam1
2026-08-13 23:25:18,617 - post_processor_c35a117e9f5a - INFO - [DETECT BATCH] START | od=0 | ppe=1
2026-08-13 23:25:18,618 - post_processor_c35a117e9f5a - INFO - [PROCESS PPE DETECTION] camera=ppe_test_cam1 | severity=low | violated=['No-Shoes', 'No-Shoes']
2026-08-13 23:25:18,621 - post_processor_c35a117e9f5a - INFO - PPE alert image saved | path=/Aksha/ppe_test_cam1/alerts/2026-08-13/2026-08-13 23:25:18.62_alert.jpg
2026-08-13 23:25:18,621 - post_processor_c35a117e9f5a - INFO - [DETECT BATCH] DONE | od=0 | ppe=1
2026-08-13 23:25:18,621 - post_processor_c35a117e9f5a - INFO - PPE meta buffered | camera=ppe_test_cam1 | violation=True
2026-08-13 23:25:18,631 - post_processor_c35a117e9f5a - INFO - PPE alert dual-written to alerts collection | camera=ppe_test_cam1
2026-08-13 23:25:18,631 - post_processor_c35a117e9f5a - INFO - ppe_status_check | has_violation=True | validity=True
2026-08-13 23:25:18,632 - post_processor_c35a117e9f5a - INFO - PPE notification approved | camera=ppe_test_cam1 | severity=low
2026-08-13 23:25:18,632 - post_processor_c35a117e9f5a - INFO - PPE notification sent | camera=ppe_test_cam1 | severity=low | topic=notification_service
2026-08-13 23:25:18,632 - post_processor_c35a117e9f5a - INFO - PPE frame complete | camera=ppe_test_cam1 | violation=True
2026-08-13 23:25:19,524 - post_processor_c35a117e9f5a - INFO - [FRAME RECEIVED] topic=post_processing | partition=0 | offset=829 | frame_id=None | camera=ppe_test_cam1
2026-08-13 23:25:19,524 - post_processor_c35a117e9f5a - INFO - [DETECT BATCH] START | od=0 | ppe=1
2026-08-13 23:25:19,524 - post_processor_c35a117e9f5a - INFO - [PROCESS PPE DETECTION] camera=ppe_test_cam1 | severity=none | violated=[]
2026-08-13 23:25:19,524 - post_processor_c35a117e9f5a - INFO - [DETECT BATCH] DONE | od=0 | ppe=1
2026-08-13 23:25:19,524 - post_processor_c35a117e9f5a - INFO - PPE meta buffered | camera=ppe_test_cam1 | violation=False
2026-08-13 23:25:19,524 - post_processor_c35a117e9f5a - INFO - PPE frame complete | camera=ppe_test_cam1 | violation=False
2026-08-13 23:25:19,556 - post_processor_c35a117e9f5a - INFO - [FRAME RECEIVED] topic=post_processing | partition=0 | offset=830 | frame_id=None | camera=ppe_test_cam1
2026-08-13 23:25:19,556 - post_processor_c35a117e9f5a - INFO - [DETECT BATCH] START | od=0 | ppe=1
2026-08-13 23:25:19,557 - post_processor_c35a117e9f5a - INFO - [PROCESS PPE DETECTION] camera=ppe_test_cam1 | severity=low | violated=['No-Shoes', 'No-Shoes']
2026-08-13 23:25:19,560 - post_processor_c35a117e9f5a - INFO - PPE alert image saved | path=/Aksha/ppe_test_cam1/alerts/2026-08-13/2026-08-13 23:25:19.55_alert.jpg
2026-08-13 23:25:19,560 - post_processor_c35a117e9f5a - INFO - [DETECT BATCH] DONE | od=0 | ppe=1
2026-08-13 23:25:19,561 - post_processor_c35a117e9f5a - INFO - PPE meta buffered | camera=ppe_test_cam1 | violation=True
2026-08-13 23:25:19,608 - post_processor_c35a117e9f5a - INFO - PPE alert dual-written to alerts collection | camera=ppe_test_cam1
2026-08-13 23:25:19,609 - post_processor_c35a117e9f5a - INFO - ppe_status_check | has_violation=True | validity=False
2026-08-13 23:25:19,609 - post_processor_c35a117e9f5a - INFO - PPE notification suppressed by cooldown | camera=ppe_test_cam1
2026-08-13 23:25:19,609 - post_processor_c35a117e9f5a - INFO - PPE frame complete | camera=ppe_test_cam1 | violation=True
2026-08-13 23:25:20,583 - post_processor_c35a117e9f5a - INFO - [FRAME RECEIVED] topic=post_processing | partition=0 | offset=831 | frame_id=None | camera=ppe_test_cam1
2026-08-13 23:25:20,583 - post_processor_c35a117e9f5a - INFO - [DETECT BATCH] START | od=0 | ppe=1
2026-08-13 23:25:20,584 - post_processor_c35a117e9f5a - INFO - [PROCESS PPE DETECTION] camera=ppe_test_cam1 | severity=none | violated=[]
2026-08-13 23:25:20,584 - post_processor_c35a117e9f5a - INFO - [DETECT BATCH] DONE | od=0 | ppe=1
2026-08-13 23:25:20,584 - post_processor_c35a117e9f5a - INFO - PPE meta buffered | camera=ppe_test_cam1 | violation=False
2026-08-13 23:25:20,585 - post_processor_c35a117e9f5a - INFO - PPE frame complete | camera=ppe_test_cam1 | violation=False
2026-08-13 23:25:20,626 - post_processor_c35a117e9f5a - INFO - [FRAME RECEIVED] topic=post_processing | partition=0 | offset=832 | frame_id=None | camera=ppe_test_cam1
2026-08-13 23:25:20,626 - post_processor_c35a117e9f5a - INFO - [DETECT BATCH] START | od=0 | ppe=1
2026-08-13 23:25:20,627 - post_processor_c35a117e9f5a - INFO - [PROCESS PPE DETECTION] camera=ppe_test_cam1 | severity=low | violated=['No-Shoes', 'No-Shoes']
2026-08-13 23:25:20,630 - post_processor_c35a117e9f5a - INFO - PPE alert image saved | path=/Aksha/ppe_test_cam1/alerts/2026-08-13/2026-08-13 23:25:20.62_alert.jpg
2026-08-13 23:25:20,630 - post_processor_c35a117e9f5a - INFO - [DETECT BATCH] DONE | od=0 | ppe=1
2026-08-13 23:25:20,630 - post_processor_c35a117e9f5a - INFO - PPE meta buffered | camera=ppe_test_cam1 | violation=True
2026-08-13 23:25:20,649 - post_processor_c35a117e9f5a - INFO - PPE alert dual-written to alerts collection | camera=ppe_test_cam1
2026-08-13 23:25:20,649 - post_processor_c35a117e9f5a - INFO - ppe_status_check | has_violation=True | validity=False
2026-08-13 23:25:20,649 - post_processor_c35a117e9f5a - INFO - PPE notification suppressed by cooldown | camera=ppe_test_cam1
2026-08-13 23:25:20,650 - post_processor_c35a117e9f5a - INFO - PPE frame complete | camera=ppe_test_cam1 | violation=True
2026-08-13 23:25:21,596 - post_processor_c35a117e9f5a - INFO - [FRAME RECEIVED] topic=post_processing | partition=0 | offset=833 | frame_id=None | camera=ppe_test_cam1
2026-08-13 23:25:21,596 - post_processor_c35a117e9f5a - INFO - [DETECT BATCH] START | od=0 | ppe=1
2026-08-13 23:25:21,596 - post_processor_c35a117e9f5a - INFO - [PROCESS PPE DETECTION] camera=ppe_test_cam1 | severity=none | violated=[]
2026-08-13 23:25:21,597 - post_processor_c35a117e9f5a - INFO - [DETECT BATCH] DONE | od=0 | ppe=1
2026-08-13 23:25:21,597 - post_processor_c35a117e9f5a - INFO - PPE meta buffered | camera=ppe_test_cam1 | violation=False
2026-08-13 23:25:21,597 - post_processor_c35a117e9f5a - INFO - PPE frame complete | camera=ppe_test_cam1 | violation=False
2026-08-13 23:25:21,630 - post_processor_c35a117e9f5a - INFO - [FRAME RECEIVED] topic=post_processing | partition=0 | offset=834 | frame_id=None | camera=ppe_test_cam1
2026-08-13 23:25:21,630 - post_processor_c35a117e9f5a - INFO - [DETECT BATCH] START | od=0 | ppe=1
2026-08-13 23:25:21,630 - post_processor_c35a117e9f5a - INFO - [PROCESS PPE DETECTION] camera=ppe_test_cam1 | severity=low | violated=['No-Shoes', 'No-Shoes']
2026-08-13 23:25:21,633 - post_processor_c35a117e9f5a - INFO - PPE alert image saved | path=/Aksha/ppe_test_cam1/alerts/2026-08-13/2026-08-13 23:25:21.63_alert.jpg
2026-08-13 23:25:21,634 - post_processor_c35a117e9f5a - INFO - [DETECT BATCH] DONE | od=0 | ppe=1
2026-08-13 23:25:21,634 - post_processor_c35a117e9f5a - INFO - PPE meta buffered | camera=ppe_test_cam1 | violation=True
2026-08-13 23:25:21,657 - post_processor_c35a117e9f5a - INFO - PPE alert dual-written to alerts collection | camera=ppe_test_cam1
2026-08-13 23:25:21,658 - post_processor_c35a117e9f5a - INFO - ppe_status_check | has_violation=True | validity=False
2026-08-13 23:25:21,658 - post_processor_c35a117e9f5a - INFO - PPE notification suppressed by cooldown | camera=ppe_test_cam1
2026-08-13 23:25:21,659 - post_processor_c35a117e9f5a - INFO - PPE frame complete | camera=ppe_test_cam1 | violation=True
2026-08-13 23:25:22,566 - post_processor_c35a117e9f5a - INFO - [FRAME RECEIVED] topic=post_processing | partition=0 | offset=835 | frame_id=None | camera=ppe_test_cam1
2026-08-13 23:25:22,567 - post_processor_c35a117e9f5a - INFO - [DETECT BATCH] START | od=0 | ppe=1
2026-08-13 23:25:22,567 - post_processor_c35a117e9f5a - INFO - [PROCESS PPE DETECTION] camera=ppe_test_cam1 | severity=none | violated=[]
2026-08-13 23:25:22,567 - post_processor_c35a117e9f5a - INFO - [DETECT BATCH] DONE | od=0 | ppe=1
2026-08-13 23:25:22,567 - post_processor_c35a117e9f5a - INFO - PPE meta buffered | camera=ppe_test_cam1 | violation=False
2026-08-13 23:25:22,567 - post_processor_c35a117e9f5a - INFO - PPE frame complete | camera=ppe_test_cam1 | violation=False
2026-08-13 23:25:27,489 - post_processor_c35a117e9f5a - INFO - [FRAME RECEIVED] topic=post_processing | partition=0 | offset=836 | frame_id=None | camera=ppe_test_cam1
2026-08-13 23:25:27,489 - post_processor_c35a117e9f5a - INFO - [DETECT BATCH] START | od=0 | ppe=1
2026-08-13 23:25:27,489 - post_processor_c35a117e9f5a - INFO - [PROCESS PPE DETECTION] camera=ppe_test_cam1 | severity=none | violated=[]
2026-08-13 23:25:27,489 - post_processor_c35a117e9f5a - INFO - [DETECT BATCH] DONE | od=0 | ppe=1
2026-08-13 23:25:27,490 - post_processor_c35a117e9f5a - INFO - PPE meta buffered | camera=ppe_test_cam1 | violation=False
2026-08-13 23:25:27,528 - post_processor_c35a117e9f5a - INFO - PPE MongoDB batch insert | camera=ppe_test_cam1 | count=10
2026-08-13 23:25:27,528 - post_processor_c35a117e9f5a - INFO - PPE frame complete | camera=ppe_test_cam1 | violation=False
2026-08-13 23:25:27,529 - post_processor_c35a117e9f5a - INFO - Kafka offsets committed | count=10
2026-08-13 23:25:28,567 - post_processor_c35a117e9f5a - INFO - [FRAME RECEIVED] topic=post_processing | partition=0 | offset=837 | frame_id=None | camera=ppe_test_cam1
2026-08-13 23:25:28,567 - post_processor_c35a117e9f5a - INFO - [DETECT BATCH] START | od=0 | ppe=1
2026-08-13 23:25:28,568 - post_processor_c35a117e9f5a - INFO - [PROCESS PPE DETECTION] camera=ppe_test_cam1 | severity=none | violated=[]
2026-08-13 23:25:28,568 - post_processor_c35a117e9f5a - INFO - [DETECT BATCH] DONE | od=0 | ppe=1
2026-08-13 23:25:28,568 - post_processor_c35a117e9f5a - INFO - PPE meta buffered | camera=ppe_test_cam1 | violation=False
2026-08-13 23:25:28,568 - post_processor_c35a117e9f5a - INFO - PPE frame complete | camera=ppe_test_cam1 | violation=False
2026-08-13 23:25:29,499 - post_processor_c35a117e9f5a - INFO - [FRAME RECEIVED] topic=post_processing | partition=0 | offset=838 | frame_id=None | camera=ppe_test_cam1
2026-08-13 23:25:29,499 - post_processor_c35a117e9f5a - INFO - [DETECT BATCH] START | od=0 | ppe=1
2026-08-13 23:25:29,500 - post_processor_c35a117e9f5a - INFO - [PROCESS PPE DETECTION] camera=ppe_test_cam1 | severity=none | violated=[]
2026-08-13 23:25:29,500 - post_processor_c35a117e9f5a - INFO - [DETECT BATCH] DONE | od=0 | ppe=1
2026-08-13 23:25:29,501 - post_processor_c35a117e9f5a - INFO - PPE meta buffered | camera=ppe_test_cam1 | violation=False
2026-08-13 23:25:29,501 - post_processor_c35a117e9f5a - INFO - PPE frame complete | camera=ppe_test_cam1 | violation=False
2026-08-13 23:25:30,592 - post_processor_c35a117e9f5a - INFO - [FRAME RECEIVED] topic=post_processing | partition=0 | offset=839 | frame_id=None | camera=ppe_test_cam1
2026-08-13 23:25:30,592 - post_processor_c35a117e9f5a - INFO - [DETECT BATCH] START | od=0 | ppe=1
2026-08-13 23:25:30,592 - post_processor_c35a117e9f5a - INFO - [PROCESS PPE DETECTION] camera=ppe_test_cam1 | severity=none | violated=[]
2026-08-13 23:25:30,593 - post_processor_c35a117e9f5a - INFO - [DETECT BATCH] DONE | od=0 | ppe=1
2026-08-13 23:25:30,593 - post_processor_c35a117e9f5a - INFO - PPE meta buffered | camera=ppe_test_cam1 | violation=False
2026-08-13 23:25:30,593 - post_processor_c35a117e9f5a - INFO - PPE frame complete | camera=ppe_test_cam1 | violation=False
2026-08-13 23:25:31,654 - post_processor_c35a117e9f5a - INFO - [FRAME RECEIVED] topic=post_processing | partition=0 | offset=840 | frame_id=None | camera=ppe_test_cam1
2026-08-13 23:25:31,654 - post_processor_c35a117e9f5a - INFO - [DETECT BATCH] START | od=0 | ppe=1
2026-08-13 23:25:31,657 - post_processor_c35a117e9f5a - INFO - [PROCESS PPE DETECTION] camera=ppe_test_cam1 | severity=none | violated=[]
2026-08-13 23:25:31,658 - post_processor_c35a117e9f5a - INFO - [DETECT BATCH] DONE | od=0 | ppe=1
2026-08-13 23:25:31,658 - post_processor_c35a117e9f5a - INFO - PPE meta buffered | camera=ppe_test_cam1 | violation=False
2026-08-13 23:25:31,658 - post_processor_c35a117e9f5a - INFO - PPE frame complete | camera=ppe_test_cam1 | violation=False
2026-08-13 23:25:32,472 - post_processor_c35a117e9f5a - INFO - [FRAME RECEIVED] topic=post_processing | partition=0 | offset=841 | frame_id=None | camera=ppe_test_cam1
2026-08-13 23:25:32,472 - post_processor_c35a117e9f5a - INFO - [DETECT BATCH] START | od=0 | ppe=1
2026-08-13 23:25:32,474 - post_processor_c35a117e9f5a - INFO - [PROCESS PPE DETECTION] camera=ppe_test_cam1 | severity=none | violated=[]
2026-08-13 23:25:32,474 - post_processor_c35a117e9f5a - INFO - [DETECT BATCH] DONE | od=0 | ppe=1
2026-08-13 23:25:32,474 - post_processor_c35a117e9f5a - INFO - PPE meta buffered | camera=ppe_test_cam1 | violation=False
2026-08-13 23:25:32,474 - post_processor_c35a117e9f5a - INFO - PPE frame complete | camera=ppe_test_cam1 | violation=False
2026-08-13 23:25:33,638 - post_processor_c35a117e9f5a - INFO - [FRAME RECEIVED] topic=post_processing | partition=0 | offset=842 | frame_id=None | camera=ppe_test_cam1
2026-08-13 23:25:33,638 - post_processor_c35a117e9f5a - INFO - [DETECT BATCH] START | od=0 | ppe=1
2026-08-13 23:25:33,639 - post_processor_c35a117e9f5a - INFO - [PROCESS PPE DETECTION] camera=ppe_test_cam1 | severity=none | violated=[]
2026-08-13 23:25:33,639 - post_processor_c35a117e9f5a - INFO - [DETECT BATCH] DONE | od=0 | ppe=1
2026-08-13 23:25:33,639 - post_processor_c35a117e9f5a - INFO - PPE meta buffered | camera=ppe_test_cam1 | violation=False
2026-08-13 23:25:33,639 - post_processor_c35a117e9f5a - INFO - PPE frame complete | camera=ppe_test_cam1 | violation=False
2026-08-13 23:25:34,604 - post_processor_c35a117e9f5a - INFO - [FRAME RECEIVED] topic=post_processing | partition=0 | offset=843 | frame_id=None | camera=ppe_test_cam1
2026-08-13 23:25:34,604 - post_processor_c35a117e9f5a - INFO - [DETECT BATCH] START | od=0 | ppe=1
2026-08-13 23:25:34,605 - post_processor_c35a117e9f5a - INFO - [PROCESS PPE DETECTION] camera=ppe_test_cam1 | severity=none | violated=[]
2026-08-13 23:25:34,605 - post_processor_c35a117e9f5a - INFO - [DETECT BATCH] DONE | od=0 | ppe=1
2026-08-13 23:25:34,605 - post_processor_c35a117e9f5a - INFO - PPE meta buffered | camera=ppe_test_cam1 | violation=False
2026-08-13 23:25:34,605 - post_processor_c35a117e9f5a - INFO - PPE frame complete | camera=ppe_test_cam1 | violation=False
2026-08-13 23:25:34,632 - post_processor_c35a117e9f5a - INFO - [FRAME RECEIVED] topic=post_processing | partition=0 | offset=844 | frame_id=None | camera=ppe_test_cam1
2026-08-13 23:25:34,632 - post_processor_c35a117e9f5a - INFO - [DETECT BATCH] START | od=0 | ppe=1
2026-08-13 23:25:34,633 - post_processor_c35a117e9f5a - INFO - [PROCESS PPE DETECTION] camera=ppe_test_cam1 | severity=none | violated=[]
2026-08-13 23:25:34,633 - post_processor_c35a117e9f5a - INFO - [DETECT BATCH] DONE | od=0 | ppe=1
2026-08-13 23:25:34,633 - post_processor_c35a117e9f5a - INFO - PPE meta buffered | camera=ppe_test_cam1 | violation=False
2026-08-13 23:25:34,633 - post_processor_c35a117e9f5a - INFO - PPE frame complete | camera=ppe_test_cam1 | violation=False
2026-08-13 23:25:59,894 - post_processor_c35a117e9f5a - INFO - [FRAME RECEIVED] topic=post_processing | partition=0 | offset=845 | frame_id=None | camera=ppe_test_cam1
2026-08-13 23:25:59,894 - post_processor_c35a117e9f5a - INFO - [DETECT BATCH] START | od=0 | ppe=1
2026-08-13 23:25:59,895 - post_processor_c35a117e9f5a - INFO - [PROCESS PPE DETECTION] camera=ppe_test_cam1 | severity=none | violated=[]
2026-08-13 23:25:59,895 - post_processor_c35a117e9f5a - INFO - [DETECT BATCH] DONE | od=0 | ppe=1
2026-08-13 23:25:59,895 - post_processor_c35a117e9f5a - INFO - PPE meta buffered | camera=ppe_test_cam1 | violation=False
2026-08-13 23:25:59,895 - post_processor_c35a117e9f5a - INFO - PPE frame complete | camera=ppe_test_cam1 | violation=False
2026-08-13 23:26:00,576 - post_processor_c35a117e9f5a - INFO - [FRAME RECEIVED] topic=post_processing | partition=0 | offset=846 | frame_id=None | camera=ppe_test_cam1
2026-08-13 23:26:00,576 - post_processor_c35a117e9f5a - INFO - [DETECT BATCH] START | od=0 | ppe=1
2026-08-13 23:26:00,577 - post_processor_c35a117e9f5a - INFO - [PROCESS PPE DETECTION] camera=ppe_test_cam1 | severity=none | violated=[]
2026-08-13 23:26:00,577 - post_processor_c35a117e9f5a - INFO - [DETECT BATCH] DONE | od=0 | ppe=1
2026-08-13 23:26:00,577 - post_processor_c35a117e9f5a - INFO - PPE meta buffered | camera=ppe_test_cam1 | violation=False
2026-08-13 23:26:00,773 - post_processor_c35a117e9f5a - INFO - PPE MongoDB batch insert | camera=ppe_test_cam1 | count=10
2026-08-13 23:26:00,773 - post_processor_c35a117e9f5a - INFO - PPE frame complete | camera=ppe_test_cam1 | violation=False
2026-08-13 23:26:00,777 - post_processor_c35a117e9f5a - INFO - Kafka offsets committed | count=10
2026-08-13 23:26:18,486 - post_processor_c35a117e9f5a - INFO - [FRAME RECEIVED] topic=post_processing | partition=0 | offset=847 | frame_id=None | camera=ppe_test_cam1
2026-08-13 23:26:18,487 - post_processor_c35a117e9f5a - INFO - [DETECT BATCH] START | od=0 | ppe=1
2026-08-13 23:26:18,487 - post_processor_c35a117e9f5a - INFO - [PROCESS PPE DETECTION] camera=ppe_test_cam1 | severity=none | violated=[]
2026-08-13 23:26:18,487 - post_processor_c35a117e9f5a - INFO - [DETECT BATCH] DONE | od=0 | ppe=1
2026-08-13 23:26:18,487 - post_processor_c35a117e9f5a - INFO - PPE meta buffered | camera=ppe_test_cam1 | violation=False
2026-08-13 23:26:18,487 - post_processor_c35a117e9f5a - INFO - PPE frame complete | camera=ppe_test_cam1 | violation=False
2026-08-13 23:26:18,524 - post_processor_c35a117e9f5a - INFO - [FRAME RECEIVED] topic=post_processing | partition=0 | offset=848 | frame_id=None | camera=ppe_test_cam1
2026-08-13 23:26:18,524 - post_processor_c35a117e9f5a - INFO - [DETECT BATCH] START | od=0 | ppe=1
2026-08-13 23:26:18,524 - post_processor_c35a117e9f5a - INFO - [PROCESS PPE DETECTION] camera=ppe_test_cam1 | severity=low | violated=['No-Shoes', 'No-Shoes']
2026-08-13 23:26:18,530 - post_processor_c35a117e9f5a - INFO - PPE alert image saved | path=/Aksha/ppe_test_cam1/alerts/2026-08-13/2026-08-13 23:26:18.52_alert.jpg
2026-08-13 23:26:18,530 - post_processor_c35a117e9f5a - INFO - [DETECT BATCH] DONE | od=0 | ppe=1
2026-08-13 23:26:18,530 - post_processor_c35a117e9f5a - INFO - PPE meta buffered | camera=ppe_test_cam1 | violation=True
2026-08-13 23:26:18,633 - post_processor_c35a117e9f5a - INFO - PPE alert dual-written to alerts collection | camera=ppe_test_cam1
2026-08-13 23:26:18,634 - post_processor_c35a117e9f5a - INFO - ppe_status_check | has_violation=True | validity=True
2026-08-13 23:26:18,634 - post_processor_c35a117e9f5a - INFO - PPE notification approved | camera=ppe_test_cam1 | severity=low
2026-08-13 23:26:18,634 - post_processor_c35a117e9f5a - INFO - PPE notification sent | camera=ppe_test_cam1 | severity=low | topic=notification_service
2026-08-13 23:26:18,635 - post_processor_c35a117e9f5a - INFO - PPE frame complete | camera=ppe_test_cam1 | violation=True
2026-08-13 23:26:19,524 - post_processor_c35a117e9f5a - INFO - [FRAME RECEIVED] topic=post_processing | partition=0 | offset=849 | frame_id=None | camera=ppe_test_cam1
2026-08-13 23:26:19,524 - post_processor_c35a117e9f5a - INFO - [DETECT BATCH] START | od=0 | ppe=1
2026-08-13 23:26:19,524 - post_processor_c35a117e9f5a - INFO - [PROCESS PPE DETECTION] camera=ppe_test_cam1 | severity=none | violated=[]
2026-08-13 23:26:19,524 - post_processor_c35a117e9f5a - INFO - [DETECT BATCH] DONE | od=0 | ppe=1
2026-08-13 23:26:19,524 - post_processor_c35a117e9f5a - INFO - PPE meta buffered | camera=ppe_test_cam1 | violation=False
2026-08-13 23:26:19,524 - post_processor_c35a117e9f5a - INFO - PPE frame complete | camera=ppe_test_cam1 | violation=False
2026-08-13 23:26:19,551 - post_processor_c35a117e9f5a - INFO - [FRAME RECEIVED] topic=post_processing | partition=0 | offset=850 | frame_id=None | camera=ppe_test_cam1
2026-08-13 23:26:19,551 - post_processor_c35a117e9f5a - INFO - [DETECT BATCH] START | od=0 | ppe=1
2026-08-13 23:26:19,552 - post_processor_c35a117e9f5a - INFO - [PROCESS PPE DETECTION] camera=ppe_test_cam1 | severity=low | violated=['No-Shoes', 'No-Shoes']
2026-08-13 23:26:19,556 - post_processor_c35a117e9f5a - INFO - PPE alert image saved | path=/Aksha/ppe_test_cam1/alerts/2026-08-13/2026-08-13 23:26:19.55_alert.jpg
2026-08-13 23:26:19,556 - post_processor_c35a117e9f5a - INFO - [DETECT BATCH] DONE | od=0 | ppe=1
2026-08-13 23:26:19,556 - post_processor_c35a117e9f5a - INFO - PPE meta buffered | camera=ppe_test_cam1 | violation=True
2026-08-13 23:26:19,570 - post_processor_c35a117e9f5a - INFO - PPE alert dual-written to alerts collection | camera=ppe_test_cam1
2026-08-13 23:26:19,571 - post_processor_c35a117e9f5a - INFO - ppe_status_check | has_violation=True | validity=False
2026-08-13 23:26:19,571 - post_processor_c35a117e9f5a - INFO - PPE notification suppressed by cooldown | camera=ppe_test_cam1
2026-08-13 23:26:19,572 - post_processor_c35a117e9f5a - INFO - PPE frame complete | camera=ppe_test_cam1 | violation=True
2026-08-13 23:26:20,616 - post_processor_c35a117e9f5a - INFO - [FRAME RECEIVED] topic=post_processing | partition=0 | offset=851 | frame_id=None | camera=ppe_test_cam1
2026-08-13 23:26:20,617 - post_processor_c35a117e9f5a - INFO - [DETECT BATCH] START | od=0 | ppe=1
2026-08-13 23:26:20,617 - post_processor_c35a117e9f5a - INFO - [PROCESS PPE DETECTION] camera=ppe_test_cam1 | severity=none | violated=[]
2026-08-13 23:26:20,617 - post_processor_c35a117e9f5a - INFO - [DETECT BATCH] DONE | od=0 | ppe=1
2026-08-13 23:26:20,618 - post_processor_c35a117e9f5a - INFO - PPE meta buffered | camera=ppe_test_cam1 | violation=False
2026-08-13 23:26:20,618 - post_processor_c35a117e9f5a - INFO - PPE frame complete | camera=ppe_test_cam1 | violation=False
2026-08-13 23:26:20,618 - post_processor_c35a117e9f5a - INFO - [FRAME RECEIVED] topic=post_processing | partition=0 | offset=852 | frame_id=None | camera=ppe_test_cam1
2026-08-13 23:26:20,618 - post_processor_c35a117e9f5a - INFO - [DETECT BATCH] START | od=0 | ppe=1
2026-08-13 23:26:20,619 - post_processor_c35a117e9f5a - INFO - [PROCESS PPE DETECTION] camera=ppe_test_cam1 | severity=low | violated=['No-Shoes', 'No-Shoes']
2026-08-13 23:26:20,622 - post_processor_c35a117e9f5a - INFO - PPE alert image saved | path=/Aksha/ppe_test_cam1/alerts/2026-08-13/2026-08-13 23:26:20.62_alert.jpg
2026-08-13 23:26:20,622 - post_processor_c35a117e9f5a - INFO - [DETECT BATCH] DONE | od=0 | ppe=1
2026-08-13 23:26:20,622 - post_processor_c35a117e9f5a - INFO - PPE meta buffered | camera=ppe_test_cam1 | violation=True
2026-08-13 23:26:20,646 - post_processor_c35a117e9f5a - INFO - PPE alert dual-written to alerts collection | camera=ppe_test_cam1
2026-08-13 23:26:20,646 - post_processor_c35a117e9f5a - INFO - ppe_status_check | has_violation=True | validity=False
2026-08-13 23:26:20,646 - post_processor_c35a117e9f5a - INFO - PPE notification suppressed by cooldown | camera=ppe_test_cam1
2026-08-13 23:26:20,647 - post_processor_c35a117e9f5a - INFO - PPE frame complete | camera=ppe_test_cam1 | violation=True
2026-08-13 23:26:21,599 - post_processor_c35a117e9f5a - INFO - [FRAME RECEIVED] topic=post_processing | partition=0 | offset=853 | frame_id=None | camera=ppe_test_cam1
2026-08-13 23:26:21,599 - post_processor_c35a117e9f5a - INFO - [DETECT BATCH] START | od=0 | ppe=1
2026-08-13 23:26:21,599 - post_processor_c35a117e9f5a - INFO - [PROCESS PPE DETECTION] camera=ppe_test_cam1 | severity=low | violated=['No-Shoes', 'No-Shoes']
2026-08-13 23:26:21,603 - post_processor_c35a117e9f5a - INFO - PPE alert image saved | path=/Aksha/ppe_test_cam1/alerts/2026-08-13/2026-08-13 23:26:21.60_alert.jpg
2026-08-13 23:26:21,603 - post_processor_c35a117e9f5a - INFO - [DETECT BATCH] DONE | od=0 | ppe=1
2026-08-13 23:26:21,603 - post_processor_c35a117e9f5a - INFO - PPE meta buffered | camera=ppe_test_cam1 | violation=True
2026-08-13 23:26:21,653 - post_processor_c35a117e9f5a - INFO - PPE alert dual-written to alerts collection | camera=ppe_test_cam1
2026-08-13 23:26:21,653 - post_processor_c35a117e9f5a - INFO - ppe_status_check | has_violation=True | validity=False
2026-08-13 23:26:21,654 - post_processor_c35a117e9f5a - INFO - PPE notification suppressed by cooldown | camera=ppe_test_cam1
2026-08-13 23:26:21,654 - post_processor_c35a117e9f5a - INFO - PPE frame complete | camera=ppe_test_cam1 | violation=True
2026-08-13 23:26:21,654 - post_processor_c35a117e9f5a - INFO - [FRAME RECEIVED] topic=post_processing | partition=0 | offset=854 | frame_id=None | camera=ppe_test_cam1
2026-08-13 23:26:21,654 - post_processor_c35a117e9f5a - INFO - [DETECT BATCH] START | od=0 | ppe=1
2026-08-13 23:26:21,655 - post_processor_c35a117e9f5a - INFO - [PROCESS PPE DETECTION] camera=ppe_test_cam1 | severity=none | violated=[]
2026-08-13 23:26:21,655 - post_processor_c35a117e9f5a - INFO - [DETECT BATCH] DONE | od=0 | ppe=1
2026-08-13 23:26:21,655 - post_processor_c35a117e9f5a - INFO - PPE meta buffered | camera=ppe_test_cam1 | violation=False
2026-08-13 23:26:21,655 - post_processor_c35a117e9f5a - INFO - PPE frame complete | camera=ppe_test_cam1 | violation=False
2026-08-13 23:26:22,597 - post_processor_c35a117e9f5a - INFO - [FRAME RECEIVED] topic=post_processing | partition=0 | offset=855 | frame_id=None | camera=ppe_test_cam1
2026-08-13 23:26:22,598 - post_processor_c35a117e9f5a - INFO - [DETECT BATCH] START | od=0 | ppe=1
2026-08-13 23:26:22,598 - post_processor_c35a117e9f5a - INFO - [PROCESS PPE DETECTION] camera=ppe_test_cam1 | severity=none | violated=[]
2026-08-13 23:26:22,598 - post_processor_c35a117e9f5a - INFO - [DETECT BATCH] DONE | od=0 | ppe=1
2026-08-13 23:26:22,599 - post_processor_c35a117e9f5a - INFO - PPE meta buffered | camera=ppe_test_cam1 | violation=False
2026-08-13 23:26:22,599 - post_processor_c35a117e9f5a - INFO - PPE frame complete | camera=ppe_test_cam1 | violation=False
2026-08-13 23:26:27,586 - post_processor_c35a117e9f5a - INFO - [FRAME RECEIVED] topic=post_processing | partition=0 | offset=856 | frame_id=None | camera=ppe_test_cam1
2026-08-13 23:26:27,586 - post_processor_c35a117e9f5a - INFO - [DETECT BATCH] START | od=0 | ppe=1
2026-08-13 23:26:27,587 - post_processor_c35a117e9f5a - INFO - [PROCESS PPE DETECTION] camera=ppe_test_cam1 | severity=none | violated=[]
2026-08-13 23:26:27,588 - post_processor_c35a117e9f5a - INFO - [DETECT BATCH] DONE | od=0 | ppe=1
2026-08-13 23:26:27,588 - post_processor_c35a117e9f5a - INFO - PPE meta buffered | camera=ppe_test_cam1 | violation=False
2026-08-13 23:26:27,598 - post_processor_c35a117e9f5a - INFO - PPE MongoDB batch insert | camera=ppe_test_cam1 | count=10
2026-08-13 23:26:27,598 - post_processor_c35a117e9f5a - INFO - PPE frame complete | camera=ppe_test_cam1 | violation=False
2026-08-13 23:26:27,600 - post_processor_c35a117e9f5a - INFO - Kafka offsets committed | count=10
2026-08-13 23:26:28,478 - post_processor_c35a117e9f5a - INFO - [FRAME RECEIVED] topic=post_processing | partition=0 | offset=857 | frame_id=None | camera=ppe_test_cam1
2026-08-13 23:26:28,478 - post_processor_c35a117e9f5a - INFO - [DETECT BATCH] START | od=0 | ppe=1
2026-08-13 23:26:28,479 - post_processor_c35a117e9f5a - INFO - [PROCESS PPE DETECTION] camera=ppe_test_cam1 | severity=none | violated=[]
2026-08-13 23:26:28,479 - post_processor_c35a117e9f5a - INFO - [DETECT BATCH] DONE | od=0 | ppe=1
2026-08-13 23:26:28,479 - post_processor_c35a117e9f5a - INFO - PPE meta buffered | camera=ppe_test_cam1 | violation=False
2026-08-13 23:26:28,479 - post_processor_c35a117e9f5a - INFO - PPE frame complete | camera=ppe_test_cam1 | violation=False
2026-08-13 23:26:29,559 - post_processor_c35a117e9f5a - INFO - [FRAME RECEIVED] topic=post_processing | partition=0 | offset=858 | frame_id=None | camera=ppe_test_cam1
2026-08-13 23:26:29,559 - post_processor_c35a117e9f5a - INFO - [DETECT BATCH] START | od=0 | ppe=1
2026-08-13 23:26:29,560 - post_processor_c35a117e9f5a - INFO - [PROCESS PPE DETECTION] camera=ppe_test_cam1 | severity=none | violated=[]
2026-08-13 23:26:29,560 - post_processor_c35a117e9f5a - INFO - [DETECT BATCH] DONE | od=0 | ppe=1
2026-08-13 23:26:29,560 - post_processor_c35a117e9f5a - INFO - PPE meta buffered | camera=ppe_test_cam1 | violation=False
2026-08-13 23:26:29,560 - post_processor_c35a117e9f5a - INFO - PPE frame complete | camera=ppe_test_cam1 | violation=False
2026-08-13 23:26:30,606 - post_processor_c35a117e9f5a - INFO - [FRAME RECEIVED] topic=post_processing | partition=0 | offset=859 | frame_id=None | camera=ppe_test_cam1
2026-08-13 23:26:30,606 - post_processor_c35a117e9f5a - INFO - [DETECT BATCH] START | od=0 | ppe=1
2026-08-13 23:26:30,606 - post_processor_c35a117e9f5a - INFO - [PROCESS PPE DETECTION] camera=ppe_test_cam1 | severity=none | violated=[]
2026-08-13 23:26:30,606 - post_processor_c35a117e9f5a - INFO - [DETECT BATCH] DONE | od=0 | ppe=1
2026-08-13 23:26:30,606 - post_processor_c35a117e9f5a - INFO - PPE meta buffered | camera=ppe_test_cam1 | violation=False
2026-08-13 23:26:30,606 - post_processor_c35a117e9f5a - INFO - PPE frame complete | camera=ppe_test_cam1 | violation=False
2026-08-13 23:26:31,557 - post_processor_c35a117e9f5a - INFO - [FRAME RECEIVED] topic=post_processing | partition=0 | offset=860 | frame_id=None | camera=ppe_test_cam1
2026-08-13 23:26:31,557 - post_processor_c35a117e9f5a - INFO - [DETECT BATCH] START | od=0 | ppe=1
2026-08-13 23:26:31,558 - post_processor_c35a117e9f5a - INFO - [PROCESS PPE DETECTION] camera=ppe_test_cam1 | severity=none | violated=[]
2026-08-13 23:26:31,558 - post_processor_c35a117e9f5a - INFO - [DETECT BATCH] DONE | od=0 | ppe=1
2026-08-13 23:26:31,558 - post_processor_c35a117e9f5a - INFO - PPE meta buffered | camera=ppe_test_cam1 | violation=False
2026-08-13 23:26:31,558 - post_processor_c35a117e9f5a - INFO - PPE frame complete | camera=ppe_test_cam1 | violation=False
2026-08-13 23:26:32,628 - post_processor_c35a117e9f5a - INFO - [FRAME RECEIVED] topic=post_processing | partition=0 | offset=861 | frame_id=None | camera=ppe_test_cam1
2026-08-13 23:26:32,628 - post_processor_c35a117e9f5a - INFO - [DETECT BATCH] START | od=0 | ppe=1
2026-08-13 23:26:32,628 - post_processor_c35a117e9f5a - INFO - [PROCESS PPE DETECTION] camera=ppe_test_cam1 | severity=none | violated=[]
2026-08-13 23:26:32,628 - post_processor_c35a117e9f5a - INFO - [DETECT BATCH] DONE | od=0 | ppe=1
2026-08-13 23:26:32,629 - post_processor_c35a117e9f5a - INFO - PPE meta buffered | camera=ppe_test_cam1 | violation=False
2026-08-13 23:26:32,629 - post_processor_c35a117e9f5a - INFO - PPE frame complete | camera=ppe_test_cam1 | violation=False
2026-08-13 23:26:33,548 - post_processor_c35a117e9f5a - INFO - [FRAME RECEIVED] topic=post_processing | partition=0 | offset=862 | frame_id=None | camera=ppe_test_cam1
2026-08-13 23:26:33,548 - post_processor_c35a117e9f5a - INFO - [DETECT BATCH] START | od=0 | ppe=1
2026-08-13 23:26:33,548 - post_processor_c35a117e9f5a - INFO - [PROCESS PPE DETECTION] camera=ppe_test_cam1 | severity=none | violated=[]
2026-08-13 23:26:33,548 - post_processor_c35a117e9f5a - INFO - [DETECT BATCH] DONE | od=0 | ppe=1
2026-08-13 23:26:33,548 - post_processor_c35a117e9f5a - INFO - PPE meta buffered | camera=ppe_test_cam1 | violation=False
2026-08-13 23:26:33,549 - post_processor_c35a117e9f5a - INFO - PPE frame complete | camera=ppe_test_cam1 | violation=False
2026-08-13 23:26:34,642 - post_processor_c35a117e9f5a - INFO - [FRAME RECEIVED] topic=post_processing | partition=0 | offset=863 | frame_id=None | camera=ppe_test_cam1
2026-08-13 23:26:34,642 - post_processor_c35a117e9f5a - INFO - [DETECT BATCH] START | od=0 | ppe=1
2026-08-13 23:26:34,642 - post_processor_c35a117e9f5a - INFO - [PROCESS PPE DETECTION] camera=ppe_test_cam1 | severity=none | violated=[]
2026-08-13 23:26:34,642 - post_processor_c35a117e9f5a - INFO - [DETECT BATCH] DONE | od=0 | ppe=1
2026-08-13 23:26:34,642 - post_processor_c35a117e9f5a - INFO - PPE meta buffered | camera=ppe_test_cam1 | violation=False
2026-08-13 23:26:34,642 - post_processor_c35a117e9f5a - INFO - PPE frame complete | camera=ppe_test_cam1 | violation=False
2026-08-13 23:26:34,677 - post_processor_c35a117e9f5a - INFO - [FRAME RECEIVED] topic=post_processing | partition=0 | offset=864 | frame_id=None | camera=ppe_test_cam1
2026-08-13 23:26:34,678 - post_processor_c35a117e9f5a - INFO - [DETECT BATCH] START | od=0 | ppe=1
2026-08-13 23:26:34,678 - post_processor_c35a117e9f5a - INFO - [PROCESS PPE DETECTION] camera=ppe_test_cam1 | severity=none | violated=[]
2026-08-13 23:26:34,678 - post_processor_c35a117e9f5a - INFO - [DETECT BATCH] DONE | od=0 | ppe=1
2026-08-13 23:26:34,679 - post_processor_c35a117e9f5a - INFO - PPE meta buffered | camera=ppe_test_cam1 | violation=False
2026-08-13 23:26:34,679 - post_processor_c35a117e9f5a - INFO - PPE frame complete | camera=ppe_test_cam1 | violation=False
2026-08-13 23:26:59,528 - post_processor_c35a117e9f5a - INFO - [FRAME RECEIVED] topic=post_processing | partition=0 | offset=865 | frame_id=None | camera=ppe_test_cam1
2026-08-13 23:26:59,529 - post_processor_c35a117e9f5a - INFO - [DETECT BATCH] START | od=0 | ppe=1
2026-08-13 23:26:59,529 - post_processor_c35a117e9f5a - INFO - [PROCESS PPE DETECTION] camera=ppe_test_cam1 | severity=none | violated=[]
2026-08-13 23:26:59,529 - post_processor_c35a117e9f5a - INFO - [DETECT BATCH] DONE | od=0 | ppe=1
2026-08-13 23:26:59,529 - post_processor_c35a117e9f5a - INFO - PPE meta buffered | camera=ppe_test_cam1 | violation=False
2026-08-13 23:26:59,529 - post_processor_c35a117e9f5a - INFO - PPE frame complete | camera=ppe_test_cam1 | violation=False
2026-08-13 23:27:00,834 - post_processor_c35a117e9f5a - INFO - [FRAME RECEIVED] topic=post_processing | partition=0 | offset=866 | frame_id=None | camera=ppe_test_cam1
2026-08-13 23:27:00,834 - post_processor_c35a117e9f5a - INFO - [DETECT BATCH] START | od=0 | ppe=1
2026-08-13 23:27:00,834 - post_processor_c35a117e9f5a - INFO - [PROCESS PPE DETECTION] camera=ppe_test_cam1 | severity=none | violated=[]
2026-08-13 23:27:00,835 - post_processor_c35a117e9f5a - INFO - [DETECT BATCH] DONE | od=0 | ppe=1
2026-08-13 23:27:00,835 - post_processor_c35a117e9f5a - INFO - PPE meta buffered | camera=ppe_test_cam1 | violation=False
2026-08-13 23:27:00,906 - post_processor_c35a117e9f5a - INFO - PPE MongoDB batch insert | camera=ppe_test_cam1 | count=10
2026-08-13 23:27:00,906 - post_processor_c35a117e9f5a - INFO - PPE frame complete | camera=ppe_test_cam1 | violation=False
2026-08-13 23:27:00,910 - post_processor_c35a117e9f5a - INFO - Kafka offsets committed | count=10
2026-08-13 23:27:18,582 - post_processor_c35a117e9f5a - INFO - [FRAME RECEIVED] topic=post_processing | partition=0 | offset=867 | frame_id=None | camera=ppe_test_cam1
2026-08-13 23:27:18,582 - post_processor_c35a117e9f5a - INFO - [DETECT BATCH] START | od=0 | ppe=1
2026-08-13 23:27:18,583 - post_processor_c35a117e9f5a - INFO - [PROCESS PPE DETECTION] camera=ppe_test_cam1 | severity=none | violated=[]
2026-08-13 23:27:18,583 - post_processor_c35a117e9f5a - INFO - [DETECT BATCH] DONE | od=0 | ppe=1
2026-08-13 23:27:18,584 - post_processor_c35a117e9f5a - INFO - PPE meta buffered | camera=ppe_test_cam1 | violation=False
2026-08-13 23:27:18,585 - post_processor_c35a117e9f5a - INFO - PPE frame complete | camera=ppe_test_cam1 | violation=False
2026-08-13 23:27:18,617 - post_processor_c35a117e9f5a - INFO - [FRAME RECEIVED] topic=post_processing | partition=0 | offset=868 | frame_id=None | camera=ppe_test_cam1
2026-08-13 23:27:18,617 - post_processor_c35a117e9f5a - INFO - [DETECT BATCH] START | od=0 | ppe=1
2026-08-13 23:27:18,617 - post_processor_c35a117e9f5a - INFO - [PROCESS PPE DETECTION] camera=ppe_test_cam1 | severity=low | violated=['No-Shoes', 'No-Shoes']
2026-08-13 23:27:18,620 - post_processor_c35a117e9f5a - INFO - PPE alert image saved | path=/Aksha/ppe_test_cam1/alerts/2026-08-13/2026-08-13 23:27:18.61_alert.jpg
2026-08-13 23:27:18,621 - post_processor_c35a117e9f5a - INFO - [DETECT BATCH] DONE | od=0 | ppe=1
2026-08-13 23:27:18,621 - post_processor_c35a117e9f5a - INFO - PPE meta buffered | camera=ppe_test_cam1 | violation=True
2026-08-13 23:27:18,642 - post_processor_c35a117e9f5a - INFO - PPE alert dual-written to alerts collection | camera=ppe_test_cam1
2026-08-13 23:27:18,643 - post_processor_c35a117e9f5a - INFO - ppe_status_check | has_violation=True | validity=True
2026-08-13 23:27:18,643 - post_processor_c35a117e9f5a - INFO - PPE notification approved | camera=ppe_test_cam1 | severity=low
2026-08-13 23:27:18,643 - post_processor_c35a117e9f5a - INFO - PPE notification sent | camera=ppe_test_cam1 | severity=low | topic=notification_service
2026-08-13 23:27:18,645 - post_processor_c35a117e9f5a - INFO - PPE frame complete | camera=ppe_test_cam1 | violation=True
2026-08-13 23:27:19,617 - post_processor_c35a117e9f5a - INFO - [FRAME RECEIVED] topic=post_processing | partition=0 | offset=869 | frame_id=None | camera=ppe_test_cam1
2026-08-13 23:27:19,618 - post_processor_c35a117e9f5a - INFO - [DETECT BATCH] START | od=0 | ppe=1
2026-08-13 23:27:19,618 - post_processor_c35a117e9f5a - INFO - [PROCESS PPE DETECTION] camera=ppe_test_cam1 | severity=low | violated=['No-Shoes', 'No-Shoes']
2026-08-13 23:27:19,621 - post_processor_c35a117e9f5a - INFO - PPE alert image saved | path=/Aksha/ppe_test_cam1/alerts/2026-08-13/2026-08-13 23:27:19.62_alert.jpg
2026-08-13 23:27:19,622 - post_processor_c35a117e9f5a - INFO - [DETECT BATCH] DONE | od=0 | ppe=1
2026-08-13 23:27:19,622 - post_processor_c35a117e9f5a - INFO - PPE meta buffered | camera=ppe_test_cam1 | violation=True
2026-08-13 23:27:19,643 - post_processor_c35a117e9f5a - INFO - PPE alert dual-written to alerts collection | camera=ppe_test_cam1
2026-08-13 23:27:19,644 - post_processor_c35a117e9f5a - INFO - ppe_status_check | has_violation=True | validity=False
2026-08-13 23:27:19,644 - post_processor_c35a117e9f5a - INFO - PPE notification suppressed by cooldown | camera=ppe_test_cam1
2026-08-13 23:27:19,644 - post_processor_c35a117e9f5a - INFO - PPE frame complete | camera=ppe_test_cam1 | violation=True
2026-08-13 23:27:19,644 - post_processor_c35a117e9f5a - INFO - [FRAME RECEIVED] topic=post_processing | partition=0 | offset=870 | frame_id=None | camera=ppe_test_cam1
2026-08-13 23:27:19,644 - post_processor_c35a117e9f5a - INFO - [DETECT BATCH] START | od=0 | ppe=1
2026-08-13 23:27:19,645 - post_processor_c35a117e9f5a - INFO - [PROCESS PPE DETECTION] camera=ppe_test_cam1 | severity=none | violated=[]
2026-08-13 23:27:19,645 - post_processor_c35a117e9f5a - INFO - [DETECT BATCH] DONE | od=0 | ppe=1
2026-08-13 23:27:19,645 - post_processor_c35a117e9f5a - INFO - PPE meta buffered | camera=ppe_test_cam1 | violation=False
2026-08-13 23:27:19,645 - post_processor_c35a117e9f5a - INFO - PPE frame complete | camera=ppe_test_cam1 | violation=False
2026-08-13 23:27:20,493 - post_processor_c35a117e9f5a - INFO - [FRAME RECEIVED] topic=post_processing | partition=0 | offset=871 | frame_id=None | camera=ppe_test_cam1
2026-08-13 23:27:20,493 - post_processor_c35a117e9f5a - INFO - [DETECT BATCH] START | od=0 | ppe=1
2026-08-13 23:27:20,494 - post_processor_c35a117e9f5a - INFO - [PROCESS PPE DETECTION] camera=ppe_test_cam1 | severity=none | violated=[]
2026-08-13 23:27:20,495 - post_processor_c35a117e9f5a - INFO - [DETECT BATCH] DONE | od=0 | ppe=1
2026-08-13 23:27:20,495 - post_processor_c35a117e9f5a - INFO - PPE meta buffered | camera=ppe_test_cam1 | violation=False
2026-08-13 23:27:20,495 - post_processor_c35a117e9f5a - INFO - PPE frame complete | camera=ppe_test_cam1 | violation=False
2026-08-13 23:27:20,533 - post_processor_c35a117e9f5a - INFO - [FRAME RECEIVED] topic=post_processing | partition=0 | offset=872 | frame_id=None | camera=ppe_test_cam1
2026-08-13 23:27:20,533 - post_processor_c35a117e9f5a - INFO - [DETECT BATCH] START | od=0 | ppe=1
2026-08-13 23:27:20,533 - post_processor_c35a117e9f5a - INFO - [PROCESS PPE DETECTION] camera=ppe_test_cam1 | severity=low | violated=['No-Shoes', 'No-Shoes']
2026-08-13 23:27:20,536 - post_processor_c35a117e9f5a - INFO - PPE alert image saved | path=/Aksha/ppe_test_cam1/alerts/2026-08-13/2026-08-13 23:27:20.53_alert.jpg
2026-08-13 23:27:20,537 - post_processor_c35a117e9f5a - INFO - [DETECT BATCH] DONE | od=0 | ppe=1
2026-08-13 23:27:20,537 - post_processor_c35a117e9f5a - INFO - PPE meta buffered | camera=ppe_test_cam1 | violation=True
2026-08-13 23:27:20,592 - post_processor_c35a117e9f5a - INFO - PPE alert dual-written to alerts collection | camera=ppe_test_cam1
2026-08-13 23:27:20,593 - post_processor_c35a117e9f5a - INFO - ppe_status_check | has_violation=True | validity=False
2026-08-13 23:27:20,593 - post_processor_c35a117e9f5a - INFO - PPE notification suppressed by cooldown | camera=ppe_test_cam1
2026-08-13 23:27:20,594 - post_processor_c35a117e9f5a - INFO - PPE frame complete | camera=ppe_test_cam1 | violation=True
2026-08-13 23:27:21,592 - post_processor_c35a117e9f5a - INFO - [FRAME RECEIVED] topic=post_processing | partition=0 | offset=873 | frame_id=None | camera=ppe_test_cam1
2026-08-13 23:27:21,592 - post_processor_c35a117e9f5a - INFO - [DETECT BATCH] START | od=0 | ppe=1
2026-08-13 23:27:21,592 - post_processor_c35a117e9f5a - INFO - [PROCESS PPE DETECTION] camera=ppe_test_cam1 | severity=none | violated=[]
2026-08-13 23:27:21,592 - post_processor_c35a117e9f5a - INFO - [DETECT BATCH] DONE | od=0 | ppe=1
2026-08-13 23:27:21,593 - post_processor_c35a117e9f5a - INFO - PPE meta buffered | camera=ppe_test_cam1 | violation=False
2026-08-13 23:27:21,593 - post_processor_c35a117e9f5a - INFO - PPE frame complete | camera=ppe_test_cam1 | violation=False
2026-08-13 23:27:21,627 - post_processor_c35a117e9f5a - INFO - [FRAME RECEIVED] topic=post_processing | partition=0 | offset=874 | frame_id=None | camera=ppe_test_cam1
2026-08-13 23:27:21,627 - post_processor_c35a117e9f5a - INFO - [DETECT BATCH] START | od=0 | ppe=1
2026-08-13 23:27:21,629 - post_processor_c35a117e9f5a - INFO - [PROCESS PPE DETECTION] camera=ppe_test_cam1 | severity=low | violated=['No-Shoes', 'No-Shoes']
2026-08-13 23:27:21,633 - post_processor_c35a117e9f5a - INFO - PPE alert image saved | path=/Aksha/ppe_test_cam1/alerts/2026-08-13/2026-08-13 23:27:21.63_alert.jpg
2026-08-13 23:27:21,633 - post_processor_c35a117e9f5a - INFO - [DETECT BATCH] DONE | od=0 | ppe=1
2026-08-13 23:27:21,633 - post_processor_c35a117e9f5a - INFO - PPE meta buffered | camera=ppe_test_cam1 | violation=True
2026-08-13 23:27:21,668 - post_processor_c35a117e9f5a - INFO - PPE alert dual-written to alerts collection | camera=ppe_test_cam1
2026-08-13 23:27:21,669 - post_processor_c35a117e9f5a - INFO - ppe_status_check | has_violation=True | validity=False
2026-08-13 23:27:21,669 - post_processor_c35a117e9f5a - INFO - PPE notification suppressed by cooldown | camera=ppe_test_cam1
2026-08-13 23:27:21,670 - post_processor_c35a117e9f5a - INFO - PPE frame complete | camera=ppe_test_cam1 | violation=True
2026-08-13 23:27:22,532 - post_processor_c35a117e9f5a - INFO - [FRAME RECEIVED] topic=post_processing | partition=0 | offset=875 | frame_id=None | camera=ppe_test_cam1
2026-08-13 23:27:22,532 - post_processor_c35a117e9f5a - INFO - [DETECT BATCH] START | od=0 | ppe=1
2026-08-13 23:27:22,533 - post_processor_c35a117e9f5a - INFO - [PROCESS PPE DETECTION] camera=ppe_test_cam1 | severity=none | violated=[]
2026-08-13 23:27:22,533 - post_processor_c35a117e9f5a - INFO - [DETECT BATCH] DONE | od=0 | ppe=1
2026-08-13 23:27:22,533 - post_processor_c35a117e9f5a - INFO - PPE meta buffered | camera=ppe_test_cam1 | violation=False
2026-08-13 23:27:22,533 - post_processor_c35a117e9f5a - INFO - PPE frame complete | camera=ppe_test_cam1 | violation=False
2026-08-13 23:27:27,609 - post_processor_c35a117e9f5a - INFO - [FRAME RECEIVED] topic=post_processing | partition=0 | offset=876 | frame_id=None | camera=ppe_test_cam1
2026-08-13 23:27:27,610 - post_processor_c35a117e9f5a - INFO - [DETECT BATCH] START | od=0 | ppe=1
2026-08-13 23:27:27,610 - post_processor_c35a117e9f5a - INFO - [PROCESS PPE DETECTION] camera=ppe_test_cam1 | severity=none | violated=[]
2026-08-13 23:27:27,610 - post_processor_c35a117e9f5a - INFO - [DETECT BATCH] DONE | od=0 | ppe=1
2026-08-13 23:27:27,610 - post_processor_c35a117e9f5a - INFO - PPE meta buffered | camera=ppe_test_cam1 | violation=False
2026-08-13 23:27:27,621 - post_processor_c35a117e9f5a - INFO - PPE MongoDB batch insert | camera=ppe_test_cam1 | count=10
2026-08-13 23:27:27,621 - post_processor_c35a117e9f5a - INFO - PPE frame complete | camera=ppe_test_cam1 | violation=False
2026-08-13 23:27:27,622 - post_processor_c35a117e9f5a - INFO - Kafka offsets committed | count=10
2026-08-13 23:27:28,584 - post_processor_c35a117e9f5a - INFO - [FRAME RECEIVED] topic=post_processing | partition=0 | offset=877 | frame_id=None | camera=ppe_test_cam1
2026-08-13 23:27:28,584 - post_processor_c35a117e9f5a - INFO - [DETECT BATCH] START | od=0 | ppe=1
2026-08-13 23:27:28,585 - post_processor_c35a117e9f5a - INFO - [PROCESS PPE DETECTION] camera=ppe_test_cam1 | severity=none | violated=[]
2026-08-13 23:27:28,585 - post_processor_c35a117e9f5a - INFO - [DETECT BATCH] DONE | od=0 | ppe=1
2026-08-13 23:27:28,585 - post_processor_c35a117e9f5a - INFO - PPE meta buffered | camera=ppe_test_cam1 | violation=False
2026-08-13 23:27:28,585 - post_processor_c35a117e9f5a - INFO - PPE frame complete | camera=ppe_test_cam1 | violation=False
2026-08-13 23:27:29,522 - post_processor_c35a117e9f5a - INFO - [FRAME RECEIVED] topic=post_processing | partition=0 | offset=878 | frame_id=None | camera=ppe_test_cam1
2026-08-13 23:27:29,522 - post_processor_c35a117e9f5a - INFO - [DETECT BATCH] START | od=0 | ppe=1
2026-08-13 23:27:29,523 - post_processor_c35a117e9f5a - INFO - [PROCESS PPE DETECTION] camera=ppe_test_cam1 | severity=none | violated=[]
2026-08-13 23:27:29,523 - post_processor_c35a117e9f5a - INFO - [DETECT BATCH] DONE | od=0 | ppe=1
2026-08-13 23:27:29,523 - post_processor_c35a117e9f5a - INFO - PPE meta buffered | camera=ppe_test_cam1 | violation=False
2026-08-13 23:27:29,523 - post_processor_c35a117e9f5a - INFO - PPE frame complete | camera=ppe_test_cam1 | violation=False
2026-08-13 23:27:30,590 - post_processor_c35a117e9f5a - INFO - [FRAME RECEIVED] topic=post_processing | partition=0 | offset=879 | frame_id=None | camera=ppe_test_cam1
2026-08-13 23:27:30,590 - post_processor_c35a117e9f5a - INFO - [DETECT BATCH] START | od=0 | ppe=1
2026-08-13 23:27:30,591 - post_processor_c35a117e9f5a - INFO - [PROCESS PPE DETECTION] camera=ppe_test_cam1 | severity=none | violated=[]
2026-08-13 23:27:30,591 - post_processor_c35a117e9f5a - INFO - [DETECT BATCH] DONE | od=0 | ppe=1
2026-08-13 23:27:30,591 - post_processor_c35a117e9f5a - INFO - PPE meta buffered | camera=ppe_test_cam1 | violation=False
2026-08-13 23:27:30,591 - post_processor_c35a117e9f5a - INFO - PPE frame complete | camera=ppe_test_cam1 | violation=False
2026-08-13 23:27:31,543 - post_processor_c35a117e9f5a - INFO - [FRAME RECEIVED] topic=post_processing | partition=0 | offset=880 | frame_id=None | camera=ppe_test_cam1
2026-08-13 23:27:31,543 - post_processor_c35a117e9f5a - INFO - [DETECT BATCH] START | od=0 | ppe=1
2026-08-13 23:27:31,543 - post_processor_c35a117e9f5a - INFO - [PROCESS PPE DETECTION] camera=ppe_test_cam1 | severity=none | violated=[]
2026-08-13 23:27:31,544 - post_processor_c35a117e9f5a - INFO - [DETECT BATCH] DONE | od=0 | ppe=1
2026-08-13 23:27:31,544 - post_processor_c35a117e9f5a - INFO - PPE meta buffered | camera=ppe_test_cam1 | violation=False
2026-08-13 23:27:31,544 - post_processor_c35a117e9f5a - INFO - PPE frame complete | camera=ppe_test_cam1 | violation=False
2026-08-13 23:27:32,631 - post_processor_c35a117e9f5a - INFO - [FRAME RECEIVED] topic=post_processing | partition=0 | offset=881 | frame_id=None | camera=ppe_test_cam1
2026-08-13 23:27:32,632 - post_processor_c35a117e9f5a - INFO - [DETECT BATCH] START | od=0 | ppe=1
2026-08-13 23:27:32,633 - post_processor_c35a117e9f5a - INFO - [PROCESS PPE DETECTION] camera=ppe_test_cam1 | severity=none | violated=[]
2026-08-13 23:27:32,633 - post_processor_c35a117e9f5a - INFO - [DETECT BATCH] DONE | od=0 | ppe=1
2026-08-13 23:27:32,633 - post_processor_c35a117e9f5a - INFO - PPE meta buffered | camera=ppe_test_cam1 | violation=False
2026-08-13 23:27:32,633 - post_processor_c35a117e9f5a - INFO - PPE frame complete | camera=ppe_test_cam1 | violation=False
2026-08-13 23:27:33,609 - post_processor_c35a117e9f5a - INFO - [FRAME RECEIVED] topic=post_processing | partition=0 | offset=882 | frame_id=None | camera=ppe_test_cam1
2026-08-13 23:27:33,609 - post_processor_c35a117e9f5a - INFO - [DETECT BATCH] START | od=0 | ppe=1
2026-08-13 23:27:33,609 - post_processor_c35a117e9f5a - INFO - [PROCESS PPE DETECTION] camera=ppe_test_cam1 | severity=none | violated=[]
2026-08-13 23:27:33,610 - post_processor_c35a117e9f5a - INFO - [DETECT BATCH] DONE | od=0 | ppe=1
2026-08-13 23:27:33,610 - post_processor_c35a117e9f5a - INFO - PPE meta buffered | camera=ppe_test_cam1 | violation=False
2026-08-13 23:27:33,610 - post_processor_c35a117e9f5a - INFO - PPE frame complete | camera=ppe_test_cam1 | violation=False
2026-08-13 23:27:34,522 - post_processor_c35a117e9f5a - INFO - [FRAME RECEIVED] topic=post_processing | partition=0 | offset=883 | frame_id=None | camera=ppe_test_cam1
2026-08-13 23:27:34,523 - post_processor_c35a117e9f5a - INFO - [DETECT BATCH] START | od=0 | ppe=1
2026-08-13 23:27:34,523 - post_processor_c35a117e9f5a - INFO - [PROCESS PPE DETECTION] camera=ppe_test_cam1 | severity=none | violated=[]
2026-08-13 23:27:34,523 - post_processor_c35a117e9f5a - INFO - [DETECT BATCH] DONE | od=0 | ppe=1
2026-08-13 23:27:34,523 - post_processor_c35a117e9f5a - INFO - PPE meta buffered | camera=ppe_test_cam1 | violation=False
2026-08-13 23:27:34,523 - post_processor_c35a117e9f5a - INFO - PPE frame complete | camera=ppe_test_cam1 | violation=False
2026-08-13 23:27:34,561 - post_processor_c35a117e9f5a - INFO - [FRAME RECEIVED] topic=post_processing | partition=0 | offset=884 | frame_id=None | camera=ppe_test_cam1
2026-08-13 23:27:34,561 - post_processor_c35a117e9f5a - INFO - [DETECT BATCH] START | od=0 | ppe=1
2026-08-13 23:27:34,562 - post_processor_c35a117e9f5a - INFO - [PROCESS PPE DETECTION] camera=ppe_test_cam1 | severity=none | violated=[]
2026-08-13 23:27:34,562 - post_processor_c35a117e9f5a - INFO - [DETECT BATCH] DONE | od=0 | ppe=1
2026-08-13 23:27:34,562 - post_processor_c35a117e9f5a - INFO - PPE meta buffered | camera=ppe_test_cam1 | violation=False
2026-08-13 23:27:34,562 - post_processor_c35a117e9f5a - INFO - PPE frame complete | camera=ppe_test_cam1 | violation=False
2026-08-13 23:27:59,496 - post_processor_c35a117e9f5a - INFO - [FRAME RECEIVED] topic=post_processing | partition=0 | offset=885 | frame_id=None | camera=ppe_test_cam1
2026-08-13 23:27:59,497 - post_processor_c35a117e9f5a - INFO - [DETECT BATCH] START | od=0 | ppe=1
2026-08-13 23:27:59,497 - post_processor_c35a117e9f5a - INFO - [PROCESS PPE DETECTION] camera=ppe_test_cam1 | severity=none | violated=[]
2026-08-13 23:27:59,497 - post_processor_c35a117e9f5a - INFO - [DETECT BATCH] DONE | od=0 | ppe=1
2026-08-13 23:27:59,497 - post_processor_c35a117e9f5a - INFO - PPE meta buffered | camera=ppe_test_cam1 | violation=False
2026-08-13 23:27:59,497 - post_processor_c35a117e9f5a - INFO - PPE frame complete | camera=ppe_test_cam1 | violation=False
2026-08-13 23:28:00,603 - post_processor_c35a117e9f5a - INFO - [FRAME RECEIVED] topic=post_processing | partition=0 | offset=886 | frame_id=None | camera=ppe_test_cam1
2026-08-13 23:28:00,603 - post_processor_c35a117e9f5a - INFO - [DETECT BATCH] START | od=0 | ppe=1
2026-08-13 23:28:00,603 - post_processor_c35a117e9f5a - INFO - [PROCESS PPE DETECTION] camera=ppe_test_cam1 | severity=none | violated=[]
2026-08-13 23:28:00,604 - post_processor_c35a117e9f5a - INFO - [DETECT BATCH] DONE | od=0 | ppe=1
2026-08-13 23:28:00,604 - post_processor_c35a117e9f5a - INFO - PPE meta buffered | camera=ppe_test_cam1 | violation=False
2026-08-13 23:28:00,652 - post_processor_c35a117e9f5a - INFO - PPE MongoDB batch insert | camera=ppe_test_cam1 | count=10
2026-08-13 23:28:00,652 - post_processor_c35a117e9f5a - INFO - PPE frame complete | camera=ppe_test_cam1 | violation=False
2026-08-13 23:28:00,653 - post_processor_c35a117e9f5a - INFO - Kafka offsets committed | count=10
2026-08-13 23:28:18,495 - post_processor_c35a117e9f5a - INFO - [FRAME RECEIVED] topic=post_processing | partition=0 | offset=887 | frame_id=None | camera=ppe_test_cam1
2026-08-13 23:28:18,495 - post_processor_c35a117e9f5a - INFO - [DETECT BATCH] START | od=0 | ppe=1
2026-08-13 23:28:18,500 - post_processor_c35a117e9f5a - INFO - [PROCESS PPE DETECTION] camera=ppe_test_cam1 | severity=none | violated=[]
2026-08-13 23:28:18,500 - post_processor_c35a117e9f5a - INFO - [DETECT BATCH] DONE | od=0 | ppe=1
2026-08-13 23:28:18,500 - post_processor_c35a117e9f5a - INFO - PPE meta buffered | camera=ppe_test_cam1 | violation=False
2026-08-13 23:28:18,501 - post_processor_c35a117e9f5a - INFO - PPE frame complete | camera=ppe_test_cam1 | violation=False
2026-08-13 23:28:18,538 - post_processor_c35a117e9f5a - INFO - [FRAME RECEIVED] topic=post_processing | partition=0 | offset=888 | frame_id=None | camera=ppe_test_cam1
2026-08-13 23:28:18,539 - post_processor_c35a117e9f5a - INFO - [DETECT BATCH] START | od=0 | ppe=1
2026-08-13 23:28:18,539 - post_processor_c35a117e9f5a - INFO - [PROCESS PPE DETECTION] camera=ppe_test_cam1 | severity=low | violated=['No-Shoes', 'No-Shoes']
2026-08-13 23:28:18,543 - post_processor_c35a117e9f5a - INFO - PPE alert image saved | path=/Aksha/ppe_test_cam1/alerts/2026-08-13/2026-08-13 23:28:18.54_alert.jpg
2026-08-13 23:28:18,544 - post_processor_c35a117e9f5a - INFO - [DETECT BATCH] DONE | od=0 | ppe=1
2026-08-13 23:28:18,544 - post_processor_c35a117e9f5a - INFO - PPE meta buffered | camera=ppe_test_cam1 | violation=True
2026-08-13 23:28:18,573 - post_processor_c35a117e9f5a - INFO - PPE alert dual-written to alerts collection | camera=ppe_test_cam1
2026-08-13 23:28:18,574 - post_processor_c35a117e9f5a - INFO - ppe_status_check | has_violation=True | validity=True
2026-08-13 23:28:18,574 - post_processor_c35a117e9f5a - INFO - PPE notification approved | camera=ppe_test_cam1 | severity=low
2026-08-13 23:28:18,574 - post_processor_c35a117e9f5a - INFO - PPE notification sent | camera=ppe_test_cam1 | severity=low | topic=notification_service
2026-08-13 23:28:18,575 - post_processor_c35a117e9f5a - INFO - PPE frame complete | camera=ppe_test_cam1 | violation=True
2026-08-13 23:28:19,591 - post_processor_c35a117e9f5a - INFO - [FRAME RECEIVED] topic=post_processing | partition=0 | offset=889 | frame_id=None | camera=ppe_test_cam1
2026-08-13 23:28:19,591 - post_processor_c35a117e9f5a - INFO - [DETECT BATCH] START | od=0 | ppe=1
2026-08-13 23:28:19,592 - post_processor_c35a117e9f5a - INFO - [PROCESS PPE DETECTION] camera=ppe_test_cam1 | severity=low | violated=['No-Shoes', 'No-Shoes']
2026-08-13 23:28:19,597 - post_processor_c35a117e9f5a - INFO - PPE alert image saved | path=/Aksha/ppe_test_cam1/alerts/2026-08-13/2026-08-13 23:28:19.59_alert.jpg
2026-08-13 23:28:19,598 - post_processor_c35a117e9f5a - INFO - [DETECT BATCH] DONE | od=0 | ppe=1
2026-08-13 23:28:19,598 - post_processor_c35a117e9f5a - INFO - PPE meta buffered | camera=ppe_test_cam1 | violation=True
2026-08-13 23:28:19,623 - post_processor_c35a117e9f5a - INFO - PPE alert dual-written to alerts collection | camera=ppe_test_cam1
2026-08-13 23:28:19,624 - post_processor_c35a117e9f5a - INFO - ppe_status_check | has_violation=True | validity=False
2026-08-13 23:28:19,624 - post_processor_c35a117e9f5a - INFO - PPE notification suppressed by cooldown | camera=ppe_test_cam1
2026-08-13 23:28:19,624 - post_processor_c35a117e9f5a - INFO - PPE frame complete | camera=ppe_test_cam1 | violation=True
2026-08-13 23:28:19,625 - post_processor_c35a117e9f5a - INFO - [FRAME RECEIVED] topic=post_processing | partition=0 | offset=890 | frame_id=None | camera=ppe_test_cam1
2026-08-13 23:28:19,625 - post_processor_c35a117e9f5a - INFO - [DETECT BATCH] START | od=0 | ppe=1
2026-08-13 23:28:19,625 - post_processor_c35a117e9f5a - INFO - [PROCESS PPE DETECTION] camera=ppe_test_cam1 | severity=none | violated=[]
2026-08-13 23:28:19,625 - post_processor_c35a117e9f5a - INFO - [DETECT BATCH] DONE | od=0 | ppe=1
2026-08-13 23:28:19,625 - post_processor_c35a117e9f5a - INFO - PPE meta buffered | camera=ppe_test_cam1 | violation=False
2026-08-13 23:28:19,625 - post_processor_c35a117e9f5a - INFO - PPE frame complete | camera=ppe_test_cam1 | violation=False
2026-08-13 23:28:20,578 - post_processor_c35a117e9f5a - INFO - [FRAME RECEIVED] topic=post_processing | partition=0 | offset=891 | frame_id=None | camera=ppe_test_cam1
2026-08-13 23:28:20,579 - post_processor_c35a117e9f5a - INFO - [DETECT BATCH] START | od=0 | ppe=1
2026-08-13 23:28:20,580 - post_processor_c35a117e9f5a - INFO - [PROCESS PPE DETECTION] camera=ppe_test_cam1 | severity=none | violated=[]
2026-08-13 23:28:20,580 - post_processor_c35a117e9f5a - INFO - [DETECT BATCH] DONE | od=0 | ppe=1
2026-08-13 23:28:20,580 - post_processor_c35a117e9f5a - INFO - PPE meta buffered | camera=ppe_test_cam1 | violation=False
2026-08-13 23:28:20,580 - post_processor_c35a117e9f5a - INFO - PPE frame complete | camera=ppe_test_cam1 | violation=False
2026-08-13 23:28:20,609 - post_processor_c35a117e9f5a - INFO - [FRAME RECEIVED] topic=post_processing | partition=0 | offset=892 | frame_id=None | camera=ppe_test_cam1
2026-08-13 23:28:20,609 - post_processor_c35a117e9f5a - INFO - [DETECT BATCH] START | od=0 | ppe=1
2026-08-13 23:28:20,610 - post_processor_c35a117e9f5a - INFO - [PROCESS PPE DETECTION] camera=ppe_test_cam1 | severity=low | violated=['No-Shoes', 'No-Shoes']
2026-08-13 23:28:20,613 - post_processor_c35a117e9f5a - INFO - PPE alert image saved | path=/Aksha/ppe_test_cam1/alerts/2026-08-13/2026-08-13 23:28:20.61_alert.jpg
2026-08-13 23:28:20,614 - post_processor_c35a117e9f5a - INFO - [DETECT BATCH] DONE | od=0 | ppe=1
2026-08-13 23:28:20,614 - post_processor_c35a117e9f5a - INFO - PPE meta buffered | camera=ppe_test_cam1 | violation=True
2026-08-13 23:28:20,666 - post_processor_c35a117e9f5a - INFO - PPE alert dual-written to alerts collection | camera=ppe_test_cam1
2026-08-13 23:28:20,667 - post_processor_c35a117e9f5a - INFO - ppe_status_check | has_violation=True | validity=False
2026-08-13 23:28:20,667 - post_processor_c35a117e9f5a - INFO - PPE notification suppressed by cooldown | camera=ppe_test_cam1
2026-08-13 23:28:20,667 - post_processor_c35a117e9f5a - INFO - PPE frame complete | camera=ppe_test_cam1 | violation=True
2026-08-13 23:28:21,629 - post_processor_c35a117e9f5a - INFO - [FRAME RECEIVED] topic=post_processing | partition=0 | offset=893 | frame_id=None | camera=ppe_test_cam1
2026-08-13 23:28:21,629 - post_processor_c35a117e9f5a - INFO - [DETECT BATCH] START | od=0 | ppe=1
2026-08-13 23:28:21,629 - post_processor_c35a117e9f5a - INFO - [PROCESS PPE DETECTION] camera=ppe_test_cam1 | severity=none | violated=[]
2026-08-13 23:28:21,630 - post_processor_c35a117e9f5a - INFO - [DETECT BATCH] DONE | od=0 | ppe=1
2026-08-13 23:28:21,631 - post_processor_c35a117e9f5a - INFO - PPE meta buffered | camera=ppe_test_cam1 | violation=False
2026-08-13 23:28:21,631 - post_processor_c35a117e9f5a - INFO - PPE frame complete | camera=ppe_test_cam1 | violation=False
2026-08-13 23:28:21,663 - post_processor_c35a117e9f5a - INFO - [FRAME RECEIVED] topic=post_processing | partition=0 | offset=894 | frame_id=None | camera=ppe_test_cam1
2026-08-13 23:28:21,663 - post_processor_c35a117e9f5a - INFO - [DETECT BATCH] START | od=0 | ppe=1
2026-08-13 23:28:21,663 - post_processor_c35a117e9f5a - INFO - [PROCESS PPE DETECTION] camera=ppe_test_cam1 | severity=low | violated=['No-Shoes', 'No-Shoes']
2026-08-13 23:28:21,667 - post_processor_c35a117e9f5a - INFO - PPE alert image saved | path=/Aksha/ppe_test_cam1/alerts/2026-08-13/2026-08-13 23:28:21.66_alert.jpg
2026-08-13 23:28:21,667 - post_processor_c35a117e9f5a - INFO - [DETECT BATCH] DONE | od=0 | ppe=1
2026-08-13 23:28:21,667 - post_processor_c35a117e9f5a - INFO - PPE meta buffered | camera=ppe_test_cam1 | violation=True
2026-08-13 23:28:21,674 - post_processor_c35a117e9f5a - INFO - PPE alert dual-written to alerts collection | camera=ppe_test_cam1
2026-08-13 23:28:21,674 - post_processor_c35a117e9f5a - INFO - ppe_status_check | has_violation=True | validity=False
2026-08-13 23:28:21,675 - post_processor_c35a117e9f5a - INFO - PPE notification suppressed by cooldown | camera=ppe_test_cam1
2026-08-13 23:28:21,675 - post_processor_c35a117e9f5a - INFO - PPE frame complete | camera=ppe_test_cam1 | violation=True
2026-08-13 23:28:22,580 - post_processor_c35a117e9f5a - INFO - [FRAME RECEIVED] topic=post_processing | partition=0 | offset=895 | frame_id=None | camera=ppe_test_cam1
2026-08-13 23:28:22,580 - post_processor_c35a117e9f5a - INFO - [DETECT BATCH] START | od=0 | ppe=1
2026-08-13 23:28:22,581 - post_processor_c35a117e9f5a - INFO - [PROCESS PPE DETECTION] camera=ppe_test_cam1 | severity=none | violated=[]
2026-08-13 23:28:22,582 - post_processor_c35a117e9f5a - INFO - [DETECT BATCH] DONE | od=0 | ppe=1
2026-08-13 23:28:22,582 - post_processor_c35a117e9f5a - INFO - PPE meta buffered | camera=ppe_test_cam1 | violation=False
2026-08-13 23:28:22,582 - post_processor_c35a117e9f5a - INFO - PPE frame complete | camera=ppe_test_cam1 | violation=False
2026-08-13 23:28:27,505 - post_processor_c35a117e9f5a - INFO - [FRAME RECEIVED] topic=post_processing | partition=0 | offset=896 | frame_id=None | camera=ppe_test_cam1
2026-08-13 23:28:27,505 - post_processor_c35a117e9f5a - INFO - [DETECT BATCH] START | od=0 | ppe=1
2026-08-13 23:28:27,506 - post_processor_c35a117e9f5a - INFO - [PROCESS PPE DETECTION] camera=ppe_test_cam1 | severity=none | violated=[]
2026-08-13 23:28:27,506 - post_processor_c35a117e9f5a - INFO - [DETECT BATCH] DONE | od=0 | ppe=1
2026-08-13 23:28:27,506 - post_processor_c35a117e9f5a - INFO - PPE meta buffered | camera=ppe_test_cam1 | violation=False
2026-08-13 23:28:27,552 - post_processor_c35a117e9f5a - INFO - PPE MongoDB batch insert | camera=ppe_test_cam1 | count=10
2026-08-13 23:28:27,553 - post_processor_c35a117e9f5a - INFO - PPE frame complete | camera=ppe_test_cam1 | violation=False
2026-08-13 23:28:27,554 - post_processor_c35a117e9f5a - INFO - Kafka offsets committed | count=10
2026-08-13 23:28:28,571 - post_processor_c35a117e9f5a - INFO - [FRAME RECEIVED] topic=post_processing | partition=0 | offset=897 | frame_id=None | camera=ppe_test_cam1
2026-08-13 23:28:28,571 - post_processor_c35a117e9f5a - INFO - [DETECT BATCH] START | od=0 | ppe=1
2026-08-13 23:28:28,571 - post_processor_c35a117e9f5a - INFO - [PROCESS PPE DETECTION] camera=ppe_test_cam1 | severity=none | violated=[]
2026-08-13 23:28:28,572 - post_processor_c35a117e9f5a - INFO - [DETECT BATCH] DONE | od=0 | ppe=1
2026-08-13 23:28:28,572 - post_processor_c35a117e9f5a - INFO - PPE meta buffered | camera=ppe_test_cam1 | violation=False
2026-08-13 23:28:28,572 - post_processor_c35a117e9f5a - INFO - PPE frame complete | camera=ppe_test_cam1 | violation=False
2026-08-13 23:28:29,583 - post_processor_c35a117e9f5a - INFO - [FRAME RECEIVED] topic=post_processing | partition=0 | offset=898 | frame_id=None | camera=ppe_test_cam1
2026-08-13 23:28:29,584 - post_processor_c35a117e9f5a - INFO - [DETECT BATCH] START | od=0 | ppe=1
2026-08-13 23:28:29,584 - post_processor_c35a117e9f5a - INFO - [PROCESS PPE DETECTION] camera=ppe_test_cam1 | severity=none | violated=[]
2026-08-13 23:28:29,584 - post_processor_c35a117e9f5a - INFO - [DETECT BATCH] DONE | od=0 | ppe=1
2026-08-13 23:28:29,584 - post_processor_c35a117e9f5a - INFO - PPE meta buffered | camera=ppe_test_cam1 | violation=False
2026-08-13 23:28:29,584 - post_processor_c35a117e9f5a - INFO - PPE frame complete | camera=ppe_test_cam1 | violation=False
2026-08-13 23:28:30,568 - post_processor_c35a117e9f5a - INFO - [FRAME RECEIVED] topic=post_processing | partition=0 | offset=899 | frame_id=None | camera=ppe_test_cam1
2026-08-13 23:28:30,568 - post_processor_c35a117e9f5a - INFO - [DETECT BATCH] START | od=0 | ppe=1
2026-08-13 23:28:30,568 - post_processor_c35a117e9f5a - INFO - [PROCESS PPE DETECTION] camera=ppe_test_cam1 | severity=none | violated=[]
2026-08-13 23:28:30,569 - post_processor_c35a117e9f5a - INFO - [DETECT BATCH] DONE | od=0 | ppe=1
2026-08-13 23:28:30,569 - post_processor_c35a117e9f5a - INFO - PPE meta buffered | camera=ppe_test_cam1 | violation=False
2026-08-13 23:28:30,569 - post_processor_c35a117e9f5a - INFO - PPE frame complete | camera=ppe_test_cam1 | violation=False
2026-08-13 23:28:31,648 - post_processor_c35a117e9f5a - INFO - [FRAME RECEIVED] topic=post_processing | partition=0 | offset=900 | frame_id=None | camera=ppe_test_cam1
2026-08-13 23:28:31,648 - post_processor_c35a117e9f5a - INFO - [DETECT BATCH] START | od=0 | ppe=1
2026-08-13 23:28:31,649 - post_processor_c35a117e9f5a - INFO - [PROCESS PPE DETECTION] camera=ppe_test_cam1 | severity=none | violated=[]
2026-08-13 23:28:31,649 - post_processor_c35a117e9f5a - INFO - [DETECT BATCH] DONE | od=0 | ppe=1
2026-08-13 23:28:31,650 - post_processor_c35a117e9f5a - INFO - PPE meta buffered | camera=ppe_test_cam1 | violation=False
2026-08-13 23:28:31,650 - post_processor_c35a117e9f5a - INFO - PPE frame complete | camera=ppe_test_cam1 | violation=False
2026-08-13 23:28:32,637 - post_processor_c35a117e9f5a - INFO - [FRAME RECEIVED] topic=post_processing | partition=0 | offset=901 | frame_id=None | camera=ppe_test_cam1
2026-08-13 23:28:32,637 - post_processor_c35a117e9f5a - INFO - [DETECT BATCH] START | od=0 | ppe=1
2026-08-13 23:28:32,637 - post_processor_c35a117e9f5a - INFO - [PROCESS PPE DETECTION] camera=ppe_test_cam1 | severity=none | violated=[]
2026-08-13 23:28:32,639 - post_processor_c35a117e9f5a - INFO - [DETECT BATCH] DONE | od=0 | ppe=1
2026-08-13 23:28:32,639 - post_processor_c35a117e9f5a - INFO - PPE meta buffered | camera=ppe_test_cam1 | violation=False
2026-08-13 23:28:32,639 - post_processor_c35a117e9f5a - INFO - PPE frame complete | camera=ppe_test_cam1 | violation=False
2026-08-13 23:28:33,541 - post_processor_c35a117e9f5a - INFO - [FRAME RECEIVED] topic=post_processing | partition=0 | offset=902 | frame_id=None | camera=ppe_test_cam1
2026-08-13 23:28:33,541 - post_processor_c35a117e9f5a - INFO - [DETECT BATCH] START | od=0 | ppe=1
2026-08-13 23:28:33,541 - post_processor_c35a117e9f5a - INFO - [PROCESS PPE DETECTION] camera=ppe_test_cam1 | severity=none | violated=[]
2026-08-13 23:28:33,541 - post_processor_c35a117e9f5a - INFO - [DETECT BATCH] DONE | od=0 | ppe=1
2026-08-13 23:28:33,542 - post_processor_c35a117e9f5a - INFO - PPE meta buffered | camera=ppe_test_cam1 | violation=False
2026-08-13 23:28:33,542 - post_processor_c35a117e9f5a - INFO - PPE frame complete | camera=ppe_test_cam1 | violation=False
2026-08-13 23:28:34,603 - post_processor_c35a117e9f5a - INFO - [FRAME RECEIVED] topic=post_processing | partition=0 | offset=903 | frame_id=None | camera=ppe_test_cam1
2026-08-13 23:28:34,603 - post_processor_c35a117e9f5a - INFO - [DETECT BATCH] START | od=0 | ppe=1
2026-08-13 23:28:34,603 - post_processor_c35a117e9f5a - INFO - [PROCESS PPE DETECTION] camera=ppe_test_cam1 | severity=none | violated=[]
2026-08-13 23:28:34,604 - post_processor_c35a117e9f5a - INFO - [DETECT BATCH] DONE | od=0 | ppe=1
2026-08-13 23:28:34,604 - post_processor_c35a117e9f5a - INFO - PPE meta buffered | camera=ppe_test_cam1 | violation=False
2026-08-13 23:28:34,604 - post_processor_c35a117e9f5a - INFO - PPE frame complete | camera=ppe_test_cam1 | violation=False
2026-08-13 23:28:34,623 - post_processor_c35a117e9f5a - INFO - [FRAME RECEIVED] topic=post_processing | partition=0 | offset=904 | frame_id=None | camera=ppe_test_cam1
2026-08-13 23:28:34,623 - post_processor_c35a117e9f5a - INFO - [DETECT BATCH] START | od=0 | ppe=1
2026-08-13 23:28:34,624 - post_processor_c35a117e9f5a - INFO - [PROCESS PPE DETECTION] camera=ppe_test_cam1 | severity=none | violated=[]
2026-08-13 23:28:34,624 - post_processor_c35a117e9f5a - INFO - [DETECT BATCH] DONE | od=0 | ppe=1
2026-08-13 23:28:34,624 - post_processor_c35a117e9f5a - INFO - PPE meta buffered | camera=ppe_test_cam1 | violation=False
2026-08-13 23:28:34,624 - post_processor_c35a117e9f5a - INFO - PPE frame complete | camera=ppe_test_cam1 | violation=False
2026-08-13 23:28:59,480 - post_processor_c35a117e9f5a - INFO - [FRAME RECEIVED] topic=post_processing | partition=0 | offset=905 | frame_id=None | camera=ppe_test_cam1
2026-08-13 23:28:59,481 - post_processor_c35a117e9f5a - INFO - [DETECT BATCH] START | od=0 | ppe=1
2026-08-13 23:28:59,481 - post_processor_c35a117e9f5a - INFO - [PROCESS PPE DETECTION] camera=ppe_test_cam1 | severity=none | violated=[]
2026-08-13 23:28:59,481 - post_processor_c35a117e9f5a - INFO - [DETECT BATCH] DONE | od=0 | ppe=1
2026-08-13 23:28:59,481 - post_processor_c35a117e9f5a - INFO - PPE meta buffered | camera=ppe_test_cam1 | violation=False
2026-08-13 23:28:59,481 - post_processor_c35a117e9f5a - INFO - PPE frame complete | camera=ppe_test_cam1 | violation=False
2026-08-13 23:29:00,597 - post_processor_c35a117e9f5a - INFO - [FRAME RECEIVED] topic=post_processing | partition=0 | offset=906 | frame_id=None | camera=ppe_test_cam1
2026-08-13 23:29:00,597 - post_processor_c35a117e9f5a - INFO - [DETECT BATCH] START | od=0 | ppe=1
2026-08-13 23:29:00,598 - post_processor_c35a117e9f5a - INFO - [PROCESS PPE DETECTION] camera=ppe_test_cam1 | severity=none | violated=[]
2026-08-13 23:29:00,598 - post_processor_c35a117e9f5a - INFO - [DETECT BATCH] DONE | od=0 | ppe=1
2026-08-13 23:29:00,598 - post_processor_c35a117e9f5a - INFO - PPE meta buffered | camera=ppe_test_cam1 | violation=False
2026-08-13 23:29:00,639 - post_processor_c35a117e9f5a - INFO - PPE MongoDB batch insert | camera=ppe_test_cam1 | count=10
2026-08-13 23:29:00,639 - post_processor_c35a117e9f5a - INFO - PPE frame complete | camera=ppe_test_cam1 | violation=False
2026-08-13 23:29:00,642 - post_processor_c35a117e9f5a - INFO - Kafka offsets committed | count=10
2026-08-13 23:29:18,604 - post_processor_c35a117e9f5a - INFO - [FRAME RECEIVED] topic=post_processing | partition=0 | offset=907 | frame_id=None | camera=ppe_test_cam1
2026-08-13 23:29:18,604 - post_processor_c35a117e9f5a - INFO - [DETECT BATCH] START | od=0 | ppe=1
2026-08-13 23:29:18,604 - post_processor_c35a117e9f5a - INFO - [PROCESS PPE DETECTION] camera=ppe_test_cam1 | severity=none | violated=[]
2026-08-13 23:29:18,605 - post_processor_c35a117e9f5a - INFO - [DETECT BATCH] DONE | od=0 | ppe=1
2026-08-13 23:29:18,605 - post_processor_c35a117e9f5a - INFO - PPE meta buffered | camera=ppe_test_cam1 | violation=False
2026-08-13 23:29:18,605 - post_processor_c35a117e9f5a - INFO - PPE frame complete | camera=ppe_test_cam1 | violation=False
2026-08-13 23:29:18,642 - post_processor_c35a117e9f5a - INFO - [FRAME RECEIVED] topic=post_processing | partition=0 | offset=908 | frame_id=None | camera=ppe_test_cam1
2026-08-13 23:29:18,642 - post_processor_c35a117e9f5a - INFO - [DETECT BATCH] START | od=0 | ppe=1
2026-08-13 23:29:18,643 - post_processor_c35a117e9f5a - INFO - [PROCESS PPE DETECTION] camera=ppe_test_cam1 | severity=low | violated=['No-Shoes', 'No-Shoes']
2026-08-13 23:29:18,646 - post_processor_c35a117e9f5a - INFO - PPE alert image saved | path=/Aksha/ppe_test_cam1/alerts/2026-08-13/2026-08-13 23:29:18.64_alert.jpg
2026-08-13 23:29:18,646 - post_processor_c35a117e9f5a - INFO - [DETECT BATCH] DONE | od=0 | ppe=1
2026-08-13 23:29:18,647 - post_processor_c35a117e9f5a - INFO - PPE meta buffered | camera=ppe_test_cam1 | violation=True
2026-08-13 23:29:18,654 - post_processor_c35a117e9f5a - INFO - PPE alert dual-written to alerts collection | camera=ppe_test_cam1
2026-08-13 23:29:18,654 - post_processor_c35a117e9f5a - INFO - ppe_status_check | has_violation=True | validity=True
2026-08-13 23:29:18,654 - post_processor_c35a117e9f5a - INFO - PPE notification approved | camera=ppe_test_cam1 | severity=low
2026-08-13 23:29:18,654 - post_processor_c35a117e9f5a - INFO - PPE notification sent | camera=ppe_test_cam1 | severity=low | topic=notification_service
2026-08-13 23:29:18,655 - post_processor_c35a117e9f5a - INFO - PPE frame complete | camera=ppe_test_cam1 | violation=True
2026-08-13 23:29:19,603 - post_processor_c35a117e9f5a - INFO - [FRAME RECEIVED] topic=post_processing | partition=0 | offset=909 | frame_id=None | camera=ppe_test_cam1
2026-08-13 23:29:19,603 - post_processor_c35a117e9f5a - INFO - [DETECT BATCH] START | od=0 | ppe=1
2026-08-13 23:29:19,603 - post_processor_c35a117e9f5a - INFO - [PROCESS PPE DETECTION] camera=ppe_test_cam1 | severity=none | violated=[]
2026-08-13 23:29:19,604 - post_processor_c35a117e9f5a - INFO - [DETECT BATCH] DONE | od=0 | ppe=1
2026-08-13 23:29:19,604 - post_processor_c35a117e9f5a - INFO - PPE meta buffered | camera=ppe_test_cam1 | violation=False
2026-08-13 23:29:19,604 - post_processor_c35a117e9f5a - INFO - PPE frame complete | camera=ppe_test_cam1 | violation=False
2026-08-13 23:29:19,605 - post_processor_c35a117e9f5a - INFO - [FRAME RECEIVED] topic=post_processing | partition=0 | offset=910 | frame_id=None | camera=ppe_test_cam1
2026-08-13 23:29:19,605 - post_processor_c35a117e9f5a - INFO - [DETECT BATCH] START | od=0 | ppe=1
2026-08-13 23:29:19,605 - post_processor_c35a117e9f5a - INFO - [PROCESS PPE DETECTION] camera=ppe_test_cam1 | severity=low | violated=['No-Shoes', 'No-Shoes']
2026-08-13 23:29:19,608 - post_processor_c35a117e9f5a - INFO - PPE alert image saved | path=/Aksha/ppe_test_cam1/alerts/2026-08-13/2026-08-13 23:29:19.60_alert.jpg
2026-08-13 23:29:19,608 - post_processor_c35a117e9f5a - INFO - [DETECT BATCH] DONE | od=0 | ppe=1
2026-08-13 23:29:19,609 - post_processor_c35a117e9f5a - INFO - PPE meta buffered | camera=ppe_test_cam1 | violation=True
2026-08-13 23:29:19,655 - post_processor_c35a117e9f5a - INFO - PPE alert dual-written to alerts collection | camera=ppe_test_cam1
2026-08-13 23:29:19,656 - post_processor_c35a117e9f5a - INFO - ppe_status_check | has_violation=True | validity=False
2026-08-13 23:29:19,656 - post_processor_c35a117e9f5a - INFO - PPE notification suppressed by cooldown | camera=ppe_test_cam1
2026-08-13 23:29:19,657 - post_processor_c35a117e9f5a - INFO - PPE frame complete | camera=ppe_test_cam1 | violation=True
2026-08-13 23:29:20,534 - post_processor_c35a117e9f5a - INFO - [FRAME RECEIVED] topic=post_processing | partition=0 | offset=911 | frame_id=None | camera=ppe_test_cam1
2026-08-13 23:29:20,534 - post_processor_c35a117e9f5a - INFO - [DETECT BATCH] START | od=0 | ppe=1
2026-08-13 23:29:20,534 - post_processor_c35a117e9f5a - INFO - [PROCESS PPE DETECTION] camera=ppe_test_cam1 | severity=none | violated=[]
2026-08-13 23:29:20,536 - post_processor_c35a117e9f5a - INFO - [DETECT BATCH] DONE | od=0 | ppe=1
2026-08-13 23:29:20,536 - post_processor_c35a117e9f5a - INFO - PPE meta buffered | camera=ppe_test_cam1 | violation=False
2026-08-13 23:29:20,536 - post_processor_c35a117e9f5a - INFO - PPE frame complete | camera=ppe_test_cam1 | violation=False
2026-08-13 23:29:20,570 - post_processor_c35a117e9f5a - INFO - [FRAME RECEIVED] topic=post_processing | partition=0 | offset=912 | frame_id=None | camera=ppe_test_cam1
2026-08-13 23:29:20,570 - post_processor_c35a117e9f5a - INFO - [DETECT BATCH] START | od=0 | ppe=1
2026-08-13 23:29:20,570 - post_processor_c35a117e9f5a - INFO - [PROCESS PPE DETECTION] camera=ppe_test_cam1 | severity=low | violated=['No-Shoes', 'No-Shoes']
2026-08-13 23:29:20,575 - post_processor_c35a117e9f5a - INFO - PPE alert image saved | path=/Aksha/ppe_test_cam1/alerts/2026-08-13/2026-08-13 23:29:20.57_alert.jpg
2026-08-13 23:29:20,576 - post_processor_c35a117e9f5a - INFO - [DETECT BATCH] DONE | od=0 | ppe=1
2026-08-13 23:29:20,576 - post_processor_c35a117e9f5a - INFO - PPE meta buffered | camera=ppe_test_cam1 | violation=True
2026-08-13 23:29:20,613 - post_processor_c35a117e9f5a - INFO - PPE alert dual-written to alerts collection | camera=ppe_test_cam1
2026-08-13 23:29:20,613 - post_processor_c35a117e9f5a - INFO - ppe_status_check | has_violation=True | validity=False
2026-08-13 23:29:20,613 - post_processor_c35a117e9f5a - INFO - PPE notification suppressed by cooldown | camera=ppe_test_cam1
2026-08-13 23:29:20,614 - post_processor_c35a117e9f5a - INFO - PPE frame complete | camera=ppe_test_cam1 | violation=True
2026-08-13 23:29:21,608 - post_processor_c35a117e9f5a - INFO - [FRAME RECEIVED] topic=post_processing | partition=0 | offset=913 | frame_id=None | camera=ppe_test_cam1
2026-08-13 23:29:21,608 - post_processor_c35a117e9f5a - INFO - [DETECT BATCH] START | od=0 | ppe=1
2026-08-13 23:29:21,608 - post_processor_c35a117e9f5a - INFO - [PROCESS PPE DETECTION] camera=ppe_test_cam1 | severity=none | violated=[]
2026-08-13 23:29:21,608 - post_processor_c35a117e9f5a - INFO - [DETECT BATCH] DONE | od=0 | ppe=1
2026-08-13 23:29:21,609 - post_processor_c35a117e9f5a - INFO - PPE meta buffered | camera=ppe_test_cam1 | violation=False
2026-08-13 23:29:21,609 - post_processor_c35a117e9f5a - INFO - PPE frame complete | camera=ppe_test_cam1 | violation=False
2026-08-13 23:29:21,637 - post_processor_c35a117e9f5a - INFO - [FRAME RECEIVED] topic=post_processing | partition=0 | offset=914 | frame_id=None | camera=ppe_test_cam1
2026-08-13 23:29:21,637 - post_processor_c35a117e9f5a - INFO - [DETECT BATCH] START | od=0 | ppe=1
2026-08-13 23:29:21,637 - post_processor_c35a117e9f5a - INFO - [PROCESS PPE DETECTION] camera=ppe_test_cam1 | severity=low | violated=['No-Shoes', 'No-Shoes']
2026-08-13 23:29:21,640 - post_processor_c35a117e9f5a - INFO - PPE alert image saved | path=/Aksha/ppe_test_cam1/alerts/2026-08-13/2026-08-13 23:29:21.63_alert.jpg
2026-08-13 23:29:21,641 - post_processor_c35a117e9f5a - INFO - [DETECT BATCH] DONE | od=0 | ppe=1
2026-08-13 23:29:21,641 - post_processor_c35a117e9f5a - INFO - PPE meta buffered | camera=ppe_test_cam1 | violation=True
2026-08-13 23:29:21,655 - post_processor_c35a117e9f5a - INFO - PPE alert dual-written to alerts collection | camera=ppe_test_cam1
2026-08-13 23:29:21,655 - post_processor_c35a117e9f5a - INFO - ppe_status_check | has_violation=True | validity=False
2026-08-13 23:29:21,655 - post_processor_c35a117e9f5a - INFO - PPE notification suppressed by cooldown | camera=ppe_test_cam1
2026-08-13 23:29:21,656 - post_processor_c35a117e9f5a - INFO - PPE frame complete | camera=ppe_test_cam1 | violation=True
2026-08-13 23:29:22,581 - post_processor_c35a117e9f5a - INFO - [FRAME RECEIVED] topic=post_processing | partition=0 | offset=915 | frame_id=None | camera=ppe_test_cam1
2026-08-13 23:29:22,581 - post_processor_c35a117e9f5a - INFO - [DETECT BATCH] START | od=0 | ppe=1
2026-08-13 23:29:22,581 - post_processor_c35a117e9f5a - INFO - [PROCESS PPE DETECTION] camera=ppe_test_cam1 | severity=none | violated=[]
2026-08-13 23:29:22,581 - post_processor_c35a117e9f5a - INFO - [DETECT BATCH] DONE | od=0 | ppe=1
2026-08-13 23:29:22,582 - post_processor_c35a117e9f5a - INFO - PPE meta buffered | camera=ppe_test_cam1 | violation=False
2026-08-13 23:29:22,582 - post_processor_c35a117e9f5a - INFO - PPE frame complete | camera=ppe_test_cam1 | violation=False
2026-08-13 23:29:27,624 - post_processor_c35a117e9f5a - INFO - [FRAME RECEIVED] topic=post_processing | partition=0 | offset=916 | frame_id=None | camera=ppe_test_cam1
2026-08-13 23:29:27,625 - post_processor_c35a117e9f5a - INFO - [DETECT BATCH] START | od=0 | ppe=1
2026-08-13 23:29:27,625 - post_processor_c35a117e9f5a - INFO - [PROCESS PPE DETECTION] camera=ppe_test_cam1 | severity=none | violated=[]
2026-08-13 23:29:27,625 - post_processor_c35a117e9f5a - INFO - [DETECT BATCH] DONE | od=0 | ppe=1
2026-08-13 23:29:27,625 - post_processor_c35a117e9f5a - INFO - PPE meta buffered | camera=ppe_test_cam1 | violation=False
2026-08-13 23:29:27,698 - post_processor_c35a117e9f5a - INFO - PPE MongoDB batch insert | camera=ppe_test_cam1 | count=10
2026-08-13 23:29:27,698 - post_processor_c35a117e9f5a - INFO - PPE frame complete | camera=ppe_test_cam1 | violation=False
2026-08-13 23:29:27,699 - post_processor_c35a117e9f5a - INFO - Kafka offsets committed | count=10
2026-08-13 23:29:28,516 - post_processor_c35a117e9f5a - INFO - [FRAME RECEIVED] topic=post_processing | partition=0 | offset=917 | frame_id=None | camera=ppe_test_cam1
2026-08-13 23:29:28,516 - post_processor_c35a117e9f5a - INFO - [DETECT BATCH] START | od=0 | ppe=1
2026-08-13 23:29:28,517 - post_processor_c35a117e9f5a - INFO - [PROCESS PPE DETECTION] camera=ppe_test_cam1 | severity=none | violated=[]
2026-08-13 23:29:28,520 - post_processor_c35a117e9f5a - INFO - [DETECT BATCH] DONE | od=0 | ppe=1
2026-08-13 23:29:28,521 - post_processor_c35a117e9f5a - INFO - PPE meta buffered | camera=ppe_test_cam1 | violation=False
2026-08-13 23:29:28,521 - post_processor_c35a117e9f5a - INFO - PPE frame complete | camera=ppe_test_cam1 | violation=False
2026-08-13 23:29:29,561 - post_processor_c35a117e9f5a - INFO - [FRAME RECEIVED] topic=post_processing | partition=0 | offset=918 | frame_id=None | camera=ppe_test_cam1
2026-08-13 23:29:29,561 - post_processor_c35a117e9f5a - INFO - [DETECT BATCH] START | od=0 | ppe=1
2026-08-13 23:29:29,561 - post_processor_c35a117e9f5a - INFO - [PROCESS PPE DETECTION] camera=ppe_test_cam1 | severity=none | violated=[]
2026-08-13 23:29:29,561 - post_processor_c35a117e9f5a - INFO - [DETECT BATCH] DONE | od=0 | ppe=1
2026-08-13 23:29:29,563 - post_processor_c35a117e9f5a - INFO - PPE meta buffered | camera=ppe_test_cam1 | violation=False
2026-08-13 23:29:29,563 - post_processor_c35a117e9f5a - INFO - PPE frame complete | camera=ppe_test_cam1 | violation=False
2026-08-13 23:29:30,596 - post_processor_c35a117e9f5a - INFO - [FRAME RECEIVED] topic=post_processing | partition=0 | offset=919 | frame_id=None | camera=ppe_test_cam1
2026-08-13 23:29:30,596 - post_processor_c35a117e9f5a - INFO - [DETECT BATCH] START | od=0 | ppe=1
2026-08-13 23:29:30,597 - post_processor_c35a117e9f5a - INFO - [PROCESS PPE DETECTION] camera=ppe_test_cam1 | severity=none | violated=[]
2026-08-13 23:29:30,597 - post_processor_c35a117e9f5a - INFO - [DETECT BATCH] DONE | od=0 | ppe=1
2026-08-13 23:29:30,597 - post_processor_c35a117e9f5a - INFO - PPE meta buffered | camera=ppe_test_cam1 | violation=False
2026-08-13 23:29:30,597 - post_processor_c35a117e9f5a - INFO - PPE frame complete | camera=ppe_test_cam1 | violation=False
2026-08-13 23:29:31,626 - post_processor_c35a117e9f5a - INFO - [FRAME RECEIVED] topic=post_processing | partition=0 | offset=920 | frame_id=None | camera=ppe_test_cam1
2026-08-13 23:29:31,626 - post_processor_c35a117e9f5a - INFO - [DETECT BATCH] START | od=0 | ppe=1
2026-08-13 23:29:31,627 - post_processor_c35a117e9f5a - INFO - [PROCESS PPE DETECTION] camera=ppe_test_cam1 | severity=none | violated=[]
2026-08-13 23:29:31,627 - post_processor_c35a117e9f5a - INFO - [DETECT BATCH] DONE | od=0 | ppe=1
2026-08-13 23:29:31,628 - post_processor_c35a117e9f5a - INFO - PPE meta buffered | camera=ppe_test_cam1 | violation=False
2026-08-13 23:29:31,628 - post_processor_c35a117e9f5a - INFO - PPE frame complete | camera=ppe_test_cam1 | violation=False
2026-08-13 23:29:32,602 - post_processor_c35a117e9f5a - INFO - [FRAME RECEIVED] topic=post_processing | partition=0 | offset=921 | frame_id=None | camera=ppe_test_cam1
2026-08-13 23:29:32,602 - post_processor_c35a117e9f5a - INFO - [DETECT BATCH] START | od=0 | ppe=1
2026-08-13 23:29:32,602 - post_processor_c35a117e9f5a - INFO - [PROCESS PPE DETECTION] camera=ppe_test_cam1 | severity=none | violated=[]
2026-08-13 23:29:32,603 - post_processor_c35a117e9f5a - INFO - [DETECT BATCH] DONE | od=0 | ppe=1
2026-08-13 23:29:32,603 - post_processor_c35a117e9f5a - INFO - PPE meta buffered | camera=ppe_test_cam1 | violation=False
2026-08-13 23:29:32,603 - post_processor_c35a117e9f5a - INFO - PPE frame complete | camera=ppe_test_cam1 | violation=False
2026-08-13 23:29:33,517 - post_processor_c35a117e9f5a - INFO - [FRAME RECEIVED] topic=post_processing | partition=0 | offset=922 | frame_id=None | camera=ppe_test_cam1
2026-08-13 23:29:33,517 - post_processor_c35a117e9f5a - INFO - [DETECT BATCH] START | od=0 | ppe=1
2026-08-13 23:29:33,517 - post_processor_c35a117e9f5a - INFO - [PROCESS PPE DETECTION] camera=ppe_test_cam1 | severity=none | violated=[]
2026-08-13 23:29:33,517 - post_processor_c35a117e9f5a - INFO - [DETECT BATCH] DONE | od=0 | ppe=1
2026-08-13 23:29:33,517 - post_processor_c35a117e9f5a - INFO - PPE meta buffered | camera=ppe_test_cam1 | violation=False
2026-08-13 23:29:33,517 - post_processor_c35a117e9f5a - INFO - PPE frame complete | camera=ppe_test_cam1 | violation=False
2026-08-13 23:29:34,568 - post_processor_c35a117e9f5a - INFO - [FRAME RECEIVED] topic=post_processing | partition=0 | offset=923 | frame_id=None | camera=ppe_test_cam1
2026-08-13 23:29:34,569 - post_processor_c35a117e9f5a - INFO - [DETECT BATCH] START | od=0 | ppe=1
2026-08-13 23:29:34,569 - post_processor_c35a117e9f5a - INFO - [PROCESS PPE DETECTION] camera=ppe_test_cam1 | severity=none | violated=[]
2026-08-13 23:29:34,569 - post_processor_c35a117e9f5a - INFO - [DETECT BATCH] DONE | od=0 | ppe=1
2026-08-13 23:29:34,569 - post_processor_c35a117e9f5a - INFO - PPE meta buffered | camera=ppe_test_cam1 | violation=False
2026-08-13 23:29:34,569 - post_processor_c35a117e9f5a - INFO - PPE frame complete | camera=ppe_test_cam1 | violation=False
2026-08-13 23:29:34,607 - post_processor_c35a117e9f5a - INFO - [FRAME RECEIVED] topic=post_processing | partition=0 | offset=924 | frame_id=None | camera=ppe_test_cam1
2026-08-13 23:29:34,607 - post_processor_c35a117e9f5a - INFO - [DETECT BATCH] START | od=0 | ppe=1
2026-08-13 23:29:34,608 - post_processor_c35a117e9f5a - INFO - [PROCESS PPE DETECTION] camera=ppe_test_cam1 | severity=none | violated=[]
2026-08-13 23:29:34,608 - post_processor_c35a117e9f5a - INFO - [DETECT BATCH] DONE | od=0 | ppe=1
2026-08-13 23:29:34,608 - post_processor_c35a117e9f5a - INFO - PPE meta buffered | camera=ppe_test_cam1 | violation=False
2026-08-13 23:29:34,608 - post_processor_c35a117e9f5a - INFO - PPE frame complete | camera=ppe_test_cam1 | violation=False
