2026-07-23 15:45:51,320 - post_processor_0fcd8b3fbf5b - INFO - [FRAME RECEIVED] topic=post_processing | partition=0 | offset=156743 | frame_id=None | camera=ppe_test_cam1
2026-07-23 15:45:52,334 - post_processor_0fcd8b3fbf5b - INFO - [DETECT BATCH] START | od=0 | ppe=1
2026-07-23 15:45:52,335 - post_processor_0fcd8b3fbf5b - INFO - [PROCESS PPE DETECTION] camera=ppe_test_cam1 | severity=none | violated=[]
2026-07-23 15:45:52,336 - post_processor_0fcd8b3fbf5b - INFO - [DETECT BATCH] DONE | od=0 | ppe=1
2026-07-23 15:45:52,336 - post_processor_0fcd8b3fbf5b - INFO - PPE meta buffered | camera=ppe_test_cam1 | violation=False
2026-07-23 15:45:52,352 - post_processor_0fcd8b3fbf5b - INFO - PPE MongoDB batch insert | camera=ppe_test_cam1 | count=10
2026-07-23 15:45:52,353 - post_processor_0fcd8b3fbf5b - INFO - PPE frame complete | camera=ppe_test_cam1 | violation=False
2026-07-23 15:45:52,367 - post_processor_0fcd8b3fbf5b - INFO - Kafka offsets committed | count=10
2026-07-23 15:45:52,367 - post_processor_0fcd8b3fbf5b - INFO - [FRAME RECEIVED] topic=post_processing | partition=0 | offset=156744 | frame_id=None | camera=ppe_test_cam1
2026-07-23 15:45:52,367 - post_processor_0fcd8b3fbf5b - INFO - [DETECT BATCH] START | od=0 | ppe=1
2026-07-23 15:45:52,368 - post_processor_0fcd8b3fbf5b - INFO - [PROCESS PPE DETECTION] camera=ppe_test_cam1 | severity=low | violated=['No-Shoes', 'No-Shoes']
2026-07-23 15:45:52,403 - post_processor_0fcd8b3fbf5b - INFO - PPE alert image saved | path=/Aksha/ppe_test_cam1/alerts/2026-07-23/2026-07-23 15:45:52.37_alert.jpg
2026-07-23 15:45:52,403 - post_processor_0fcd8b3fbf5b - INFO - [DETECT BATCH] DONE | od=0 | ppe=1
2026-07-23 15:45:52,404 - post_processor_0fcd8b3fbf5b - INFO - PPE meta buffered | camera=ppe_test_cam1 | violation=True
2026-07-23 15:45:52,404 - post_processor_0fcd8b3fbf5b - INFO - ppe_status_check | has_violation=True | validity=True
2026-07-23 15:45:52,404 - post_processor_0fcd8b3fbf5b - INFO - PPE notification approved | camera=ppe_test_cam1 | severity=low
2026-07-23 15:45:52,404 - post_processor_0fcd8b3fbf5b - INFO - PPE notification sent | camera=ppe_test_cam1 | severity=low | topic=notification_service
2026-07-23 15:45:52,405 - post_processor_0fcd8b3fbf5b - INFO - PPE frame complete | camera=ppe_test_cam1 | violation=True
2026-07-23 15:45:52,508 - post_processor_0fcd8b3fbf5b - INFO - [FRAME RECEIVED] topic=post_processing | partition=0 | offset=156745 | frame_id=None | camera=ppe_test_cam1
2026-07-23 15:45:52,508 - post_processor_0fcd8b3fbf5b - INFO - [DETECT BATCH] START | od=0 | ppe=1
2026-07-23 15:45:52,509 - post_processor_0fcd8b3fbf5b - INFO - [PROCESS PPE DETECTION] camera=ppe_test_cam1 | severity=low | violated=['No-Shoes', 'No-Shoes']
2026-07-23 15:45:52,515 - post_processor_0fcd8b3fbf5b - INFO - PPE alert image saved | path=/Aksha/ppe_test_cam1/alerts/2026-07-23/2026-07-23 15:45:52.51_alert.jpg
2026-07-23 15:45:52,515 - post_processor_0fcd8b3fbf5b - INFO - [DETECT BATCH] DONE | od=0 | ppe=1
2026-07-23 15:45:52,515 - post_processor_0fcd8b3fbf5b - INFO - PPE meta buffered | camera=ppe_test_cam1 | violation=True
2026-07-23 15:45:52,517 - post_processor_0fcd8b3fbf5b - INFO - ppe_status_check | has_violation=True | validity=False
2026-07-23 15:45:52,517 - post_processor_0fcd8b3fbf5b - INFO - PPE notification suppressed by cooldown | camera=ppe_test_cam1
2026-07-23 15:45:52,517 - post_processor_0fcd8b3fbf5b - INFO - PPE frame complete | camera=ppe_test_cam1 | violation=True
2026-07-23 15:45:52,518 - post_processor_0fcd8b3fbf5b - INFO - [FRAME RECEIVED] topic=post_processing | partition=0 | offset=156746 | frame_id=None | camera=ppe_test_cam1
2026-07-23 15:45:52,518 - post_processor_0fcd8b3fbf5b - INFO - [DETECT BATCH] START | od=0 | ppe=1
2026-07-23 15:45:52,518 - post_processor_0fcd8b3fbf5b - INFO - [PROCESS PPE DETECTION] camera=ppe_test_cam1 | severity=none | violated=[]
2026-07-23 15:45:52,518 - post_processor_0fcd8b3fbf5b - INFO - [DETECT BATCH] DONE | od=0 | ppe=1
2026-07-23 15:45:52,518 - post_processor_0fcd8b3fbf5b - INFO - PPE meta buffered | camera=ppe_test_cam1 | violation=False
2026-07-23 15:45:52,518 - post_processor_0fcd8b3fbf5b - INFO - PPE frame complete | camera=ppe_test_cam1 | violation=False
2026-07-23 15:45:53,206 - post_processor_0fcd8b3fbf5b - INFO - [FRAME RECEIVED] topic=post_processing | partition=0 | offset=156747 | frame_id=None | camera=ppe_test_cam1
2026-07-23 15:45:53,206 - post_processor_0fcd8b3fbf5b - INFO - [DETECT BATCH] START | od=0 | ppe=1
2026-07-23 15:45:53,206 - post_processor_0fcd8b3fbf5b - INFO - [PROCESS PPE DETECTION] camera=ppe_test_cam1 | severity=none | violated=[]
2026-07-23 15:45:53,207 - post_processor_0fcd8b3fbf5b - INFO - [DETECT BATCH] DONE | od=0 | ppe=1
2026-07-23 15:45:53,207 - post_processor_0fcd8b3fbf5b - INFO - PPE meta buffered | camera=ppe_test_cam1 | violation=False
2026-07-23 15:45:53,207 - post_processor_0fcd8b3fbf5b - INFO - PPE frame complete | camera=ppe_test_cam1 | violation=False
2026-07-23 15:45:53,231 - post_processor_0fcd8b3fbf5b - INFO - [FRAME RECEIVED] topic=post_processing | partition=0 | offset=156748 | frame_id=None | camera=ppe_test_cam1
2026-07-23 15:45:53,231 - post_processor_0fcd8b3fbf5b - INFO - [DETECT BATCH] START | od=0 | ppe=1
2026-07-23 15:45:53,232 - post_processor_0fcd8b3fbf5b - INFO - [PROCESS PPE DETECTION] camera=ppe_test_cam1 | severity=low | violated=['No-Shoes', 'No-Shoes']
2026-07-23 15:45:53,236 - post_processor_0fcd8b3fbf5b - INFO - PPE alert image saved | path=/Aksha/ppe_test_cam1/alerts/2026-07-23/2026-07-23 15:45:53.23_alert.jpg
2026-07-23 15:45:53,237 - post_processor_0fcd8b3fbf5b - INFO - [DETECT BATCH] DONE | od=0 | ppe=1
2026-07-23 15:45:53,237 - post_processor_0fcd8b3fbf5b - INFO - PPE meta buffered | camera=ppe_test_cam1 | violation=True
2026-07-23 15:45:53,238 - post_processor_0fcd8b3fbf5b - INFO - ppe_status_check | has_violation=True | validity=False
2026-07-23 15:45:53,238 - post_processor_0fcd8b3fbf5b - INFO - PPE notification suppressed by cooldown | camera=ppe_test_cam1
2026-07-23 15:45:53,239 - post_processor_0fcd8b3fbf5b - INFO - PPE frame complete | camera=ppe_test_cam1 | violation=True
2026-07-23 15:45:54,248 - post_processor_0fcd8b3fbf5b - INFO - [FRAME RECEIVED] topic=post_processing | partition=0 | offset=156749 | frame_id=None | camera=ppe_test_cam1
2026-07-23 15:45:54,248 - post_processor_0fcd8b3fbf5b - INFO - [DETECT BATCH] START | od=0 | ppe=1
2026-07-23 15:45:54,249 - post_processor_0fcd8b3fbf5b - INFO - [PROCESS PPE DETECTION] camera=ppe_test_cam1 | severity=none | violated=[]
2026-07-23 15:45:54,249 - post_processor_0fcd8b3fbf5b - INFO - [DETECT BATCH] DONE | od=0 | ppe=1
2026-07-23 15:45:54,249 - post_processor_0fcd8b3fbf5b - INFO - PPE meta buffered | camera=ppe_test_cam1 | violation=False
2026-07-23 15:45:54,250 - post_processor_0fcd8b3fbf5b - INFO - PPE frame complete | camera=ppe_test_cam1 | violation=False
2026-07-23 15:45:54,250 - post_processor_0fcd8b3fbf5b - INFO - [FRAME RECEIVED] topic=post_processing | partition=0 | offset=156750 | frame_id=None | camera=ppe_test_cam1
2026-07-23 15:45:54,250 - post_processor_0fcd8b3fbf5b - INFO - [DETECT BATCH] START | od=0 | ppe=1
2026-07-23 15:45:54,250 - post_processor_0fcd8b3fbf5b - INFO - [PROCESS PPE DETECTION] camera=ppe_test_cam1 | severity=low | violated=['No-Shoes', 'No-Shoes']
2026-07-23 15:45:54,253 - post_processor_0fcd8b3fbf5b - INFO - PPE alert image saved | path=/Aksha/ppe_test_cam1/alerts/2026-07-23/2026-07-23 15:45:54.25_alert.jpg
2026-07-23 15:45:54,254 - post_processor_0fcd8b3fbf5b - INFO - [DETECT BATCH] DONE | od=0 | ppe=1
2026-07-23 15:45:54,254 - post_processor_0fcd8b3fbf5b - INFO - PPE meta buffered | camera=ppe_test_cam1 | violation=True
2026-07-23 15:45:54,254 - post_processor_0fcd8b3fbf5b - INFO - ppe_status_check | has_violation=True | validity=False
2026-07-23 15:45:54,254 - post_processor_0fcd8b3fbf5b - INFO - PPE notification suppressed by cooldown | camera=ppe_test_cam1
2026-07-23 15:45:54,256 - post_processor_0fcd8b3fbf5b - INFO - PPE frame complete | camera=ppe_test_cam1 | violation=True
2026-07-23 15:45:55,179 - post_processor_0fcd8b3fbf5b - INFO - [FRAME RECEIVED] topic=post_processing | partition=0 | offset=156751 | frame_id=None | camera=ppe_test_cam1
2026-07-23 15:45:55,180 - post_processor_0fcd8b3fbf5b - INFO - [DETECT BATCH] START | od=0 | ppe=1
2026-07-23 15:45:55,180 - post_processor_0fcd8b3fbf5b - INFO - [PROCESS PPE DETECTION] camera=ppe_test_cam1 | severity=none | violated=[]
2026-07-23 15:45:55,180 - post_processor_0fcd8b3fbf5b - INFO - [DETECT BATCH] DONE | od=0 | ppe=1
2026-07-23 15:45:55,180 - post_processor_0fcd8b3fbf5b - INFO - PPE meta buffered | camera=ppe_test_cam1 | violation=False
2026-07-23 15:45:55,180 - post_processor_0fcd8b3fbf5b - INFO - PPE frame complete | camera=ppe_test_cam1 | violation=False
2026-07-23 15:46:00,115 - post_processor_0fcd8b3fbf5b - INFO - [FRAME RECEIVED] topic=post_processing | partition=0 | offset=156752 | frame_id=None | camera=ppe_test_cam1
2026-07-23 15:46:00,115 - post_processor_0fcd8b3fbf5b - INFO - [DETECT BATCH] START | od=0 | ppe=1
2026-07-23 15:46:00,115 - post_processor_0fcd8b3fbf5b - INFO - [PROCESS PPE DETECTION] camera=ppe_test_cam1 | severity=none | violated=[]
2026-07-23 15:46:00,116 - post_processor_0fcd8b3fbf5b - INFO - [DETECT BATCH] DONE | od=0 | ppe=1
2026-07-23 15:46:00,116 - post_processor_0fcd8b3fbf5b - INFO - PPE meta buffered | camera=ppe_test_cam1 | violation=False
2026-07-23 15:46:00,116 - post_processor_0fcd8b3fbf5b - INFO - PPE frame complete | camera=ppe_test_cam1 | violation=False
2026-07-23 15:46:01,050 - post_processor_0fcd8b3fbf5b - INFO - [FRAME RECEIVED] topic=post_processing | partition=0 | offset=156753 | frame_id=None | camera=ppe_test_cam1
2026-07-23 15:46:01,051 - post_processor_0fcd8b3fbf5b - INFO - [DETECT BATCH] START | od=0 | ppe=1
2026-07-23 15:46:01,051 - post_processor_0fcd8b3fbf5b - INFO - [PROCESS PPE DETECTION] camera=ppe_test_cam1 | severity=none | violated=[]
2026-07-23 15:46:01,051 - post_processor_0fcd8b3fbf5b - INFO - [DETECT BATCH] DONE | od=0 | ppe=1
2026-07-23 15:46:01,051 - post_processor_0fcd8b3fbf5b - INFO - PPE meta buffered | camera=ppe_test_cam1 | violation=False
2026-07-23 15:46:01,107 - post_processor_0fcd8b3fbf5b - INFO - PPE MongoDB batch insert | camera=ppe_test_cam1 | count=10
2026-07-23 15:46:01,107 - post_processor_0fcd8b3fbf5b - INFO - PPE frame complete | camera=ppe_test_cam1 | violation=False
2026-07-23 15:46:01,109 - post_processor_0fcd8b3fbf5b - INFO - Kafka offsets committed | count=10
2026-07-23 15:46:02,099 - post_processor_0fcd8b3fbf5b - INFO - [FRAME RECEIVED] topic=post_processing | partition=0 | offset=156754 | frame_id=None | camera=ppe_test_cam1
2026-07-23 15:46:02,099 - post_processor_0fcd8b3fbf5b - INFO - [DETECT BATCH] START | od=0 | ppe=1
2026-07-23 15:46:02,099 - post_processor_0fcd8b3fbf5b - INFO - [PROCESS PPE DETECTION] camera=ppe_test_cam1 | severity=none | violated=[]
2026-07-23 15:46:02,100 - post_processor_0fcd8b3fbf5b - INFO - [DETECT BATCH] DONE | od=0 | ppe=1
2026-07-23 15:46:02,100 - post_processor_0fcd8b3fbf5b - INFO - PPE meta buffered | camera=ppe_test_cam1 | violation=False
2026-07-23 15:46:02,100 - post_processor_0fcd8b3fbf5b - INFO - PPE frame complete | camera=ppe_test_cam1 | violation=False
2026-07-23 15:46:03,102 - post_processor_0fcd8b3fbf5b - INFO - [FRAME RECEIVED] topic=post_processing | partition=0 | offset=156755 | frame_id=None | camera=ppe_test_cam1
2026-07-23 15:46:03,102 - post_processor_0fcd8b3fbf5b - INFO - [DETECT BATCH] START | od=0 | ppe=1
2026-07-23 15:46:03,102 - post_processor_0fcd8b3fbf5b - INFO - [PROCESS PPE DETECTION] camera=ppe_test_cam1 | severity=none | violated=[]
2026-07-23 15:46:03,102 - post_processor_0fcd8b3fbf5b - INFO - [DETECT BATCH] DONE | od=0 | ppe=1
2026-07-23 15:46:03,102 - post_processor_0fcd8b3fbf5b - INFO - PPE meta buffered | camera=ppe_test_cam1 | violation=False
2026-07-23 15:46:03,102 - post_processor_0fcd8b3fbf5b - INFO - PPE frame complete | camera=ppe_test_cam1 | violation=False
2026-07-23 15:46:04,074 - post_processor_0fcd8b3fbf5b - INFO - [FRAME RECEIVED] topic=post_processing | partition=0 | offset=156756 | frame_id=None | camera=ppe_test_cam1
2026-07-23 15:46:04,075 - post_processor_0fcd8b3fbf5b - INFO - [DETECT BATCH] START | od=0 | ppe=1
2026-07-23 15:46:04,075 - post_processor_0fcd8b3fbf5b - INFO - [PROCESS PPE DETECTION] camera=ppe_test_cam1 | severity=none | violated=[]
2026-07-23 15:46:04,075 - post_processor_0fcd8b3fbf5b - INFO - [DETECT BATCH] DONE | od=0 | ppe=1
2026-07-23 15:46:04,075 - post_processor_0fcd8b3fbf5b - INFO - PPE meta buffered | camera=ppe_test_cam1 | violation=False
2026-07-23 15:46:04,075 - post_processor_0fcd8b3fbf5b - INFO - PPE frame complete | camera=ppe_test_cam1 | violation=False
2026-07-23 15:46:05,153 - post_processor_0fcd8b3fbf5b - INFO - [FRAME RECEIVED] topic=post_processing | partition=0 | offset=156757 | frame_id=None | camera=ppe_test_cam1
2026-07-23 15:46:05,154 - post_processor_0fcd8b3fbf5b - INFO - [DETECT BATCH] START | od=0 | ppe=1
2026-07-23 15:46:05,154 - post_processor_0fcd8b3fbf5b - INFO - [PROCESS PPE DETECTION] camera=ppe_test_cam1 | severity=none | violated=[]
2026-07-23 15:46:05,154 - post_processor_0fcd8b3fbf5b - INFO - [DETECT BATCH] DONE | od=0 | ppe=1
2026-07-23 15:46:05,154 - post_processor_0fcd8b3fbf5b - INFO - PPE meta buffered | camera=ppe_test_cam1 | violation=False
2026-07-23 15:46:05,154 - post_processor_0fcd8b3fbf5b - INFO - PPE frame complete | camera=ppe_test_cam1 | violation=False
2026-07-23 15:46:06,163 - post_processor_0fcd8b3fbf5b - INFO - [FRAME RECEIVED] topic=post_processing | partition=0 | offset=156758 | frame_id=None | camera=ppe_test_cam1
2026-07-23 15:46:06,164 - post_processor_0fcd8b3fbf5b - INFO - [DETECT BATCH] START | od=0 | ppe=1
2026-07-23 15:46:06,164 - post_processor_0fcd8b3fbf5b - INFO - [PROCESS PPE DETECTION] camera=ppe_test_cam1 | severity=none | violated=[]
2026-07-23 15:46:06,164 - post_processor_0fcd8b3fbf5b - INFO - [DETECT BATCH] DONE | od=0 | ppe=1
2026-07-23 15:46:06,164 - post_processor_0fcd8b3fbf5b - INFO - PPE meta buffered | camera=ppe_test_cam1 | violation=False
2026-07-23 15:46:06,164 - post_processor_0fcd8b3fbf5b - INFO - PPE frame complete | camera=ppe_test_cam1 | violation=False
2026-07-23 15:46:07,142 - post_processor_0fcd8b3fbf5b - INFO - [FRAME RECEIVED] topic=post_processing | partition=0 | offset=156759 | frame_id=None | camera=ppe_test_cam1
2026-07-23 15:46:07,142 - post_processor_0fcd8b3fbf5b - INFO - [DETECT BATCH] START | od=0 | ppe=1
2026-07-23 15:46:07,142 - post_processor_0fcd8b3fbf5b - INFO - [PROCESS PPE DETECTION] camera=ppe_test_cam1 | severity=none | violated=[]
2026-07-23 15:46:07,142 - post_processor_0fcd8b3fbf5b - INFO - [DETECT BATCH] DONE | od=0 | ppe=1
2026-07-23 15:46:07,143 - post_processor_0fcd8b3fbf5b - INFO - PPE meta buffered | camera=ppe_test_cam1 | violation=False
2026-07-23 15:46:07,143 - post_processor_0fcd8b3fbf5b - INFO - PPE frame complete | camera=ppe_test_cam1 | violation=False
2026-07-23 15:46:07,143 - post_processor_0fcd8b3fbf5b - INFO - [FRAME RECEIVED] topic=post_processing | partition=0 | offset=156760 | frame_id=None | camera=ppe_test_cam1
2026-07-23 15:46:07,143 - post_processor_0fcd8b3fbf5b - INFO - [DETECT BATCH] START | od=0 | ppe=1
2026-07-23 15:46:07,144 - post_processor_0fcd8b3fbf5b - INFO - [PROCESS PPE DETECTION] camera=ppe_test_cam1 | severity=none | violated=[]
2026-07-23 15:46:07,144 - post_processor_0fcd8b3fbf5b - INFO - [DETECT BATCH] DONE | od=0 | ppe=1
2026-07-23 15:46:07,144 - post_processor_0fcd8b3fbf5b - INFO - PPE meta buffered | camera=ppe_test_cam1 | violation=False
2026-07-23 15:46:07,144 - post_processor_0fcd8b3fbf5b - INFO - PPE frame complete | camera=ppe_test_cam1 | violation=False
2026-07-23 15:46:32,187 - post_processor_0fcd8b3fbf5b - INFO - [FRAME RECEIVED] topic=post_processing | partition=0 | offset=156761 | frame_id=None | camera=ppe_test_cam1
2026-07-23 15:46:32,187 - post_processor_0fcd8b3fbf5b - INFO - [DETECT BATCH] START | od=0 | ppe=1
2026-07-23 15:46:32,187 - post_processor_0fcd8b3fbf5b - INFO - [PROCESS PPE DETECTION] camera=ppe_test_cam1 | severity=none | violated=[]
2026-07-23 15:46:32,188 - post_processor_0fcd8b3fbf5b - INFO - [DETECT BATCH] DONE | od=0 | ppe=1
2026-07-23 15:46:32,188 - post_processor_0fcd8b3fbf5b - INFO - PPE meta buffered | camera=ppe_test_cam1 | violation=False
2026-07-23 15:46:32,188 - post_processor_0fcd8b3fbf5b - INFO - PPE frame complete | camera=ppe_test_cam1 | violation=False
2026-07-23 15:46:33,217 - post_processor_0fcd8b3fbf5b - INFO - [FRAME RECEIVED] topic=post_processing | partition=0 | offset=156762 | frame_id=None | camera=ppe_test_cam1
2026-07-23 15:46:33,217 - post_processor_0fcd8b3fbf5b - INFO - [DETECT BATCH] START | od=0 | ppe=1
2026-07-23 15:46:33,218 - post_processor_0fcd8b3fbf5b - INFO - [PROCESS PPE DETECTION] camera=ppe_test_cam1 | severity=none | violated=[]
2026-07-23 15:46:33,218 - post_processor_0fcd8b3fbf5b - INFO - [DETECT BATCH] DONE | od=0 | ppe=1
2026-07-23 15:46:33,218 - post_processor_0fcd8b3fbf5b - INFO - PPE meta buffered | camera=ppe_test_cam1 | violation=False
2026-07-23 15:46:33,218 - post_processor_0fcd8b3fbf5b - INFO - PPE frame complete | camera=ppe_test_cam1 | violation=False
2026-07-23 15:46:51,104 - post_processor_0fcd8b3fbf5b - INFO - [FRAME RECEIVED] topic=post_processing | partition=0 | offset=156763 | frame_id=None | camera=ppe_test_cam1
2026-07-23 15:46:51,104 - post_processor_0fcd8b3fbf5b - INFO - [DETECT BATCH] START | od=0 | ppe=1
2026-07-23 15:46:51,104 - post_processor_0fcd8b3fbf5b - INFO - [PROCESS PPE DETECTION] camera=ppe_test_cam1 | severity=low | violated=['No-Shoes', 'No-Shoes']
2026-07-23 15:46:51,110 - post_processor_0fcd8b3fbf5b - INFO - PPE alert image saved | path=/Aksha/ppe_test_cam1/alerts/2026-07-23/2026-07-23 15:46:51.10_alert.jpg
2026-07-23 15:46:51,110 - post_processor_0fcd8b3fbf5b - INFO - [DETECT BATCH] DONE | od=0 | ppe=1
2026-07-23 15:46:51,111 - post_processor_0fcd8b3fbf5b - INFO - PPE meta buffered | camera=ppe_test_cam1 | violation=True
2026-07-23 15:46:51,112 - post_processor_0fcd8b3fbf5b - INFO - ppe_status_check | has_violation=True | validity=True
2026-07-23 15:46:51,112 - post_processor_0fcd8b3fbf5b - INFO - PPE notification approved | camera=ppe_test_cam1 | severity=low
2026-07-23 15:46:51,125 - post_processor_0fcd8b3fbf5b - INFO - PPE MongoDB batch insert | camera=ppe_test_cam1 | count=10
2026-07-23 15:46:51,125 - post_processor_0fcd8b3fbf5b - INFO - PPE notification sent | camera=ppe_test_cam1 | severity=low | topic=notification_service
2026-07-23 15:46:51,126 - post_processor_0fcd8b3fbf5b - INFO - PPE frame complete | camera=ppe_test_cam1 | violation=True
2026-07-23 15:46:51,127 - post_processor_0fcd8b3fbf5b - INFO - Kafka offsets committed | count=10
2026-07-23 15:46:51,128 - post_processor_0fcd8b3fbf5b - INFO - [FRAME RECEIVED] topic=post_processing | partition=0 | offset=156764 | frame_id=None | camera=ppe_test_cam1
2026-07-23 15:46:51,128 - post_processor_0fcd8b3fbf5b - INFO - [DETECT BATCH] START | od=0 | ppe=1
2026-07-23 15:46:51,128 - post_processor_0fcd8b3fbf5b - INFO - [PROCESS PPE DETECTION] camera=ppe_test_cam1 | severity=none | violated=[]
2026-07-23 15:46:51,128 - post_processor_0fcd8b3fbf5b - INFO - [DETECT BATCH] DONE | od=0 | ppe=1
2026-07-23 15:46:51,128 - post_processor_0fcd8b3fbf5b - INFO - PPE meta buffered | camera=ppe_test_cam1 | violation=False
2026-07-23 15:46:51,128 - post_processor_0fcd8b3fbf5b - INFO - PPE frame complete | camera=ppe_test_cam1 | violation=False
2026-07-23 15:46:52,212 - post_processor_0fcd8b3fbf5b - INFO - [FRAME RECEIVED] topic=post_processing | partition=0 | offset=156765 | frame_id=None | camera=ppe_test_cam1
2026-07-23 15:46:52,212 - post_processor_0fcd8b3fbf5b - INFO - [DETECT BATCH] START | od=0 | ppe=1
2026-07-23 15:46:52,213 - post_processor_0fcd8b3fbf5b - INFO - [PROCESS PPE DETECTION] camera=ppe_test_cam1 | severity=low | violated=['No-Shoes', 'No-Shoes']
2026-07-23 15:46:52,216 - post_processor_0fcd8b3fbf5b - INFO - PPE alert image saved | path=/Aksha/ppe_test_cam1/alerts/2026-07-23/2026-07-23 15:46:52.21_alert.jpg
2026-07-23 15:46:52,216 - post_processor_0fcd8b3fbf5b - INFO - [DETECT BATCH] DONE | od=0 | ppe=1
2026-07-23 15:46:52,216 - post_processor_0fcd8b3fbf5b - INFO - PPE meta buffered | camera=ppe_test_cam1 | violation=True
2026-07-23 15:46:52,217 - post_processor_0fcd8b3fbf5b - INFO - ppe_status_check | has_violation=True | validity=False
2026-07-23 15:46:52,217 - post_processor_0fcd8b3fbf5b - INFO - PPE notification suppressed by cooldown | camera=ppe_test_cam1
2026-07-23 15:46:52,217 - post_processor_0fcd8b3fbf5b - INFO - PPE frame complete | camera=ppe_test_cam1 | violation=True
2026-07-23 15:46:52,218 - post_processor_0fcd8b3fbf5b - INFO - [FRAME RECEIVED] topic=post_processing | partition=0 | offset=156766 | frame_id=None | camera=ppe_test_cam1
2026-07-23 15:46:52,218 - post_processor_0fcd8b3fbf5b - INFO - [DETECT BATCH] START | od=0 | ppe=1
2026-07-23 15:46:52,218 - post_processor_0fcd8b3fbf5b - INFO - [PROCESS PPE DETECTION] camera=ppe_test_cam1 | severity=none | violated=[]
2026-07-23 15:46:52,218 - post_processor_0fcd8b3fbf5b - INFO - [DETECT BATCH] DONE | od=0 | ppe=1
2026-07-23 15:46:52,218 - post_processor_0fcd8b3fbf5b - INFO - PPE meta buffered | camera=ppe_test_cam1 | violation=False
2026-07-23 15:46:52,218 - post_processor_0fcd8b3fbf5b - INFO - PPE frame complete | camera=ppe_test_cam1 | violation=False
2026-07-23 15:46:53,192 - post_processor_0fcd8b3fbf5b - INFO - [FRAME RECEIVED] topic=post_processing | partition=0 | offset=156767 | frame_id=None | camera=ppe_test_cam1
2026-07-23 15:46:53,192 - post_processor_0fcd8b3fbf5b - INFO - [DETECT BATCH] START | od=0 | ppe=1
2026-07-23 15:46:53,193 - post_processor_0fcd8b3fbf5b - INFO - [PROCESS PPE DETECTION] camera=ppe_test_cam1 | severity=none | violated=[]
2026-07-23 15:46:53,193 - post_processor_0fcd8b3fbf5b - INFO - [DETECT BATCH] DONE | od=0 | ppe=1
2026-07-23 15:46:53,193 - post_processor_0fcd8b3fbf5b - INFO - PPE meta buffered | camera=ppe_test_cam1 | violation=False
2026-07-23 15:46:53,194 - post_processor_0fcd8b3fbf5b - INFO - PPE frame complete | camera=ppe_test_cam1 | violation=False
2026-07-23 15:46:53,228 - post_processor_0fcd8b3fbf5b - INFO - [FRAME RECEIVED] topic=post_processing | partition=0 | offset=156768 | frame_id=None | camera=ppe_test_cam1
2026-07-23 15:46:53,228 - post_processor_0fcd8b3fbf5b - INFO - [DETECT BATCH] START | od=0 | ppe=1
2026-07-23 15:46:53,228 - post_processor_0fcd8b3fbf5b - INFO - [PROCESS PPE DETECTION] camera=ppe_test_cam1 | severity=low | violated=['No-Shoes', 'No-Shoes']
2026-07-23 15:46:53,232 - post_processor_0fcd8b3fbf5b - INFO - PPE alert image saved | path=/Aksha/ppe_test_cam1/alerts/2026-07-23/2026-07-23 15:46:53.23_alert.jpg
2026-07-23 15:46:53,232 - post_processor_0fcd8b3fbf5b - INFO - [DETECT BATCH] DONE | od=0 | ppe=1
2026-07-23 15:46:53,233 - post_processor_0fcd8b3fbf5b - INFO - PPE meta buffered | camera=ppe_test_cam1 | violation=True
2026-07-23 15:46:53,233 - post_processor_0fcd8b3fbf5b - INFO - ppe_status_check | has_violation=True | validity=False
2026-07-23 15:46:53,233 - post_processor_0fcd8b3fbf5b - INFO - PPE notification suppressed by cooldown | camera=ppe_test_cam1
2026-07-23 15:46:53,234 - post_processor_0fcd8b3fbf5b - INFO - PPE frame complete | camera=ppe_test_cam1 | violation=True
2026-07-23 15:46:54,129 - post_processor_0fcd8b3fbf5b - INFO - [FRAME RECEIVED] topic=post_processing | partition=0 | offset=156769 | frame_id=None | camera=ppe_test_cam1
2026-07-23 15:46:54,129 - post_processor_0fcd8b3fbf5b - INFO - [DETECT BATCH] START | od=0 | ppe=1
2026-07-23 15:46:54,129 - post_processor_0fcd8b3fbf5b - INFO - [PROCESS PPE DETECTION] camera=ppe_test_cam1 | severity=low | violated=['No-Shoes', 'No-Shoes']
2026-07-23 15:46:54,133 - post_processor_0fcd8b3fbf5b - INFO - PPE alert image saved | path=/Aksha/ppe_test_cam1/alerts/2026-07-23/2026-07-23 15:46:54.13_alert.jpg
2026-07-23 15:46:54,134 - post_processor_0fcd8b3fbf5b - INFO - [DETECT BATCH] DONE | od=0 | ppe=1
2026-07-23 15:46:54,134 - post_processor_0fcd8b3fbf5b - INFO - PPE meta buffered | camera=ppe_test_cam1 | violation=True
2026-07-23 15:46:54,134 - post_processor_0fcd8b3fbf5b - INFO - ppe_status_check | has_violation=True | validity=False
2026-07-23 15:46:54,135 - post_processor_0fcd8b3fbf5b - INFO - PPE notification suppressed by cooldown | camera=ppe_test_cam1
2026-07-23 15:46:54,135 - post_processor_0fcd8b3fbf5b - INFO - PPE frame complete | camera=ppe_test_cam1 | violation=True
2026-07-23 15:46:54,136 - post_processor_0fcd8b3fbf5b - INFO - [FRAME RECEIVED] topic=post_processing | partition=0 | offset=156770 | frame_id=None | camera=ppe_test_cam1
2026-07-23 15:46:54,136 - post_processor_0fcd8b3fbf5b - INFO - [DETECT BATCH] START | od=0 | ppe=1
2026-07-23 15:46:54,136 - post_processor_0fcd8b3fbf5b - INFO - [PROCESS PPE DETECTION] camera=ppe_test_cam1 | severity=none | violated=[]
2026-07-23 15:46:54,136 - post_processor_0fcd8b3fbf5b - INFO - [DETECT BATCH] DONE | od=0 | ppe=1
2026-07-23 15:46:54,136 - post_processor_0fcd8b3fbf5b - INFO - PPE meta buffered | camera=ppe_test_cam1 | violation=False
2026-07-23 15:46:54,136 - post_processor_0fcd8b3fbf5b - INFO - PPE frame complete | camera=ppe_test_cam1 | violation=False
2026-07-23 15:46:55,167 - post_processor_0fcd8b3fbf5b - INFO - [FRAME RECEIVED] topic=post_processing | partition=0 | offset=156771 | frame_id=None | camera=ppe_test_cam1
2026-07-23 15:46:55,167 - post_processor_0fcd8b3fbf5b - INFO - [DETECT BATCH] START | od=0 | ppe=1
2026-07-23 15:46:55,167 - post_processor_0fcd8b3fbf5b - INFO - [PROCESS PPE DETECTION] camera=ppe_test_cam1 | severity=none | violated=[]
2026-07-23 15:46:55,168 - post_processor_0fcd8b3fbf5b - INFO - [DETECT BATCH] DONE | od=0 | ppe=1
2026-07-23 15:46:55,168 - post_processor_0fcd8b3fbf5b - INFO - PPE meta buffered | camera=ppe_test_cam1 | violation=False
2026-07-23 15:46:55,168 - post_processor_0fcd8b3fbf5b - INFO - PPE frame complete | camera=ppe_test_cam1 | violation=False
2026-07-23 15:47:00,191 - post_processor_0fcd8b3fbf5b - INFO - [FRAME RECEIVED] topic=post_processing | partition=0 | offset=156772 | frame_id=None | camera=ppe_test_cam1
2026-07-23 15:47:00,191 - post_processor_0fcd8b3fbf5b - INFO - [DETECT BATCH] START | od=0 | ppe=1
2026-07-23 15:47:00,191 - post_processor_0fcd8b3fbf5b - INFO - [PROCESS PPE DETECTION] camera=ppe_test_cam1 | severity=none | violated=[]
2026-07-23 15:47:00,192 - post_processor_0fcd8b3fbf5b - INFO - [DETECT BATCH] DONE | od=0 | ppe=1
2026-07-23 15:47:00,193 - post_processor_0fcd8b3fbf5b - INFO - PPE meta buffered | camera=ppe_test_cam1 | violation=False
2026-07-23 15:47:00,193 - post_processor_0fcd8b3fbf5b - INFO - PPE frame complete | camera=ppe_test_cam1 | violation=False
2026-07-23 15:47:01,291 - post_processor_0fcd8b3fbf5b - INFO - [FRAME RECEIVED] topic=post_processing | partition=0 | offset=156773 | frame_id=None | camera=ppe_test_cam1
2026-07-23 15:47:01,291 - post_processor_0fcd8b3fbf5b - INFO - [DETECT BATCH] START | od=0 | ppe=1
2026-07-23 15:47:01,292 - post_processor_0fcd8b3fbf5b - INFO - [PROCESS PPE DETECTION] camera=ppe_test_cam1 | severity=none | violated=[]
2026-07-23 15:47:01,292 - post_processor_0fcd8b3fbf5b - INFO - [DETECT BATCH] DONE | od=0 | ppe=1
2026-07-23 15:47:01,292 - post_processor_0fcd8b3fbf5b - INFO - PPE meta buffered | camera=ppe_test_cam1 | violation=False
2026-07-23 15:47:01,793 - post_processor_0fcd8b3fbf5b - INFO - PPE MongoDB batch insert | camera=ppe_test_cam1 | count=10
2026-07-23 15:47:01,794 - post_processor_0fcd8b3fbf5b - INFO - PPE frame complete | camera=ppe_test_cam1 | violation=False
2026-07-23 15:47:01,795 - post_processor_0fcd8b3fbf5b - INFO - Kafka offsets committed | count=10
2026-07-23 15:47:02,267 - post_processor_0fcd8b3fbf5b - INFO - [FRAME RECEIVED] topic=post_processing | partition=0 | offset=156774 | frame_id=None | camera=ppe_test_cam1
2026-07-23 15:47:02,267 - post_processor_0fcd8b3fbf5b - INFO - [DETECT BATCH] START | od=0 | ppe=1
2026-07-23 15:47:02,268 - post_processor_0fcd8b3fbf5b - INFO - [PROCESS PPE DETECTION] camera=ppe_test_cam1 | severity=none | violated=[]
2026-07-23 15:47:02,268 - post_processor_0fcd8b3fbf5b - INFO - [DETECT BATCH] DONE | od=0 | ppe=1
2026-07-23 15:47:02,268 - post_processor_0fcd8b3fbf5b - INFO - PPE meta buffered | camera=ppe_test_cam1 | violation=False
2026-07-23 15:47:02,268 - post_processor_0fcd8b3fbf5b - INFO - PPE frame complete | camera=ppe_test_cam1 | violation=False
2026-07-23 15:47:03,176 - post_processor_0fcd8b3fbf5b - INFO - [FRAME RECEIVED] topic=post_processing | partition=0 | offset=156775 | frame_id=None | camera=ppe_test_cam1
2026-07-23 15:47:03,176 - post_processor_0fcd8b3fbf5b - INFO - [DETECT BATCH] START | od=0 | ppe=1
2026-07-23 15:47:03,177 - post_processor_0fcd8b3fbf5b - INFO - [PROCESS PPE DETECTION] camera=ppe_test_cam1 | severity=none | violated=[]
2026-07-23 15:47:03,177 - post_processor_0fcd8b3fbf5b - INFO - [DETECT BATCH] DONE | od=0 | ppe=1
2026-07-23 15:47:03,177 - post_processor_0fcd8b3fbf5b - INFO - PPE meta buffered | camera=ppe_test_cam1 | violation=False
2026-07-23 15:47:03,177 - post_processor_0fcd8b3fbf5b - INFO - PPE frame complete | camera=ppe_test_cam1 | violation=False
2026-07-23 15:47:04,159 - post_processor_0fcd8b3fbf5b - INFO - [FRAME RECEIVED] topic=post_processing | partition=0 | offset=156776 | frame_id=None | camera=ppe_test_cam1
2026-07-23 15:47:04,159 - post_processor_0fcd8b3fbf5b - INFO - [DETECT BATCH] START | od=0 | ppe=1
2026-07-23 15:47:04,160 - post_processor_0fcd8b3fbf5b - INFO - [PROCESS PPE DETECTION] camera=ppe_test_cam1 | severity=none | violated=[]
2026-07-23 15:47:04,160 - post_processor_0fcd8b3fbf5b - INFO - [DETECT BATCH] DONE | od=0 | ppe=1
2026-07-23 15:47:04,160 - post_processor_0fcd8b3fbf5b - INFO - PPE meta buffered | camera=ppe_test_cam1 | violation=False
2026-07-23 15:47:04,160 - post_processor_0fcd8b3fbf5b - INFO - PPE frame complete | camera=ppe_test_cam1 | violation=False
2026-07-23 15:47:05,177 - post_processor_0fcd8b3fbf5b - INFO - [FRAME RECEIVED] topic=post_processing | partition=0 | offset=156777 | frame_id=None | camera=ppe_test_cam1
2026-07-23 15:47:05,178 - post_processor_0fcd8b3fbf5b - INFO - [DETECT BATCH] START | od=0 | ppe=1
2026-07-23 15:47:05,178 - post_processor_0fcd8b3fbf5b - INFO - [PROCESS PPE DETECTION] camera=ppe_test_cam1 | severity=none | violated=[]
2026-07-23 15:47:05,178 - post_processor_0fcd8b3fbf5b - INFO - [DETECT BATCH] DONE | od=0 | ppe=1
2026-07-23 15:47:05,179 - post_processor_0fcd8b3fbf5b - INFO - PPE meta buffered | camera=ppe_test_cam1 | violation=False
2026-07-23 15:47:05,179 - post_processor_0fcd8b3fbf5b - INFO - PPE frame complete | camera=ppe_test_cam1 | violation=False
2026-07-23 15:47:06,181 - post_processor_0fcd8b3fbf5b - INFO - [FRAME RECEIVED] topic=post_processing | partition=0 | offset=156778 | frame_id=None | camera=ppe_test_cam1
2026-07-23 15:47:06,181 - post_processor_0fcd8b3fbf5b - INFO - [DETECT BATCH] START | od=0 | ppe=1
2026-07-23 15:47:06,181 - post_processor_0fcd8b3fbf5b - INFO - [PROCESS PPE DETECTION] camera=ppe_test_cam1 | severity=none | violated=[]
2026-07-23 15:47:06,182 - post_processor_0fcd8b3fbf5b - INFO - [DETECT BATCH] DONE | od=0 | ppe=1
2026-07-23 15:47:06,182 - post_processor_0fcd8b3fbf5b - INFO - PPE meta buffered | camera=ppe_test_cam1 | violation=False
2026-07-23 15:47:06,182 - post_processor_0fcd8b3fbf5b - INFO - PPE frame complete | camera=ppe_test_cam1 | violation=False
2026-07-23 15:47:07,154 - post_processor_0fcd8b3fbf5b - INFO - [FRAME RECEIVED] topic=post_processing | partition=0 | offset=156779 | frame_id=None | camera=ppe_test_cam1
2026-07-23 15:47:07,154 - post_processor_0fcd8b3fbf5b - INFO - [DETECT BATCH] START | od=0 | ppe=1
2026-07-23 15:47:07,154 - post_processor_0fcd8b3fbf5b - INFO - [PROCESS PPE DETECTION] camera=ppe_test_cam1 | severity=none | violated=[]
2026-07-23 15:47:07,155 - post_processor_0fcd8b3fbf5b - INFO - [DETECT BATCH] DONE | od=0 | ppe=1
2026-07-23 15:47:07,155 - post_processor_0fcd8b3fbf5b - INFO - PPE meta buffered | camera=ppe_test_cam1 | violation=False
2026-07-23 15:47:07,155 - post_processor_0fcd8b3fbf5b - INFO - PPE frame complete | camera=ppe_test_cam1 | violation=False
2026-07-23 15:47:07,192 - post_processor_0fcd8b3fbf5b - INFO - [FRAME RECEIVED] topic=post_processing | partition=0 | offset=156780 | frame_id=None | camera=ppe_test_cam1
2026-07-23 15:47:07,192 - post_processor_0fcd8b3fbf5b - INFO - [DETECT BATCH] START | od=0 | ppe=1
2026-07-23 15:47:07,192 - post_processor_0fcd8b3fbf5b - INFO - [PROCESS PPE DETECTION] camera=ppe_test_cam1 | severity=none | violated=[]
2026-07-23 15:47:07,192 - post_processor_0fcd8b3fbf5b - INFO - [DETECT BATCH] DONE | od=0 | ppe=1
2026-07-23 15:47:07,193 - post_processor_0fcd8b3fbf5b - INFO - PPE meta buffered | camera=ppe_test_cam1 | violation=False
2026-07-23 15:47:07,193 - post_processor_0fcd8b3fbf5b - INFO - PPE frame complete | camera=ppe_test_cam1 | violation=False
2026-07-23 15:47:32,426 - post_processor_0fcd8b3fbf5b - INFO - [FRAME RECEIVED] topic=post_processing | partition=0 | offset=156781 | frame_id=None | camera=ppe_test_cam1
2026-07-23 15:47:32,426 - post_processor_0fcd8b3fbf5b - INFO - [DETECT BATCH] START | od=0 | ppe=1
2026-07-23 15:47:32,427 - post_processor_0fcd8b3fbf5b - INFO - [PROCESS PPE DETECTION] camera=ppe_test_cam1 | severity=none | violated=[]
2026-07-23 15:47:32,428 - post_processor_0fcd8b3fbf5b - INFO - [DETECT BATCH] DONE | od=0 | ppe=1
2026-07-23 15:47:32,429 - post_processor_0fcd8b3fbf5b - INFO - PPE meta buffered | camera=ppe_test_cam1 | violation=False
2026-07-23 15:47:32,429 - post_processor_0fcd8b3fbf5b - INFO - PPE frame complete | camera=ppe_test_cam1 | violation=False
2026-07-23 15:47:33,168 - post_processor_0fcd8b3fbf5b - INFO - [FRAME RECEIVED] topic=post_processing | partition=0 | offset=156782 | frame_id=None | camera=ppe_test_cam1
2026-07-23 15:47:33,169 - post_processor_0fcd8b3fbf5b - INFO - [DETECT BATCH] START | od=0 | ppe=1
2026-07-23 15:47:33,169 - post_processor_0fcd8b3fbf5b - INFO - [PROCESS PPE DETECTION] camera=ppe_test_cam1 | severity=none | violated=[]
2026-07-23 15:47:33,169 - post_processor_0fcd8b3fbf5b - INFO - [DETECT BATCH] DONE | od=0 | ppe=1
2026-07-23 15:47:33,169 - post_processor_0fcd8b3fbf5b - INFO - PPE meta buffered | camera=ppe_test_cam1 | violation=False
2026-07-23 15:47:33,169 - post_processor_0fcd8b3fbf5b - INFO - PPE frame complete | camera=ppe_test_cam1 | violation=False
2026-07-23 15:47:51,122 - post_processor_0fcd8b3fbf5b - INFO - [FRAME RECEIVED] topic=post_processing | partition=0 | offset=156783 | frame_id=None | camera=ppe_test_cam1
2026-07-23 15:47:51,122 - post_processor_0fcd8b3fbf5b - INFO - [DETECT BATCH] START | od=0 | ppe=1
2026-07-23 15:47:51,122 - post_processor_0fcd8b3fbf5b - INFO - [PROCESS PPE DETECTION] camera=ppe_test_cam1 | severity=none | violated=[]
2026-07-23 15:47:51,123 - post_processor_0fcd8b3fbf5b - INFO - [DETECT BATCH] DONE | od=0 | ppe=1
2026-07-23 15:47:51,123 - post_processor_0fcd8b3fbf5b - INFO - PPE meta buffered | camera=ppe_test_cam1 | violation=False
2026-07-23 15:47:51,188 - post_processor_0fcd8b3fbf5b - INFO - PPE MongoDB batch insert | camera=ppe_test_cam1 | count=10
2026-07-23 15:47:51,188 - post_processor_0fcd8b3fbf5b - INFO - PPE frame complete | camera=ppe_test_cam1 | violation=False
2026-07-23 15:47:51,189 - post_processor_0fcd8b3fbf5b - INFO - Kafka offsets committed | count=10
2026-07-23 15:47:51,190 - post_processor_0fcd8b3fbf5b - INFO - [FRAME RECEIVED] topic=post_processing | partition=0 | offset=156784 | frame_id=None | camera=ppe_test_cam1
2026-07-23 15:47:51,190 - post_processor_0fcd8b3fbf5b - INFO - [DETECT BATCH] START | od=0 | ppe=1
2026-07-23 15:47:51,190 - post_processor_0fcd8b3fbf5b - INFO - [PROCESS PPE DETECTION] camera=ppe_test_cam1 | severity=low | violated=['No-Shoes', 'No-Shoes']
2026-07-23 15:47:51,193 - post_processor_0fcd8b3fbf5b - INFO - PPE alert image saved | path=/Aksha/ppe_test_cam1/alerts/2026-07-23/2026-07-23 15:47:51.19_alert.jpg
2026-07-23 15:47:51,193 - post_processor_0fcd8b3fbf5b - INFO - [DETECT BATCH] DONE | od=0 | ppe=1
2026-07-23 15:47:51,193 - post_processor_0fcd8b3fbf5b - INFO - PPE meta buffered | camera=ppe_test_cam1 | violation=True
2026-07-23 15:47:51,194 - post_processor_0fcd8b3fbf5b - INFO - ppe_status_check | has_violation=True | validity=True
2026-07-23 15:47:51,194 - post_processor_0fcd8b3fbf5b - INFO - PPE notification approved | camera=ppe_test_cam1 | severity=low
2026-07-23 15:47:51,194 - post_processor_0fcd8b3fbf5b - INFO - PPE notification sent | camera=ppe_test_cam1 | severity=low | topic=notification_service
2026-07-23 15:47:51,195 - post_processor_0fcd8b3fbf5b - INFO - PPE frame complete | camera=ppe_test_cam1 | violation=True
2026-07-23 15:47:52,150 - post_processor_0fcd8b3fbf5b - INFO - [FRAME RECEIVED] topic=post_processing | partition=0 | offset=156785 | frame_id=None | camera=ppe_test_cam1
2026-07-23 15:47:52,150 - post_processor_0fcd8b3fbf5b - INFO - [DETECT BATCH] START | od=0 | ppe=1
2026-07-23 15:47:52,151 - post_processor_0fcd8b3fbf5b - INFO - [PROCESS PPE DETECTION] camera=ppe_test_cam1 | severity=none | violated=[]
2026-07-23 15:47:52,151 - post_processor_0fcd8b3fbf5b - INFO - [DETECT BATCH] DONE | od=0 | ppe=1
2026-07-23 15:47:52,151 - post_processor_0fcd8b3fbf5b - INFO - PPE meta buffered | camera=ppe_test_cam1 | violation=False
2026-07-23 15:47:52,151 - post_processor_0fcd8b3fbf5b - INFO - PPE frame complete | camera=ppe_test_cam1 | violation=False
2026-07-23 15:47:52,181 - post_processor_0fcd8b3fbf5b - INFO - [FRAME RECEIVED] topic=post_processing | partition=0 | offset=156786 | frame_id=None | camera=ppe_test_cam1
2026-07-23 15:47:52,182 - post_processor_0fcd8b3fbf5b - INFO - [DETECT BATCH] START | od=0 | ppe=1
2026-07-23 15:47:52,183 - post_processor_0fcd8b3fbf5b - INFO - [PROCESS PPE DETECTION] camera=ppe_test_cam1 | severity=low | violated=['No-Shoes', 'No-Shoes']
2026-07-23 15:47:52,187 - post_processor_0fcd8b3fbf5b - INFO - PPE alert image saved | path=/Aksha/ppe_test_cam1/alerts/2026-07-23/2026-07-23 15:47:52.18_alert.jpg
2026-07-23 15:47:52,188 - post_processor_0fcd8b3fbf5b - INFO - [DETECT BATCH] DONE | od=0 | ppe=1
2026-07-23 15:47:52,188 - post_processor_0fcd8b3fbf5b - INFO - PPE meta buffered | camera=ppe_test_cam1 | violation=True
2026-07-23 15:47:52,188 - post_processor_0fcd8b3fbf5b - INFO - ppe_status_check | has_violation=True | validity=False
2026-07-23 15:47:52,188 - post_processor_0fcd8b3fbf5b - INFO - PPE notification suppressed by cooldown | camera=ppe_test_cam1
2026-07-23 15:47:52,189 - post_processor_0fcd8b3fbf5b - INFO - PPE frame complete | camera=ppe_test_cam1 | violation=True
2026-07-23 15:47:53,234 - post_processor_0fcd8b3fbf5b - INFO - [FRAME RECEIVED] topic=post_processing | partition=0 | offset=156787 | frame_id=None | camera=ppe_test_cam1
2026-07-23 15:47:53,234 - post_processor_0fcd8b3fbf5b - INFO - [DETECT BATCH] START | od=0 | ppe=1
2026-07-23 15:47:53,234 - post_processor_0fcd8b3fbf5b - INFO - [PROCESS PPE DETECTION] camera=ppe_test_cam1 | severity=none | violated=[]
2026-07-23 15:47:53,235 - post_processor_0fcd8b3fbf5b - INFO - [DETECT BATCH] DONE | od=0 | ppe=1
2026-07-23 15:47:53,235 - post_processor_0fcd8b3fbf5b - INFO - PPE meta buffered | camera=ppe_test_cam1 | violation=False
2026-07-23 15:47:53,235 - post_processor_0fcd8b3fbf5b - INFO - PPE frame complete | camera=ppe_test_cam1 | violation=False
2026-07-23 15:47:53,236 - post_processor_0fcd8b3fbf5b - INFO - [FRAME RECEIVED] topic=post_processing | partition=0 | offset=156788 | frame_id=None | camera=ppe_test_cam1
2026-07-23 15:47:53,236 - post_processor_0fcd8b3fbf5b - INFO - [DETECT BATCH] START | od=0 | ppe=1
2026-07-23 15:47:53,237 - post_processor_0fcd8b3fbf5b - INFO - [PROCESS PPE DETECTION] camera=ppe_test_cam1 | severity=low | violated=['No-Shoes', 'No-Shoes']
2026-07-23 15:47:53,240 - post_processor_0fcd8b3fbf5b - INFO - PPE alert image saved | path=/Aksha/ppe_test_cam1/alerts/2026-07-23/2026-07-23 15:47:53.23_alert.jpg
2026-07-23 15:47:53,241 - post_processor_0fcd8b3fbf5b - INFO - [DETECT BATCH] DONE | od=0 | ppe=1
2026-07-23 15:47:53,241 - post_processor_0fcd8b3fbf5b - INFO - PPE meta buffered | camera=ppe_test_cam1 | violation=True
2026-07-23 15:47:53,241 - post_processor_0fcd8b3fbf5b - INFO - ppe_status_check | has_violation=True | validity=False
2026-07-23 15:47:53,241 - post_processor_0fcd8b3fbf5b - INFO - PPE notification suppressed by cooldown | camera=ppe_test_cam1
2026-07-23 15:47:53,242 - post_processor_0fcd8b3fbf5b - INFO - PPE frame complete | camera=ppe_test_cam1 | violation=True
2026-07-23 15:47:54,043 - post_processor_0fcd8b3fbf5b - INFO - [FRAME RECEIVED] topic=post_processing | partition=0 | offset=156789 | frame_id=None | camera=ppe_test_cam1
2026-07-23 15:47:54,044 - post_processor_0fcd8b3fbf5b - INFO - [DETECT BATCH] START | od=0 | ppe=1
2026-07-23 15:47:54,044 - post_processor_0fcd8b3fbf5b - INFO - [PROCESS PPE DETECTION] camera=ppe_test_cam1 | severity=none | violated=[]
2026-07-23 15:47:54,044 - post_processor_0fcd8b3fbf5b - INFO - [DETECT BATCH] DONE | od=0 | ppe=1
2026-07-23 15:47:54,044 - post_processor_0fcd8b3fbf5b - INFO - PPE meta buffered | camera=ppe_test_cam1 | violation=False
2026-07-23 15:47:54,044 - post_processor_0fcd8b3fbf5b - INFO - PPE frame complete | camera=ppe_test_cam1 | violation=False
2026-07-23 15:47:54,078 - post_processor_0fcd8b3fbf5b - INFO - [FRAME RECEIVED] topic=post_processing | partition=0 | offset=156790 | frame_id=None | camera=ppe_test_cam1
2026-07-23 15:47:54,079 - post_processor_0fcd8b3fbf5b - INFO - [DETECT BATCH] START | od=0 | ppe=1
2026-07-23 15:47:54,079 - post_processor_0fcd8b3fbf5b - INFO - [PROCESS PPE DETECTION] camera=ppe_test_cam1 | severity=low | violated=['No-Shoes', 'No-Shoes']
2026-07-23 15:47:54,084 - post_processor_0fcd8b3fbf5b - INFO - PPE alert image saved | path=/Aksha/ppe_test_cam1/alerts/2026-07-23/2026-07-23 15:47:54.08_alert.jpg
2026-07-23 15:47:54,084 - post_processor_0fcd8b3fbf5b - INFO - [DETECT BATCH] DONE | od=0 | ppe=1
2026-07-23 15:47:54,084 - post_processor_0fcd8b3fbf5b - INFO - PPE meta buffered | camera=ppe_test_cam1 | violation=True
2026-07-23 15:47:54,085 - post_processor_0fcd8b3fbf5b - INFO - ppe_status_check | has_violation=True | validity=False
2026-07-23 15:47:54,085 - post_processor_0fcd8b3fbf5b - INFO - PPE notification suppressed by cooldown | camera=ppe_test_cam1
2026-07-23 15:47:54,085 - post_processor_0fcd8b3fbf5b - INFO - PPE frame complete | camera=ppe_test_cam1 | violation=True
2026-07-23 15:47:55,131 - post_processor_0fcd8b3fbf5b - INFO - [FRAME RECEIVED] topic=post_processing | partition=0 | offset=156791 | frame_id=None | camera=ppe_test_cam1
2026-07-23 15:47:55,131 - post_processor_0fcd8b3fbf5b - INFO - [DETECT BATCH] START | od=0 | ppe=1
2026-07-23 15:47:55,131 - post_processor_0fcd8b3fbf5b - INFO - [PROCESS PPE DETECTION] camera=ppe_test_cam1 | severity=none | violated=[]
2026-07-23 15:47:55,132 - post_processor_0fcd8b3fbf5b - INFO - [DETECT BATCH] DONE | od=0 | ppe=1
2026-07-23 15:47:55,132 - post_processor_0fcd8b3fbf5b - INFO - PPE meta buffered | camera=ppe_test_cam1 | violation=False
2026-07-23 15:47:55,132 - post_processor_0fcd8b3fbf5b - INFO - PPE frame complete | camera=ppe_test_cam1 | violation=False
2026-07-23 15:48:00,190 - post_processor_0fcd8b3fbf5b - INFO - [FRAME RECEIVED] topic=post_processing | partition=0 | offset=156792 | frame_id=None | camera=ppe_test_cam1
2026-07-23 15:48:00,191 - post_processor_0fcd8b3fbf5b - INFO - [DETECT BATCH] START | od=0 | ppe=1
2026-07-23 15:48:00,191 - post_processor_0fcd8b3fbf5b - INFO - [PROCESS PPE DETECTION] camera=ppe_test_cam1 | severity=none | violated=[]
2026-07-23 15:48:00,191 - post_processor_0fcd8b3fbf5b - INFO - [DETECT BATCH] DONE | od=0 | ppe=1
2026-07-23 15:48:00,191 - post_processor_0fcd8b3fbf5b - INFO - PPE meta buffered | camera=ppe_test_cam1 | violation=False
2026-07-23 15:48:00,191 - post_processor_0fcd8b3fbf5b - INFO - PPE frame complete | camera=ppe_test_cam1 | violation=False
2026-07-23 15:48:01,146 - post_processor_0fcd8b3fbf5b - INFO - [FRAME RECEIVED] topic=post_processing | partition=0 | offset=156793 | frame_id=None | camera=ppe_test_cam1
2026-07-23 15:48:01,147 - post_processor_0fcd8b3fbf5b - INFO - [DETECT BATCH] START | od=0 | ppe=1
2026-07-23 15:48:01,148 - post_processor_0fcd8b3fbf5b - INFO - [PROCESS PPE DETECTION] camera=ppe_test_cam1 | severity=none | violated=[]
2026-07-23 15:48:01,149 - post_processor_0fcd8b3fbf5b - INFO - [DETECT BATCH] DONE | od=0 | ppe=1
2026-07-23 15:48:01,149 - post_processor_0fcd8b3fbf5b - INFO - PPE meta buffered | camera=ppe_test_cam1 | violation=False
2026-07-23 15:48:01,168 - post_processor_0fcd8b3fbf5b - INFO - PPE MongoDB batch insert | camera=ppe_test_cam1 | count=10
2026-07-23 15:48:01,169 - post_processor_0fcd8b3fbf5b - INFO - PPE frame complete | camera=ppe_test_cam1 | violation=False
2026-07-23 15:48:01,170 - post_processor_0fcd8b3fbf5b - INFO - Kafka offsets committed | count=10
2026-07-23 15:48:02,033 - post_processor_0fcd8b3fbf5b - INFO - [FRAME RECEIVED] topic=post_processing | partition=0 | offset=156794 | frame_id=None | camera=ppe_test_cam1
2026-07-23 15:48:02,033 - post_processor_0fcd8b3fbf5b - INFO - [DETECT BATCH] START | od=0 | ppe=1
2026-07-23 15:48:02,033 - post_processor_0fcd8b3fbf5b - INFO - [PROCESS PPE DETECTION] camera=ppe_test_cam1 | severity=none | violated=[]
2026-07-23 15:48:02,034 - post_processor_0fcd8b3fbf5b - INFO - [DETECT BATCH] DONE | od=0 | ppe=1
2026-07-23 15:48:02,034 - post_processor_0fcd8b3fbf5b - INFO - PPE meta buffered | camera=ppe_test_cam1 | violation=False
2026-07-23 15:48:02,034 - post_processor_0fcd8b3fbf5b - INFO - PPE frame complete | camera=ppe_test_cam1 | violation=False
2026-07-23 15:48:03,145 - post_processor_0fcd8b3fbf5b - INFO - [FRAME RECEIVED] topic=post_processing | partition=0 | offset=156795 | frame_id=None | camera=ppe_test_cam1
2026-07-23 15:48:03,145 - post_processor_0fcd8b3fbf5b - INFO - [DETECT BATCH] START | od=0 | ppe=1
2026-07-23 15:48:03,145 - post_processor_0fcd8b3fbf5b - INFO - [PROCESS PPE DETECTION] camera=ppe_test_cam1 | severity=none | violated=[]
2026-07-23 15:48:03,146 - post_processor_0fcd8b3fbf5b - INFO - [DETECT BATCH] DONE | od=0 | ppe=1
2026-07-23 15:48:03,146 - post_processor_0fcd8b3fbf5b - INFO - PPE meta buffered | camera=ppe_test_cam1 | violation=False
2026-07-23 15:48:03,146 - post_processor_0fcd8b3fbf5b - INFO - PPE frame complete | camera=ppe_test_cam1 | violation=False
2026-07-23 15:48:04,139 - post_processor_0fcd8b3fbf5b - INFO - [FRAME RECEIVED] topic=post_processing | partition=0 | offset=156796 | frame_id=None | camera=ppe_test_cam1
2026-07-23 15:48:04,139 - post_processor_0fcd8b3fbf5b - INFO - [DETECT BATCH] START | od=0 | ppe=1
2026-07-23 15:48:04,140 - post_processor_0fcd8b3fbf5b - INFO - [PROCESS PPE DETECTION] camera=ppe_test_cam1 | severity=none | violated=[]
2026-07-23 15:48:04,140 - post_processor_0fcd8b3fbf5b - INFO - [DETECT BATCH] DONE | od=0 | ppe=1
2026-07-23 15:48:04,140 - post_processor_0fcd8b3fbf5b - INFO - PPE meta buffered | camera=ppe_test_cam1 | violation=False
2026-07-23 15:48:04,140 - post_processor_0fcd8b3fbf5b - INFO - PPE frame complete | camera=ppe_test_cam1 | violation=False
2026-07-23 15:48:05,136 - post_processor_0fcd8b3fbf5b - INFO - [FRAME RECEIVED] topic=post_processing | partition=0 | offset=156797 | frame_id=None | camera=ppe_test_cam1
2026-07-23 15:48:05,136 - post_processor_0fcd8b3fbf5b - INFO - [DETECT BATCH] START | od=0 | ppe=1
2026-07-23 15:48:05,137 - post_processor_0fcd8b3fbf5b - INFO - [PROCESS PPE DETECTION] camera=ppe_test_cam1 | severity=none | violated=[]
2026-07-23 15:48:05,137 - post_processor_0fcd8b3fbf5b - INFO - [DETECT BATCH] DONE | od=0 | ppe=1
2026-07-23 15:48:05,137 - post_processor_0fcd8b3fbf5b - INFO - PPE meta buffered | camera=ppe_test_cam1 | violation=False
2026-07-23 15:48:05,137 - post_processor_0fcd8b3fbf5b - INFO - PPE frame complete | camera=ppe_test_cam1 | violation=False
2026-07-23 15:48:06,152 - post_processor_0fcd8b3fbf5b - INFO - [FRAME RECEIVED] topic=post_processing | partition=0 | offset=156798 | frame_id=None | camera=ppe_test_cam1
2026-07-23 15:48:06,153 - post_processor_0fcd8b3fbf5b - INFO - [DETECT BATCH] START | od=0 | ppe=1
2026-07-23 15:48:06,153 - post_processor_0fcd8b3fbf5b - INFO - [PROCESS PPE DETECTION] camera=ppe_test_cam1 | severity=none | violated=[]
2026-07-23 15:48:06,153 - post_processor_0fcd8b3fbf5b - INFO - [DETECT BATCH] DONE | od=0 | ppe=1
2026-07-23 15:48:06,153 - post_processor_0fcd8b3fbf5b - INFO - PPE meta buffered | camera=ppe_test_cam1 | violation=False
2026-07-23 15:48:06,153 - post_processor_0fcd8b3fbf5b - INFO - PPE frame complete | camera=ppe_test_cam1 | violation=False
2026-07-23 15:48:07,126 - post_processor_0fcd8b3fbf5b - INFO - [FRAME RECEIVED] topic=post_processing | partition=0 | offset=156799 | frame_id=None | camera=ppe_test_cam1
2026-07-23 15:48:07,126 - post_processor_0fcd8b3fbf5b - INFO - [DETECT BATCH] START | od=0 | ppe=1
2026-07-23 15:48:07,126 - post_processor_0fcd8b3fbf5b - INFO - [PROCESS PPE DETECTION] camera=ppe_test_cam1 | severity=none | violated=[]
2026-07-23 15:48:07,127 - post_processor_0fcd8b3fbf5b - INFO - [DETECT BATCH] DONE | od=0 | ppe=1
2026-07-23 15:48:07,127 - post_processor_0fcd8b3fbf5b - INFO - PPE meta buffered | camera=ppe_test_cam1 | violation=False
2026-07-23 15:48:07,127 - post_processor_0fcd8b3fbf5b - INFO - PPE frame complete | camera=ppe_test_cam1 | violation=False
2026-07-23 15:48:07,129 - post_processor_0fcd8b3fbf5b - INFO - [FRAME RECEIVED] topic=post_processing | partition=0 | offset=156800 | frame_id=None | camera=ppe_test_cam1
2026-07-23 15:48:07,129 - post_processor_0fcd8b3fbf5b - INFO - [DETECT BATCH] START | od=0 | ppe=1
2026-07-23 15:48:07,129 - post_processor_0fcd8b3fbf5b - INFO - [PROCESS PPE DETECTION] camera=ppe_test_cam1 | severity=none | violated=[]
2026-07-23 15:48:07,130 - post_processor_0fcd8b3fbf5b - INFO - [DETECT BATCH] DONE | od=0 | ppe=1
2026-07-23 15:48:07,130 - post_processor_0fcd8b3fbf5b - INFO - PPE meta buffered | camera=ppe_test_cam1 | violation=False
2026-07-23 15:48:07,130 - post_processor_0fcd8b3fbf5b - INFO - PPE frame complete | camera=ppe_test_cam1 | violation=False
2026-07-23 15:48:32,399 - post_processor_0fcd8b3fbf5b - INFO - [FRAME RECEIVED] topic=post_processing | partition=0 | offset=156801 | frame_id=None | camera=ppe_test_cam1
2026-07-23 15:48:32,399 - post_processor_0fcd8b3fbf5b - INFO - [DETECT BATCH] START | od=0 | ppe=1
2026-07-23 15:48:32,399 - post_processor_0fcd8b3fbf5b - INFO - [PROCESS PPE DETECTION] camera=ppe_test_cam1 | severity=none | violated=[]
2026-07-23 15:48:32,400 - post_processor_0fcd8b3fbf5b - INFO - [DETECT BATCH] DONE | od=0 | ppe=1
2026-07-23 15:48:32,400 - post_processor_0fcd8b3fbf5b - INFO - PPE meta buffered | camera=ppe_test_cam1 | violation=False
2026-07-23 15:48:32,400 - post_processor_0fcd8b3fbf5b - INFO - PPE frame complete | camera=ppe_test_cam1 | violation=False
2026-07-23 15:48:33,593 - post_processor_0fcd8b3fbf5b - INFO - [FRAME RECEIVED] topic=post_processing | partition=0 | offset=156802 | frame_id=None | camera=ppe_test_cam1
2026-07-23 15:48:33,593 - post_processor_0fcd8b3fbf5b - INFO - [DETECT BATCH] START | od=0 | ppe=1
2026-07-23 15:48:33,594 - post_processor_0fcd8b3fbf5b - INFO - [PROCESS PPE DETECTION] camera=ppe_test_cam1 | severity=none | violated=[]
2026-07-23 15:48:33,595 - post_processor_0fcd8b3fbf5b - INFO - [DETECT BATCH] DONE | od=0 | ppe=1
2026-07-23 15:48:33,595 - post_processor_0fcd8b3fbf5b - INFO - PPE meta buffered | camera=ppe_test_cam1 | violation=False
2026-07-23 15:48:33,597 - post_processor_0fcd8b3fbf5b - INFO - PPE frame complete | camera=ppe_test_cam1 | violation=False
2026-07-23 15:48:51,239 - post_processor_0fcd8b3fbf5b - INFO - [FRAME RECEIVED] topic=post_processing | partition=0 | offset=156803 | frame_id=None | camera=ppe_test_cam1
2026-07-23 15:48:51,239 - post_processor_0fcd8b3fbf5b - INFO - [DETECT BATCH] START | od=0 | ppe=1
2026-07-23 15:48:51,239 - post_processor_0fcd8b3fbf5b - INFO - [PROCESS PPE DETECTION] camera=ppe_test_cam1 | severity=none | violated=[]
2026-07-23 15:48:51,239 - post_processor_0fcd8b3fbf5b - INFO - [DETECT BATCH] DONE | od=0 | ppe=1
2026-07-23 15:48:51,239 - post_processor_0fcd8b3fbf5b - INFO - PPE meta buffered | camera=ppe_test_cam1 | violation=False
2026-07-23 15:48:51,263 - post_processor_0fcd8b3fbf5b - INFO - PPE MongoDB batch insert | camera=ppe_test_cam1 | count=10
2026-07-23 15:48:51,263 - post_processor_0fcd8b3fbf5b - INFO - PPE frame complete | camera=ppe_test_cam1 | violation=False
2026-07-23 15:48:51,264 - post_processor_0fcd8b3fbf5b - INFO - Kafka offsets committed | count=10
2026-07-23 15:48:51,273 - post_processor_0fcd8b3fbf5b - INFO - [FRAME RECEIVED] topic=post_processing | partition=0 | offset=156804 | frame_id=None | camera=ppe_test_cam1
2026-07-23 15:48:51,273 - post_processor_0fcd8b3fbf5b - INFO - [DETECT BATCH] START | od=0 | ppe=1
2026-07-23 15:48:51,274 - post_processor_0fcd8b3fbf5b - INFO - [PROCESS PPE DETECTION] camera=ppe_test_cam1 | severity=low | violated=['No-Shoes', 'No-Shoes']
2026-07-23 15:48:51,276 - post_processor_0fcd8b3fbf5b - INFO - PPE alert image saved | path=/Aksha/ppe_test_cam1/alerts/2026-07-23/2026-07-23 15:48:51.27_alert.jpg
2026-07-23 15:48:51,277 - post_processor_0fcd8b3fbf5b - INFO - [DETECT BATCH] DONE | od=0 | ppe=1
2026-07-23 15:48:51,277 - post_processor_0fcd8b3fbf5b - INFO - PPE meta buffered | camera=ppe_test_cam1 | violation=True
2026-07-23 15:48:51,277 - post_processor_0fcd8b3fbf5b - INFO - ppe_status_check | has_violation=True | validity=True
2026-07-23 15:48:51,277 - post_processor_0fcd8b3fbf5b - INFO - PPE notification approved | camera=ppe_test_cam1 | severity=low
2026-07-23 15:48:51,277 - post_processor_0fcd8b3fbf5b - INFO - PPE notification sent | camera=ppe_test_cam1 | severity=low | topic=notification_service
2026-07-23 15:48:51,278 - post_processor_0fcd8b3fbf5b - INFO - PPE frame complete | camera=ppe_test_cam1 | violation=True
2026-07-23 15:48:52,080 - post_processor_0fcd8b3fbf5b - INFO - [FRAME RECEIVED] topic=post_processing | partition=0 | offset=156805 | frame_id=None | camera=ppe_test_cam1
2026-07-23 15:48:52,081 - post_processor_0fcd8b3fbf5b - INFO - [DETECT BATCH] START | od=0 | ppe=1
2026-07-23 15:48:52,083 - post_processor_0fcd8b3fbf5b - INFO - [PROCESS PPE DETECTION] camera=ppe_test_cam1 | severity=none | violated=[]
2026-07-23 15:48:52,083 - post_processor_0fcd8b3fbf5b - INFO - [DETECT BATCH] DONE | od=0 | ppe=1
2026-07-23 15:48:52,083 - post_processor_0fcd8b3fbf5b - INFO - PPE meta buffered | camera=ppe_test_cam1 | violation=False
2026-07-23 15:48:52,083 - post_processor_0fcd8b3fbf5b - INFO - PPE frame complete | camera=ppe_test_cam1 | violation=False
2026-07-23 15:48:52,108 - post_processor_0fcd8b3fbf5b - INFO - [FRAME RECEIVED] topic=post_processing | partition=0 | offset=156806 | frame_id=None | camera=ppe_test_cam1
2026-07-23 15:48:52,108 - post_processor_0fcd8b3fbf5b - INFO - [DETECT BATCH] START | od=0 | ppe=1
2026-07-23 15:48:52,109 - post_processor_0fcd8b3fbf5b - INFO - [PROCESS PPE DETECTION] camera=ppe_test_cam1 | severity=low | violated=['No-Shoes', 'No-Shoes']
2026-07-23 15:48:52,112 - post_processor_0fcd8b3fbf5b - INFO - PPE alert image saved | path=/Aksha/ppe_test_cam1/alerts/2026-07-23/2026-07-23 15:48:52.11_alert.jpg
2026-07-23 15:48:52,112 - post_processor_0fcd8b3fbf5b - INFO - [DETECT BATCH] DONE | od=0 | ppe=1
2026-07-23 15:48:52,112 - post_processor_0fcd8b3fbf5b - INFO - PPE meta buffered | camera=ppe_test_cam1 | violation=True
2026-07-23 15:48:52,112 - post_processor_0fcd8b3fbf5b - INFO - ppe_status_check | has_violation=True | validity=False
2026-07-23 15:48:52,112 - post_processor_0fcd8b3fbf5b - INFO - PPE notification suppressed by cooldown | camera=ppe_test_cam1
2026-07-23 15:48:52,113 - post_processor_0fcd8b3fbf5b - INFO - PPE frame complete | camera=ppe_test_cam1 | violation=True
2026-07-23 15:48:53,119 - post_processor_0fcd8b3fbf5b - INFO - [FRAME RECEIVED] topic=post_processing | partition=0 | offset=156807 | frame_id=None | camera=ppe_test_cam1
2026-07-23 15:48:53,119 - post_processor_0fcd8b3fbf5b - INFO - [DETECT BATCH] START | od=0 | ppe=1
2026-07-23 15:48:53,120 - post_processor_0fcd8b3fbf5b - INFO - [PROCESS PPE DETECTION] camera=ppe_test_cam1 | severity=none | violated=[]
2026-07-23 15:48:53,120 - post_processor_0fcd8b3fbf5b - INFO - [DETECT BATCH] DONE | od=0 | ppe=1
2026-07-23 15:48:53,120 - post_processor_0fcd8b3fbf5b - INFO - PPE meta buffered | camera=ppe_test_cam1 | violation=False
2026-07-23 15:48:53,120 - post_processor_0fcd8b3fbf5b - INFO - PPE frame complete | camera=ppe_test_cam1 | violation=False
2026-07-23 15:48:53,149 - post_processor_0fcd8b3fbf5b - INFO - [FRAME RECEIVED] topic=post_processing | partition=0 | offset=156808 | frame_id=None | camera=ppe_test_cam1
2026-07-23 15:48:53,149 - post_processor_0fcd8b3fbf5b - INFO - [DETECT BATCH] START | od=0 | ppe=1
2026-07-23 15:48:53,149 - post_processor_0fcd8b3fbf5b - INFO - [PROCESS PPE DETECTION] camera=ppe_test_cam1 | severity=low | violated=['No-Shoes', 'No-Shoes']
2026-07-23 15:48:53,153 - post_processor_0fcd8b3fbf5b - INFO - PPE alert image saved | path=/Aksha/ppe_test_cam1/alerts/2026-07-23/2026-07-23 15:48:53.15_alert.jpg
2026-07-23 15:48:53,154 - post_processor_0fcd8b3fbf5b - INFO - [DETECT BATCH] DONE | od=0 | ppe=1
2026-07-23 15:48:53,154 - post_processor_0fcd8b3fbf5b - INFO - PPE meta buffered | camera=ppe_test_cam1 | violation=True
2026-07-23 15:48:53,154 - post_processor_0fcd8b3fbf5b - INFO - ppe_status_check | has_violation=True | validity=False
2026-07-23 15:48:53,155 - post_processor_0fcd8b3fbf5b - INFO - PPE notification suppressed by cooldown | camera=ppe_test_cam1
2026-07-23 15:48:53,155 - post_processor_0fcd8b3fbf5b - INFO - PPE frame complete | camera=ppe_test_cam1 | violation=True
2026-07-23 15:48:54,212 - post_processor_0fcd8b3fbf5b - INFO - [FRAME RECEIVED] topic=post_processing | partition=0 | offset=156809 | frame_id=None | camera=ppe_test_cam1
2026-07-23 15:48:54,212 - post_processor_0fcd8b3fbf5b - INFO - [DETECT BATCH] START | od=0 | ppe=1
2026-07-23 15:48:54,213 - post_processor_0fcd8b3fbf5b - INFO - [PROCESS PPE DETECTION] camera=ppe_test_cam1 | severity=none | violated=[]
2026-07-23 15:48:54,213 - post_processor_0fcd8b3fbf5b - INFO - [DETECT BATCH] DONE | od=0 | ppe=1
2026-07-23 15:48:54,214 - post_processor_0fcd8b3fbf5b - INFO - PPE meta buffered | camera=ppe_test_cam1 | violation=False
2026-07-23 15:48:54,214 - post_processor_0fcd8b3fbf5b - INFO - PPE frame complete | camera=ppe_test_cam1 | violation=False
2026-07-23 15:48:54,214 - post_processor_0fcd8b3fbf5b - INFO - [FRAME RECEIVED] topic=post_processing | partition=0 | offset=156810 | frame_id=None | camera=ppe_test_cam1
2026-07-23 15:48:54,214 - post_processor_0fcd8b3fbf5b - INFO - [DETECT BATCH] START | od=0 | ppe=1
2026-07-23 15:48:54,214 - post_processor_0fcd8b3fbf5b - INFO - [PROCESS PPE DETECTION] camera=ppe_test_cam1 | severity=low | violated=['No-Shoes', 'No-Shoes']
2026-07-23 15:48:54,217 - post_processor_0fcd8b3fbf5b - INFO - PPE alert image saved | path=/Aksha/ppe_test_cam1/alerts/2026-07-23/2026-07-23 15:48:54.21_alert.jpg
2026-07-23 15:48:54,217 - post_processor_0fcd8b3fbf5b - INFO - [DETECT BATCH] DONE | od=0 | ppe=1
2026-07-23 15:48:54,217 - post_processor_0fcd8b3fbf5b - INFO - PPE meta buffered | camera=ppe_test_cam1 | violation=True
2026-07-23 15:48:54,218 - post_processor_0fcd8b3fbf5b - INFO - ppe_status_check | has_violation=True | validity=False
2026-07-23 15:48:54,218 - post_processor_0fcd8b3fbf5b - INFO - PPE notification suppressed by cooldown | camera=ppe_test_cam1
2026-07-23 15:48:54,218 - post_processor_0fcd8b3fbf5b - INFO - PPE frame complete | camera=ppe_test_cam1 | violation=True
2026-07-23 15:48:55,120 - post_processor_0fcd8b3fbf5b - INFO - [FRAME RECEIVED] topic=post_processing | partition=0 | offset=156811 | frame_id=None | camera=ppe_test_cam1
2026-07-23 15:48:55,120 - post_processor_0fcd8b3fbf5b - INFO - [DETECT BATCH] START | od=0 | ppe=1
2026-07-23 15:48:55,120 - post_processor_0fcd8b3fbf5b - INFO - [PROCESS PPE DETECTION] camera=ppe_test_cam1 | severity=none | violated=[]
2026-07-23 15:48:55,121 - post_processor_0fcd8b3fbf5b - INFO - [DETECT BATCH] DONE | od=0 | ppe=1
2026-07-23 15:48:55,121 - post_processor_0fcd8b3fbf5b - INFO - PPE meta buffered | camera=ppe_test_cam1 | violation=False
2026-07-23 15:48:55,121 - post_processor_0fcd8b3fbf5b - INFO - PPE frame complete | camera=ppe_test_cam1 | violation=False
2026-07-23 15:49:00,066 - post_processor_0fcd8b3fbf5b - INFO - [FRAME RECEIVED] topic=post_processing | partition=0 | offset=156812 | frame_id=None | camera=ppe_test_cam1
2026-07-23 15:49:00,066 - post_processor_0fcd8b3fbf5b - INFO - [DETECT BATCH] START | od=0 | ppe=1
2026-07-23 15:49:00,066 - post_processor_0fcd8b3fbf5b - INFO - [PROCESS PPE DETECTION] camera=ppe_test_cam1 | severity=none | violated=[]
2026-07-23 15:49:00,066 - post_processor_0fcd8b3fbf5b - INFO - [DETECT BATCH] DONE | od=0 | ppe=1
2026-07-23 15:49:00,067 - post_processor_0fcd8b3fbf5b - INFO - PPE meta buffered | camera=ppe_test_cam1 | violation=False
2026-07-23 15:49:00,067 - post_processor_0fcd8b3fbf5b - INFO - PPE frame complete | camera=ppe_test_cam1 | violation=False
2026-07-23 15:49:01,240 - post_processor_0fcd8b3fbf5b - INFO - [FRAME RECEIVED] topic=post_processing | partition=0 | offset=156813 | frame_id=None | camera=ppe_test_cam1
2026-07-23 15:49:01,240 - post_processor_0fcd8b3fbf5b - INFO - [DETECT BATCH] START | od=0 | ppe=1
2026-07-23 15:49:01,240 - post_processor_0fcd8b3fbf5b - INFO - [PROCESS PPE DETECTION] camera=ppe_test_cam1 | severity=none | violated=[]
2026-07-23 15:49:01,241 - post_processor_0fcd8b3fbf5b - INFO - [DETECT BATCH] DONE | od=0 | ppe=1
2026-07-23 15:49:01,241 - post_processor_0fcd8b3fbf5b - INFO - PPE meta buffered | camera=ppe_test_cam1 | violation=False
2026-07-23 15:49:01,281 - post_processor_0fcd8b3fbf5b - INFO - PPE MongoDB batch insert | camera=ppe_test_cam1 | count=10
2026-07-23 15:49:01,282 - post_processor_0fcd8b3fbf5b - INFO - PPE frame complete | camera=ppe_test_cam1 | violation=False
2026-07-23 15:49:01,282 - post_processor_0fcd8b3fbf5b - INFO - Kafka offsets committed | count=10
2026-07-23 15:49:02,159 - post_processor_0fcd8b3fbf5b - INFO - [FRAME RECEIVED] topic=post_processing | partition=0 | offset=156814 | frame_id=None | camera=ppe_test_cam1
2026-07-23 15:49:02,160 - post_processor_0fcd8b3fbf5b - INFO - [DETECT BATCH] START | od=0 | ppe=1
2026-07-23 15:49:02,160 - post_processor_0fcd8b3fbf5b - INFO - [PROCESS PPE DETECTION] camera=ppe_test_cam1 | severity=none | violated=[]
2026-07-23 15:49:02,160 - post_processor_0fcd8b3fbf5b - INFO - [DETECT BATCH] DONE | od=0 | ppe=1
2026-07-23 15:49:02,161 - post_processor_0fcd8b3fbf5b - INFO - PPE meta buffered | camera=ppe_test_cam1 | violation=False
2026-07-23 15:49:02,161 - post_processor_0fcd8b3fbf5b - INFO - PPE frame complete | camera=ppe_test_cam1 | violation=False
2026-07-23 15:49:03,085 - post_processor_0fcd8b3fbf5b - INFO - [FRAME RECEIVED] topic=post_processing | partition=0 | offset=156815 | frame_id=None | camera=ppe_test_cam1
2026-07-23 15:49:03,085 - post_processor_0fcd8b3fbf5b - INFO - [DETECT BATCH] START | od=0 | ppe=1
2026-07-23 15:49:03,085 - post_processor_0fcd8b3fbf5b - INFO - [PROCESS PPE DETECTION] camera=ppe_test_cam1 | severity=none | violated=[]
2026-07-23 15:49:03,086 - post_processor_0fcd8b3fbf5b - INFO - [DETECT BATCH] DONE | od=0 | ppe=1
2026-07-23 15:49:03,086 - post_processor_0fcd8b3fbf5b - INFO - PPE meta buffered | camera=ppe_test_cam1 | violation=False
2026-07-23 15:49:03,086 - post_processor_0fcd8b3fbf5b - INFO - PPE frame complete | camera=ppe_test_cam1 | violation=False
2026-07-23 15:49:04,187 - post_processor_0fcd8b3fbf5b - INFO - [FRAME RECEIVED] topic=post_processing | partition=0 | offset=156816 | frame_id=None | camera=ppe_test_cam1
2026-07-23 15:49:04,187 - post_processor_0fcd8b3fbf5b - INFO - [DETECT BATCH] START | od=0 | ppe=1
2026-07-23 15:49:04,188 - post_processor_0fcd8b3fbf5b - INFO - [PROCESS PPE DETECTION] camera=ppe_test_cam1 | severity=none | violated=[]
2026-07-23 15:49:04,189 - post_processor_0fcd8b3fbf5b - INFO - [DETECT BATCH] DONE | od=0 | ppe=1
2026-07-23 15:49:04,189 - post_processor_0fcd8b3fbf5b - INFO - PPE meta buffered | camera=ppe_test_cam1 | violation=False
2026-07-23 15:49:04,189 - post_processor_0fcd8b3fbf5b - INFO - PPE frame complete | camera=ppe_test_cam1 | violation=False
2026-07-23 15:49:05,193 - post_processor_0fcd8b3fbf5b - INFO - [FRAME RECEIVED] topic=post_processing | partition=0 | offset=156817 | frame_id=None | camera=ppe_test_cam1
2026-07-23 15:49:05,193 - post_processor_0fcd8b3fbf5b - INFO - [DETECT BATCH] START | od=0 | ppe=1
2026-07-23 15:49:05,194 - post_processor_0fcd8b3fbf5b - INFO - [PROCESS PPE DETECTION] camera=ppe_test_cam1 | severity=none | violated=[]
2026-07-23 15:49:05,194 - post_processor_0fcd8b3fbf5b - INFO - [DETECT BATCH] DONE | od=0 | ppe=1
2026-07-23 15:49:05,194 - post_processor_0fcd8b3fbf5b - INFO - PPE meta buffered | camera=ppe_test_cam1 | violation=False
2026-07-23 15:49:05,195 - post_processor_0fcd8b3fbf5b - INFO - PPE frame complete | camera=ppe_test_cam1 | violation=False
2026-07-23 15:49:06,187 - post_processor_0fcd8b3fbf5b - INFO - [FRAME RECEIVED] topic=post_processing | partition=0 | offset=156818 | frame_id=None | camera=ppe_test_cam1
2026-07-23 15:49:06,187 - post_processor_0fcd8b3fbf5b - INFO - [DETECT BATCH] START | od=0 | ppe=1
2026-07-23 15:49:06,187 - post_processor_0fcd8b3fbf5b - INFO - [PROCESS PPE DETECTION] camera=ppe_test_cam1 | severity=none | violated=[]
2026-07-23 15:49:06,187 - post_processor_0fcd8b3fbf5b - INFO - [DETECT BATCH] DONE | od=0 | ppe=1
2026-07-23 15:49:06,187 - post_processor_0fcd8b3fbf5b - INFO - PPE meta buffered | camera=ppe_test_cam1 | violation=False
2026-07-23 15:49:06,188 - post_processor_0fcd8b3fbf5b - INFO - PPE frame complete | camera=ppe_test_cam1 | violation=False
2026-07-23 15:49:07,204 - post_processor_0fcd8b3fbf5b - INFO - [FRAME RECEIVED] topic=post_processing | partition=0 | offset=156819 | frame_id=None | camera=ppe_test_cam1
2026-07-23 15:49:07,204 - post_processor_0fcd8b3fbf5b - INFO - [DETECT BATCH] START | od=0 | ppe=1
2026-07-23 15:49:07,204 - post_processor_0fcd8b3fbf5b - INFO - [PROCESS PPE DETECTION] camera=ppe_test_cam1 | severity=none | violated=[]
2026-07-23 15:49:07,205 - post_processor_0fcd8b3fbf5b - INFO - [DETECT BATCH] DONE | od=0 | ppe=1
2026-07-23 15:49:07,205 - post_processor_0fcd8b3fbf5b - INFO - PPE meta buffered | camera=ppe_test_cam1 | violation=False
2026-07-23 15:49:07,205 - post_processor_0fcd8b3fbf5b - INFO - PPE frame complete | camera=ppe_test_cam1 | violation=False
2026-07-23 15:49:07,234 - post_processor_0fcd8b3fbf5b - INFO - [FRAME RECEIVED] topic=post_processing | partition=0 | offset=156820 | frame_id=None | camera=ppe_test_cam1
2026-07-23 15:49:07,235 - post_processor_0fcd8b3fbf5b - INFO - [DETECT BATCH] START | od=0 | ppe=1
2026-07-23 15:49:07,235 - post_processor_0fcd8b3fbf5b - INFO - [PROCESS PPE DETECTION] camera=ppe_test_cam1 | severity=none | violated=[]
2026-07-23 15:49:07,236 - post_processor_0fcd8b3fbf5b - INFO - [DETECT BATCH] DONE | od=0 | ppe=1
2026-07-23 15:49:07,236 - post_processor_0fcd8b3fbf5b - INFO - PPE meta buffered | camera=ppe_test_cam1 | violation=False
2026-07-23 15:49:07,236 - post_processor_0fcd8b3fbf5b - INFO - PPE frame complete | camera=ppe_test_cam1 | violation=False
2026-07-23 15:49:32,196 - post_processor_0fcd8b3fbf5b - INFO - [FRAME RECEIVED] topic=post_processing | partition=0 | offset=156821 | frame_id=None | camera=ppe_test_cam1
2026-07-23 15:49:32,196 - post_processor_0fcd8b3fbf5b - INFO - [DETECT BATCH] START | od=0 | ppe=1
2026-07-23 15:49:32,197 - post_processor_0fcd8b3fbf5b - INFO - [PROCESS PPE DETECTION] camera=ppe_test_cam1 | severity=none | violated=[]
2026-07-23 15:49:32,197 - post_processor_0fcd8b3fbf5b - INFO - [DETECT BATCH] DONE | od=0 | ppe=1
2026-07-23 15:49:32,197 - post_processor_0fcd8b3fbf5b - INFO - PPE meta buffered | camera=ppe_test_cam1 | violation=False
2026-07-23 15:49:32,197 - post_processor_0fcd8b3fbf5b - INFO - PPE frame complete | camera=ppe_test_cam1 | violation=False
2026-07-23 15:49:33,235 - post_processor_0fcd8b3fbf5b - INFO - [FRAME RECEIVED] topic=post_processing | partition=0 | offset=156822 | frame_id=None | camera=ppe_test_cam1
2026-07-23 15:49:33,236 - post_processor_0fcd8b3fbf5b - INFO - [DETECT BATCH] START | od=0 | ppe=1
2026-07-23 15:49:33,236 - post_processor_0fcd8b3fbf5b - INFO - [PROCESS PPE DETECTION] camera=ppe_test_cam1 | severity=none | violated=[]
2026-07-23 15:49:33,239 - post_processor_0fcd8b3fbf5b - INFO - [DETECT BATCH] DONE | od=0 | ppe=1
2026-07-23 15:49:33,239 - post_processor_0fcd8b3fbf5b - INFO - PPE meta buffered | camera=ppe_test_cam1 | violation=False
2026-07-23 15:49:33,239 - post_processor_0fcd8b3fbf5b - INFO - PPE frame complete | camera=ppe_test_cam1 | violation=False
2026-07-23 15:49:51,195 - post_processor_0fcd8b3fbf5b - INFO - [FRAME RECEIVED] topic=post_processing | partition=0 | offset=156823 | frame_id=None | camera=ppe_test_cam1
2026-07-23 15:49:51,195 - post_processor_0fcd8b3fbf5b - INFO - [DETECT BATCH] START | od=0 | ppe=1
2026-07-23 15:49:51,195 - post_processor_0fcd8b3fbf5b - INFO - [PROCESS PPE DETECTION] camera=ppe_test_cam1 | severity=none | violated=[]
2026-07-23 15:49:51,197 - post_processor_0fcd8b3fbf5b - INFO - [DETECT BATCH] DONE | od=0 | ppe=1
2026-07-23 15:49:51,198 - post_processor_0fcd8b3fbf5b - INFO - PPE meta buffered | camera=ppe_test_cam1 | violation=False
2026-07-23 15:49:51,219 - post_processor_0fcd8b3fbf5b - INFO - PPE MongoDB batch insert | camera=ppe_test_cam1 | count=10
2026-07-23 15:49:51,220 - post_processor_0fcd8b3fbf5b - INFO - PPE frame complete | camera=ppe_test_cam1 | violation=False
2026-07-23 15:49:51,221 - post_processor_0fcd8b3fbf5b - INFO - Kafka offsets committed | count=10
2026-07-23 15:49:51,230 - post_processor_0fcd8b3fbf5b - INFO - [FRAME RECEIVED] topic=post_processing | partition=0 | offset=156824 | frame_id=None | camera=ppe_test_cam1
2026-07-23 15:49:51,230 - post_processor_0fcd8b3fbf5b - INFO - [DETECT BATCH] START | od=0 | ppe=1
2026-07-23 15:49:51,230 - post_processor_0fcd8b3fbf5b - INFO - [PROCESS PPE DETECTION] camera=ppe_test_cam1 | severity=low | violated=['No-Shoes', 'No-Shoes']
2026-07-23 15:49:51,233 - post_processor_0fcd8b3fbf5b - INFO - PPE alert image saved | path=/Aksha/ppe_test_cam1/alerts/2026-07-23/2026-07-23 15:49:51.23_alert.jpg
2026-07-23 15:49:51,233 - post_processor_0fcd8b3fbf5b - INFO - [DETECT BATCH] DONE | od=0 | ppe=1
2026-07-23 15:49:51,233 - post_processor_0fcd8b3fbf5b - INFO - PPE meta buffered | camera=ppe_test_cam1 | violation=True
2026-07-23 15:49:51,233 - post_processor_0fcd8b3fbf5b - INFO - ppe_status_check | has_violation=True | validity=True
2026-07-23 15:49:51,233 - post_processor_0fcd8b3fbf5b - INFO - PPE notification approved | camera=ppe_test_cam1 | severity=low
2026-07-23 15:49:51,234 - post_processor_0fcd8b3fbf5b - INFO - PPE notification sent | camera=ppe_test_cam1 | severity=low | topic=notification_service
2026-07-23 15:49:51,234 - post_processor_0fcd8b3fbf5b - INFO - PPE frame complete | camera=ppe_test_cam1 | violation=True
2026-07-23 15:49:52,239 - post_processor_0fcd8b3fbf5b - INFO - [FRAME RECEIVED] topic=post_processing | partition=0 | offset=156825 | frame_id=None | camera=ppe_test_cam1
2026-07-23 15:49:52,239 - post_processor_0fcd8b3fbf5b - INFO - [DETECT BATCH] START | od=0 | ppe=1
2026-07-23 15:49:52,239 - post_processor_0fcd8b3fbf5b - INFO - [PROCESS PPE DETECTION] camera=ppe_test_cam1 | severity=none | violated=[]
2026-07-23 15:49:52,239 - post_processor_0fcd8b3fbf5b - INFO - [DETECT BATCH] DONE | od=0 | ppe=1
2026-07-23 15:49:52,239 - post_processor_0fcd8b3fbf5b - INFO - PPE meta buffered | camera=ppe_test_cam1 | violation=False
2026-07-23 15:49:52,239 - post_processor_0fcd8b3fbf5b - INFO - PPE frame complete | camera=ppe_test_cam1 | violation=False
2026-07-23 15:49:52,275 - post_processor_0fcd8b3fbf5b - INFO - [FRAME RECEIVED] topic=post_processing | partition=0 | offset=156826 | frame_id=None | camera=ppe_test_cam1
2026-07-23 15:49:52,275 - post_processor_0fcd8b3fbf5b - INFO - [DETECT BATCH] START | od=0 | ppe=1
2026-07-23 15:49:52,275 - post_processor_0fcd8b3fbf5b - INFO - [PROCESS PPE DETECTION] camera=ppe_test_cam1 | severity=low | violated=['No-Shoes', 'No-Shoes']
2026-07-23 15:49:52,278 - post_processor_0fcd8b3fbf5b - INFO - PPE alert image saved | path=/Aksha/ppe_test_cam1/alerts/2026-07-23/2026-07-23 15:49:52.27_alert.jpg
2026-07-23 15:49:52,278 - post_processor_0fcd8b3fbf5b - INFO - [DETECT BATCH] DONE | od=0 | ppe=1
2026-07-23 15:49:52,278 - post_processor_0fcd8b3fbf5b - INFO - PPE meta buffered | camera=ppe_test_cam1 | violation=True
2026-07-23 15:49:52,279 - post_processor_0fcd8b3fbf5b - INFO - ppe_status_check | has_violation=True | validity=False
2026-07-23 15:49:52,279 - post_processor_0fcd8b3fbf5b - INFO - PPE notification suppressed by cooldown | camera=ppe_test_cam1
2026-07-23 15:49:52,279 - post_processor_0fcd8b3fbf5b - INFO - PPE frame complete | camera=ppe_test_cam1 | violation=True
2026-07-23 15:49:53,258 - post_processor_0fcd8b3fbf5b - INFO - [FRAME RECEIVED] topic=post_processing | partition=0 | offset=156827 | frame_id=None | camera=ppe_test_cam1
2026-07-23 15:49:53,258 - post_processor_0fcd8b3fbf5b - INFO - [DETECT BATCH] START | od=0 | ppe=1
2026-07-23 15:49:53,258 - post_processor_0fcd8b3fbf5b - INFO - [PROCESS PPE DETECTION] camera=ppe_test_cam1 | severity=low | violated=['No-Shoes', 'No-Shoes']
2026-07-23 15:49:53,261 - post_processor_0fcd8b3fbf5b - INFO - PPE alert image saved | path=/Aksha/ppe_test_cam1/alerts/2026-07-23/2026-07-23 15:49:53.26_alert.jpg
2026-07-23 15:49:53,261 - post_processor_0fcd8b3fbf5b - INFO - [DETECT BATCH] DONE | od=0 | ppe=1
2026-07-23 15:49:53,261 - post_processor_0fcd8b3fbf5b - INFO - PPE meta buffered | camera=ppe_test_cam1 | violation=True
2026-07-23 15:49:53,262 - post_processor_0fcd8b3fbf5b - INFO - ppe_status_check | has_violation=True | validity=False
2026-07-23 15:49:53,262 - post_processor_0fcd8b3fbf5b - INFO - PPE notification suppressed by cooldown | camera=ppe_test_cam1
2026-07-23 15:49:53,262 - post_processor_0fcd8b3fbf5b - INFO - PPE frame complete | camera=ppe_test_cam1 | violation=True
2026-07-23 15:49:53,263 - post_processor_0fcd8b3fbf5b - INFO - [FRAME RECEIVED] topic=post_processing | partition=0 | offset=156828 | frame_id=None | camera=ppe_test_cam1
2026-07-23 15:49:53,263 - post_processor_0fcd8b3fbf5b - INFO - [DETECT BATCH] START | od=0 | ppe=1
2026-07-23 15:49:53,263 - post_processor_0fcd8b3fbf5b - INFO - [PROCESS PPE DETECTION] camera=ppe_test_cam1 | severity=none | violated=[]
2026-07-23 15:49:53,263 - post_processor_0fcd8b3fbf5b - INFO - [DETECT BATCH] DONE | od=0 | ppe=1
2026-07-23 15:49:53,263 - post_processor_0fcd8b3fbf5b - INFO - PPE meta buffered | camera=ppe_test_cam1 | violation=False
2026-07-23 15:49:53,263 - post_processor_0fcd8b3fbf5b - INFO - PPE frame complete | camera=ppe_test_cam1 | violation=False
2026-07-23 15:49:54,212 - post_processor_0fcd8b3fbf5b - INFO - [FRAME RECEIVED] topic=post_processing | partition=0 | offset=156829 | frame_id=None | camera=ppe_test_cam1
2026-07-23 15:49:54,212 - post_processor_0fcd8b3fbf5b - INFO - [DETECT BATCH] START | od=0 | ppe=1
2026-07-23 15:49:54,212 - post_processor_0fcd8b3fbf5b - INFO - [PROCESS PPE DETECTION] camera=ppe_test_cam1 | severity=none | violated=[]
2026-07-23 15:49:54,212 - post_processor_0fcd8b3fbf5b - INFO - [DETECT BATCH] DONE | od=0 | ppe=1
2026-07-23 15:49:54,213 - post_processor_0fcd8b3fbf5b - INFO - PPE meta buffered | camera=ppe_test_cam1 | violation=False
2026-07-23 15:49:54,213 - post_processor_0fcd8b3fbf5b - INFO - PPE frame complete | camera=ppe_test_cam1 | violation=False
2026-07-23 15:49:54,214 - post_processor_0fcd8b3fbf5b - INFO - [FRAME RECEIVED] topic=post_processing | partition=0 | offset=156830 | frame_id=None | camera=ppe_test_cam1
2026-07-23 15:49:54,214 - post_processor_0fcd8b3fbf5b - INFO - [DETECT BATCH] START | od=0 | ppe=1
2026-07-23 15:49:54,215 - post_processor_0fcd8b3fbf5b - INFO - [PROCESS PPE DETECTION] camera=ppe_test_cam1 | severity=low | violated=['No-Shoes', 'No-Shoes']
2026-07-23 15:49:54,218 - post_processor_0fcd8b3fbf5b - INFO - PPE alert image saved | path=/Aksha/ppe_test_cam1/alerts/2026-07-23/2026-07-23 15:49:54.21_alert.jpg
2026-07-23 15:49:54,218 - post_processor_0fcd8b3fbf5b - INFO - [DETECT BATCH] DONE | od=0 | ppe=1
2026-07-23 15:49:54,218 - post_processor_0fcd8b3fbf5b - INFO - PPE meta buffered | camera=ppe_test_cam1 | violation=True
2026-07-23 15:49:54,218 - post_processor_0fcd8b3fbf5b - INFO - ppe_status_check | has_violation=True | validity=False
2026-07-23 15:49:54,218 - post_processor_0fcd8b3fbf5b - INFO - PPE notification suppressed by cooldown | camera=ppe_test_cam1
2026-07-23 15:49:54,219 - post_processor_0fcd8b3fbf5b - INFO - PPE frame complete | camera=ppe_test_cam1 | violation=True
2026-07-23 15:49:55,085 - post_processor_0fcd8b3fbf5b - INFO - [FRAME RECEIVED] topic=post_processing | partition=0 | offset=156831 | frame_id=None | camera=ppe_test_cam1
2026-07-23 15:49:55,085 - post_processor_0fcd8b3fbf5b - INFO - [DETECT BATCH] START | od=0 | ppe=1
2026-07-23 15:49:55,086 - post_processor_0fcd8b3fbf5b - INFO - [PROCESS PPE DETECTION] camera=ppe_test_cam1 | severity=none | violated=[]
2026-07-23 15:49:55,088 - post_processor_0fcd8b3fbf5b - INFO - [DETECT BATCH] DONE | od=0 | ppe=1
2026-07-23 15:49:55,088 - post_processor_0fcd8b3fbf5b - INFO - PPE meta buffered | camera=ppe_test_cam1 | violation=False
2026-07-23 15:49:55,089 - post_processor_0fcd8b3fbf5b - INFO - PPE frame complete | camera=ppe_test_cam1 | violation=False
2026-07-23 15:50:00,052 - post_processor_0fcd8b3fbf5b - INFO - [FRAME RECEIVED] topic=post_processing | partition=0 | offset=156832 | frame_id=None | camera=ppe_test_cam1
2026-07-23 15:50:00,052 - post_processor_0fcd8b3fbf5b - INFO - [DETECT BATCH] START | od=0 | ppe=1
2026-07-23 15:50:00,053 - post_processor_0fcd8b3fbf5b - INFO - [PROCESS PPE DETECTION] camera=ppe_test_cam1 | severity=none | violated=[]
2026-07-23 15:50:00,053 - post_processor_0fcd8b3fbf5b - INFO - [DETECT BATCH] DONE | od=0 | ppe=1
2026-07-23 15:50:00,053 - post_processor_0fcd8b3fbf5b - INFO - PPE meta buffered | camera=ppe_test_cam1 | violation=False
2026-07-23 15:50:00,053 - post_processor_0fcd8b3fbf5b - INFO - PPE frame complete | camera=ppe_test_cam1 | violation=False
2026-07-23 15:50:01,165 - post_processor_0fcd8b3fbf5b - INFO - [FRAME RECEIVED] topic=post_processing | partition=0 | offset=156833 | frame_id=None | camera=ppe_test_cam1
2026-07-23 15:50:01,165 - post_processor_0fcd8b3fbf5b - INFO - [DETECT BATCH] START | od=0 | ppe=1
2026-07-23 15:50:01,166 - post_processor_0fcd8b3fbf5b - INFO - [PROCESS PPE DETECTION] camera=ppe_test_cam1 | severity=none | violated=[]
2026-07-23 15:50:01,167 - post_processor_0fcd8b3fbf5b - INFO - [DETECT BATCH] DONE | od=0 | ppe=1
2026-07-23 15:50:01,167 - post_processor_0fcd8b3fbf5b - INFO - PPE meta buffered | camera=ppe_test_cam1 | violation=False
2026-07-23 15:50:01,208 - post_processor_0fcd8b3fbf5b - INFO - PPE MongoDB batch insert | camera=ppe_test_cam1 | count=10
2026-07-23 15:50:01,209 - post_processor_0fcd8b3fbf5b - INFO - PPE frame complete | camera=ppe_test_cam1 | violation=False
2026-07-23 15:50:01,210 - post_processor_0fcd8b3fbf5b - INFO - Kafka offsets committed | count=10
2026-07-23 15:50:02,268 - post_processor_0fcd8b3fbf5b - INFO - [FRAME RECEIVED] topic=post_processing | partition=0 | offset=156834 | frame_id=None | camera=ppe_test_cam1
2026-07-23 15:50:02,268 - post_processor_0fcd8b3fbf5b - INFO - [DETECT BATCH] START | od=0 | ppe=1
2026-07-23 15:50:02,269 - post_processor_0fcd8b3fbf5b - INFO - [PROCESS PPE DETECTION] camera=ppe_test_cam1 | severity=none | violated=[]
2026-07-23 15:50:02,269 - post_processor_0fcd8b3fbf5b - INFO - [DETECT BATCH] DONE | od=0 | ppe=1
2026-07-23 15:50:02,269 - post_processor_0fcd8b3fbf5b - INFO - PPE meta buffered | camera=ppe_test_cam1 | violation=False
2026-07-23 15:50:02,269 - post_processor_0fcd8b3fbf5b - INFO - PPE frame complete | camera=ppe_test_cam1 | violation=False
2026-07-23 15:50:03,064 - post_processor_0fcd8b3fbf5b - INFO - [FRAME RECEIVED] topic=post_processing | partition=0 | offset=156835 | frame_id=None | camera=ppe_test_cam1
2026-07-23 15:50:03,064 - post_processor_0fcd8b3fbf5b - INFO - [DETECT BATCH] START | od=0 | ppe=1
2026-07-23 15:50:03,064 - post_processor_0fcd8b3fbf5b - INFO - [PROCESS PPE DETECTION] camera=ppe_test_cam1 | severity=none | violated=[]
2026-07-23 15:50:03,064 - post_processor_0fcd8b3fbf5b - INFO - [DETECT BATCH] DONE | od=0 | ppe=1
2026-07-23 15:50:03,065 - post_processor_0fcd8b3fbf5b - INFO - PPE meta buffered | camera=ppe_test_cam1 | violation=False
2026-07-23 15:50:03,065 - post_processor_0fcd8b3fbf5b - INFO - PPE frame complete | camera=ppe_test_cam1 | violation=False
2026-07-23 15:50:04,181 - post_processor_0fcd8b3fbf5b - INFO - [FRAME RECEIVED] topic=post_processing | partition=0 | offset=156836 | frame_id=None | camera=ppe_test_cam1
2026-07-23 15:50:04,181 - post_processor_0fcd8b3fbf5b - INFO - [DETECT BATCH] START | od=0 | ppe=1
2026-07-23 15:50:04,181 - post_processor_0fcd8b3fbf5b - INFO - [PROCESS PPE DETECTION] camera=ppe_test_cam1 | severity=none | violated=[]
2026-07-23 15:50:04,182 - post_processor_0fcd8b3fbf5b - INFO - [DETECT BATCH] DONE | od=0 | ppe=1
2026-07-23 15:50:04,182 - post_processor_0fcd8b3fbf5b - INFO - PPE meta buffered | camera=ppe_test_cam1 | violation=False
2026-07-23 15:50:04,182 - post_processor_0fcd8b3fbf5b - INFO - PPE frame complete | camera=ppe_test_cam1 | violation=False
2026-07-23 15:50:05,197 - post_processor_0fcd8b3fbf5b - INFO - [FRAME RECEIVED] topic=post_processing | partition=0 | offset=156837 | frame_id=None | camera=ppe_test_cam1
2026-07-23 15:50:05,197 - post_processor_0fcd8b3fbf5b - INFO - [DETECT BATCH] START | od=0 | ppe=1
2026-07-23 15:50:05,197 - post_processor_0fcd8b3fbf5b - INFO - [PROCESS PPE DETECTION] camera=ppe_test_cam1 | severity=none | violated=[]
2026-07-23 15:50:05,198 - post_processor_0fcd8b3fbf5b - INFO - [DETECT BATCH] DONE | od=0 | ppe=1
2026-07-23 15:50:05,198 - post_processor_0fcd8b3fbf5b - INFO - PPE meta buffered | camera=ppe_test_cam1 | violation=False
2026-07-23 15:50:05,198 - post_processor_0fcd8b3fbf5b - INFO - PPE frame complete | camera=ppe_test_cam1 | violation=False
2026-07-23 15:50:06,172 - post_processor_0fcd8b3fbf5b - INFO - [FRAME RECEIVED] topic=post_processing | partition=0 | offset=156838 | frame_id=None | camera=ppe_test_cam1
2026-07-23 15:50:06,172 - post_processor_0fcd8b3fbf5b - INFO - [DETECT BATCH] START | od=0 | ppe=1
2026-07-23 15:50:06,173 - post_processor_0fcd8b3fbf5b - INFO - [PROCESS PPE DETECTION] camera=ppe_test_cam1 | severity=none | violated=[]
2026-07-23 15:50:06,173 - post_processor_0fcd8b3fbf5b - INFO - [DETECT BATCH] DONE | od=0 | ppe=1
2026-07-23 15:50:06,173 - post_processor_0fcd8b3fbf5b - INFO - PPE meta buffered | camera=ppe_test_cam1 | violation=False
2026-07-23 15:50:06,173 - post_processor_0fcd8b3fbf5b - INFO - PPE frame complete | camera=ppe_test_cam1 | violation=False
2026-07-23 15:50:07,185 - post_processor_0fcd8b3fbf5b - INFO - [FRAME RECEIVED] topic=post_processing | partition=0 | offset=156839 | frame_id=None | camera=ppe_test_cam1
2026-07-23 15:50:07,186 - post_processor_0fcd8b3fbf5b - INFO - [DETECT BATCH] START | od=0 | ppe=1
2026-07-23 15:50:07,186 - post_processor_0fcd8b3fbf5b - INFO - [PROCESS PPE DETECTION] camera=ppe_test_cam1 | severity=none | violated=[]
2026-07-23 15:50:07,186 - post_processor_0fcd8b3fbf5b - INFO - [DETECT BATCH] DONE | od=0 | ppe=1
2026-07-23 15:50:07,187 - post_processor_0fcd8b3fbf5b - INFO - PPE meta buffered | camera=ppe_test_cam1 | violation=False
2026-07-23 15:50:07,187 - post_processor_0fcd8b3fbf5b - INFO - PPE frame complete | camera=ppe_test_cam1 | violation=False
2026-07-23 15:50:07,220 - post_processor_0fcd8b3fbf5b - INFO - [FRAME RECEIVED] topic=post_processing | partition=0 | offset=156840 | frame_id=None | camera=ppe_test_cam1
2026-07-23 15:50:07,220 - post_processor_0fcd8b3fbf5b - INFO - [DETECT BATCH] START | od=0 | ppe=1
2026-07-23 15:50:07,221 - post_processor_0fcd8b3fbf5b - INFO - [PROCESS PPE DETECTION] camera=ppe_test_cam1 | severity=none | violated=[]
2026-07-23 15:50:07,221 - post_processor_0fcd8b3fbf5b - INFO - [DETECT BATCH] DONE | od=0 | ppe=1
2026-07-23 15:50:07,221 - post_processor_0fcd8b3fbf5b - INFO - PPE meta buffered | camera=ppe_test_cam1 | violation=False
2026-07-23 15:50:07,221 - post_processor_0fcd8b3fbf5b - INFO - PPE frame complete | camera=ppe_test_cam1 | violation=False
2026-07-23 15:50:32,252 - post_processor_0fcd8b3fbf5b - INFO - [FRAME RECEIVED] topic=post_processing | partition=0 | offset=156841 | frame_id=None | camera=ppe_test_cam1
2026-07-23 15:50:32,252 - post_processor_0fcd8b3fbf5b - INFO - [DETECT BATCH] START | od=0 | ppe=1
2026-07-23 15:50:32,253 - post_processor_0fcd8b3fbf5b - INFO - [PROCESS PPE DETECTION] camera=ppe_test_cam1 | severity=none | violated=[]
2026-07-23 15:50:32,253 - post_processor_0fcd8b3fbf5b - INFO - [DETECT BATCH] DONE | od=0 | ppe=1
2026-07-23 15:50:32,253 - post_processor_0fcd8b3fbf5b - INFO - PPE meta buffered | camera=ppe_test_cam1 | violation=False
2026-07-23 15:50:32,253 - post_processor_0fcd8b3fbf5b - INFO - PPE frame complete | camera=ppe_test_cam1 | violation=False
2026-07-23 15:50:33,210 - post_processor_0fcd8b3fbf5b - INFO - [FRAME RECEIVED] topic=post_processing | partition=0 | offset=156842 | frame_id=None | camera=ppe_test_cam1
2026-07-23 15:50:33,210 - post_processor_0fcd8b3fbf5b - INFO - [DETECT BATCH] START | od=0 | ppe=1
2026-07-23 15:50:33,210 - post_processor_0fcd8b3fbf5b - INFO - [PROCESS PPE DETECTION] camera=ppe_test_cam1 | severity=none | violated=[]
2026-07-23 15:50:33,210 - post_processor_0fcd8b3fbf5b - INFO - [DETECT BATCH] DONE | od=0 | ppe=1
2026-07-23 15:50:33,210 - post_processor_0fcd8b3fbf5b - INFO - PPE meta buffered | camera=ppe_test_cam1 | violation=False
2026-07-23 15:50:33,211 - post_processor_0fcd8b3fbf5b - INFO - PPE frame complete | camera=ppe_test_cam1 | violation=False
2026-07-23 15:50:51,129 - post_processor_0fcd8b3fbf5b - INFO - [FRAME RECEIVED] topic=post_processing | partition=0 | offset=156843 | frame_id=None | camera=ppe_test_cam1
2026-07-23 15:50:51,129 - post_processor_0fcd8b3fbf5b - INFO - [DETECT BATCH] START | od=0 | ppe=1
2026-07-23 15:50:51,129 - post_processor_0fcd8b3fbf5b - INFO - [PROCESS PPE DETECTION] camera=ppe_test_cam1 | severity=none | violated=[]
2026-07-23 15:50:51,129 - post_processor_0fcd8b3fbf5b - INFO - [DETECT BATCH] DONE | od=0 | ppe=1
2026-07-23 15:50:51,129 - post_processor_0fcd8b3fbf5b - INFO - PPE meta buffered | camera=ppe_test_cam1 | violation=False
2026-07-23 15:50:51,142 - post_processor_0fcd8b3fbf5b - INFO - PPE MongoDB batch insert | camera=ppe_test_cam1 | count=10
2026-07-23 15:50:51,143 - post_processor_0fcd8b3fbf5b - INFO - PPE frame complete | camera=ppe_test_cam1 | violation=False
2026-07-23 15:50:51,143 - post_processor_0fcd8b3fbf5b - INFO - Kafka offsets committed | count=10
2026-07-23 15:50:51,144 - post_processor_0fcd8b3fbf5b - INFO - [FRAME RECEIVED] topic=post_processing | partition=0 | offset=156844 | frame_id=None | camera=ppe_test_cam1
2026-07-23 15:50:51,144 - post_processor_0fcd8b3fbf5b - INFO - [DETECT BATCH] START | od=0 | ppe=1
2026-07-23 15:50:51,144 - post_processor_0fcd8b3fbf5b - INFO - [PROCESS PPE DETECTION] camera=ppe_test_cam1 | severity=low | violated=['No-Shoes', 'No-Shoes']
2026-07-23 15:50:51,147 - post_processor_0fcd8b3fbf5b - INFO - PPE alert image saved | path=/Aksha/ppe_test_cam1/alerts/2026-07-23/2026-07-23 15:50:51.14_alert.jpg
2026-07-23 15:50:51,147 - post_processor_0fcd8b3fbf5b - INFO - [DETECT BATCH] DONE | od=0 | ppe=1
2026-07-23 15:50:51,147 - post_processor_0fcd8b3fbf5b - INFO - PPE meta buffered | camera=ppe_test_cam1 | violation=True
2026-07-23 15:50:51,147 - post_processor_0fcd8b3fbf5b - INFO - ppe_status_check | has_violation=True | validity=True
2026-07-23 15:50:51,148 - post_processor_0fcd8b3fbf5b - INFO - PPE notification approved | camera=ppe_test_cam1 | severity=low
2026-07-23 15:50:51,148 - post_processor_0fcd8b3fbf5b - INFO - PPE notification sent | camera=ppe_test_cam1 | severity=low | topic=notification_service
2026-07-23 15:50:51,148 - post_processor_0fcd8b3fbf5b - INFO - PPE frame complete | camera=ppe_test_cam1 | violation=True
2026-07-23 15:50:52,193 - post_processor_0fcd8b3fbf5b - INFO - [FRAME RECEIVED] topic=post_processing | partition=0 | offset=156845 | frame_id=None | camera=ppe_test_cam1
2026-07-23 15:50:52,194 - post_processor_0fcd8b3fbf5b - INFO - [DETECT BATCH] START | od=0 | ppe=1
2026-07-23 15:50:52,194 - post_processor_0fcd8b3fbf5b - INFO - [PROCESS PPE DETECTION] camera=ppe_test_cam1 | severity=none | violated=[]
2026-07-23 15:50:52,194 - post_processor_0fcd8b3fbf5b - INFO - [DETECT BATCH] DONE | od=0 | ppe=1
2026-07-23 15:50:52,194 - post_processor_0fcd8b3fbf5b - INFO - PPE meta buffered | camera=ppe_test_cam1 | violation=False
2026-07-23 15:50:52,195 - post_processor_0fcd8b3fbf5b - INFO - PPE frame complete | camera=ppe_test_cam1 | violation=False
2026-07-23 15:50:52,195 - post_processor_0fcd8b3fbf5b - INFO - [FRAME RECEIVED] topic=post_processing | partition=0 | offset=156846 | frame_id=None | camera=ppe_test_cam1
2026-07-23 15:50:52,195 - post_processor_0fcd8b3fbf5b - INFO - [DETECT BATCH] START | od=0 | ppe=1
2026-07-23 15:50:52,195 - post_processor_0fcd8b3fbf5b - INFO - [PROCESS PPE DETECTION] camera=ppe_test_cam1 | severity=low | violated=['No-Shoes', 'No-Shoes']
2026-07-23 15:50:52,198 - post_processor_0fcd8b3fbf5b - INFO - PPE alert image saved | path=/Aksha/ppe_test_cam1/alerts/2026-07-23/2026-07-23 15:50:52.19_alert.jpg
2026-07-23 15:50:52,198 - post_processor_0fcd8b3fbf5b - INFO - [DETECT BATCH] DONE | od=0 | ppe=1
2026-07-23 15:50:52,198 - post_processor_0fcd8b3fbf5b - INFO - PPE meta buffered | camera=ppe_test_cam1 | violation=True
2026-07-23 15:50:52,199 - post_processor_0fcd8b3fbf5b - INFO - ppe_status_check | has_violation=True | validity=False
2026-07-23 15:50:52,199 - post_processor_0fcd8b3fbf5b - INFO - PPE notification suppressed by cooldown | camera=ppe_test_cam1
2026-07-23 15:50:52,199 - post_processor_0fcd8b3fbf5b - INFO - PPE frame complete | camera=ppe_test_cam1 | violation=True
2026-07-23 15:50:53,274 - post_processor_0fcd8b3fbf5b - INFO - [FRAME RECEIVED] topic=post_processing | partition=0 | offset=156847 | frame_id=None | camera=ppe_test_cam1
2026-07-23 15:50:53,274 - post_processor_0fcd8b3fbf5b - INFO - [DETECT BATCH] START | od=0 | ppe=1
2026-07-23 15:50:53,275 - post_processor_0fcd8b3fbf5b - INFO - [PROCESS PPE DETECTION] camera=ppe_test_cam1 | severity=none | violated=[]
2026-07-23 15:50:53,275 - post_processor_0fcd8b3fbf5b - INFO - [DETECT BATCH] DONE | od=0 | ppe=1
2026-07-23 15:50:53,276 - post_processor_0fcd8b3fbf5b - INFO - PPE meta buffered | camera=ppe_test_cam1 | violation=False
2026-07-23 15:50:53,276 - post_processor_0fcd8b3fbf5b - INFO - PPE frame complete | camera=ppe_test_cam1 | violation=False
2026-07-23 15:50:53,305 - post_processor_0fcd8b3fbf5b - INFO - [FRAME RECEIVED] topic=post_processing | partition=0 | offset=156848 | frame_id=None | camera=ppe_test_cam1
2026-07-23 15:50:53,305 - post_processor_0fcd8b3fbf5b - INFO - [DETECT BATCH] START | od=0 | ppe=1
2026-07-23 15:50:53,305 - post_processor_0fcd8b3fbf5b - INFO - [PROCESS PPE DETECTION] camera=ppe_test_cam1 | severity=low | violated=['No-Shoes', 'No-Shoes']
2026-07-23 15:50:53,308 - post_processor_0fcd8b3fbf5b - INFO - PPE alert image saved | path=/Aksha/ppe_test_cam1/alerts/2026-07-23/2026-07-23 15:50:53.30_alert.jpg
2026-07-23 15:50:53,308 - post_processor_0fcd8b3fbf5b - INFO - [DETECT BATCH] DONE | od=0 | ppe=1
2026-07-23 15:50:53,309 - post_processor_0fcd8b3fbf5b - INFO - PPE meta buffered | camera=ppe_test_cam1 | violation=True
2026-07-23 15:50:53,309 - post_processor_0fcd8b3fbf5b - INFO - ppe_status_check | has_violation=True | validity=False
2026-07-23 15:50:53,309 - post_processor_0fcd8b3fbf5b - INFO - PPE notification suppressed by cooldown | camera=ppe_test_cam1
2026-07-23 15:50:53,310 - post_processor_0fcd8b3fbf5b - INFO - PPE frame complete | camera=ppe_test_cam1 | violation=True
2026-07-23 15:50:54,102 - post_processor_0fcd8b3fbf5b - INFO - [FRAME RECEIVED] topic=post_processing | partition=0 | offset=156849 | frame_id=None | camera=ppe_test_cam1
2026-07-23 15:50:54,102 - post_processor_0fcd8b3fbf5b - INFO - [DETECT BATCH] START | od=0 | ppe=1
2026-07-23 15:50:54,104 - post_processor_0fcd8b3fbf5b - INFO - [PROCESS PPE DETECTION] camera=ppe_test_cam1 | severity=none | violated=[]
2026-07-23 15:50:54,104 - post_processor_0fcd8b3fbf5b - INFO - [DETECT BATCH] DONE | od=0 | ppe=1
2026-07-23 15:50:54,104 - post_processor_0fcd8b3fbf5b - INFO - PPE meta buffered | camera=ppe_test_cam1 | violation=False
2026-07-23 15:50:54,105 - post_processor_0fcd8b3fbf5b - INFO - PPE frame complete | camera=ppe_test_cam1 | violation=False
2026-07-23 15:50:54,106 - post_processor_0fcd8b3fbf5b - INFO - [FRAME RECEIVED] topic=post_processing | partition=0 | offset=156850 | frame_id=None | camera=ppe_test_cam1
2026-07-23 15:50:54,106 - post_processor_0fcd8b3fbf5b - INFO - [DETECT BATCH] START | od=0 | ppe=1
2026-07-23 15:50:54,106 - post_processor_0fcd8b3fbf5b - INFO - [PROCESS PPE DETECTION] camera=ppe_test_cam1 | severity=low | violated=['No-Shoes', 'No-Shoes']
2026-07-23 15:50:54,109 - post_processor_0fcd8b3fbf5b - INFO - PPE alert image saved | path=/Aksha/ppe_test_cam1/alerts/2026-07-23/2026-07-23 15:50:54.10_alert.jpg
2026-07-23 15:50:54,110 - post_processor_0fcd8b3fbf5b - INFO - [DETECT BATCH] DONE | od=0 | ppe=1
2026-07-23 15:50:54,110 - post_processor_0fcd8b3fbf5b - INFO - PPE meta buffered | camera=ppe_test_cam1 | violation=True
2026-07-23 15:50:54,110 - post_processor_0fcd8b3fbf5b - INFO - ppe_status_check | has_violation=True | validity=False
2026-07-23 15:50:54,111 - post_processor_0fcd8b3fbf5b - INFO - PPE notification suppressed by cooldown | camera=ppe_test_cam1
2026-07-23 15:50:54,111 - post_processor_0fcd8b3fbf5b - INFO - PPE frame complete | camera=ppe_test_cam1 | violation=True
2026-07-23 15:50:55,141 - post_processor_0fcd8b3fbf5b - INFO - [FRAME RECEIVED] topic=post_processing | partition=0 | offset=156851 | frame_id=None | camera=ppe_test_cam1
2026-07-23 15:50:55,141 - post_processor_0fcd8b3fbf5b - INFO - [DETECT BATCH] START | od=0 | ppe=1
2026-07-23 15:50:55,141 - post_processor_0fcd8b3fbf5b - INFO - [PROCESS PPE DETECTION] camera=ppe_test_cam1 | severity=none | violated=[]
2026-07-23 15:50:55,141 - post_processor_0fcd8b3fbf5b - INFO - [DETECT BATCH] DONE | od=0 | ppe=1
2026-07-23 15:50:55,142 - post_processor_0fcd8b3fbf5b - INFO - PPE meta buffered | camera=ppe_test_cam1 | violation=False
2026-07-23 15:50:55,142 - post_processor_0fcd8b3fbf5b - INFO - PPE frame complete | camera=ppe_test_cam1 | violation=False
2026-07-23 15:51:00,204 - post_processor_0fcd8b3fbf5b - INFO - [FRAME RECEIVED] topic=post_processing | partition=0 | offset=156852 | frame_id=None | camera=ppe_test_cam1
2026-07-23 15:51:00,204 - post_processor_0fcd8b3fbf5b - INFO - [DETECT BATCH] START | od=0 | ppe=1
2026-07-23 15:51:00,204 - post_processor_0fcd8b3fbf5b - INFO - [PROCESS PPE DETECTION] camera=ppe_test_cam1 | severity=none | violated=[]
2026-07-23 15:51:00,204 - post_processor_0fcd8b3fbf5b - INFO - [DETECT BATCH] DONE | od=0 | ppe=1
2026-07-23 15:51:00,204 - post_processor_0fcd8b3fbf5b - INFO - PPE meta buffered | camera=ppe_test_cam1 | violation=False
2026-07-23 15:51:00,204 - post_processor_0fcd8b3fbf5b - INFO - PPE frame complete | camera=ppe_test_cam1 | violation=False
2026-07-23 15:51:01,105 - post_processor_0fcd8b3fbf5b - INFO - [FRAME RECEIVED] topic=post_processing | partition=0 | offset=156853 | frame_id=None | camera=ppe_test_cam1
2026-07-23 15:51:01,105 - post_processor_0fcd8b3fbf5b - INFO - [DETECT BATCH] START | od=0 | ppe=1
2026-07-23 15:51:01,106 - post_processor_0fcd8b3fbf5b - INFO - [PROCESS PPE DETECTION] camera=ppe_test_cam1 | severity=none | violated=[]
2026-07-23 15:51:01,106 - post_processor_0fcd8b3fbf5b - INFO - [DETECT BATCH] DONE | od=0 | ppe=1
2026-07-23 15:51:01,106 - post_processor_0fcd8b3fbf5b - INFO - PPE meta buffered | camera=ppe_test_cam1 | violation=False
2026-07-23 15:51:01,142 - post_processor_0fcd8b3fbf5b - INFO - PPE MongoDB batch insert | camera=ppe_test_cam1 | count=10
2026-07-23 15:51:01,142 - post_processor_0fcd8b3fbf5b - INFO - PPE frame complete | camera=ppe_test_cam1 | violation=False
2026-07-23 15:51:01,143 - post_processor_0fcd8b3fbf5b - INFO - Kafka offsets committed | count=10
2026-07-23 15:51:02,141 - post_processor_0fcd8b3fbf5b - INFO - [FRAME RECEIVED] topic=post_processing | partition=0 | offset=156854 | frame_id=None | camera=ppe_test_cam1
2026-07-23 15:51:02,142 - post_processor_0fcd8b3fbf5b - INFO - [DETECT BATCH] START | od=0 | ppe=1
2026-07-23 15:51:02,142 - post_processor_0fcd8b3fbf5b - INFO - [PROCESS PPE DETECTION] camera=ppe_test_cam1 | severity=none | violated=[]
2026-07-23 15:51:02,142 - post_processor_0fcd8b3fbf5b - INFO - [DETECT BATCH] DONE | od=0 | ppe=1
2026-07-23 15:51:02,142 - post_processor_0fcd8b3fbf5b - INFO - PPE meta buffered | camera=ppe_test_cam1 | violation=False
2026-07-23 15:51:02,142 - post_processor_0fcd8b3fbf5b - INFO - PPE frame complete | camera=ppe_test_cam1 | violation=False
2026-07-23 15:51:03,165 - post_processor_0fcd8b3fbf5b - INFO - [FRAME RECEIVED] topic=post_processing | partition=0 | offset=156855 | frame_id=None | camera=ppe_test_cam1
2026-07-23 15:51:03,165 - post_processor_0fcd8b3fbf5b - INFO - [DETECT BATCH] START | od=0 | ppe=1
2026-07-23 15:51:03,165 - post_processor_0fcd8b3fbf5b - INFO - [PROCESS PPE DETECTION] camera=ppe_test_cam1 | severity=none | violated=[]
2026-07-23 15:51:03,169 - post_processor_0fcd8b3fbf5b - INFO - [DETECT BATCH] DONE | od=0 | ppe=1
2026-07-23 15:51:03,169 - post_processor_0fcd8b3fbf5b - INFO - PPE meta buffered | camera=ppe_test_cam1 | violation=False
2026-07-23 15:51:03,169 - post_processor_0fcd8b3fbf5b - INFO - PPE frame complete | camera=ppe_test_cam1 | violation=False
2026-07-23 15:51:04,150 - post_processor_0fcd8b3fbf5b - INFO - [FRAME RECEIVED] topic=post_processing | partition=0 | offset=156856 | frame_id=None | camera=ppe_test_cam1
2026-07-23 15:51:04,150 - post_processor_0fcd8b3fbf5b - INFO - [DETECT BATCH] START | od=0 | ppe=1
2026-07-23 15:51:04,151 - post_processor_0fcd8b3fbf5b - INFO - [PROCESS PPE DETECTION] camera=ppe_test_cam1 | severity=none | violated=[]
2026-07-23 15:51:04,151 - post_processor_0fcd8b3fbf5b - INFO - [DETECT BATCH] DONE | od=0 | ppe=1
2026-07-23 15:51:04,151 - post_processor_0fcd8b3fbf5b - INFO - PPE meta buffered | camera=ppe_test_cam1 | violation=False
2026-07-23 15:51:04,151 - post_processor_0fcd8b3fbf5b - INFO - PPE frame complete | camera=ppe_test_cam1 | violation=False
2026-07-23 15:51:05,198 - post_processor_0fcd8b3fbf5b - INFO - [FRAME RECEIVED] topic=post_processing | partition=0 | offset=156857 | frame_id=None | camera=ppe_test_cam1
2026-07-23 15:51:05,198 - post_processor_0fcd8b3fbf5b - INFO - [DETECT BATCH] START | od=0 | ppe=1
2026-07-23 15:51:05,198 - post_processor_0fcd8b3fbf5b - INFO - [PROCESS PPE DETECTION] camera=ppe_test_cam1 | severity=none | violated=[]
2026-07-23 15:51:05,199 - post_processor_0fcd8b3fbf5b - INFO - [DETECT BATCH] DONE | od=0 | ppe=1
2026-07-23 15:51:05,199 - post_processor_0fcd8b3fbf5b - INFO - PPE meta buffered | camera=ppe_test_cam1 | violation=False
2026-07-23 15:51:05,199 - post_processor_0fcd8b3fbf5b - INFO - PPE frame complete | camera=ppe_test_cam1 | violation=False
2026-07-23 15:51:06,194 - post_processor_0fcd8b3fbf5b - INFO - [FRAME RECEIVED] topic=post_processing | partition=0 | offset=156858 | frame_id=None | camera=ppe_test_cam1
2026-07-23 15:51:06,194 - post_processor_0fcd8b3fbf5b - INFO - [DETECT BATCH] START | od=0 | ppe=1
2026-07-23 15:51:06,194 - post_processor_0fcd8b3fbf5b - INFO - [PROCESS PPE DETECTION] camera=ppe_test_cam1 | severity=none | violated=[]
2026-07-23 15:51:06,195 - post_processor_0fcd8b3fbf5b - INFO - [DETECT BATCH] DONE | od=0 | ppe=1
2026-07-23 15:51:06,195 - post_processor_0fcd8b3fbf5b - INFO - PPE meta buffered | camera=ppe_test_cam1 | violation=False
2026-07-23 15:51:06,195 - post_processor_0fcd8b3fbf5b - INFO - PPE frame complete | camera=ppe_test_cam1 | violation=False
2026-07-23 15:51:07,161 - post_processor_0fcd8b3fbf5b - INFO - [FRAME RECEIVED] topic=post_processing | partition=0 | offset=156859 | frame_id=None | camera=ppe_test_cam1
2026-07-23 15:51:07,161 - post_processor_0fcd8b3fbf5b - INFO - [DETECT BATCH] START | od=0 | ppe=1
2026-07-23 15:51:07,162 - post_processor_0fcd8b3fbf5b - INFO - [PROCESS PPE DETECTION] camera=ppe_test_cam1 | severity=none | violated=[]
2026-07-23 15:51:07,162 - post_processor_0fcd8b3fbf5b - INFO - [DETECT BATCH] DONE | od=0 | ppe=1
2026-07-23 15:51:07,162 - post_processor_0fcd8b3fbf5b - INFO - PPE meta buffered | camera=ppe_test_cam1 | violation=False
2026-07-23 15:51:07,162 - post_processor_0fcd8b3fbf5b - INFO - PPE frame complete | camera=ppe_test_cam1 | violation=False
2026-07-23 15:51:07,163 - post_processor_0fcd8b3fbf5b - INFO - [FRAME RECEIVED] topic=post_processing | partition=0 | offset=156860 | frame_id=None | camera=ppe_test_cam1
2026-07-23 15:51:07,163 - post_processor_0fcd8b3fbf5b - INFO - [DETECT BATCH] START | od=0 | ppe=1
2026-07-23 15:51:07,163 - post_processor_0fcd8b3fbf5b - INFO - [PROCESS PPE DETECTION] camera=ppe_test_cam1 | severity=none | violated=[]
2026-07-23 15:51:07,163 - post_processor_0fcd8b3fbf5b - INFO - [DETECT BATCH] DONE | od=0 | ppe=1
2026-07-23 15:51:07,163 - post_processor_0fcd8b3fbf5b - INFO - PPE meta buffered | camera=ppe_test_cam1 | violation=False
2026-07-23 15:51:07,163 - post_processor_0fcd8b3fbf5b - INFO - PPE frame complete | camera=ppe_test_cam1 | violation=False
2026-07-23 15:51:32,405 - post_processor_0fcd8b3fbf5b - INFO - [FRAME RECEIVED] topic=post_processing | partition=0 | offset=156861 | frame_id=None | camera=ppe_test_cam1
2026-07-23 15:51:32,441 - post_processor_0fcd8b3fbf5b - INFO - [DETECT BATCH] START | od=0 | ppe=1
2026-07-23 15:51:32,441 - post_processor_0fcd8b3fbf5b - INFO - [PROCESS PPE DETECTION] camera=ppe_test_cam1 | severity=none | violated=[]
2026-07-23 15:51:32,441 - post_processor_0fcd8b3fbf5b - INFO - [DETECT BATCH] DONE | od=0 | ppe=1
2026-07-23 15:51:32,442 - post_processor_0fcd8b3fbf5b - INFO - PPE meta buffered | camera=ppe_test_cam1 | violation=False
2026-07-23 15:51:32,442 - post_processor_0fcd8b3fbf5b - INFO - PPE frame complete | camera=ppe_test_cam1 | violation=False
2026-07-23 15:51:33,242 - post_processor_0fcd8b3fbf5b - INFO - [FRAME RECEIVED] topic=post_processing | partition=0 | offset=156862 | frame_id=None | camera=ppe_test_cam1
2026-07-23 15:51:33,242 - post_processor_0fcd8b3fbf5b - INFO - [DETECT BATCH] START | od=0 | ppe=1
2026-07-23 15:51:33,243 - post_processor_0fcd8b3fbf5b - INFO - [PROCESS PPE DETECTION] camera=ppe_test_cam1 | severity=none | violated=[]
2026-07-23 15:51:33,243 - post_processor_0fcd8b3fbf5b - INFO - [DETECT BATCH] DONE | od=0 | ppe=1
2026-07-23 15:51:33,243 - post_processor_0fcd8b3fbf5b - INFO - PPE meta buffered | camera=ppe_test_cam1 | violation=False
2026-07-23 15:51:33,243 - post_processor_0fcd8b3fbf5b - INFO - PPE frame complete | camera=ppe_test_cam1 | violation=False
2026-07-23 15:51:51,102 - post_processor_0fcd8b3fbf5b - INFO - [FRAME RECEIVED] topic=post_processing | partition=0 | offset=156863 | frame_id=None | camera=ppe_test_cam1
2026-07-23 15:51:51,102 - post_processor_0fcd8b3fbf5b - INFO - [DETECT BATCH] START | od=0 | ppe=1
2026-07-23 15:51:51,102 - post_processor_0fcd8b3fbf5b - INFO - [PROCESS PPE DETECTION] camera=ppe_test_cam1 | severity=low | violated=['No-Shoes', 'No-Shoes']
2026-07-23 15:51:51,106 - post_processor_0fcd8b3fbf5b - INFO - PPE alert image saved | path=/Aksha/ppe_test_cam1/alerts/2026-07-23/2026-07-23 15:51:51.10_alert.jpg
2026-07-23 15:51:51,106 - post_processor_0fcd8b3fbf5b - INFO - [DETECT BATCH] DONE | od=0 | ppe=1
2026-07-23 15:51:51,106 - post_processor_0fcd8b3fbf5b - INFO - PPE meta buffered | camera=ppe_test_cam1 | violation=True
2026-07-23 15:51:51,108 - post_processor_0fcd8b3fbf5b - INFO - ppe_status_check | has_violation=True | validity=True
2026-07-23 15:51:51,108 - post_processor_0fcd8b3fbf5b - INFO - PPE notification approved | camera=ppe_test_cam1 | severity=low
2026-07-23 15:51:51,146 - post_processor_0fcd8b3fbf5b - INFO - PPE MongoDB batch insert | camera=ppe_test_cam1 | count=10
2026-07-23 15:51:51,148 - post_processor_0fcd8b3fbf5b - INFO - PPE notification sent | camera=ppe_test_cam1 | severity=low | topic=notification_service
2026-07-23 15:51:51,151 - post_processor_0fcd8b3fbf5b - INFO - PPE frame complete | camera=ppe_test_cam1 | violation=True
2026-07-23 15:51:51,157 - post_processor_0fcd8b3fbf5b - INFO - Kafka offsets committed | count=10
2026-07-23 15:51:51,159 - post_processor_0fcd8b3fbf5b - INFO - [FRAME RECEIVED] topic=post_processing | partition=0 | offset=156864 | frame_id=None | camera=ppe_test_cam1
2026-07-23 15:51:51,159 - post_processor_0fcd8b3fbf5b - INFO - [DETECT BATCH] START | od=0 | ppe=1
2026-07-23 15:51:51,161 - post_processor_0fcd8b3fbf5b - INFO - [PROCESS PPE DETECTION] camera=ppe_test_cam1 | severity=none | violated=[]
2026-07-23 15:51:51,162 - post_processor_0fcd8b3fbf5b - INFO - [DETECT BATCH] DONE | od=0 | ppe=1
2026-07-23 15:51:51,162 - post_processor_0fcd8b3fbf5b - INFO - PPE meta buffered | camera=ppe_test_cam1 | violation=False
2026-07-23 15:51:51,162 - post_processor_0fcd8b3fbf5b - INFO - PPE frame complete | camera=ppe_test_cam1 | violation=False
2026-07-23 15:51:52,171 - post_processor_0fcd8b3fbf5b - INFO - [FRAME RECEIVED] topic=post_processing | partition=0 | offset=156865 | frame_id=None | camera=ppe_test_cam1
2026-07-23 15:51:52,171 - post_processor_0fcd8b3fbf5b - INFO - [DETECT BATCH] START | od=0 | ppe=1
2026-07-23 15:51:52,171 - post_processor_0fcd8b3fbf5b - INFO - [PROCESS PPE DETECTION] camera=ppe_test_cam1 | severity=low | violated=['No-Shoes', 'No-Shoes']
2026-07-23 15:51:52,175 - post_processor_0fcd8b3fbf5b - INFO - PPE alert image saved | path=/Aksha/ppe_test_cam1/alerts/2026-07-23/2026-07-23 15:51:52.17_alert.jpg
2026-07-23 15:51:52,175 - post_processor_0fcd8b3fbf5b - INFO - [DETECT BATCH] DONE | od=0 | ppe=1
2026-07-23 15:51:52,175 - post_processor_0fcd8b3fbf5b - INFO - PPE meta buffered | camera=ppe_test_cam1 | violation=True
2026-07-23 15:51:52,176 - post_processor_0fcd8b3fbf5b - INFO - ppe_status_check | has_violation=True | validity=False
2026-07-23 15:51:52,176 - post_processor_0fcd8b3fbf5b - INFO - PPE notification suppressed by cooldown | camera=ppe_test_cam1
2026-07-23 15:51:52,176 - post_processor_0fcd8b3fbf5b - INFO - PPE frame complete | camera=ppe_test_cam1 | violation=True
2026-07-23 15:51:52,177 - post_processor_0fcd8b3fbf5b - INFO - [FRAME RECEIVED] topic=post_processing | partition=0 | offset=156866 | frame_id=None | camera=ppe_test_cam1
2026-07-23 15:51:52,177 - post_processor_0fcd8b3fbf5b - INFO - [DETECT BATCH] START | od=0 | ppe=1
2026-07-23 15:51:52,177 - post_processor_0fcd8b3fbf5b - INFO - [PROCESS PPE DETECTION] camera=ppe_test_cam1 | severity=none | violated=[]
2026-07-23 15:51:52,178 - post_processor_0fcd8b3fbf5b - INFO - [DETECT BATCH] DONE | od=0 | ppe=1
2026-07-23 15:51:52,178 - post_processor_0fcd8b3fbf5b - INFO - PPE meta buffered | camera=ppe_test_cam1 | violation=False
2026-07-23 15:51:52,178 - post_processor_0fcd8b3fbf5b - INFO - PPE frame complete | camera=ppe_test_cam1 | violation=False
2026-07-23 15:51:53,061 - post_processor_0fcd8b3fbf5b - INFO - [FRAME RECEIVED] topic=post_processing | partition=0 | offset=156867 | frame_id=None | camera=ppe_test_cam1
2026-07-23 15:51:53,061 - post_processor_0fcd8b3fbf5b - INFO - [DETECT BATCH] START | od=0 | ppe=1
2026-07-23 15:51:53,062 - post_processor_0fcd8b3fbf5b - INFO - [PROCESS PPE DETECTION] camera=ppe_test_cam1 | severity=none | violated=[]
2026-07-23 15:51:53,062 - post_processor_0fcd8b3fbf5b - INFO - [DETECT BATCH] DONE | od=0 | ppe=1
2026-07-23 15:51:53,062 - post_processor_0fcd8b3fbf5b - INFO - PPE meta buffered | camera=ppe_test_cam1 | violation=False
2026-07-23 15:51:53,062 - post_processor_0fcd8b3fbf5b - INFO - PPE frame complete | camera=ppe_test_cam1 | violation=False
2026-07-23 15:51:53,094 - post_processor_0fcd8b3fbf5b - INFO - [FRAME RECEIVED] topic=post_processing | partition=0 | offset=156868 | frame_id=None | camera=ppe_test_cam1
2026-07-23 15:51:53,094 - post_processor_0fcd8b3fbf5b - INFO - [DETECT BATCH] START | od=0 | ppe=1
2026-07-23 15:51:53,095 - post_processor_0fcd8b3fbf5b - INFO - [PROCESS PPE DETECTION] camera=ppe_test_cam1 | severity=low | violated=['No-Shoes', 'No-Shoes']
2026-07-23 15:51:53,097 - post_processor_0fcd8b3fbf5b - INFO - PPE alert image saved | path=/Aksha/ppe_test_cam1/alerts/2026-07-23/2026-07-23 15:51:53.09_alert.jpg
2026-07-23 15:51:53,098 - post_processor_0fcd8b3fbf5b - INFO - [DETECT BATCH] DONE | od=0 | ppe=1
2026-07-23 15:51:53,098 - post_processor_0fcd8b3fbf5b - INFO - PPE meta buffered | camera=ppe_test_cam1 | violation=True
2026-07-23 15:51:53,098 - post_processor_0fcd8b3fbf5b - INFO - ppe_status_check | has_violation=True | validity=False
2026-07-23 15:51:53,098 - post_processor_0fcd8b3fbf5b - INFO - PPE notification suppressed by cooldown | camera=ppe_test_cam1
2026-07-23 15:51:53,099 - post_processor_0fcd8b3fbf5b - INFO - PPE frame complete | camera=ppe_test_cam1 | violation=True
2026-07-23 15:51:54,235 - post_processor_0fcd8b3fbf5b - INFO - [FRAME RECEIVED] topic=post_processing | partition=0 | offset=156869 | frame_id=None | camera=ppe_test_cam1
2026-07-23 15:51:54,235 - post_processor_0fcd8b3fbf5b - INFO - [DETECT BATCH] START | od=0 | ppe=1
2026-07-23 15:51:54,235 - post_processor_0fcd8b3fbf5b - INFO - [PROCESS PPE DETECTION] camera=ppe_test_cam1 | severity=none | violated=[]
2026-07-23 15:51:54,236 - post_processor_0fcd8b3fbf5b - INFO - [DETECT BATCH] DONE | od=0 | ppe=1
2026-07-23 15:51:54,236 - post_processor_0fcd8b3fbf5b - INFO - PPE meta buffered | camera=ppe_test_cam1 | violation=False
2026-07-23 15:51:54,236 - post_processor_0fcd8b3fbf5b - INFO - PPE frame complete | camera=ppe_test_cam1 | violation=False
2026-07-23 15:51:54,269 - post_processor_0fcd8b3fbf5b - INFO - [FRAME RECEIVED] topic=post_processing | partition=0 | offset=156870 | frame_id=None | camera=ppe_test_cam1
2026-07-23 15:51:54,269 - post_processor_0fcd8b3fbf5b - INFO - [DETECT BATCH] START | od=0 | ppe=1
2026-07-23 15:51:54,269 - post_processor_0fcd8b3fbf5b - INFO - [PROCESS PPE DETECTION] camera=ppe_test_cam1 | severity=low | violated=['No-Shoes', 'No-Shoes']
2026-07-23 15:51:54,272 - post_processor_0fcd8b3fbf5b - INFO - PPE alert image saved | path=/Aksha/ppe_test_cam1/alerts/2026-07-23/2026-07-23 15:51:54.27_alert.jpg
2026-07-23 15:51:54,272 - post_processor_0fcd8b3fbf5b - INFO - [DETECT BATCH] DONE | od=0 | ppe=1
2026-07-23 15:51:54,272 - post_processor_0fcd8b3fbf5b - INFO - PPE meta buffered | camera=ppe_test_cam1 | violation=True
2026-07-23 15:51:54,273 - post_processor_0fcd8b3fbf5b - INFO - ppe_status_check | has_violation=True | validity=False
2026-07-23 15:51:54,273 - post_processor_0fcd8b3fbf5b - INFO - PPE notification suppressed by cooldown | camera=ppe_test_cam1
2026-07-23 15:51:54,273 - post_processor_0fcd8b3fbf5b - INFO - PPE frame complete | camera=ppe_test_cam1 | violation=True
2026-07-23 15:51:55,172 - post_processor_0fcd8b3fbf5b - INFO - [FRAME RECEIVED] topic=post_processing | partition=0 | offset=156871 | frame_id=None | camera=ppe_test_cam1
2026-07-23 15:51:55,173 - post_processor_0fcd8b3fbf5b - INFO - [DETECT BATCH] START | od=0 | ppe=1
2026-07-23 15:51:55,174 - post_processor_0fcd8b3fbf5b - INFO - [PROCESS PPE DETECTION] camera=ppe_test_cam1 | severity=none | violated=[]
2026-07-23 15:51:55,174 - post_processor_0fcd8b3fbf5b - INFO - [DETECT BATCH] DONE | od=0 | ppe=1
2026-07-23 15:51:55,174 - post_processor_0fcd8b3fbf5b - INFO - PPE meta buffered | camera=ppe_test_cam1 | violation=False
2026-07-23 15:51:55,174 - post_processor_0fcd8b3fbf5b - INFO - PPE frame complete | camera=ppe_test_cam1 | violation=False
2026-07-23 15:52:00,076 - post_processor_0fcd8b3fbf5b - INFO - [FRAME RECEIVED] topic=post_processing | partition=0 | offset=156872 | frame_id=None | camera=ppe_test_cam1
2026-07-23 15:52:00,076 - post_processor_0fcd8b3fbf5b - INFO - [DETECT BATCH] START | od=0 | ppe=1
2026-07-23 15:52:00,076 - post_processor_0fcd8b3fbf5b - INFO - [PROCESS PPE DETECTION] camera=ppe_test_cam1 | severity=none | violated=[]
2026-07-23 15:52:00,077 - post_processor_0fcd8b3fbf5b - INFO - [DETECT BATCH] DONE | od=0 | ppe=1
2026-07-23 15:52:00,077 - post_processor_0fcd8b3fbf5b - INFO - PPE meta buffered | camera=ppe_test_cam1 | violation=False
2026-07-23 15:52:00,077 - post_processor_0fcd8b3fbf5b - INFO - PPE frame complete | camera=ppe_test_cam1 | violation=False
2026-07-23 15:52:01,149 - post_processor_0fcd8b3fbf5b - INFO - [FRAME RECEIVED] topic=post_processing | partition=0 | offset=156873 | frame_id=None | camera=ppe_test_cam1
2026-07-23 15:52:01,149 - post_processor_0fcd8b3fbf5b - INFO - [DETECT BATCH] START | od=0 | ppe=1
2026-07-23 15:52:01,149 - post_processor_0fcd8b3fbf5b - INFO - [PROCESS PPE DETECTION] camera=ppe_test_cam1 | severity=none | violated=[]
2026-07-23 15:52:01,150 - post_processor_0fcd8b3fbf5b - INFO - [DETECT BATCH] DONE | od=0 | ppe=1
2026-07-23 15:52:01,150 - post_processor_0fcd8b3fbf5b - INFO - PPE meta buffered | camera=ppe_test_cam1 | violation=False
2026-07-23 15:52:01,169 - post_processor_0fcd8b3fbf5b - INFO - PPE MongoDB batch insert | camera=ppe_test_cam1 | count=10
2026-07-23 15:52:01,169 - post_processor_0fcd8b3fbf5b - INFO - PPE frame complete | camera=ppe_test_cam1 | violation=False
2026-07-23 15:52:01,170 - post_processor_0fcd8b3fbf5b - INFO - Kafka offsets committed | count=10
2026-07-23 15:52:02,075 - post_processor_0fcd8b3fbf5b - INFO - [FRAME RECEIVED] topic=post_processing | partition=0 | offset=156874 | frame_id=None | camera=ppe_test_cam1
2026-07-23 15:52:02,075 - post_processor_0fcd8b3fbf5b - INFO - [DETECT BATCH] START | od=0 | ppe=1
2026-07-23 15:52:02,075 - post_processor_0fcd8b3fbf5b - INFO - [PROCESS PPE DETECTION] camera=ppe_test_cam1 | severity=none | violated=[]
2026-07-23 15:52:02,076 - post_processor_0fcd8b3fbf5b - INFO - [DETECT BATCH] DONE | od=0 | ppe=1
2026-07-23 15:52:02,076 - post_processor_0fcd8b3fbf5b - INFO - PPE meta buffered | camera=ppe_test_cam1 | violation=False
2026-07-23 15:52:02,076 - post_processor_0fcd8b3fbf5b - INFO - PPE frame complete | camera=ppe_test_cam1 | violation=False
2026-07-23 15:52:03,126 - post_processor_0fcd8b3fbf5b - INFO - [FRAME RECEIVED] topic=post_processing | partition=0 | offset=156875 | frame_id=None | camera=ppe_test_cam1
2026-07-23 15:52:03,127 - post_processor_0fcd8b3fbf5b - INFO - [DETECT BATCH] START | od=0 | ppe=1
2026-07-23 15:52:03,127 - post_processor_0fcd8b3fbf5b - INFO - [PROCESS PPE DETECTION] camera=ppe_test_cam1 | severity=none | violated=[]
2026-07-23 15:52:03,127 - post_processor_0fcd8b3fbf5b - INFO - [DETECT BATCH] DONE | od=0 | ppe=1
2026-07-23 15:52:03,127 - post_processor_0fcd8b3fbf5b - INFO - PPE meta buffered | camera=ppe_test_cam1 | violation=False
2026-07-23 15:52:03,127 - post_processor_0fcd8b3fbf5b - INFO - PPE frame complete | camera=ppe_test_cam1 | violation=False
2026-07-23 15:52:04,124 - post_processor_0fcd8b3fbf5b - INFO - [FRAME RECEIVED] topic=post_processing | partition=0 | offset=156876 | frame_id=None | camera=ppe_test_cam1
2026-07-23 15:52:04,124 - post_processor_0fcd8b3fbf5b - INFO - [DETECT BATCH] START | od=0 | ppe=1
2026-07-23 15:52:04,125 - post_processor_0fcd8b3fbf5b - INFO - [PROCESS PPE DETECTION] camera=ppe_test_cam1 | severity=none | violated=[]
2026-07-23 15:52:04,125 - post_processor_0fcd8b3fbf5b - INFO - [DETECT BATCH] DONE | od=0 | ppe=1
2026-07-23 15:52:04,125 - post_processor_0fcd8b3fbf5b - INFO - PPE meta buffered | camera=ppe_test_cam1 | violation=False
2026-07-23 15:52:04,126 - post_processor_0fcd8b3fbf5b - INFO - PPE frame complete | camera=ppe_test_cam1 | violation=False
2026-07-23 15:52:05,114 - post_processor_0fcd8b3fbf5b - INFO - [FRAME RECEIVED] topic=post_processing | partition=0 | offset=156877 | frame_id=None | camera=ppe_test_cam1
2026-07-23 15:52:05,114 - post_processor_0fcd8b3fbf5b - INFO - [DETECT BATCH] START | od=0 | ppe=1
2026-07-23 15:52:05,115 - post_processor_0fcd8b3fbf5b - INFO - [PROCESS PPE DETECTION] camera=ppe_test_cam1 | severity=none | violated=[]
2026-07-23 15:52:05,115 - post_processor_0fcd8b3fbf5b - INFO - [DETECT BATCH] DONE | od=0 | ppe=1
2026-07-23 15:52:05,115 - post_processor_0fcd8b3fbf5b - INFO - PPE meta buffered | camera=ppe_test_cam1 | violation=False
2026-07-23 15:52:05,115 - post_processor_0fcd8b3fbf5b - INFO - PPE frame complete | camera=ppe_test_cam1 | violation=False
2026-07-23 15:52:06,055 - post_processor_0fcd8b3fbf5b - INFO - [FRAME RECEIVED] topic=post_processing | partition=0 | offset=156878 | frame_id=None | camera=ppe_test_cam1
2026-07-23 15:52:06,055 - post_processor_0fcd8b3fbf5b - INFO - [DETECT BATCH] START | od=0 | ppe=1
2026-07-23 15:52:06,056 - post_processor_0fcd8b3fbf5b - INFO - [PROCESS PPE DETECTION] camera=ppe_test_cam1 | severity=none | violated=[]
2026-07-23 15:52:06,056 - post_processor_0fcd8b3fbf5b - INFO - [DETECT BATCH] DONE | od=0 | ppe=1
2026-07-23 15:52:06,057 - post_processor_0fcd8b3fbf5b - INFO - PPE meta buffered | camera=ppe_test_cam1 | violation=False
2026-07-23 15:52:06,057 - post_processor_0fcd8b3fbf5b - INFO - PPE frame complete | camera=ppe_test_cam1 | violation=False
2026-07-23 15:52:07,135 - post_processor_0fcd8b3fbf5b - INFO - [FRAME RECEIVED] topic=post_processing | partition=0 | offset=156879 | frame_id=None | camera=ppe_test_cam1
2026-07-23 15:52:07,135 - post_processor_0fcd8b3fbf5b - INFO - [DETECT BATCH] START | od=0 | ppe=1
2026-07-23 15:52:07,135 - post_processor_0fcd8b3fbf5b - INFO - [PROCESS PPE DETECTION] camera=ppe_test_cam1 | severity=none | violated=[]
2026-07-23 15:52:07,136 - post_processor_0fcd8b3fbf5b - INFO - [DETECT BATCH] DONE | od=0 | ppe=1
2026-07-23 15:52:07,136 - post_processor_0fcd8b3fbf5b - INFO - PPE meta buffered | camera=ppe_test_cam1 | violation=False
2026-07-23 15:52:07,136 - post_processor_0fcd8b3fbf5b - INFO - PPE frame complete | camera=ppe_test_cam1 | violation=False
2026-07-23 15:52:07,173 - post_processor_0fcd8b3fbf5b - INFO - [FRAME RECEIVED] topic=post_processing | partition=0 | offset=156880 | frame_id=None | camera=ppe_test_cam1
2026-07-23 15:52:07,173 - post_processor_0fcd8b3fbf5b - INFO - [DETECT BATCH] START | od=0 | ppe=1
2026-07-23 15:52:07,174 - post_processor_0fcd8b3fbf5b - INFO - [PROCESS PPE DETECTION] camera=ppe_test_cam1 | severity=none | violated=[]
2026-07-23 15:52:07,174 - post_processor_0fcd8b3fbf5b - INFO - [DETECT BATCH] DONE | od=0 | ppe=1
2026-07-23 15:52:07,174 - post_processor_0fcd8b3fbf5b - INFO - PPE meta buffered | camera=ppe_test_cam1 | violation=False
2026-07-23 15:52:07,174 - post_processor_0fcd8b3fbf5b - INFO - PPE frame complete | camera=ppe_test_cam1 | violation=False
2026-07-23 15:52:32,227 - post_processor_0fcd8b3fbf5b - INFO - [FRAME RECEIVED] topic=post_processing | partition=0 | offset=156881 | frame_id=None | camera=ppe_test_cam1
2026-07-23 15:52:32,227 - post_processor_0fcd8b3fbf5b - INFO - [DETECT BATCH] START | od=0 | ppe=1
2026-07-23 15:52:32,227 - post_processor_0fcd8b3fbf5b - INFO - [PROCESS PPE DETECTION] camera=ppe_test_cam1 | severity=none | violated=[]
2026-07-23 15:52:32,227 - post_processor_0fcd8b3fbf5b - INFO - [DETECT BATCH] DONE | od=0 | ppe=1
2026-07-23 15:52:32,228 - post_processor_0fcd8b3fbf5b - INFO - PPE meta buffered | camera=ppe_test_cam1 | violation=False
2026-07-23 15:52:32,228 - post_processor_0fcd8b3fbf5b - INFO - PPE frame complete | camera=ppe_test_cam1 | violation=False
2026-07-23 15:52:33,235 - post_processor_0fcd8b3fbf5b - INFO - [FRAME RECEIVED] topic=post_processing | partition=0 | offset=156882 | frame_id=None | camera=ppe_test_cam1
2026-07-23 15:52:33,236 - post_processor_0fcd8b3fbf5b - INFO - [DETECT BATCH] START | od=0 | ppe=1
2026-07-23 15:52:33,241 - post_processor_0fcd8b3fbf5b - INFO - [PROCESS PPE DETECTION] camera=ppe_test_cam1 | severity=none | violated=[]
2026-07-23 15:52:33,241 - post_processor_0fcd8b3fbf5b - INFO - [DETECT BATCH] DONE | od=0 | ppe=1
2026-07-23 15:52:33,241 - post_processor_0fcd8b3fbf5b - INFO - PPE meta buffered | camera=ppe_test_cam1 | violation=False
2026-07-23 15:52:33,241 - post_processor_0fcd8b3fbf5b - INFO - PPE frame complete | camera=ppe_test_cam1 | violation=False
2026-07-23 15:52:51,156 - post_processor_0fcd8b3fbf5b - INFO - [FRAME RECEIVED] topic=post_processing | partition=0 | offset=156883 | frame_id=None | camera=ppe_test_cam1
2026-07-23 15:52:51,157 - post_processor_0fcd8b3fbf5b - INFO - [DETECT BATCH] START | od=0 | ppe=1
2026-07-23 15:52:51,157 - post_processor_0fcd8b3fbf5b - INFO - [PROCESS PPE DETECTION] camera=ppe_test_cam1 | severity=none | violated=[]
2026-07-23 15:52:51,158 - post_processor_0fcd8b3fbf5b - INFO - [DETECT BATCH] DONE | od=0 | ppe=1
2026-07-23 15:52:51,158 - post_processor_0fcd8b3fbf5b - INFO - PPE meta buffered | camera=ppe_test_cam1 | violation=False
2026-07-23 15:52:51,215 - post_processor_0fcd8b3fbf5b - INFO - PPE MongoDB batch insert | camera=ppe_test_cam1 | count=10
2026-07-23 15:52:51,215 - post_processor_0fcd8b3fbf5b - INFO - PPE frame complete | camera=ppe_test_cam1 | violation=False
2026-07-23 15:52:51,216 - post_processor_0fcd8b3fbf5b - INFO - Kafka offsets committed | count=10
2026-07-23 15:52:51,216 - post_processor_0fcd8b3fbf5b - INFO - [FRAME RECEIVED] topic=post_processing | partition=0 | offset=156884 | frame_id=None | camera=ppe_test_cam1
2026-07-23 15:52:51,216 - post_processor_0fcd8b3fbf5b - INFO - [DETECT BATCH] START | od=0 | ppe=1
2026-07-23 15:52:51,217 - post_processor_0fcd8b3fbf5b - INFO - [PROCESS PPE DETECTION] camera=ppe_test_cam1 | severity=low | violated=['No-Shoes', 'No-Shoes']
2026-07-23 15:52:51,219 - post_processor_0fcd8b3fbf5b - INFO - PPE alert image saved | path=/Aksha/ppe_test_cam1/alerts/2026-07-23/2026-07-23 15:52:51.21_alert.jpg
2026-07-23 15:52:51,220 - post_processor_0fcd8b3fbf5b - INFO - [DETECT BATCH] DONE | od=0 | ppe=1
2026-07-23 15:52:51,220 - post_processor_0fcd8b3fbf5b - INFO - PPE meta buffered | camera=ppe_test_cam1 | violation=True
2026-07-23 15:52:51,220 - post_processor_0fcd8b3fbf5b - INFO - ppe_status_check | has_violation=True | validity=True
2026-07-23 15:52:51,220 - post_processor_0fcd8b3fbf5b - INFO - PPE notification approved | camera=ppe_test_cam1 | severity=low
2026-07-23 15:52:51,220 - post_processor_0fcd8b3fbf5b - INFO - PPE notification sent | camera=ppe_test_cam1 | severity=low | topic=notification_service
2026-07-23 15:52:51,221 - post_processor_0fcd8b3fbf5b - INFO - PPE frame complete | camera=ppe_test_cam1 | violation=True
2026-07-23 15:52:52,110 - post_processor_0fcd8b3fbf5b - INFO - [FRAME RECEIVED] topic=post_processing | partition=0 | offset=156885 | frame_id=None | camera=ppe_test_cam1
2026-07-23 15:52:52,110 - post_processor_0fcd8b3fbf5b - INFO - [DETECT BATCH] START | od=0 | ppe=1
2026-07-23 15:52:52,110 - post_processor_0fcd8b3fbf5b - INFO - [PROCESS PPE DETECTION] camera=ppe_test_cam1 | severity=none | violated=[]
2026-07-23 15:52:52,110 - post_processor_0fcd8b3fbf5b - INFO - [DETECT BATCH] DONE | od=0 | ppe=1
2026-07-23 15:52:52,110 - post_processor_0fcd8b3fbf5b - INFO - PPE meta buffered | camera=ppe_test_cam1 | violation=False
2026-07-23 15:52:52,110 - post_processor_0fcd8b3fbf5b - INFO - PPE frame complete | camera=ppe_test_cam1 | violation=False
2026-07-23 15:52:52,141 - post_processor_0fcd8b3fbf5b - INFO - [FRAME RECEIVED] topic=post_processing | partition=0 | offset=156886 | frame_id=None | camera=ppe_test_cam1
2026-07-23 15:52:52,141 - post_processor_0fcd8b3fbf5b - INFO - [DETECT BATCH] START | od=0 | ppe=1
2026-07-23 15:52:52,142 - post_processor_0fcd8b3fbf5b - INFO - [PROCESS PPE DETECTION] camera=ppe_test_cam1 | severity=low | violated=['No-Shoes', 'No-Shoes']
2026-07-23 15:52:52,146 - post_processor_0fcd8b3fbf5b - INFO - PPE alert image saved | path=/Aksha/ppe_test_cam1/alerts/2026-07-23/2026-07-23 15:52:52.14_alert.jpg
2026-07-23 15:52:52,146 - post_processor_0fcd8b3fbf5b - INFO - [DETECT BATCH] DONE | od=0 | ppe=1
2026-07-23 15:52:52,146 - post_processor_0fcd8b3fbf5b - INFO - PPE meta buffered | camera=ppe_test_cam1 | violation=True
2026-07-23 15:52:52,147 - post_processor_0fcd8b3fbf5b - INFO - ppe_status_check | has_violation=True | validity=False
2026-07-23 15:52:52,147 - post_processor_0fcd8b3fbf5b - INFO - PPE notification suppressed by cooldown | camera=ppe_test_cam1
2026-07-23 15:52:52,147 - post_processor_0fcd8b3fbf5b - INFO - PPE frame complete | camera=ppe_test_cam1 | violation=True
2026-07-23 15:52:53,142 - post_processor_0fcd8b3fbf5b - INFO - [FRAME RECEIVED] topic=post_processing | partition=0 | offset=156887 | frame_id=None | camera=ppe_test_cam1
2026-07-23 15:52:53,142 - post_processor_0fcd8b3fbf5b - INFO - [DETECT BATCH] START | od=0 | ppe=1
2026-07-23 15:52:53,142 - post_processor_0fcd8b3fbf5b - INFO - [PROCESS PPE DETECTION] camera=ppe_test_cam1 | severity=none | violated=[]
2026-07-23 15:52:53,142 - post_processor_0fcd8b3fbf5b - INFO - [DETECT BATCH] DONE | od=0 | ppe=1
2026-07-23 15:52:53,142 - post_processor_0fcd8b3fbf5b - INFO - PPE meta buffered | camera=ppe_test_cam1 | violation=False
2026-07-23 15:52:53,142 - post_processor_0fcd8b3fbf5b - INFO - PPE frame complete | camera=ppe_test_cam1 | violation=False
2026-07-23 15:52:53,176 - post_processor_0fcd8b3fbf5b - INFO - [FRAME RECEIVED] topic=post_processing | partition=0 | offset=156888 | frame_id=None | camera=ppe_test_cam1
2026-07-23 15:52:53,176 - post_processor_0fcd8b3fbf5b - INFO - [DETECT BATCH] START | od=0 | ppe=1
2026-07-23 15:52:53,176 - post_processor_0fcd8b3fbf5b - INFO - [PROCESS PPE DETECTION] camera=ppe_test_cam1 | severity=low | violated=['No-Shoes', 'No-Shoes']
2026-07-23 15:52:53,179 - post_processor_0fcd8b3fbf5b - INFO - PPE alert image saved | path=/Aksha/ppe_test_cam1/alerts/2026-07-23/2026-07-23 15:52:53.17_alert.jpg
2026-07-23 15:52:53,179 - post_processor_0fcd8b3fbf5b - INFO - [DETECT BATCH] DONE | od=0 | ppe=1
2026-07-23 15:52:53,180 - post_processor_0fcd8b3fbf5b - INFO - PPE meta buffered | camera=ppe_test_cam1 | violation=True
2026-07-23 15:52:53,180 - post_processor_0fcd8b3fbf5b - INFO - ppe_status_check | has_violation=True | validity=False
2026-07-23 15:52:53,180 - post_processor_0fcd8b3fbf5b - INFO - PPE notification suppressed by cooldown | camera=ppe_test_cam1
2026-07-23 15:52:53,180 - post_processor_0fcd8b3fbf5b - INFO - PPE frame complete | camera=ppe_test_cam1 | violation=True
2026-07-23 15:52:54,197 - post_processor_0fcd8b3fbf5b - INFO - [FRAME RECEIVED] topic=post_processing | partition=0 | offset=156889 | frame_id=None | camera=ppe_test_cam1
2026-07-23 15:52:54,197 - post_processor_0fcd8b3fbf5b - INFO - [DETECT BATCH] START | od=0 | ppe=1
2026-07-23 15:52:54,198 - post_processor_0fcd8b3fbf5b - INFO - [PROCESS PPE DETECTION] camera=ppe_test_cam1 | severity=none | violated=[]
2026-07-23 15:52:54,198 - post_processor_0fcd8b3fbf5b - INFO - [DETECT BATCH] DONE | od=0 | ppe=1
2026-07-23 15:52:54,198 - post_processor_0fcd8b3fbf5b - INFO - PPE meta buffered | camera=ppe_test_cam1 | violation=False
2026-07-23 15:52:54,198 - post_processor_0fcd8b3fbf5b - INFO - PPE frame complete | camera=ppe_test_cam1 | violation=False
2026-07-23 15:52:54,230 - post_processor_0fcd8b3fbf5b - INFO - [FRAME RECEIVED] topic=post_processing | partition=0 | offset=156890 | frame_id=None | camera=ppe_test_cam1
2026-07-23 15:52:54,230 - post_processor_0fcd8b3fbf5b - INFO - [DETECT BATCH] START | od=0 | ppe=1
2026-07-23 15:52:54,230 - post_processor_0fcd8b3fbf5b - INFO - [PROCESS PPE DETECTION] camera=ppe_test_cam1 | severity=low | violated=['No-Shoes', 'No-Shoes']
2026-07-23 15:52:54,233 - post_processor_0fcd8b3fbf5b - INFO - PPE alert image saved | path=/Aksha/ppe_test_cam1/alerts/2026-07-23/2026-07-23 15:52:54.23_alert.jpg
2026-07-23 15:52:54,233 - post_processor_0fcd8b3fbf5b - INFO - [DETECT BATCH] DONE | od=0 | ppe=1
2026-07-23 15:52:54,233 - post_processor_0fcd8b3fbf5b - INFO - PPE meta buffered | camera=ppe_test_cam1 | violation=True
2026-07-23 15:52:54,234 - post_processor_0fcd8b3fbf5b - INFO - ppe_status_check | has_violation=True | validity=False
2026-07-23 15:52:54,234 - post_processor_0fcd8b3fbf5b - INFO - PPE notification suppressed by cooldown | camera=ppe_test_cam1
2026-07-23 15:52:54,234 - post_processor_0fcd8b3fbf5b - INFO - PPE frame complete | camera=ppe_test_cam1 | violation=True
2026-07-23 15:52:55,145 - post_processor_0fcd8b3fbf5b - INFO - [FRAME RECEIVED] topic=post_processing | partition=0 | offset=156891 | frame_id=None | camera=ppe_test_cam1
2026-07-23 15:52:55,145 - post_processor_0fcd8b3fbf5b - INFO - [DETECT BATCH] START | od=0 | ppe=1
2026-07-23 15:52:55,145 - post_processor_0fcd8b3fbf5b - INFO - [PROCESS PPE DETECTION] camera=ppe_test_cam1 | severity=none | violated=[]
2026-07-23 15:52:55,145 - post_processor_0fcd8b3fbf5b - INFO - [DETECT BATCH] DONE | od=0 | ppe=1
2026-07-23 15:52:55,145 - post_processor_0fcd8b3fbf5b - INFO - PPE meta buffered | camera=ppe_test_cam1 | violation=False
2026-07-23 15:52:55,145 - post_processor_0fcd8b3fbf5b - INFO - PPE frame complete | camera=ppe_test_cam1 | violation=False
2026-07-23 15:53:00,199 - post_processor_0fcd8b3fbf5b - INFO - [FRAME RECEIVED] topic=post_processing | partition=0 | offset=156892 | frame_id=None | camera=ppe_test_cam1
2026-07-23 15:53:00,199 - post_processor_0fcd8b3fbf5b - INFO - [DETECT BATCH] START | od=0 | ppe=1
2026-07-23 15:53:00,200 - post_processor_0fcd8b3fbf5b - INFO - [PROCESS PPE DETECTION] camera=ppe_test_cam1 | severity=none | violated=[]
2026-07-23 15:53:00,200 - post_processor_0fcd8b3fbf5b - INFO - [DETECT BATCH] DONE | od=0 | ppe=1
2026-07-23 15:53:00,200 - post_processor_0fcd8b3fbf5b - INFO - PPE meta buffered | camera=ppe_test_cam1 | violation=False
2026-07-23 15:53:00,200 - post_processor_0fcd8b3fbf5b - INFO - PPE frame complete | camera=ppe_test_cam1 | violation=False
2026-07-23 15:53:01,082 - post_processor_0fcd8b3fbf5b - INFO - [FRAME RECEIVED] topic=post_processing | partition=0 | offset=156893 | frame_id=None | camera=ppe_test_cam1
2026-07-23 15:53:01,082 - post_processor_0fcd8b3fbf5b - INFO - [DETECT BATCH] START | od=0 | ppe=1
2026-07-23 15:53:01,083 - post_processor_0fcd8b3fbf5b - INFO - [PROCESS PPE DETECTION] camera=ppe_test_cam1 | severity=none | violated=[]
2026-07-23 15:53:01,084 - post_processor_0fcd8b3fbf5b - INFO - [DETECT BATCH] DONE | od=0 | ppe=1
2026-07-23 15:53:01,084 - post_processor_0fcd8b3fbf5b - INFO - PPE meta buffered | camera=ppe_test_cam1 | violation=False
2026-07-23 15:53:01,129 - post_processor_0fcd8b3fbf5b - INFO - PPE MongoDB batch insert | camera=ppe_test_cam1 | count=10
2026-07-23 15:53:01,129 - post_processor_0fcd8b3fbf5b - INFO - PPE frame complete | camera=ppe_test_cam1 | violation=False
2026-07-23 15:53:01,130 - post_processor_0fcd8b3fbf5b - INFO - Kafka offsets committed | count=10
2026-07-23 15:53:02,139 - post_processor_0fcd8b3fbf5b - INFO - [FRAME RECEIVED] topic=post_processing | partition=0 | offset=156894 | frame_id=None | camera=ppe_test_cam1
2026-07-23 15:53:02,139 - post_processor_0fcd8b3fbf5b - INFO - [DETECT BATCH] START | od=0 | ppe=1
2026-07-23 15:53:02,139 - post_processor_0fcd8b3fbf5b - INFO - [PROCESS PPE DETECTION] camera=ppe_test_cam1 | severity=none | violated=[]
2026-07-23 15:53:02,139 - post_processor_0fcd8b3fbf5b - INFO - [DETECT BATCH] DONE | od=0 | ppe=1
2026-07-23 15:53:02,140 - post_processor_0fcd8b3fbf5b - INFO - PPE meta buffered | camera=ppe_test_cam1 | violation=False
2026-07-23 15:53:02,140 - post_processor_0fcd8b3fbf5b - INFO - PPE frame complete | camera=ppe_test_cam1 | violation=False
2026-07-23 15:53:03,202 - post_processor_0fcd8b3fbf5b - INFO - [FRAME RECEIVED] topic=post_processing | partition=0 | offset=156895 | frame_id=None | camera=ppe_test_cam1
2026-07-23 15:53:03,202 - post_processor_0fcd8b3fbf5b - INFO - [DETECT BATCH] START | od=0 | ppe=1
2026-07-23 15:53:03,202 - post_processor_0fcd8b3fbf5b - INFO - [PROCESS PPE DETECTION] camera=ppe_test_cam1 | severity=none | violated=[]
2026-07-23 15:53:03,202 - post_processor_0fcd8b3fbf5b - INFO - [DETECT BATCH] DONE | od=0 | ppe=1
2026-07-23 15:53:03,203 - post_processor_0fcd8b3fbf5b - INFO - PPE meta buffered | camera=ppe_test_cam1 | violation=False
2026-07-23 15:53:03,203 - post_processor_0fcd8b3fbf5b - INFO - PPE frame complete | camera=ppe_test_cam1 | violation=False
2026-07-23 15:53:04,181 - post_processor_0fcd8b3fbf5b - INFO - [FRAME RECEIVED] topic=post_processing | partition=0 | offset=156896 | frame_id=None | camera=ppe_test_cam1
2026-07-23 15:53:04,181 - post_processor_0fcd8b3fbf5b - INFO - [DETECT BATCH] START | od=0 | ppe=1
2026-07-23 15:53:04,182 - post_processor_0fcd8b3fbf5b - INFO - [PROCESS PPE DETECTION] camera=ppe_test_cam1 | severity=none | violated=[]
2026-07-23 15:53:04,182 - post_processor_0fcd8b3fbf5b - INFO - [DETECT BATCH] DONE | od=0 | ppe=1
2026-07-23 15:53:04,182 - post_processor_0fcd8b3fbf5b - INFO - PPE meta buffered | camera=ppe_test_cam1 | violation=False
2026-07-23 15:53:04,182 - post_processor_0fcd8b3fbf5b - INFO - PPE frame complete | camera=ppe_test_cam1 | violation=False
2026-07-23 15:53:05,164 - post_processor_0fcd8b3fbf5b - INFO - [FRAME RECEIVED] topic=post_processing | partition=0 | offset=156897 | frame_id=None | camera=ppe_test_cam1
2026-07-23 15:53:05,164 - post_processor_0fcd8b3fbf5b - INFO - [DETECT BATCH] START | od=0 | ppe=1
2026-07-23 15:53:05,164 - post_processor_0fcd8b3fbf5b - INFO - [PROCESS PPE DETECTION] camera=ppe_test_cam1 | severity=none | violated=[]
2026-07-23 15:53:05,165 - post_processor_0fcd8b3fbf5b - INFO - [DETECT BATCH] DONE | od=0 | ppe=1
2026-07-23 15:53:05,165 - post_processor_0fcd8b3fbf5b - INFO - PPE meta buffered | camera=ppe_test_cam1 | violation=False
2026-07-23 15:53:05,165 - post_processor_0fcd8b3fbf5b - INFO - PPE frame complete | camera=ppe_test_cam1 | violation=False
2026-07-23 15:53:06,163 - post_processor_0fcd8b3fbf5b - INFO - [FRAME RECEIVED] topic=post_processing | partition=0 | offset=156898 | frame_id=None | camera=ppe_test_cam1
2026-07-23 15:53:06,163 - post_processor_0fcd8b3fbf5b - INFO - [DETECT BATCH] START | od=0 | ppe=1
2026-07-23 15:53:06,164 - post_processor_0fcd8b3fbf5b - INFO - [PROCESS PPE DETECTION] camera=ppe_test_cam1 | severity=none | violated=[]
2026-07-23 15:53:06,165 - post_processor_0fcd8b3fbf5b - INFO - [DETECT BATCH] DONE | od=0 | ppe=1
2026-07-23 15:53:06,165 - post_processor_0fcd8b3fbf5b - INFO - PPE meta buffered | camera=ppe_test_cam1 | violation=False
2026-07-23 15:53:06,165 - post_processor_0fcd8b3fbf5b - INFO - PPE frame complete | camera=ppe_test_cam1 | violation=False
2026-07-23 15:53:07,210 - post_processor_0fcd8b3fbf5b - INFO - [FRAME RECEIVED] topic=post_processing | partition=0 | offset=156899 | frame_id=None | camera=ppe_test_cam1
2026-07-23 15:53:07,210 - post_processor_0fcd8b3fbf5b - INFO - [DETECT BATCH] START | od=0 | ppe=1
2026-07-23 15:53:07,210 - post_processor_0fcd8b3fbf5b - INFO - [PROCESS PPE DETECTION] camera=ppe_test_cam1 | severity=none | violated=[]
2026-07-23 15:53:07,211 - post_processor_0fcd8b3fbf5b - INFO - [DETECT BATCH] DONE | od=0 | ppe=1
2026-07-23 15:53:07,211 - post_processor_0fcd8b3fbf5b - INFO - PPE meta buffered | camera=ppe_test_cam1 | violation=False
2026-07-23 15:53:07,211 - post_processor_0fcd8b3fbf5b - INFO - PPE frame complete | camera=ppe_test_cam1 | violation=False
2026-07-23 15:53:07,212 - post_processor_0fcd8b3fbf5b - INFO - [FRAME RECEIVED] topic=post_processing | partition=0 | offset=156900 | frame_id=None | camera=ppe_test_cam1
2026-07-23 15:53:07,212 - post_processor_0fcd8b3fbf5b - INFO - [DETECT BATCH] START | od=0 | ppe=1
2026-07-23 15:53:07,212 - post_processor_0fcd8b3fbf5b - INFO - [PROCESS PPE DETECTION] camera=ppe_test_cam1 | severity=none | violated=[]
2026-07-23 15:53:07,213 - post_processor_0fcd8b3fbf5b - INFO - [DETECT BATCH] DONE | od=0 | ppe=1
2026-07-23 15:53:07,213 - post_processor_0fcd8b3fbf5b - INFO - PPE meta buffered | camera=ppe_test_cam1 | violation=False
2026-07-23 15:53:07,213 - post_processor_0fcd8b3fbf5b - INFO - PPE frame complete | camera=ppe_test_cam1 | violation=False
2026-07-23 15:53:32,234 - post_processor_0fcd8b3fbf5b - INFO - [FRAME RECEIVED] topic=post_processing | partition=0 | offset=156901 | frame_id=None | camera=ppe_test_cam1
2026-07-23 15:53:32,234 - post_processor_0fcd8b3fbf5b - INFO - [DETECT BATCH] START | od=0 | ppe=1
2026-07-23 15:53:32,234 - post_processor_0fcd8b3fbf5b - INFO - [PROCESS PPE DETECTION] camera=ppe_test_cam1 | severity=none | violated=[]
2026-07-23 15:53:32,235 - post_processor_0fcd8b3fbf5b - INFO - [DETECT BATCH] DONE | od=0 | ppe=1
2026-07-23 15:53:32,235 - post_processor_0fcd8b3fbf5b - INFO - PPE meta buffered | camera=ppe_test_cam1 | violation=False
2026-07-23 15:53:32,235 - post_processor_0fcd8b3fbf5b - INFO - PPE frame complete | camera=ppe_test_cam1 | violation=False
2026-07-23 15:53:33,199 - post_processor_0fcd8b3fbf5b - INFO - [FRAME RECEIVED] topic=post_processing | partition=0 | offset=156902 | frame_id=None | camera=ppe_test_cam1
2026-07-23 15:53:33,199 - post_processor_0fcd8b3fbf5b - INFO - [DETECT BATCH] START | od=0 | ppe=1
2026-07-23 15:53:33,199 - post_processor_0fcd8b3fbf5b - INFO - [PROCESS PPE DETECTION] camera=ppe_test_cam1 | severity=none | violated=[]
2026-07-23 15:53:33,200 - post_processor_0fcd8b3fbf5b - INFO - [DETECT BATCH] DONE | od=0 | ppe=1
2026-07-23 15:53:33,200 - post_processor_0fcd8b3fbf5b - INFO - PPE meta buffered | camera=ppe_test_cam1 | violation=False
2026-07-23 15:53:33,200 - post_processor_0fcd8b3fbf5b - INFO - PPE frame complete | camera=ppe_test_cam1 | violation=False
2026-07-23 15:53:51,118 - post_processor_0fcd8b3fbf5b - INFO - [FRAME RECEIVED] topic=post_processing | partition=0 | offset=156903 | frame_id=None | camera=ppe_test_cam1
2026-07-23 15:53:51,119 - post_processor_0fcd8b3fbf5b - INFO - [DETECT BATCH] START | od=0 | ppe=1
2026-07-23 15:53:51,120 - post_processor_0fcd8b3fbf5b - INFO - [PROCESS PPE DETECTION] camera=ppe_test_cam1 | severity=none | violated=[]
2026-07-23 15:53:51,121 - post_processor_0fcd8b3fbf5b - INFO - [DETECT BATCH] DONE | od=0 | ppe=1
2026-07-23 15:53:51,121 - post_processor_0fcd8b3fbf5b - INFO - PPE meta buffered | camera=ppe_test_cam1 | violation=False
2026-07-23 15:53:51,135 - post_processor_0fcd8b3fbf5b - INFO - PPE MongoDB batch insert | camera=ppe_test_cam1 | count=10
2026-07-23 15:53:51,135 - post_processor_0fcd8b3fbf5b - INFO - PPE frame complete | camera=ppe_test_cam1 | violation=False
2026-07-23 15:53:51,136 - post_processor_0fcd8b3fbf5b - INFO - Kafka offsets committed | count=10
2026-07-23 15:53:51,136 - post_processor_0fcd8b3fbf5b - INFO - [FRAME RECEIVED] topic=post_processing | partition=0 | offset=156904 | frame_id=None | camera=ppe_test_cam1
2026-07-23 15:53:51,136 - post_processor_0fcd8b3fbf5b - INFO - [DETECT BATCH] START | od=0 | ppe=1
2026-07-23 15:53:51,136 - post_processor_0fcd8b3fbf5b - INFO - [PROCESS PPE DETECTION] camera=ppe_test_cam1 | severity=low | violated=['No-Shoes', 'No-Shoes']
2026-07-23 15:53:51,139 - post_processor_0fcd8b3fbf5b - INFO - PPE alert image saved | path=/Aksha/ppe_test_cam1/alerts/2026-07-23/2026-07-23 15:53:51.13_alert.jpg
2026-07-23 15:53:51,139 - post_processor_0fcd8b3fbf5b - INFO - [DETECT BATCH] DONE | od=0 | ppe=1
2026-07-23 15:53:51,139 - post_processor_0fcd8b3fbf5b - INFO - PPE meta buffered | camera=ppe_test_cam1 | violation=True
2026-07-23 15:53:51,140 - post_processor_0fcd8b3fbf5b - INFO - ppe_status_check | has_violation=True | validity=True
2026-07-23 15:53:51,140 - post_processor_0fcd8b3fbf5b - INFO - PPE notification approved | camera=ppe_test_cam1 | severity=low
2026-07-23 15:53:51,140 - post_processor_0fcd8b3fbf5b - INFO - PPE notification sent | camera=ppe_test_cam1 | severity=low | topic=notification_service
2026-07-23 15:53:51,141 - post_processor_0fcd8b3fbf5b - INFO - PPE frame complete | camera=ppe_test_cam1 | violation=True
2026-07-23 15:53:52,135 - post_processor_0fcd8b3fbf5b - INFO - [FRAME RECEIVED] topic=post_processing | partition=0 | offset=156905 | frame_id=None | camera=ppe_test_cam1
2026-07-23 15:53:52,135 - post_processor_0fcd8b3fbf5b - INFO - [DETECT BATCH] START | od=0 | ppe=1
2026-07-23 15:53:52,135 - post_processor_0fcd8b3fbf5b - INFO - [PROCESS PPE DETECTION] camera=ppe_test_cam1 | severity=none | violated=[]
2026-07-23 15:53:52,137 - post_processor_0fcd8b3fbf5b - INFO - [DETECT BATCH] DONE | od=0 | ppe=1
2026-07-23 15:53:52,137 - post_processor_0fcd8b3fbf5b - INFO - PPE meta buffered | camera=ppe_test_cam1 | violation=False
2026-07-23 15:53:52,137 - post_processor_0fcd8b3fbf5b - INFO - PPE frame complete | camera=ppe_test_cam1 | violation=False
2026-07-23 15:53:52,168 - post_processor_0fcd8b3fbf5b - INFO - [FRAME RECEIVED] topic=post_processing | partition=0 | offset=156906 | frame_id=None | camera=ppe_test_cam1
2026-07-23 15:53:52,168 - post_processor_0fcd8b3fbf5b - INFO - [DETECT BATCH] START | od=0 | ppe=1
2026-07-23 15:53:52,168 - post_processor_0fcd8b3fbf5b - INFO - [PROCESS PPE DETECTION] camera=ppe_test_cam1 | severity=low | violated=['No-Shoes', 'No-Shoes']
2026-07-23 15:53:52,171 - post_processor_0fcd8b3fbf5b - INFO - PPE alert image saved | path=/Aksha/ppe_test_cam1/alerts/2026-07-23/2026-07-23 15:53:52.17_alert.jpg
2026-07-23 15:53:52,171 - post_processor_0fcd8b3fbf5b - INFO - [DETECT BATCH] DONE | od=0 | ppe=1
2026-07-23 15:53:52,171 - post_processor_0fcd8b3fbf5b - INFO - PPE meta buffered | camera=ppe_test_cam1 | violation=True
2026-07-23 15:53:52,172 - post_processor_0fcd8b3fbf5b - INFO - ppe_status_check | has_violation=True | validity=False
2026-07-23 15:53:52,172 - post_processor_0fcd8b3fbf5b - INFO - PPE notification suppressed by cooldown | camera=ppe_test_cam1
2026-07-23 15:53:52,172 - post_processor_0fcd8b3fbf5b - INFO - PPE frame complete | camera=ppe_test_cam1 | violation=True
2026-07-23 15:53:53,039 - post_processor_0fcd8b3fbf5b - INFO - [FRAME RECEIVED] topic=post_processing | partition=0 | offset=156907 | frame_id=None | camera=ppe_test_cam1
2026-07-23 15:53:53,039 - post_processor_0fcd8b3fbf5b - INFO - [DETECT BATCH] START | od=0 | ppe=1
2026-07-23 15:53:53,039 - post_processor_0fcd8b3fbf5b - INFO - [PROCESS PPE DETECTION] camera=ppe_test_cam1 | severity=none | violated=[]
2026-07-23 15:53:53,040 - post_processor_0fcd8b3fbf5b - INFO - [DETECT BATCH] DONE | od=0 | ppe=1
2026-07-23 15:53:53,040 - post_processor_0fcd8b3fbf5b - INFO - PPE meta buffered | camera=ppe_test_cam1 | violation=False
2026-07-23 15:53:53,040 - post_processor_0fcd8b3fbf5b - INFO - PPE frame complete | camera=ppe_test_cam1 | violation=False
2026-07-23 15:53:53,070 - post_processor_0fcd8b3fbf5b - INFO - [FRAME RECEIVED] topic=post_processing | partition=0 | offset=156908 | frame_id=None | camera=ppe_test_cam1
2026-07-23 15:53:53,070 - post_processor_0fcd8b3fbf5b - INFO - [DETECT BATCH] START | od=0 | ppe=1
2026-07-23 15:53:53,070 - post_processor_0fcd8b3fbf5b - INFO - [PROCESS PPE DETECTION] camera=ppe_test_cam1 | severity=low | violated=['No-Shoes', 'No-Shoes']
2026-07-23 15:53:53,076 - post_processor_0fcd8b3fbf5b - INFO - PPE alert image saved | path=/Aksha/ppe_test_cam1/alerts/2026-07-23/2026-07-23 15:53:53.07_alert.jpg
2026-07-23 15:53:53,076 - post_processor_0fcd8b3fbf5b - INFO - [DETECT BATCH] DONE | od=0 | ppe=1
2026-07-23 15:53:53,076 - post_processor_0fcd8b3fbf5b - INFO - PPE meta buffered | camera=ppe_test_cam1 | violation=True
2026-07-23 15:53:53,077 - post_processor_0fcd8b3fbf5b - INFO - ppe_status_check | has_violation=True | validity=False
2026-07-23 15:53:53,077 - post_processor_0fcd8b3fbf5b - INFO - PPE notification suppressed by cooldown | camera=ppe_test_cam1
2026-07-23 15:53:53,078 - post_processor_0fcd8b3fbf5b - INFO - PPE frame complete | camera=ppe_test_cam1 | violation=True
2026-07-23 15:53:54,162 - post_processor_0fcd8b3fbf5b - INFO - [FRAME RECEIVED] topic=post_processing | partition=0 | offset=156909 | frame_id=None | camera=ppe_test_cam1
2026-07-23 15:53:54,162 - post_processor_0fcd8b3fbf5b - INFO - [DETECT BATCH] START | od=0 | ppe=1
2026-07-23 15:53:54,162 - post_processor_0fcd8b3fbf5b - INFO - [PROCESS PPE DETECTION] camera=ppe_test_cam1 | severity=none | violated=[]
2026-07-23 15:53:54,163 - post_processor_0fcd8b3fbf5b - INFO - [DETECT BATCH] DONE | od=0 | ppe=1
2026-07-23 15:53:54,163 - post_processor_0fcd8b3fbf5b - INFO - PPE meta buffered | camera=ppe_test_cam1 | violation=False
2026-07-23 15:53:54,163 - post_processor_0fcd8b3fbf5b - INFO - PPE frame complete | camera=ppe_test_cam1 | violation=False
2026-07-23 15:53:54,192 - post_processor_0fcd8b3fbf5b - INFO - [FRAME RECEIVED] topic=post_processing | partition=0 | offset=156910 | frame_id=None | camera=ppe_test_cam1
2026-07-23 15:53:54,193 - post_processor_0fcd8b3fbf5b - INFO - [DETECT BATCH] START | od=0 | ppe=1
2026-07-23 15:53:54,193 - post_processor_0fcd8b3fbf5b - INFO - [PROCESS PPE DETECTION] camera=ppe_test_cam1 | severity=low | violated=['No-Shoes', 'No-Shoes']
2026-07-23 15:53:54,196 - post_processor_0fcd8b3fbf5b - INFO - PPE alert image saved | path=/Aksha/ppe_test_cam1/alerts/2026-07-23/2026-07-23 15:53:54.19_alert.jpg
2026-07-23 15:53:54,196 - post_processor_0fcd8b3fbf5b - INFO - [DETECT BATCH] DONE | od=0 | ppe=1
2026-07-23 15:53:54,196 - post_processor_0fcd8b3fbf5b - INFO - PPE meta buffered | camera=ppe_test_cam1 | violation=True
2026-07-23 15:53:54,197 - post_processor_0fcd8b3fbf5b - INFO - ppe_status_check | has_violation=True | validity=False
2026-07-23 15:53:54,197 - post_processor_0fcd8b3fbf5b - INFO - PPE notification suppressed by cooldown | camera=ppe_test_cam1
2026-07-23 15:53:54,197 - post_processor_0fcd8b3fbf5b - INFO - PPE frame complete | camera=ppe_test_cam1 | violation=True
2026-07-23 15:53:55,119 - post_processor_0fcd8b3fbf5b - INFO - [FRAME RECEIVED] topic=post_processing | partition=0 | offset=156911 | frame_id=None | camera=ppe_test_cam1
2026-07-23 15:53:55,119 - post_processor_0fcd8b3fbf5b - INFO - [DETECT BATCH] START | od=0 | ppe=1
2026-07-23 15:53:55,119 - post_processor_0fcd8b3fbf5b - INFO - [PROCESS PPE DETECTION] camera=ppe_test_cam1 | severity=none | violated=[]
2026-07-23 15:53:55,120 - post_processor_0fcd8b3fbf5b - INFO - [DETECT BATCH] DONE | od=0 | ppe=1
2026-07-23 15:53:55,121 - post_processor_0fcd8b3fbf5b - INFO - PPE meta buffered | camera=ppe_test_cam1 | violation=False
2026-07-23 15:53:55,121 - post_processor_0fcd8b3fbf5b - INFO - PPE frame complete | camera=ppe_test_cam1 | violation=False
2026-07-23 15:54:00,069 - post_processor_0fcd8b3fbf5b - INFO - [FRAME RECEIVED] topic=post_processing | partition=0 | offset=156912 | frame_id=None | camera=ppe_test_cam1
2026-07-23 15:54:00,069 - post_processor_0fcd8b3fbf5b - INFO - [DETECT BATCH] START | od=0 | ppe=1
2026-07-23 15:54:00,069 - post_processor_0fcd8b3fbf5b - INFO - [PROCESS PPE DETECTION] camera=ppe_test_cam1 | severity=none | violated=[]
2026-07-23 15:54:00,070 - post_processor_0fcd8b3fbf5b - INFO - [DETECT BATCH] DONE | od=0 | ppe=1
2026-07-23 15:54:00,070 - post_processor_0fcd8b3fbf5b - INFO - PPE meta buffered | camera=ppe_test_cam1 | violation=False
2026-07-23 15:54:00,070 - post_processor_0fcd8b3fbf5b - INFO - PPE frame complete | camera=ppe_test_cam1 | violation=False
2026-07-23 15:54:01,140 - post_processor_0fcd8b3fbf5b - INFO - [FRAME RECEIVED] topic=post_processing | partition=0 | offset=156913 | frame_id=None | camera=ppe_test_cam1
2026-07-23 15:54:01,142 - post_processor_0fcd8b3fbf5b - INFO - [DETECT BATCH] START | od=0 | ppe=1
2026-07-23 15:54:01,143 - post_processor_0fcd8b3fbf5b - INFO - [PROCESS PPE DETECTION] camera=ppe_test_cam1 | severity=none | violated=[]
2026-07-23 15:54:01,144 - post_processor_0fcd8b3fbf5b - INFO - [DETECT BATCH] DONE | od=0 | ppe=1
2026-07-23 15:54:01,144 - post_processor_0fcd8b3fbf5b - INFO - PPE meta buffered | camera=ppe_test_cam1 | violation=False
2026-07-23 15:54:01,181 - post_processor_0fcd8b3fbf5b - INFO - PPE MongoDB batch insert | camera=ppe_test_cam1 | count=10
2026-07-23 15:54:01,182 - post_processor_0fcd8b3fbf5b - INFO - PPE frame complete | camera=ppe_test_cam1 | violation=False
2026-07-23 15:54:01,183 - post_processor_0fcd8b3fbf5b - INFO - Kafka offsets committed | count=10
2026-07-23 15:54:02,107 - post_processor_0fcd8b3fbf5b - INFO - [FRAME RECEIVED] topic=post_processing | partition=0 | offset=156914 | frame_id=None | camera=ppe_test_cam1
2026-07-23 15:54:02,107 - post_processor_0fcd8b3fbf5b - INFO - [DETECT BATCH] START | od=0 | ppe=1
2026-07-23 15:54:02,107 - post_processor_0fcd8b3fbf5b - INFO - [PROCESS PPE DETECTION] camera=ppe_test_cam1 | severity=none | violated=[]
2026-07-23 15:54:02,107 - post_processor_0fcd8b3fbf5b - INFO - [DETECT BATCH] DONE | od=0 | ppe=1
2026-07-23 15:54:02,107 - post_processor_0fcd8b3fbf5b - INFO - PPE meta buffered | camera=ppe_test_cam1 | violation=False
2026-07-23 15:54:02,107 - post_processor_0fcd8b3fbf5b - INFO - PPE frame complete | camera=ppe_test_cam1 | violation=False
2026-07-23 15:54:03,066 - post_processor_0fcd8b3fbf5b - INFO - [FRAME RECEIVED] topic=post_processing | partition=0 | offset=156915 | frame_id=None | camera=ppe_test_cam1
2026-07-23 15:54:03,066 - post_processor_0fcd8b3fbf5b - INFO - [DETECT BATCH] START | od=0 | ppe=1
2026-07-23 15:54:03,066 - post_processor_0fcd8b3fbf5b - INFO - [PROCESS PPE DETECTION] camera=ppe_test_cam1 | severity=none | violated=[]
2026-07-23 15:54:03,066 - post_processor_0fcd8b3fbf5b - INFO - [DETECT BATCH] DONE | od=0 | ppe=1
2026-07-23 15:54:03,066 - post_processor_0fcd8b3fbf5b - INFO - PPE meta buffered | camera=ppe_test_cam1 | violation=False
2026-07-23 15:54:03,066 - post_processor_0fcd8b3fbf5b - INFO - PPE frame complete | camera=ppe_test_cam1 | violation=False
2026-07-23 15:54:04,146 - post_processor_0fcd8b3fbf5b - INFO - [FRAME RECEIVED] topic=post_processing | partition=0 | offset=156916 | frame_id=None | camera=ppe_test_cam1
2026-07-23 15:54:04,146 - post_processor_0fcd8b3fbf5b - INFO - [DETECT BATCH] START | od=0 | ppe=1
2026-07-23 15:54:04,146 - post_processor_0fcd8b3fbf5b - INFO - [PROCESS PPE DETECTION] camera=ppe_test_cam1 | severity=none | violated=[]
2026-07-23 15:54:04,147 - post_processor_0fcd8b3fbf5b - INFO - [DETECT BATCH] DONE | od=0 | ppe=1
2026-07-23 15:54:04,147 - post_processor_0fcd8b3fbf5b - INFO - PPE meta buffered | camera=ppe_test_cam1 | violation=False
2026-07-23 15:54:04,147 - post_processor_0fcd8b3fbf5b - INFO - PPE frame complete | camera=ppe_test_cam1 | violation=False
2026-07-23 15:54:06,024 - post_processor_0fcd8b3fbf5b - INFO - [FRAME RECEIVED] topic=post_processing | partition=0 | offset=156917 | frame_id=None | camera=ppe_test_cam1
2026-07-23 15:54:06,024 - post_processor_0fcd8b3fbf5b - INFO - [DETECT BATCH] START | od=0 | ppe=1
2026-07-23 15:54:06,024 - post_processor_0fcd8b3fbf5b - INFO - [PROCESS PPE DETECTION] camera=ppe_test_cam1 | severity=none | violated=[]
2026-07-23 15:54:06,025 - post_processor_0fcd8b3fbf5b - INFO - [DETECT BATCH] DONE | od=0 | ppe=1
2026-07-23 15:54:06,025 - post_processor_0fcd8b3fbf5b - INFO - PPE meta buffered | camera=ppe_test_cam1 | violation=False
2026-07-23 15:54:06,025 - post_processor_0fcd8b3fbf5b - INFO - PPE frame complete | camera=ppe_test_cam1 | violation=False
2026-07-23 15:54:06,767 - post_processor_0fcd8b3fbf5b - INFO - [FRAME RECEIVED] topic=post_processing | partition=0 | offset=156918 | frame_id=None | camera=ppe_test_cam1
2026-07-23 15:54:06,768 - post_processor_0fcd8b3fbf5b - INFO - [DETECT BATCH] START | od=0 | ppe=1
2026-07-23 15:54:06,768 - post_processor_0fcd8b3fbf5b - INFO - [PROCESS PPE DETECTION] camera=ppe_test_cam1 | severity=none | violated=[]
2026-07-23 15:54:06,769 - post_processor_0fcd8b3fbf5b - INFO - [DETECT BATCH] DONE | od=0 | ppe=1
2026-07-23 15:54:06,769 - post_processor_0fcd8b3fbf5b - INFO - PPE meta buffered | camera=ppe_test_cam1 | violation=False
2026-07-23 15:54:06,770 - post_processor_0fcd8b3fbf5b - INFO - PPE frame complete | camera=ppe_test_cam1 | violation=False
2026-07-23 15:54:07,196 - post_processor_0fcd8b3fbf5b - INFO - [FRAME RECEIVED] topic=post_processing | partition=0 | offset=156919 | frame_id=None | camera=ppe_test_cam1
2026-07-23 15:54:07,196 - post_processor_0fcd8b3fbf5b - INFO - [DETECT BATCH] START | od=0 | ppe=1
2026-07-23 15:54:07,196 - post_processor_0fcd8b3fbf5b - INFO - [PROCESS PPE DETECTION] camera=ppe_test_cam1 | severity=none | violated=[]
2026-07-23 15:54:07,196 - post_processor_0fcd8b3fbf5b - INFO - [DETECT BATCH] DONE | od=0 | ppe=1
2026-07-23 15:54:07,197 - post_processor_0fcd8b3fbf5b - INFO - PPE meta buffered | camera=ppe_test_cam1 | violation=False
2026-07-23 15:54:07,197 - post_processor_0fcd8b3fbf5b - INFO - PPE frame complete | camera=ppe_test_cam1 | violation=False
2026-07-23 15:54:07,230 - post_processor_0fcd8b3fbf5b - INFO - [FRAME RECEIVED] topic=post_processing | partition=0 | offset=156920 | frame_id=None | camera=ppe_test_cam1
2026-07-23 15:54:07,230 - post_processor_0fcd8b3fbf5b - INFO - [DETECT BATCH] START | od=0 | ppe=1
2026-07-23 15:54:07,230 - post_processor_0fcd8b3fbf5b - INFO - [PROCESS PPE DETECTION] camera=ppe_test_cam1 | severity=none | violated=[]
2026-07-23 15:54:07,231 - post_processor_0fcd8b3fbf5b - INFO - [DETECT BATCH] DONE | od=0 | ppe=1
2026-07-23 15:54:07,231 - post_processor_0fcd8b3fbf5b - INFO - PPE meta buffered | camera=ppe_test_cam1 | violation=False
2026-07-23 15:54:07,231 - post_processor_0fcd8b3fbf5b - INFO - PPE frame complete | camera=ppe_test_cam1 | violation=False
2026-07-23 15:54:32,228 - post_processor_0fcd8b3fbf5b - INFO - [FRAME RECEIVED] topic=post_processing | partition=0 | offset=156921 | frame_id=None | camera=ppe_test_cam1
2026-07-23 15:54:32,228 - post_processor_0fcd8b3fbf5b - INFO - [DETECT BATCH] START | od=0 | ppe=1
2026-07-23 15:54:32,228 - post_processor_0fcd8b3fbf5b - INFO - [PROCESS PPE DETECTION] camera=ppe_test_cam1 | severity=none | violated=[]
2026-07-23 15:54:32,229 - post_processor_0fcd8b3fbf5b - INFO - [DETECT BATCH] DONE | od=0 | ppe=1
2026-07-23 15:54:32,229 - post_processor_0fcd8b3fbf5b - INFO - PPE meta buffered | camera=ppe_test_cam1 | violation=False
2026-07-23 15:54:32,229 - post_processor_0fcd8b3fbf5b - INFO - PPE frame complete | camera=ppe_test_cam1 | violation=False
2026-07-23 15:54:33,241 - post_processor_0fcd8b3fbf5b - INFO - [FRAME RECEIVED] topic=post_processing | partition=0 | offset=156922 | frame_id=None | camera=ppe_test_cam1
2026-07-23 15:54:33,241 - post_processor_0fcd8b3fbf5b - INFO - [DETECT BATCH] START | od=0 | ppe=1
2026-07-23 15:54:33,242 - post_processor_0fcd8b3fbf5b - INFO - [PROCESS PPE DETECTION] camera=ppe_test_cam1 | severity=none | violated=[]
2026-07-23 15:54:33,242 - post_processor_0fcd8b3fbf5b - INFO - [DETECT BATCH] DONE | od=0 | ppe=1
2026-07-23 15:54:33,242 - post_processor_0fcd8b3fbf5b - INFO - PPE meta buffered | camera=ppe_test_cam1 | violation=False
2026-07-23 15:54:33,242 - post_processor_0fcd8b3fbf5b - INFO - PPE frame complete | camera=ppe_test_cam1 | violation=False
2026-07-23 15:54:51,101 - post_processor_0fcd8b3fbf5b - INFO - [FRAME RECEIVED] topic=post_processing | partition=0 | offset=156923 | frame_id=None | camera=ppe_test_cam1
2026-07-23 15:54:51,101 - post_processor_0fcd8b3fbf5b - INFO - [DETECT BATCH] START | od=0 | ppe=1
2026-07-23 15:54:51,101 - post_processor_0fcd8b3fbf5b - INFO - [PROCESS PPE DETECTION] camera=ppe_test_cam1 | severity=none | violated=[]
2026-07-23 15:54:51,102 - post_processor_0fcd8b3fbf5b - INFO - [DETECT BATCH] DONE | od=0 | ppe=1
2026-07-23 15:54:51,102 - post_processor_0fcd8b3fbf5b - INFO - PPE meta buffered | camera=ppe_test_cam1 | violation=False
2026-07-23 15:54:51,115 - post_processor_0fcd8b3fbf5b - INFO - PPE MongoDB batch insert | camera=ppe_test_cam1 | count=10
2026-07-23 15:54:51,116 - post_processor_0fcd8b3fbf5b - INFO - PPE frame complete | camera=ppe_test_cam1 | violation=False
2026-07-23 15:54:51,117 - post_processor_0fcd8b3fbf5b - INFO - Kafka offsets committed | count=10
2026-07-23 15:54:51,117 - post_processor_0fcd8b3fbf5b - INFO - [FRAME RECEIVED] topic=post_processing | partition=0 | offset=156924 | frame_id=None | camera=ppe_test_cam1
2026-07-23 15:54:51,117 - post_processor_0fcd8b3fbf5b - INFO - [DETECT BATCH] START | od=0 | ppe=1
2026-07-23 15:54:51,118 - post_processor_0fcd8b3fbf5b - INFO - [PROCESS PPE DETECTION] camera=ppe_test_cam1 | severity=low | violated=['No-Shoes', 'No-Shoes']
2026-07-23 15:54:51,121 - post_processor_0fcd8b3fbf5b - INFO - PPE alert image saved | path=/Aksha/ppe_test_cam1/alerts/2026-07-23/2026-07-23 15:54:51.11_alert.jpg
2026-07-23 15:54:51,121 - post_processor_0fcd8b3fbf5b - INFO - [DETECT BATCH] DONE | od=0 | ppe=1
2026-07-23 15:54:51,121 - post_processor_0fcd8b3fbf5b - INFO - PPE meta buffered | camera=ppe_test_cam1 | violation=True
2026-07-23 15:54:51,122 - post_processor_0fcd8b3fbf5b - INFO - ppe_status_check | has_violation=True | validity=True
2026-07-23 15:54:51,122 - post_processor_0fcd8b3fbf5b - INFO - PPE notification approved | camera=ppe_test_cam1 | severity=low
2026-07-23 15:54:51,122 - post_processor_0fcd8b3fbf5b - INFO - PPE notification sent | camera=ppe_test_cam1 | severity=low | topic=notification_service
2026-07-23 15:54:51,122 - post_processor_0fcd8b3fbf5b - INFO - PPE frame complete | camera=ppe_test_cam1 | violation=True
2026-07-23 15:54:52,167 - post_processor_0fcd8b3fbf5b - INFO - [FRAME RECEIVED] topic=post_processing | partition=0 | offset=156925 | frame_id=None | camera=ppe_test_cam1
2026-07-23 15:54:52,168 - post_processor_0fcd8b3fbf5b - INFO - [DETECT BATCH] START | od=0 | ppe=1
2026-07-23 15:54:52,168 - post_processor_0fcd8b3fbf5b - INFO - [PROCESS PPE DETECTION] camera=ppe_test_cam1 | severity=none | violated=[]
2026-07-23 15:54:52,168 - post_processor_0fcd8b3fbf5b - INFO - [DETECT BATCH] DONE | od=0 | ppe=1
2026-07-23 15:54:52,168 - post_processor_0fcd8b3fbf5b - INFO - PPE meta buffered | camera=ppe_test_cam1 | violation=False
2026-07-23 15:54:52,168 - post_processor_0fcd8b3fbf5b - INFO - PPE frame complete | camera=ppe_test_cam1 | violation=False
2026-07-23 15:54:52,202 - post_processor_0fcd8b3fbf5b - INFO - [FRAME RECEIVED] topic=post_processing | partition=0 | offset=156926 | frame_id=None | camera=ppe_test_cam1
2026-07-23 15:54:52,202 - post_processor_0fcd8b3fbf5b - INFO - [DETECT BATCH] START | od=0 | ppe=1
2026-07-23 15:54:52,203 - post_processor_0fcd8b3fbf5b - INFO - [PROCESS PPE DETECTION] camera=ppe_test_cam1 | severity=low | violated=['No-Shoes', 'No-Shoes']
2026-07-23 15:54:52,206 - post_processor_0fcd8b3fbf5b - INFO - PPE alert image saved | path=/Aksha/ppe_test_cam1/alerts/2026-07-23/2026-07-23 15:54:52.20_alert.jpg
2026-07-23 15:54:52,206 - post_processor_0fcd8b3fbf5b - INFO - [DETECT BATCH] DONE | od=0 | ppe=1
2026-07-23 15:54:52,206 - post_processor_0fcd8b3fbf5b - INFO - PPE meta buffered | camera=ppe_test_cam1 | violation=True
2026-07-23 15:54:52,207 - post_processor_0fcd8b3fbf5b - INFO - ppe_status_check | has_violation=True | validity=False
2026-07-23 15:54:52,207 - post_processor_0fcd8b3fbf5b - INFO - PPE notification suppressed by cooldown | camera=ppe_test_cam1
2026-07-23 15:54:52,207 - post_processor_0fcd8b3fbf5b - INFO - PPE frame complete | camera=ppe_test_cam1 | violation=True
2026-07-23 15:54:53,211 - post_processor_0fcd8b3fbf5b - INFO - [FRAME RECEIVED] topic=post_processing | partition=0 | offset=156927 | frame_id=None | camera=ppe_test_cam1
2026-07-23 15:54:53,211 - post_processor_0fcd8b3fbf5b - INFO - [DETECT BATCH] START | od=0 | ppe=1
2026-07-23 15:54:53,212 - post_processor_0fcd8b3fbf5b - INFO - [PROCESS PPE DETECTION] camera=ppe_test_cam1 | severity=none | violated=[]
2026-07-23 15:54:53,212 - post_processor_0fcd8b3fbf5b - INFO - [DETECT BATCH] DONE | od=0 | ppe=1
2026-07-23 15:54:53,212 - post_processor_0fcd8b3fbf5b - INFO - PPE meta buffered | camera=ppe_test_cam1 | violation=False
2026-07-23 15:54:53,212 - post_processor_0fcd8b3fbf5b - INFO - PPE frame complete | camera=ppe_test_cam1 | violation=False
2026-07-23 15:54:53,213 - post_processor_0fcd8b3fbf5b - INFO - [FRAME RECEIVED] topic=post_processing | partition=0 | offset=156928 | frame_id=None | camera=ppe_test_cam1
2026-07-23 15:54:53,213 - post_processor_0fcd8b3fbf5b - INFO - [DETECT BATCH] START | od=0 | ppe=1
2026-07-23 15:54:53,213 - post_processor_0fcd8b3fbf5b - INFO - [PROCESS PPE DETECTION] camera=ppe_test_cam1 | severity=low | violated=['No-Shoes', 'No-Shoes']
2026-07-23 15:54:53,216 - post_processor_0fcd8b3fbf5b - INFO - PPE alert image saved | path=/Aksha/ppe_test_cam1/alerts/2026-07-23/2026-07-23 15:54:53.21_alert.jpg
2026-07-23 15:54:53,216 - post_processor_0fcd8b3fbf5b - INFO - [DETECT BATCH] DONE | od=0 | ppe=1
2026-07-23 15:54:53,217 - post_processor_0fcd8b3fbf5b - INFO - PPE meta buffered | camera=ppe_test_cam1 | violation=True
2026-07-23 15:54:53,217 - post_processor_0fcd8b3fbf5b - INFO - ppe_status_check | has_violation=True | validity=False
2026-07-23 15:54:53,217 - post_processor_0fcd8b3fbf5b - INFO - PPE notification suppressed by cooldown | camera=ppe_test_cam1
2026-07-23 15:54:53,218 - post_processor_0fcd8b3fbf5b - INFO - PPE frame complete | camera=ppe_test_cam1 | violation=True
2026-07-23 15:54:54,141 - post_processor_0fcd8b3fbf5b - INFO - [FRAME RECEIVED] topic=post_processing | partition=0 | offset=156929 | frame_id=None | camera=ppe_test_cam1
2026-07-23 15:54:54,141 - post_processor_0fcd8b3fbf5b - INFO - [DETECT BATCH] START | od=0 | ppe=1
2026-07-23 15:54:54,141 - post_processor_0fcd8b3fbf5b - INFO - [PROCESS PPE DETECTION] camera=ppe_test_cam1 | severity=none | violated=[]
2026-07-23 15:54:54,143 - post_processor_0fcd8b3fbf5b - INFO - [DETECT BATCH] DONE | od=0 | ppe=1
2026-07-23 15:54:54,143 - post_processor_0fcd8b3fbf5b - INFO - PPE meta buffered | camera=ppe_test_cam1 | violation=False
2026-07-23 15:54:54,143 - post_processor_0fcd8b3fbf5b - INFO - PPE frame complete | camera=ppe_test_cam1 | violation=False
2026-07-23 15:54:54,175 - post_processor_0fcd8b3fbf5b - INFO - [FRAME RECEIVED] topic=post_processing | partition=0 | offset=156930 | frame_id=None | camera=ppe_test_cam1
2026-07-23 15:54:54,175 - post_processor_0fcd8b3fbf5b - INFO - [DETECT BATCH] START | od=0 | ppe=1
2026-07-23 15:54:54,176 - post_processor_0fcd8b3fbf5b - INFO - [PROCESS PPE DETECTION] camera=ppe_test_cam1 | severity=low | violated=['No-Shoes', 'No-Shoes']
2026-07-23 15:54:54,179 - post_processor_0fcd8b3fbf5b - INFO - PPE alert image saved | path=/Aksha/ppe_test_cam1/alerts/2026-07-23/2026-07-23 15:54:54.17_alert.jpg
2026-07-23 15:54:54,179 - post_processor_0fcd8b3fbf5b - INFO - [DETECT BATCH] DONE | od=0 | ppe=1
2026-07-23 15:54:54,179 - post_processor_0fcd8b3fbf5b - INFO - PPE meta buffered | camera=ppe_test_cam1 | violation=True
2026-07-23 15:54:54,179 - post_processor_0fcd8b3fbf5b - INFO - ppe_status_check | has_violation=True | validity=False
2026-07-23 15:54:54,179 - post_processor_0fcd8b3fbf5b - INFO - PPE notification suppressed by cooldown | camera=ppe_test_cam1
2026-07-23 15:54:54,180 - post_processor_0fcd8b3fbf5b - INFO - PPE frame complete | camera=ppe_test_cam1 | violation=True
2026-07-23 15:54:55,144 - post_processor_0fcd8b3fbf5b - INFO - [FRAME RECEIVED] topic=post_processing | partition=0 | offset=156931 | frame_id=None | camera=ppe_test_cam1
2026-07-23 15:54:55,144 - post_processor_0fcd8b3fbf5b - INFO - [DETECT BATCH] START | od=0 | ppe=1
2026-07-23 15:54:55,144 - post_processor_0fcd8b3fbf5b - INFO - [PROCESS PPE DETECTION] camera=ppe_test_cam1 | severity=none | violated=[]
2026-07-23 15:54:55,144 - post_processor_0fcd8b3fbf5b - INFO - [DETECT BATCH] DONE | od=0 | ppe=1
2026-07-23 15:54:55,145 - post_processor_0fcd8b3fbf5b - INFO - PPE meta buffered | camera=ppe_test_cam1 | violation=False
2026-07-23 15:54:55,145 - post_processor_0fcd8b3fbf5b - INFO - PPE frame complete | camera=ppe_test_cam1 | violation=False
2026-07-23 15:55:00,153 - post_processor_0fcd8b3fbf5b - INFO - [FRAME RECEIVED] topic=post_processing | partition=0 | offset=156932 | frame_id=None | camera=ppe_test_cam1
2026-07-23 15:55:00,153 - post_processor_0fcd8b3fbf5b - INFO - [DETECT BATCH] START | od=0 | ppe=1
2026-07-23 15:55:00,153 - post_processor_0fcd8b3fbf5b - INFO - [PROCESS PPE DETECTION] camera=ppe_test_cam1 | severity=none | violated=[]
2026-07-23 15:55:00,154 - post_processor_0fcd8b3fbf5b - INFO - [DETECT BATCH] DONE | od=0 | ppe=1
2026-07-23 15:55:00,154 - post_processor_0fcd8b3fbf5b - INFO - PPE meta buffered | camera=ppe_test_cam1 | violation=False
2026-07-23 15:55:00,154 - post_processor_0fcd8b3fbf5b - INFO - PPE frame complete | camera=ppe_test_cam1 | violation=False
2026-07-23 15:55:01,100 - post_processor_0fcd8b3fbf5b - INFO - [FRAME RECEIVED] topic=post_processing | partition=0 | offset=156933 | frame_id=None | camera=ppe_test_cam1
2026-07-23 15:55:01,100 - post_processor_0fcd8b3fbf5b - INFO - [DETECT BATCH] START | od=0 | ppe=1
2026-07-23 15:55:01,101 - post_processor_0fcd8b3fbf5b - INFO - [PROCESS PPE DETECTION] camera=ppe_test_cam1 | severity=none | violated=[]
2026-07-23 15:55:01,101 - post_processor_0fcd8b3fbf5b - INFO - [DETECT BATCH] DONE | od=0 | ppe=1
2026-07-23 15:55:01,101 - post_processor_0fcd8b3fbf5b - INFO - PPE meta buffered | camera=ppe_test_cam1 | violation=False
2026-07-23 15:55:01,140 - post_processor_0fcd8b3fbf5b - INFO - PPE MongoDB batch insert | camera=ppe_test_cam1 | count=10
2026-07-23 15:55:01,141 - post_processor_0fcd8b3fbf5b - INFO - PPE frame complete | camera=ppe_test_cam1 | violation=False
2026-07-23 15:55:01,142 - post_processor_0fcd8b3fbf5b - INFO - Kafka offsets committed | count=10
2026-07-23 15:55:02,030 - post_processor_0fcd8b3fbf5b - INFO - [FRAME RECEIVED] topic=post_processing | partition=0 | offset=156934 | frame_id=None | camera=ppe_test_cam1
2026-07-23 15:55:02,030 - post_processor_0fcd8b3fbf5b - INFO - [DETECT BATCH] START | od=0 | ppe=1
2026-07-23 15:55:02,031 - post_processor_0fcd8b3fbf5b - INFO - [PROCESS PPE DETECTION] camera=ppe_test_cam1 | severity=none | violated=[]
2026-07-23 15:55:02,031 - post_processor_0fcd8b3fbf5b - INFO - [DETECT BATCH] DONE | od=0 | ppe=1
2026-07-23 15:55:02,031 - post_processor_0fcd8b3fbf5b - INFO - PPE meta buffered | camera=ppe_test_cam1 | violation=False
2026-07-23 15:55:02,031 - post_processor_0fcd8b3fbf5b - INFO - PPE frame complete | camera=ppe_test_cam1 | violation=False
2026-07-23 15:55:03,147 - post_processor_0fcd8b3fbf5b - INFO - [FRAME RECEIVED] topic=post_processing | partition=0 | offset=156935 | frame_id=None | camera=ppe_test_cam1
2026-07-23 15:55:03,147 - post_processor_0fcd8b3fbf5b - INFO - [DETECT BATCH] START | od=0 | ppe=1
2026-07-23 15:55:03,148 - post_processor_0fcd8b3fbf5b - INFO - [PROCESS PPE DETECTION] camera=ppe_test_cam1 | severity=none | violated=[]
2026-07-23 15:55:03,148 - post_processor_0fcd8b3fbf5b - INFO - [DETECT BATCH] DONE | od=0 | ppe=1
2026-07-23 15:55:03,148 - post_processor_0fcd8b3fbf5b - INFO - PPE meta buffered | camera=ppe_test_cam1 | violation=False
2026-07-23 15:55:03,148 - post_processor_0fcd8b3fbf5b - INFO - PPE frame complete | camera=ppe_test_cam1 | violation=False
2026-07-23 15:55:04,183 - post_processor_0fcd8b3fbf5b - INFO - [FRAME RECEIVED] topic=post_processing | partition=0 | offset=156936 | frame_id=None | camera=ppe_test_cam1
2026-07-23 15:55:04,183 - post_processor_0fcd8b3fbf5b - INFO - [DETECT BATCH] START | od=0 | ppe=1
2026-07-23 15:55:04,184 - post_processor_0fcd8b3fbf5b - INFO - [PROCESS PPE DETECTION] camera=ppe_test_cam1 | severity=none | violated=[]
2026-07-23 15:55:04,184 - post_processor_0fcd8b3fbf5b - INFO - [DETECT BATCH] DONE | od=0 | ppe=1
2026-07-23 15:55:04,185 - post_processor_0fcd8b3fbf5b - INFO - PPE meta buffered | camera=ppe_test_cam1 | violation=False
2026-07-23 15:55:04,185 - post_processor_0fcd8b3fbf5b - INFO - PPE frame complete | camera=ppe_test_cam1 | violation=False
2026-07-23 15:55:05,149 - post_processor_0fcd8b3fbf5b - INFO - [FRAME RECEIVED] topic=post_processing | partition=0 | offset=156937 | frame_id=None | camera=ppe_test_cam1
2026-07-23 15:55:05,149 - post_processor_0fcd8b3fbf5b - INFO - [DETECT BATCH] START | od=0 | ppe=1
2026-07-23 15:55:05,150 - post_processor_0fcd8b3fbf5b - INFO - [PROCESS PPE DETECTION] camera=ppe_test_cam1 | severity=none | violated=[]
2026-07-23 15:55:05,151 - post_processor_0fcd8b3fbf5b - INFO - [DETECT BATCH] DONE | od=0 | ppe=1
2026-07-23 15:55:05,151 - post_processor_0fcd8b3fbf5b - INFO - PPE meta buffered | camera=ppe_test_cam1 | violation=False
2026-07-23 15:55:05,151 - post_processor_0fcd8b3fbf5b - INFO - PPE frame complete | camera=ppe_test_cam1 | violation=False
2026-07-23 15:55:06,055 - post_processor_0fcd8b3fbf5b - INFO - [FRAME RECEIVED] topic=post_processing | partition=0 | offset=156938 | frame_id=None | camera=ppe_test_cam1
2026-07-23 15:55:06,056 - post_processor_0fcd8b3fbf5b - INFO - [DETECT BATCH] START | od=0 | ppe=1
2026-07-23 15:55:06,057 - post_processor_0fcd8b3fbf5b - INFO - [PROCESS PPE DETECTION] camera=ppe_test_cam1 | severity=none | violated=[]
2026-07-23 15:55:06,058 - post_processor_0fcd8b3fbf5b - INFO - [DETECT BATCH] DONE | od=0 | ppe=1
2026-07-23 15:55:06,058 - post_processor_0fcd8b3fbf5b - INFO - PPE meta buffered | camera=ppe_test_cam1 | violation=False
2026-07-23 15:55:06,058 - post_processor_0fcd8b3fbf5b - INFO - PPE frame complete | camera=ppe_test_cam1 | violation=False
2026-07-23 15:55:07,172 - post_processor_0fcd8b3fbf5b - INFO - [FRAME RECEIVED] topic=post_processing | partition=0 | offset=156939 | frame_id=None | camera=ppe_test_cam1
2026-07-23 15:55:07,172 - post_processor_0fcd8b3fbf5b - INFO - [DETECT BATCH] START | od=0 | ppe=1
2026-07-23 15:55:07,174 - post_processor_0fcd8b3fbf5b - INFO - [PROCESS PPE DETECTION] camera=ppe_test_cam1 | severity=none | violated=[]
2026-07-23 15:55:07,174 - post_processor_0fcd8b3fbf5b - INFO - [DETECT BATCH] DONE | od=0 | ppe=1
2026-07-23 15:55:07,174 - post_processor_0fcd8b3fbf5b - INFO - PPE meta buffered | camera=ppe_test_cam1 | violation=False
2026-07-23 15:55:07,175 - post_processor_0fcd8b3fbf5b - INFO - PPE frame complete | camera=ppe_test_cam1 | violation=False
2026-07-23 15:55:07,204 - post_processor_0fcd8b3fbf5b - INFO - [FRAME RECEIVED] topic=post_processing | partition=0 | offset=156940 | frame_id=None | camera=ppe_test_cam1
2026-07-23 15:55:07,205 - post_processor_0fcd8b3fbf5b - INFO - [DETECT BATCH] START | od=0 | ppe=1
2026-07-23 15:55:07,205 - post_processor_0fcd8b3fbf5b - INFO - [PROCESS PPE DETECTION] camera=ppe_test_cam1 | severity=none | violated=[]
2026-07-23 15:55:07,206 - post_processor_0fcd8b3fbf5b - INFO - [DETECT BATCH] DONE | od=0 | ppe=1
2026-07-23 15:55:07,206 - post_processor_0fcd8b3fbf5b - INFO - PPE meta buffered | camera=ppe_test_cam1 | violation=False
2026-07-23 15:55:07,206 - post_processor_0fcd8b3fbf5b - INFO - PPE frame complete | camera=ppe_test_cam1 | violation=False
2026-07-23 15:55:32,209 - post_processor_0fcd8b3fbf5b - INFO - [FRAME RECEIVED] topic=post_processing | partition=0 | offset=156941 | frame_id=None | camera=ppe_test_cam1
2026-07-23 15:55:32,209 - post_processor_0fcd8b3fbf5b - INFO - [DETECT BATCH] START | od=0 | ppe=1
2026-07-23 15:55:32,209 - post_processor_0fcd8b3fbf5b - INFO - [PROCESS PPE DETECTION] camera=ppe_test_cam1 | severity=none | violated=[]
2026-07-23 15:55:32,209 - post_processor_0fcd8b3fbf5b - INFO - [DETECT BATCH] DONE | od=0 | ppe=1
2026-07-23 15:55:32,210 - post_processor_0fcd8b3fbf5b - INFO - PPE meta buffered | camera=ppe_test_cam1 | violation=False
2026-07-23 15:55:32,210 - post_processor_0fcd8b3fbf5b - INFO - PPE frame complete | camera=ppe_test_cam1 | violation=False
2026-07-23 15:55:33,196 - post_processor_0fcd8b3fbf5b - INFO - [FRAME RECEIVED] topic=post_processing | partition=0 | offset=156942 | frame_id=None | camera=ppe_test_cam1
2026-07-23 15:55:33,196 - post_processor_0fcd8b3fbf5b - INFO - [DETECT BATCH] START | od=0 | ppe=1
2026-07-23 15:55:33,197 - post_processor_0fcd8b3fbf5b - INFO - [PROCESS PPE DETECTION] camera=ppe_test_cam1 | severity=none | violated=[]
2026-07-23 15:55:33,197 - post_processor_0fcd8b3fbf5b - INFO - [DETECT BATCH] DONE | od=0 | ppe=1
2026-07-23 15:55:33,197 - post_processor_0fcd8b3fbf5b - INFO - PPE meta buffered | camera=ppe_test_cam1 | violation=False
2026-07-23 15:55:33,197 - post_processor_0fcd8b3fbf5b - INFO - PPE frame complete | camera=ppe_test_cam1 | violation=False
2026-07-23 15:55:51,194 - post_processor_0fcd8b3fbf5b - INFO - [FRAME RECEIVED] topic=post_processing | partition=0 | offset=156943 | frame_id=None | camera=ppe_test_cam1
2026-07-23 15:55:51,195 - post_processor_0fcd8b3fbf5b - INFO - [DETECT BATCH] START | od=0 | ppe=1
2026-07-23 15:55:51,195 - post_processor_0fcd8b3fbf5b - INFO - [PROCESS PPE DETECTION] camera=ppe_test_cam1 | severity=none | violated=[]
2026-07-23 15:55:51,195 - post_processor_0fcd8b3fbf5b - INFO - [DETECT BATCH] DONE | od=0 | ppe=1
2026-07-23 15:55:51,195 - post_processor_0fcd8b3fbf5b - INFO - PPE meta buffered | camera=ppe_test_cam1 | violation=False
2026-07-23 15:55:51,245 - post_processor_0fcd8b3fbf5b - INFO - PPE MongoDB batch insert | camera=ppe_test_cam1 | count=10
2026-07-23 15:55:51,246 - post_processor_0fcd8b3fbf5b - INFO - PPE frame complete | camera=ppe_test_cam1 | violation=False
2026-07-23 15:55:51,247 - post_processor_0fcd8b3fbf5b - INFO - Kafka offsets committed | count=10
2026-07-23 15:55:51,247 - post_processor_0fcd8b3fbf5b - INFO - [FRAME RECEIVED] topic=post_processing | partition=0 | offset=156944 | frame_id=None | camera=ppe_test_cam1
2026-07-23 15:55:51,247 - post_processor_0fcd8b3fbf5b - INFO - [DETECT BATCH] START | od=0 | ppe=1
2026-07-23 15:55:51,247 - post_processor_0fcd8b3fbf5b - INFO - [PROCESS PPE DETECTION] camera=ppe_test_cam1 | severity=low | violated=['No-Shoes', 'No-Shoes']
2026-07-23 15:55:51,251 - post_processor_0fcd8b3fbf5b - INFO - PPE alert image saved | path=/Aksha/ppe_test_cam1/alerts/2026-07-23/2026-07-23 15:55:51.24_alert.jpg
2026-07-23 15:55:51,251 - post_processor_0fcd8b3fbf5b - INFO - [DETECT BATCH] DONE | od=0 | ppe=1
2026-07-23 15:55:51,251 - post_processor_0fcd8b3fbf5b - INFO - PPE meta buffered | camera=ppe_test_cam1 | violation=True
2026-07-23 15:55:51,252 - post_processor_0fcd8b3fbf5b - INFO - ppe_status_check | has_violation=True | validity=True
2026-07-23 15:55:51,252 - post_processor_0fcd8b3fbf5b - INFO - PPE notification approved | camera=ppe_test_cam1 | severity=low
2026-07-23 15:55:51,252 - post_processor_0fcd8b3fbf5b - INFO - PPE notification sent | camera=ppe_test_cam1 | severity=low | topic=notification_service
2026-07-23 15:55:51,253 - post_processor_0fcd8b3fbf5b - INFO - PPE frame complete | camera=ppe_test_cam1 | violation=True
2026-07-23 15:55:52,147 - post_processor_0fcd8b3fbf5b - INFO - [FRAME RECEIVED] topic=post_processing | partition=0 | offset=156945 | frame_id=None | camera=ppe_test_cam1
2026-07-23 15:55:52,147 - post_processor_0fcd8b3fbf5b - INFO - [DETECT BATCH] START | od=0 | ppe=1
2026-07-23 15:55:52,148 - post_processor_0fcd8b3fbf5b - INFO - [PROCESS PPE DETECTION] camera=ppe_test_cam1 | severity=none | violated=[]
2026-07-23 15:55:52,148 - post_processor_0fcd8b3fbf5b - INFO - [DETECT BATCH] DONE | od=0 | ppe=1
2026-07-23 15:55:52,148 - post_processor_0fcd8b3fbf5b - INFO - PPE meta buffered | camera=ppe_test_cam1 | violation=False
2026-07-23 15:55:52,148 - post_processor_0fcd8b3fbf5b - INFO - PPE frame complete | camera=ppe_test_cam1 | violation=False
2026-07-23 15:55:52,179 - post_processor_0fcd8b3fbf5b - INFO - [FRAME RECEIVED] topic=post_processing | partition=0 | offset=156946 | frame_id=None | camera=ppe_test_cam1
2026-07-23 15:55:52,179 - post_processor_0fcd8b3fbf5b - INFO - [DETECT BATCH] START | od=0 | ppe=1
2026-07-23 15:55:52,179 - post_processor_0fcd8b3fbf5b - INFO - [PROCESS PPE DETECTION] camera=ppe_test_cam1 | severity=low | violated=['No-Shoes', 'No-Shoes']
2026-07-23 15:55:52,182 - post_processor_0fcd8b3fbf5b - INFO - PPE alert image saved | path=/Aksha/ppe_test_cam1/alerts/2026-07-23/2026-07-23 15:55:52.18_alert.jpg
2026-07-23 15:55:52,183 - post_processor_0fcd8b3fbf5b - INFO - [DETECT BATCH] DONE | od=0 | ppe=1
2026-07-23 15:55:52,183 - post_processor_0fcd8b3fbf5b - INFO - PPE meta buffered | camera=ppe_test_cam1 | violation=True
2026-07-23 15:55:52,183 - post_processor_0fcd8b3fbf5b - INFO - ppe_status_check | has_violation=True | validity=False
2026-07-23 15:55:52,184 - post_processor_0fcd8b3fbf5b - INFO - PPE notification suppressed by cooldown | camera=ppe_test_cam1
2026-07-23 15:55:52,184 - post_processor_0fcd8b3fbf5b - INFO - PPE frame complete | camera=ppe_test_cam1 | violation=True
2026-07-23 15:55:53,137 - post_processor_0fcd8b3fbf5b - INFO - [FRAME RECEIVED] topic=post_processing | partition=0 | offset=156947 | frame_id=None | camera=ppe_test_cam1
2026-07-23 15:55:53,137 - post_processor_0fcd8b3fbf5b - INFO - [DETECT BATCH] START | od=0 | ppe=1
2026-07-23 15:55:53,137 - post_processor_0fcd8b3fbf5b - INFO - [PROCESS PPE DETECTION] camera=ppe_test_cam1 | severity=none | violated=[]
2026-07-23 15:55:53,138 - post_processor_0fcd8b3fbf5b - INFO - [DETECT BATCH] DONE | od=0 | ppe=1
2026-07-23 15:55:53,138 - post_processor_0fcd8b3fbf5b - INFO - PPE meta buffered | camera=ppe_test_cam1 | violation=False
2026-07-23 15:55:53,138 - post_processor_0fcd8b3fbf5b - INFO - PPE frame complete | camera=ppe_test_cam1 | violation=False
2026-07-23 15:55:53,168 - post_processor_0fcd8b3fbf5b - INFO - [FRAME RECEIVED] topic=post_processing | partition=0 | offset=156948 | frame_id=None | camera=ppe_test_cam1
2026-07-23 15:55:53,169 - post_processor_0fcd8b3fbf5b - INFO - [DETECT BATCH] START | od=0 | ppe=1
2026-07-23 15:55:53,169 - post_processor_0fcd8b3fbf5b - INFO - [PROCESS PPE DETECTION] camera=ppe_test_cam1 | severity=low | violated=['No-Shoes', 'No-Shoes']
2026-07-23 15:55:53,174 - post_processor_0fcd8b3fbf5b - INFO - PPE alert image saved | path=/Aksha/ppe_test_cam1/alerts/2026-07-23/2026-07-23 15:55:53.17_alert.jpg
2026-07-23 15:55:53,174 - post_processor_0fcd8b3fbf5b - INFO - [DETECT BATCH] DONE | od=0 | ppe=1
2026-07-23 15:55:53,174 - post_processor_0fcd8b3fbf5b - INFO - PPE meta buffered | camera=ppe_test_cam1 | violation=True
2026-07-23 15:55:53,175 - post_processor_0fcd8b3fbf5b - INFO - ppe_status_check | has_violation=True | validity=False
2026-07-23 15:55:53,175 - post_processor_0fcd8b3fbf5b - INFO - PPE notification suppressed by cooldown | camera=ppe_test_cam1
2026-07-23 15:55:53,176 - post_processor_0fcd8b3fbf5b - INFO - PPE frame complete | camera=ppe_test_cam1 | violation=True
2026-07-23 15:55:54,178 - post_processor_0fcd8b3fbf5b - INFO - [FRAME RECEIVED] topic=post_processing | partition=0 | offset=156949 | frame_id=None | camera=ppe_test_cam1
2026-07-23 15:55:54,178 - post_processor_0fcd8b3fbf5b - INFO - [DETECT BATCH] START | od=0 | ppe=1
2026-07-23 15:55:54,178 - post_processor_0fcd8b3fbf5b - INFO - [PROCESS PPE DETECTION] camera=ppe_test_cam1 | severity=none | violated=[]
2026-07-23 15:55:54,178 - post_processor_0fcd8b3fbf5b - INFO - [DETECT BATCH] DONE | od=0 | ppe=1
2026-07-23 15:55:54,178 - post_processor_0fcd8b3fbf5b - INFO - PPE meta buffered | camera=ppe_test_cam1 | violation=False
2026-07-23 15:55:54,179 - post_processor_0fcd8b3fbf5b - INFO - PPE frame complete | camera=ppe_test_cam1 | violation=False
2026-07-23 15:55:54,210 - post_processor_0fcd8b3fbf5b - INFO - [FRAME RECEIVED] topic=post_processing | partition=0 | offset=156950 | frame_id=None | camera=ppe_test_cam1
2026-07-23 15:55:54,210 - post_processor_0fcd8b3fbf5b - INFO - [DETECT BATCH] START | od=0 | ppe=1
2026-07-23 15:55:54,212 - post_processor_0fcd8b3fbf5b - INFO - [PROCESS PPE DETECTION] camera=ppe_test_cam1 | severity=low | violated=['No-Shoes', 'No-Shoes']
2026-07-23 15:55:54,215 - post_processor_0fcd8b3fbf5b - INFO - PPE alert image saved | path=/Aksha/ppe_test_cam1/alerts/2026-07-23/2026-07-23 15:55:54.21_alert.jpg
2026-07-23 15:55:54,215 - post_processor_0fcd8b3fbf5b - INFO - [DETECT BATCH] DONE | od=0 | ppe=1
2026-07-23 15:55:54,215 - post_processor_0fcd8b3fbf5b - INFO - PPE meta buffered | camera=ppe_test_cam1 | violation=True
2026-07-23 15:55:54,216 - post_processor_0fcd8b3fbf5b - INFO - ppe_status_check | has_violation=True | validity=False
2026-07-23 15:55:54,216 - post_processor_0fcd8b3fbf5b - INFO - PPE notification suppressed by cooldown | camera=ppe_test_cam1
2026-07-23 15:55:54,217 - post_processor_0fcd8b3fbf5b - INFO - PPE frame complete | camera=ppe_test_cam1 | violation=True
2026-07-23 15:55:55,153 - post_processor_0fcd8b3fbf5b - INFO - [FRAME RECEIVED] topic=post_processing | partition=0 | offset=156951 | frame_id=None | camera=ppe_test_cam1
2026-07-23 15:55:55,153 - post_processor_0fcd8b3fbf5b - INFO - [DETECT BATCH] START | od=0 | ppe=1
2026-07-23 15:55:55,154 - post_processor_0fcd8b3fbf5b - INFO - [PROCESS PPE DETECTION] camera=ppe_test_cam1 | severity=none | violated=[]
2026-07-23 15:55:55,154 - post_processor_0fcd8b3fbf5b - INFO - [DETECT BATCH] DONE | od=0 | ppe=1
2026-07-23 15:55:55,154 - post_processor_0fcd8b3fbf5b - INFO - PPE meta buffered | camera=ppe_test_cam1 | violation=False
2026-07-23 15:55:55,154 - post_processor_0fcd8b3fbf5b - INFO - PPE frame complete | camera=ppe_test_cam1 | violation=False
2026-07-23 15:56:00,192 - post_processor_0fcd8b3fbf5b - INFO - [FRAME RECEIVED] topic=post_processing | partition=0 | offset=156952 | frame_id=None | camera=ppe_test_cam1
2026-07-23 15:56:00,192 - post_processor_0fcd8b3fbf5b - INFO - [DETECT BATCH] START | od=0 | ppe=1
2026-07-23 15:56:00,193 - post_processor_0fcd8b3fbf5b - INFO - [PROCESS PPE DETECTION] camera=ppe_test_cam1 | severity=none | violated=[]
2026-07-23 15:56:00,193 - post_processor_0fcd8b3fbf5b - INFO - [DETECT BATCH] DONE | od=0 | ppe=1
2026-07-23 15:56:00,193 - post_processor_0fcd8b3fbf5b - INFO - PPE meta buffered | camera=ppe_test_cam1 | violation=False
2026-07-23 15:56:00,193 - post_processor_0fcd8b3fbf5b - INFO - PPE frame complete | camera=ppe_test_cam1 | violation=False
2026-07-23 15:56:01,217 - post_processor_0fcd8b3fbf5b - INFO - [FRAME RECEIVED] topic=post_processing | partition=0 | offset=156953 | frame_id=None | camera=ppe_test_cam1
2026-07-23 15:56:01,217 - post_processor_0fcd8b3fbf5b - INFO - [DETECT BATCH] START | od=0 | ppe=1
2026-07-23 15:56:01,218 - post_processor_0fcd8b3fbf5b - INFO - [PROCESS PPE DETECTION] camera=ppe_test_cam1 | severity=none | violated=[]
2026-07-23 15:56:01,218 - post_processor_0fcd8b3fbf5b - INFO - [DETECT BATCH] DONE | od=0 | ppe=1
2026-07-23 15:56:01,218 - post_processor_0fcd8b3fbf5b - INFO - PPE meta buffered | camera=ppe_test_cam1 | violation=False
2026-07-23 15:56:01,234 - post_processor_0fcd8b3fbf5b - INFO - PPE MongoDB batch insert | camera=ppe_test_cam1 | count=10
2026-07-23 15:56:01,234 - post_processor_0fcd8b3fbf5b - INFO - PPE frame complete | camera=ppe_test_cam1 | violation=False
2026-07-23 15:56:01,235 - post_processor_0fcd8b3fbf5b - INFO - Kafka offsets committed | count=10
2026-07-23 15:56:02,063 - post_processor_0fcd8b3fbf5b - INFO - [FRAME RECEIVED] topic=post_processing | partition=0 | offset=156954 | frame_id=None | camera=ppe_test_cam1
2026-07-23 15:56:02,063 - post_processor_0fcd8b3fbf5b - INFO - [DETECT BATCH] START | od=0 | ppe=1
2026-07-23 15:56:02,064 - post_processor_0fcd8b3fbf5b - INFO - [PROCESS PPE DETECTION] camera=ppe_test_cam1 | severity=none | violated=[]
2026-07-23 15:56:02,065 - post_processor_0fcd8b3fbf5b - INFO - [DETECT BATCH] DONE | od=0 | ppe=1
2026-07-23 15:56:02,065 - post_processor_0fcd8b3fbf5b - INFO - PPE meta buffered | camera=ppe_test_cam1 | violation=False
2026-07-23 15:56:02,065 - post_processor_0fcd8b3fbf5b - INFO - PPE frame complete | camera=ppe_test_cam1 | violation=False
2026-07-23 15:56:03,220 - post_processor_0fcd8b3fbf5b - INFO - [FRAME RECEIVED] topic=post_processing | partition=0 | offset=156955 | frame_id=None | camera=ppe_test_cam1
2026-07-23 15:56:03,220 - post_processor_0fcd8b3fbf5b - INFO - [DETECT BATCH] START | od=0 | ppe=1
2026-07-23 15:56:03,220 - post_processor_0fcd8b3fbf5b - INFO - [PROCESS PPE DETECTION] camera=ppe_test_cam1 | severity=none | violated=[]
2026-07-23 15:56:03,221 - post_processor_0fcd8b3fbf5b - INFO - [DETECT BATCH] DONE | od=0 | ppe=1
2026-07-23 15:56:03,221 - post_processor_0fcd8b3fbf5b - INFO - PPE meta buffered | camera=ppe_test_cam1 | violation=False
2026-07-23 15:56:03,221 - post_processor_0fcd8b3fbf5b - INFO - PPE frame complete | camera=ppe_test_cam1 | violation=False
2026-07-23 15:56:04,226 - post_processor_0fcd8b3fbf5b - INFO - [FRAME RECEIVED] topic=post_processing | partition=0 | offset=156956 | frame_id=None | camera=ppe_test_cam1
2026-07-23 15:56:04,226 - post_processor_0fcd8b3fbf5b - INFO - [DETECT BATCH] START | od=0 | ppe=1
2026-07-23 15:56:04,227 - post_processor_0fcd8b3fbf5b - INFO - [PROCESS PPE DETECTION] camera=ppe_test_cam1 | severity=none | violated=[]
2026-07-23 15:56:04,227 - post_processor_0fcd8b3fbf5b - INFO - [DETECT BATCH] DONE | od=0 | ppe=1
2026-07-23 15:56:04,227 - post_processor_0fcd8b3fbf5b - INFO - PPE meta buffered | camera=ppe_test_cam1 | violation=False
2026-07-23 15:56:04,227 - post_processor_0fcd8b3fbf5b - INFO - PPE frame complete | camera=ppe_test_cam1 | violation=False
2026-07-23 15:56:05,185 - post_processor_0fcd8b3fbf5b - INFO - [FRAME RECEIVED] topic=post_processing | partition=0 | offset=156957 | frame_id=None | camera=ppe_test_cam1
2026-07-23 15:56:05,185 - post_processor_0fcd8b3fbf5b - INFO - [DETECT BATCH] START | od=0 | ppe=1
2026-07-23 15:56:05,186 - post_processor_0fcd8b3fbf5b - INFO - [PROCESS PPE DETECTION] camera=ppe_test_cam1 | severity=none | violated=[]
2026-07-23 15:56:05,186 - post_processor_0fcd8b3fbf5b - INFO - [DETECT BATCH] DONE | od=0 | ppe=1
2026-07-23 15:56:05,187 - post_processor_0fcd8b3fbf5b - INFO - PPE meta buffered | camera=ppe_test_cam1 | violation=False
2026-07-23 15:56:05,187 - post_processor_0fcd8b3fbf5b - INFO - PPE frame complete | camera=ppe_test_cam1 | violation=False
2026-07-23 15:56:06,123 - post_processor_0fcd8b3fbf5b - INFO - [FRAME RECEIVED] topic=post_processing | partition=0 | offset=156958 | frame_id=None | camera=ppe_test_cam1
2026-07-23 15:56:06,123 - post_processor_0fcd8b3fbf5b - INFO - [DETECT BATCH] START | od=0 | ppe=1
2026-07-23 15:56:06,123 - post_processor_0fcd8b3fbf5b - INFO - [PROCESS PPE DETECTION] camera=ppe_test_cam1 | severity=none | violated=[]
2026-07-23 15:56:06,124 - post_processor_0fcd8b3fbf5b - INFO - [DETECT BATCH] DONE | od=0 | ppe=1
2026-07-23 15:56:06,124 - post_processor_0fcd8b3fbf5b - INFO - PPE meta buffered | camera=ppe_test_cam1 | violation=False
2026-07-23 15:56:06,124 - post_processor_0fcd8b3fbf5b - INFO - PPE frame complete | camera=ppe_test_cam1 | violation=False
2026-07-23 15:56:07,202 - post_processor_0fcd8b3fbf5b - INFO - [FRAME RECEIVED] topic=post_processing | partition=0 | offset=156959 | frame_id=None | camera=ppe_test_cam1
2026-07-23 15:56:07,202 - post_processor_0fcd8b3fbf5b - INFO - [DETECT BATCH] START | od=0 | ppe=1
2026-07-23 15:56:07,202 - post_processor_0fcd8b3fbf5b - INFO - [PROCESS PPE DETECTION] camera=ppe_test_cam1 | severity=none | violated=[]
2026-07-23 15:56:07,204 - post_processor_0fcd8b3fbf5b - INFO - [DETECT BATCH] DONE | od=0 | ppe=1
2026-07-23 15:56:07,204 - post_processor_0fcd8b3fbf5b - INFO - PPE meta buffered | camera=ppe_test_cam1 | violation=False
2026-07-23 15:56:07,204 - post_processor_0fcd8b3fbf5b - INFO - PPE frame complete | camera=ppe_test_cam1 | violation=False
2026-07-23 15:56:07,232 - post_processor_0fcd8b3fbf5b - INFO - [FRAME RECEIVED] topic=post_processing | partition=0 | offset=156960 | frame_id=None | camera=ppe_test_cam1
2026-07-23 15:56:07,233 - post_processor_0fcd8b3fbf5b - INFO - [DETECT BATCH] START | od=0 | ppe=1
2026-07-23 15:56:07,234 - post_processor_0fcd8b3fbf5b - INFO - [PROCESS PPE DETECTION] camera=ppe_test_cam1 | severity=none | violated=[]
2026-07-23 15:56:07,234 - post_processor_0fcd8b3fbf5b - INFO - [DETECT BATCH] DONE | od=0 | ppe=1
2026-07-23 15:56:07,234 - post_processor_0fcd8b3fbf5b - INFO - PPE meta buffered | camera=ppe_test_cam1 | violation=False
2026-07-23 15:56:07,234 - post_processor_0fcd8b3fbf5b - INFO - PPE frame complete | camera=ppe_test_cam1 | violation=False
2026-07-23 15:56:32,234 - post_processor_0fcd8b3fbf5b - INFO - [FRAME RECEIVED] topic=post_processing | partition=0 | offset=156961 | frame_id=None | camera=ppe_test_cam1
2026-07-23 15:56:32,234 - post_processor_0fcd8b3fbf5b - INFO - [DETECT BATCH] START | od=0 | ppe=1
2026-07-23 15:56:32,235 - post_processor_0fcd8b3fbf5b - INFO - [PROCESS PPE DETECTION] camera=ppe_test_cam1 | severity=none | violated=[]
2026-07-23 15:56:32,235 - post_processor_0fcd8b3fbf5b - INFO - [DETECT BATCH] DONE | od=0 | ppe=1
2026-07-23 15:56:32,235 - post_processor_0fcd8b3fbf5b - INFO - PPE meta buffered | camera=ppe_test_cam1 | violation=False
2026-07-23 15:56:32,235 - post_processor_0fcd8b3fbf5b - INFO - PPE frame complete | camera=ppe_test_cam1 | violation=False
2026-07-23 15:56:33,171 - post_processor_0fcd8b3fbf5b - INFO - [FRAME RECEIVED] topic=post_processing | partition=0 | offset=156962 | frame_id=None | camera=ppe_test_cam1
2026-07-23 15:56:33,171 - post_processor_0fcd8b3fbf5b - INFO - [DETECT BATCH] START | od=0 | ppe=1
2026-07-23 15:56:33,172 - post_processor_0fcd8b3fbf5b - INFO - [PROCESS PPE DETECTION] camera=ppe_test_cam1 | severity=none | violated=[]
2026-07-23 15:56:33,174 - post_processor_0fcd8b3fbf5b - INFO - [DETECT BATCH] DONE | od=0 | ppe=1
2026-07-23 15:56:33,175 - post_processor_0fcd8b3fbf5b - INFO - PPE meta buffered | camera=ppe_test_cam1 | violation=False
2026-07-23 15:56:33,175 - post_processor_0fcd8b3fbf5b - INFO - PPE frame complete | camera=ppe_test_cam1 | violation=False
2026-07-23 15:56:51,203 - post_processor_0fcd8b3fbf5b - INFO - [FRAME RECEIVED] topic=post_processing | partition=0 | offset=156963 | frame_id=None | camera=ppe_test_cam1
2026-07-23 15:56:51,203 - post_processor_0fcd8b3fbf5b - INFO - [DETECT BATCH] START | od=0 | ppe=1
2026-07-23 15:56:51,204 - post_processor_0fcd8b3fbf5b - INFO - [PROCESS PPE DETECTION] camera=ppe_test_cam1 | severity=none | violated=[]
2026-07-23 15:56:51,204 - post_processor_0fcd8b3fbf5b - INFO - [DETECT BATCH] DONE | od=0 | ppe=1
2026-07-23 15:56:51,204 - post_processor_0fcd8b3fbf5b - INFO - PPE meta buffered | camera=ppe_test_cam1 | violation=False
2026-07-23 15:56:51,262 - post_processor_0fcd8b3fbf5b - INFO - PPE MongoDB batch insert | camera=ppe_test_cam1 | count=10
2026-07-23 15:56:51,263 - post_processor_0fcd8b3fbf5b - INFO - PPE frame complete | camera=ppe_test_cam1 | violation=False
2026-07-23 15:56:51,264 - post_processor_0fcd8b3fbf5b - INFO - Kafka offsets committed | count=10
2026-07-23 15:56:51,264 - post_processor_0fcd8b3fbf5b - INFO - [FRAME RECEIVED] topic=post_processing | partition=0 | offset=156964 | frame_id=None | camera=ppe_test_cam1
2026-07-23 15:56:51,264 - post_processor_0fcd8b3fbf5b - INFO - [DETECT BATCH] START | od=0 | ppe=1
2026-07-23 15:56:51,265 - post_processor_0fcd8b3fbf5b - INFO - [PROCESS PPE DETECTION] camera=ppe_test_cam1 | severity=low | violated=['No-Shoes', 'No-Shoes']
2026-07-23 15:56:51,268 - post_processor_0fcd8b3fbf5b - INFO - PPE alert image saved | path=/Aksha/ppe_test_cam1/alerts/2026-07-23/2026-07-23 15:56:51.26_alert.jpg
2026-07-23 15:56:51,268 - post_processor_0fcd8b3fbf5b - INFO - [DETECT BATCH] DONE | od=0 | ppe=1
2026-07-23 15:56:51,268 - post_processor_0fcd8b3fbf5b - INFO - PPE meta buffered | camera=ppe_test_cam1 | violation=True
2026-07-23 15:56:51,268 - post_processor_0fcd8b3fbf5b - INFO - ppe_status_check | has_violation=True | validity=True
2026-07-23 15:56:51,269 - post_processor_0fcd8b3fbf5b - INFO - PPE notification approved | camera=ppe_test_cam1 | severity=low
2026-07-23 15:56:51,269 - post_processor_0fcd8b3fbf5b - INFO - PPE notification sent | camera=ppe_test_cam1 | severity=low | topic=notification_service
2026-07-23 15:56:51,269 - post_processor_0fcd8b3fbf5b - INFO - PPE frame complete | camera=ppe_test_cam1 | violation=True
2026-07-23 15:56:52,023 - post_processor_0fcd8b3fbf5b - INFO - [FRAME RECEIVED] topic=post_processing | partition=0 | offset=156965 | frame_id=None | camera=ppe_test_cam1
2026-07-23 15:56:52,023 - post_processor_0fcd8b3fbf5b - INFO - [DETECT BATCH] START | od=0 | ppe=1
2026-07-23 15:56:52,023 - post_processor_0fcd8b3fbf5b - INFO - [PROCESS PPE DETECTION] camera=ppe_test_cam1 | severity=none | violated=[]
2026-07-23 15:56:52,023 - post_processor_0fcd8b3fbf5b - INFO - [DETECT BATCH] DONE | od=0 | ppe=1
2026-07-23 15:56:52,023 - post_processor_0fcd8b3fbf5b - INFO - PPE meta buffered | camera=ppe_test_cam1 | violation=False
2026-07-23 15:56:52,023 - post_processor_0fcd8b3fbf5b - INFO - PPE frame complete | camera=ppe_test_cam1 | violation=False
2026-07-23 15:56:52,057 - post_processor_0fcd8b3fbf5b - INFO - [FRAME RECEIVED] topic=post_processing | partition=0 | offset=156966 | frame_id=None | camera=ppe_test_cam1
2026-07-23 15:56:52,057 - post_processor_0fcd8b3fbf5b - INFO - [DETECT BATCH] START | od=0 | ppe=1
2026-07-23 15:56:52,057 - post_processor_0fcd8b3fbf5b - INFO - [PROCESS PPE DETECTION] camera=ppe_test_cam1 | severity=low | violated=['No-Shoes', 'No-Shoes']
2026-07-23 15:56:52,062 - post_processor_0fcd8b3fbf5b - INFO - PPE alert image saved | path=/Aksha/ppe_test_cam1/alerts/2026-07-23/2026-07-23 15:56:52.05_alert.jpg
2026-07-23 15:56:52,062 - post_processor_0fcd8b3fbf5b - INFO - [DETECT BATCH] DONE | od=0 | ppe=1
2026-07-23 15:56:52,062 - post_processor_0fcd8b3fbf5b - INFO - PPE meta buffered | camera=ppe_test_cam1 | violation=True
2026-07-23 15:56:52,063 - post_processor_0fcd8b3fbf5b - INFO - ppe_status_check | has_violation=True | validity=False
2026-07-23 15:56:52,063 - post_processor_0fcd8b3fbf5b - INFO - PPE notification suppressed by cooldown | camera=ppe_test_cam1
2026-07-23 15:56:52,063 - post_processor_0fcd8b3fbf5b - INFO - PPE frame complete | camera=ppe_test_cam1 | violation=True
2026-07-23 15:56:53,068 - post_processor_0fcd8b3fbf5b - INFO - [FRAME RECEIVED] topic=post_processing | partition=0 | offset=156967 | frame_id=None | camera=ppe_test_cam1
2026-07-23 15:56:53,068 - post_processor_0fcd8b3fbf5b - INFO - [DETECT BATCH] START | od=0 | ppe=1
2026-07-23 15:56:53,068 - post_processor_0fcd8b3fbf5b - INFO - [PROCESS PPE DETECTION] camera=ppe_test_cam1 | severity=none | violated=[]
2026-07-23 15:56:53,069 - post_processor_0fcd8b3fbf5b - INFO - [DETECT BATCH] DONE | od=0 | ppe=1
2026-07-23 15:56:53,069 - post_processor_0fcd8b3fbf5b - INFO - PPE meta buffered | camera=ppe_test_cam1 | violation=False
2026-07-23 15:56:53,069 - post_processor_0fcd8b3fbf5b - INFO - PPE frame complete | camera=ppe_test_cam1 | violation=False
2026-07-23 15:56:53,099 - post_processor_0fcd8b3fbf5b - INFO - [FRAME RECEIVED] topic=post_processing | partition=0 | offset=156968 | frame_id=None | camera=ppe_test_cam1
2026-07-23 15:56:53,100 - post_processor_0fcd8b3fbf5b - INFO - [DETECT BATCH] START | od=0 | ppe=1
2026-07-23 15:56:53,100 - post_processor_0fcd8b3fbf5b - INFO - [PROCESS PPE DETECTION] camera=ppe_test_cam1 | severity=low | violated=['No-Shoes', 'No-Shoes']
2026-07-23 15:56:53,103 - post_processor_0fcd8b3fbf5b - INFO - PPE alert image saved | path=/Aksha/ppe_test_cam1/alerts/2026-07-23/2026-07-23 15:56:53.10_alert.jpg
2026-07-23 15:56:53,104 - post_processor_0fcd8b3fbf5b - INFO - [DETECT BATCH] DONE | od=0 | ppe=1
2026-07-23 15:56:53,104 - post_processor_0fcd8b3fbf5b - INFO - PPE meta buffered | camera=ppe_test_cam1 | violation=True
2026-07-23 15:56:53,105 - post_processor_0fcd8b3fbf5b - INFO - ppe_status_check | has_violation=True | validity=False
2026-07-23 15:56:53,105 - post_processor_0fcd8b3fbf5b - INFO - PPE notification suppressed by cooldown | camera=ppe_test_cam1
2026-07-23 15:56:53,105 - post_processor_0fcd8b3fbf5b - INFO - PPE frame complete | camera=ppe_test_cam1 | violation=True
2026-07-23 15:56:54,166 - post_processor_0fcd8b3fbf5b - INFO - [FRAME RECEIVED] topic=post_processing | partition=0 | offset=156969 | frame_id=None | camera=ppe_test_cam1
2026-07-23 15:56:54,166 - post_processor_0fcd8b3fbf5b - INFO - [DETECT BATCH] START | od=0 | ppe=1
2026-07-23 15:56:54,166 - post_processor_0fcd8b3fbf5b - INFO - [PROCESS PPE DETECTION] camera=ppe_test_cam1 | severity=none | violated=[]
2026-07-23 15:56:54,166 - post_processor_0fcd8b3fbf5b - INFO - [DETECT BATCH] DONE | od=0 | ppe=1
2026-07-23 15:56:54,166 - post_processor_0fcd8b3fbf5b - INFO - PPE meta buffered | camera=ppe_test_cam1 | violation=False
2026-07-23 15:56:54,166 - post_processor_0fcd8b3fbf5b - INFO - PPE frame complete | camera=ppe_test_cam1 | violation=False
2026-07-23 15:56:54,198 - post_processor_0fcd8b3fbf5b - INFO - [FRAME RECEIVED] topic=post_processing | partition=0 | offset=156970 | frame_id=None | camera=ppe_test_cam1
2026-07-23 15:56:54,198 - post_processor_0fcd8b3fbf5b - INFO - [DETECT BATCH] START | od=0 | ppe=1
2026-07-23 15:56:54,198 - post_processor_0fcd8b3fbf5b - INFO - [PROCESS PPE DETECTION] camera=ppe_test_cam1 | severity=low | violated=['No-Shoes', 'No-Shoes']
2026-07-23 15:56:54,202 - post_processor_0fcd8b3fbf5b - INFO - PPE alert image saved | path=/Aksha/ppe_test_cam1/alerts/2026-07-23/2026-07-23 15:56:54.20_alert.jpg
2026-07-23 15:56:54,203 - post_processor_0fcd8b3fbf5b - INFO - [DETECT BATCH] DONE | od=0 | ppe=1
2026-07-23 15:56:54,203 - post_processor_0fcd8b3fbf5b - INFO - PPE meta buffered | camera=ppe_test_cam1 | violation=True
2026-07-23 15:56:54,204 - post_processor_0fcd8b3fbf5b - INFO - ppe_status_check | has_violation=True | validity=False
2026-07-23 15:56:54,204 - post_processor_0fcd8b3fbf5b - INFO - PPE notification suppressed by cooldown | camera=ppe_test_cam1
2026-07-23 15:56:54,205 - post_processor_0fcd8b3fbf5b - INFO - PPE frame complete | camera=ppe_test_cam1 | violation=True
2026-07-23 15:56:55,049 - post_processor_0fcd8b3fbf5b - INFO - [FRAME RECEIVED] topic=post_processing | partition=0 | offset=156971 | frame_id=None | camera=ppe_test_cam1
2026-07-23 15:56:55,049 - post_processor_0fcd8b3fbf5b - INFO - [DETECT BATCH] START | od=0 | ppe=1
2026-07-23 15:56:55,049 - post_processor_0fcd8b3fbf5b - INFO - [PROCESS PPE DETECTION] camera=ppe_test_cam1 | severity=none | violated=[]
2026-07-23 15:56:55,049 - post_processor_0fcd8b3fbf5b - INFO - [DETECT BATCH] DONE | od=0 | ppe=1
2026-07-23 15:56:55,049 - post_processor_0fcd8b3fbf5b - INFO - PPE meta buffered | camera=ppe_test_cam1 | violation=False
2026-07-23 15:56:55,049 - post_processor_0fcd8b3fbf5b - INFO - PPE frame complete | camera=ppe_test_cam1 | violation=False
2026-07-23 15:57:00,174 - post_processor_0fcd8b3fbf5b - INFO - [FRAME RECEIVED] topic=post_processing | partition=0 | offset=156972 | frame_id=None | camera=ppe_test_cam1
2026-07-23 15:57:00,175 - post_processor_0fcd8b3fbf5b - INFO - [DETECT BATCH] START | od=0 | ppe=1
2026-07-23 15:57:00,175 - post_processor_0fcd8b3fbf5b - INFO - [PROCESS PPE DETECTION] camera=ppe_test_cam1 | severity=none | violated=[]
2026-07-23 15:57:00,175 - post_processor_0fcd8b3fbf5b - INFO - [DETECT BATCH] DONE | od=0 | ppe=1
2026-07-23 15:57:00,175 - post_processor_0fcd8b3fbf5b - INFO - PPE meta buffered | camera=ppe_test_cam1 | violation=False
2026-07-23 15:57:00,175 - post_processor_0fcd8b3fbf5b - INFO - PPE frame complete | camera=ppe_test_cam1 | violation=False
2026-07-23 15:57:01,163 - post_processor_0fcd8b3fbf5b - INFO - [FRAME RECEIVED] topic=post_processing | partition=0 | offset=156973 | frame_id=None | camera=ppe_test_cam1
2026-07-23 15:57:01,163 - post_processor_0fcd8b3fbf5b - INFO - [DETECT BATCH] START | od=0 | ppe=1
2026-07-23 15:57:01,163 - post_processor_0fcd8b3fbf5b - INFO - [PROCESS PPE DETECTION] camera=ppe_test_cam1 | severity=none | violated=[]
2026-07-23 15:57:01,164 - post_processor_0fcd8b3fbf5b - INFO - [DETECT BATCH] DONE | od=0 | ppe=1
2026-07-23 15:57:01,165 - post_processor_0fcd8b3fbf5b - INFO - PPE meta buffered | camera=ppe_test_cam1 | violation=False
2026-07-23 15:57:01,182 - post_processor_0fcd8b3fbf5b - INFO - PPE MongoDB batch insert | camera=ppe_test_cam1 | count=10
2026-07-23 15:57:01,182 - post_processor_0fcd8b3fbf5b - INFO - PPE frame complete | camera=ppe_test_cam1 | violation=False
2026-07-23 15:57:01,185 - post_processor_0fcd8b3fbf5b - INFO - Kafka offsets committed | count=10
2026-07-23 15:57:02,073 - post_processor_0fcd8b3fbf5b - INFO - [FRAME RECEIVED] topic=post_processing | partition=0 | offset=156974 | frame_id=None | camera=ppe_test_cam1
2026-07-23 15:57:02,073 - post_processor_0fcd8b3fbf5b - INFO - [DETECT BATCH] START | od=0 | ppe=1
2026-07-23 15:57:02,074 - post_processor_0fcd8b3fbf5b - INFO - [PROCESS PPE DETECTION] camera=ppe_test_cam1 | severity=none | violated=[]
2026-07-23 15:57:02,076 - post_processor_0fcd8b3fbf5b - INFO - [DETECT BATCH] DONE | od=0 | ppe=1
2026-07-23 15:57:02,076 - post_processor_0fcd8b3fbf5b - INFO - PPE meta buffered | camera=ppe_test_cam1 | violation=False
2026-07-23 15:57:02,076 - post_processor_0fcd8b3fbf5b - INFO - PPE frame complete | camera=ppe_test_cam1 | violation=False
2026-07-23 15:57:03,071 - post_processor_0fcd8b3fbf5b - INFO - [FRAME RECEIVED] topic=post_processing | partition=0 | offset=156975 | frame_id=None | camera=ppe_test_cam1
2026-07-23 15:57:03,071 - post_processor_0fcd8b3fbf5b - INFO - [DETECT BATCH] START | od=0 | ppe=1
2026-07-23 15:57:03,071 - post_processor_0fcd8b3fbf5b - INFO - [PROCESS PPE DETECTION] camera=ppe_test_cam1 | severity=none | violated=[]
2026-07-23 15:57:03,072 - post_processor_0fcd8b3fbf5b - INFO - [DETECT BATCH] DONE | od=0 | ppe=1
2026-07-23 15:57:03,073 - post_processor_0fcd8b3fbf5b - INFO - PPE meta buffered | camera=ppe_test_cam1 | violation=False
2026-07-23 15:57:03,073 - post_processor_0fcd8b3fbf5b - INFO - PPE frame complete | camera=ppe_test_cam1 | violation=False
2026-07-23 15:57:04,192 - post_processor_0fcd8b3fbf5b - INFO - [FRAME RECEIVED] topic=post_processing | partition=0 | offset=156976 | frame_id=None | camera=ppe_test_cam1
2026-07-23 15:57:04,192 - post_processor_0fcd8b3fbf5b - INFO - [DETECT BATCH] START | od=0 | ppe=1
2026-07-23 15:57:04,193 - post_processor_0fcd8b3fbf5b - INFO - [PROCESS PPE DETECTION] camera=ppe_test_cam1 | severity=none | violated=[]
2026-07-23 15:57:04,193 - post_processor_0fcd8b3fbf5b - INFO - [DETECT BATCH] DONE | od=0 | ppe=1
2026-07-23 15:57:04,193 - post_processor_0fcd8b3fbf5b - INFO - PPE meta buffered | camera=ppe_test_cam1 | violation=False
2026-07-23 15:57:04,193 - post_processor_0fcd8b3fbf5b - INFO - PPE frame complete | camera=ppe_test_cam1 | violation=False
2026-07-23 15:57:05,226 - post_processor_0fcd8b3fbf5b - INFO - [FRAME RECEIVED] topic=post_processing | partition=0 | offset=156977 | frame_id=None | camera=ppe_test_cam1
2026-07-23 15:57:05,226 - post_processor_0fcd8b3fbf5b - INFO - [DETECT BATCH] START | od=0 | ppe=1
2026-07-23 15:57:05,226 - post_processor_0fcd8b3fbf5b - INFO - [PROCESS PPE DETECTION] camera=ppe_test_cam1 | severity=none | violated=[]
2026-07-23 15:57:05,226 - post_processor_0fcd8b3fbf5b - INFO - [DETECT BATCH] DONE | od=0 | ppe=1
2026-07-23 15:57:05,226 - post_processor_0fcd8b3fbf5b - INFO - PPE meta buffered | camera=ppe_test_cam1 | violation=False
2026-07-23 15:57:05,226 - post_processor_0fcd8b3fbf5b - INFO - PPE frame complete | camera=ppe_test_cam1 | violation=False
2026-07-23 15:57:06,150 - post_processor_0fcd8b3fbf5b - INFO - [FRAME RECEIVED] topic=post_processing | partition=0 | offset=156978 | frame_id=None | camera=ppe_test_cam1
2026-07-23 15:57:06,150 - post_processor_0fcd8b3fbf5b - INFO - [DETECT BATCH] START | od=0 | ppe=1
2026-07-23 15:57:06,151 - post_processor_0fcd8b3fbf5b - INFO - [PROCESS PPE DETECTION] camera=ppe_test_cam1 | severity=none | violated=[]
2026-07-23 15:57:06,152 - post_processor_0fcd8b3fbf5b - INFO - [DETECT BATCH] DONE | od=0 | ppe=1
2026-07-23 15:57:06,152 - post_processor_0fcd8b3fbf5b - INFO - PPE meta buffered | camera=ppe_test_cam1 | violation=False
2026-07-23 15:57:06,152 - post_processor_0fcd8b3fbf5b - INFO - PPE frame complete | camera=ppe_test_cam1 | violation=False
2026-07-23 15:57:07,175 - post_processor_0fcd8b3fbf5b - INFO - [FRAME RECEIVED] topic=post_processing | partition=0 | offset=156979 | frame_id=None | camera=ppe_test_cam1
2026-07-23 15:57:07,175 - post_processor_0fcd8b3fbf5b - INFO - [DETECT BATCH] START | od=0 | ppe=1
2026-07-23 15:57:07,175 - post_processor_0fcd8b3fbf5b - INFO - [PROCESS PPE DETECTION] camera=ppe_test_cam1 | severity=none | violated=[]
2026-07-23 15:57:07,176 - post_processor_0fcd8b3fbf5b - INFO - [DETECT BATCH] DONE | od=0 | ppe=1
2026-07-23 15:57:07,176 - post_processor_0fcd8b3fbf5b - INFO - PPE meta buffered | camera=ppe_test_cam1 | violation=False
2026-07-23 15:57:07,176 - post_processor_0fcd8b3fbf5b - INFO - PPE frame complete | camera=ppe_test_cam1 | violation=False
2026-07-23 15:57:07,204 - post_processor_0fcd8b3fbf5b - INFO - [FRAME RECEIVED] topic=post_processing | partition=0 | offset=156980 | frame_id=None | camera=ppe_test_cam1
2026-07-23 15:57:07,204 - post_processor_0fcd8b3fbf5b - INFO - [DETECT BATCH] START | od=0 | ppe=1
2026-07-23 15:57:07,204 - post_processor_0fcd8b3fbf5b - INFO - [PROCESS PPE DETECTION] camera=ppe_test_cam1 | severity=none | violated=[]
2026-07-23 15:57:07,204 - post_processor_0fcd8b3fbf5b - INFO - [DETECT BATCH] DONE | od=0 | ppe=1
2026-07-23 15:57:07,204 - post_processor_0fcd8b3fbf5b - INFO - PPE meta buffered | camera=ppe_test_cam1 | violation=False
2026-07-23 15:57:07,205 - post_processor_0fcd8b3fbf5b - INFO - PPE frame complete | camera=ppe_test_cam1 | violation=False
2026-07-23 15:57:32,076 - post_processor_0fcd8b3fbf5b - INFO - [FRAME RECEIVED] topic=post_processing | partition=0 | offset=156981 | frame_id=None | camera=ppe_test_cam1
2026-07-23 15:57:32,076 - post_processor_0fcd8b3fbf5b - INFO - [DETECT BATCH] START | od=0 | ppe=1
2026-07-23 15:57:32,077 - post_processor_0fcd8b3fbf5b - INFO - [PROCESS PPE DETECTION] camera=ppe_test_cam1 | severity=none | violated=[]
2026-07-23 15:57:32,077 - post_processor_0fcd8b3fbf5b - INFO - [DETECT BATCH] DONE | od=0 | ppe=1
2026-07-23 15:57:32,077 - post_processor_0fcd8b3fbf5b - INFO - PPE meta buffered | camera=ppe_test_cam1 | violation=False
2026-07-23 15:57:32,077 - post_processor_0fcd8b3fbf5b - INFO - PPE frame complete | camera=ppe_test_cam1 | violation=False
2026-07-23 15:57:33,138 - post_processor_0fcd8b3fbf5b - INFO - [FRAME RECEIVED] topic=post_processing | partition=0 | offset=156982 | frame_id=None | camera=ppe_test_cam1
2026-07-23 15:57:33,138 - post_processor_0fcd8b3fbf5b - INFO - [DETECT BATCH] START | od=0 | ppe=1
2026-07-23 15:57:33,139 - post_processor_0fcd8b3fbf5b - INFO - [PROCESS PPE DETECTION] camera=ppe_test_cam1 | severity=none | violated=[]
2026-07-23 15:57:33,139 - post_processor_0fcd8b3fbf5b - INFO - [DETECT BATCH] DONE | od=0 | ppe=1
2026-07-23 15:57:33,140 - post_processor_0fcd8b3fbf5b - INFO - PPE meta buffered | camera=ppe_test_cam1 | violation=False
2026-07-23 15:57:33,140 - post_processor_0fcd8b3fbf5b - INFO - PPE frame complete | camera=ppe_test_cam1 | violation=False
2026-07-23 15:57:51,134 - post_processor_0fcd8b3fbf5b - INFO - [FRAME RECEIVED] topic=post_processing | partition=0 | offset=156983 | frame_id=None | camera=ppe_test_cam1
2026-07-23 15:57:51,134 - post_processor_0fcd8b3fbf5b - INFO - [DETECT BATCH] START | od=0 | ppe=1
2026-07-23 15:57:51,134 - post_processor_0fcd8b3fbf5b - INFO - [PROCESS PPE DETECTION] camera=ppe_test_cam1 | severity=none | violated=[]
2026-07-23 15:57:51,135 - post_processor_0fcd8b3fbf5b - INFO - [DETECT BATCH] DONE | od=0 | ppe=1
2026-07-23 15:57:51,135 - post_processor_0fcd8b3fbf5b - INFO - PPE meta buffered | camera=ppe_test_cam1 | violation=False
2026-07-23 15:57:51,179 - post_processor_0fcd8b3fbf5b - INFO - PPE MongoDB batch insert | camera=ppe_test_cam1 | count=10
2026-07-23 15:57:51,179 - post_processor_0fcd8b3fbf5b - INFO - PPE frame complete | camera=ppe_test_cam1 | violation=False
2026-07-23 15:57:51,180 - post_processor_0fcd8b3fbf5b - INFO - Kafka offsets committed | count=10
2026-07-23 15:57:51,180 - post_processor_0fcd8b3fbf5b - INFO - [FRAME RECEIVED] topic=post_processing | partition=0 | offset=156984 | frame_id=None | camera=ppe_test_cam1
2026-07-23 15:57:51,180 - post_processor_0fcd8b3fbf5b - INFO - [DETECT BATCH] START | od=0 | ppe=1
2026-07-23 15:57:51,181 - post_processor_0fcd8b3fbf5b - INFO - [PROCESS PPE DETECTION] camera=ppe_test_cam1 | severity=low | violated=['No-Shoes', 'No-Shoes']
2026-07-23 15:57:51,183 - post_processor_0fcd8b3fbf5b - INFO - PPE alert image saved | path=/Aksha/ppe_test_cam1/alerts/2026-07-23/2026-07-23 15:57:51.18_alert.jpg
2026-07-23 15:57:51,184 - post_processor_0fcd8b3fbf5b - INFO - [DETECT BATCH] DONE | od=0 | ppe=1
2026-07-23 15:57:51,184 - post_processor_0fcd8b3fbf5b - INFO - PPE meta buffered | camera=ppe_test_cam1 | violation=True
2026-07-23 15:57:51,184 - post_processor_0fcd8b3fbf5b - INFO - ppe_status_check | has_violation=True | validity=True
2026-07-23 15:57:51,184 - post_processor_0fcd8b3fbf5b - INFO - PPE notification approved | camera=ppe_test_cam1 | severity=low
2026-07-23 15:57:51,185 - post_processor_0fcd8b3fbf5b - INFO - PPE notification sent | camera=ppe_test_cam1 | severity=low | topic=notification_service
2026-07-23 15:57:51,185 - post_processor_0fcd8b3fbf5b - INFO - PPE frame complete | camera=ppe_test_cam1 | violation=True
2026-07-23 15:57:52,144 - post_processor_0fcd8b3fbf5b - INFO - [FRAME RECEIVED] topic=post_processing | partition=0 | offset=156985 | frame_id=None | camera=ppe_test_cam1
2026-07-23 15:57:52,144 - post_processor_0fcd8b3fbf5b - INFO - [DETECT BATCH] START | od=0 | ppe=1
2026-07-23 15:57:52,145 - post_processor_0fcd8b3fbf5b - INFO - [PROCESS PPE DETECTION] camera=ppe_test_cam1 | severity=none | violated=[]
2026-07-23 15:57:52,145 - post_processor_0fcd8b3fbf5b - INFO - [DETECT BATCH] DONE | od=0 | ppe=1
2026-07-23 15:57:52,145 - post_processor_0fcd8b3fbf5b - INFO - PPE meta buffered | camera=ppe_test_cam1 | violation=False
2026-07-23 15:57:52,145 - post_processor_0fcd8b3fbf5b - INFO - PPE frame complete | camera=ppe_test_cam1 | violation=False
2026-07-23 15:57:52,175 - post_processor_0fcd8b3fbf5b - INFO - [FRAME RECEIVED] topic=post_processing | partition=0 | offset=156986 | frame_id=None | camera=ppe_test_cam1
2026-07-23 15:57:52,176 - post_processor_0fcd8b3fbf5b - INFO - [DETECT BATCH] START | od=0 | ppe=1
2026-07-23 15:57:52,176 - post_processor_0fcd8b3fbf5b - INFO - [PROCESS PPE DETECTION] camera=ppe_test_cam1 | severity=low | violated=['No-Shoes', 'No-Shoes']
2026-07-23 15:57:52,179 - post_processor_0fcd8b3fbf5b - INFO - PPE alert image saved | path=/Aksha/ppe_test_cam1/alerts/2026-07-23/2026-07-23 15:57:52.17_alert.jpg
2026-07-23 15:57:52,179 - post_processor_0fcd8b3fbf5b - INFO - [DETECT BATCH] DONE | od=0 | ppe=1
2026-07-23 15:57:52,179 - post_processor_0fcd8b3fbf5b - INFO - PPE meta buffered | camera=ppe_test_cam1 | violation=True
2026-07-23 15:57:52,180 - post_processor_0fcd8b3fbf5b - INFO - ppe_status_check | has_violation=True | validity=False
2026-07-23 15:57:52,180 - post_processor_0fcd8b3fbf5b - INFO - PPE notification suppressed by cooldown | camera=ppe_test_cam1
2026-07-23 15:57:52,180 - post_processor_0fcd8b3fbf5b - INFO - PPE frame complete | camera=ppe_test_cam1 | violation=True
2026-07-23 15:57:53,176 - post_processor_0fcd8b3fbf5b - INFO - [FRAME RECEIVED] topic=post_processing | partition=0 | offset=156987 | frame_id=None | camera=ppe_test_cam1
2026-07-23 15:57:53,176 - post_processor_0fcd8b3fbf5b - INFO - [DETECT BATCH] START | od=0 | ppe=1
2026-07-23 15:57:53,177 - post_processor_0fcd8b3fbf5b - INFO - [PROCESS PPE DETECTION] camera=ppe_test_cam1 | severity=none | violated=[]
2026-07-23 15:57:53,179 - post_processor_0fcd8b3fbf5b - INFO - [DETECT BATCH] DONE | od=0 | ppe=1
2026-07-23 15:57:53,180 - post_processor_0fcd8b3fbf5b - INFO - PPE meta buffered | camera=ppe_test_cam1 | violation=False
2026-07-23 15:57:53,181 - post_processor_0fcd8b3fbf5b - INFO - PPE frame complete | camera=ppe_test_cam1 | violation=False
2026-07-23 15:57:53,207 - post_processor_0fcd8b3fbf5b - INFO - [FRAME RECEIVED] topic=post_processing | partition=0 | offset=156988 | frame_id=None | camera=ppe_test_cam1
2026-07-23 15:57:53,207 - post_processor_0fcd8b3fbf5b - INFO - [DETECT BATCH] START | od=0 | ppe=1
2026-07-23 15:57:53,207 - post_processor_0fcd8b3fbf5b - INFO - [PROCESS PPE DETECTION] camera=ppe_test_cam1 | severity=low | violated=['No-Shoes', 'No-Shoes']
2026-07-23 15:57:53,210 - post_processor_0fcd8b3fbf5b - INFO - PPE alert image saved | path=/Aksha/ppe_test_cam1/alerts/2026-07-23/2026-07-23 15:57:53.20_alert.jpg
2026-07-23 15:57:53,210 - post_processor_0fcd8b3fbf5b - INFO - [DETECT BATCH] DONE | od=0 | ppe=1
2026-07-23 15:57:53,210 - post_processor_0fcd8b3fbf5b - INFO - PPE meta buffered | camera=ppe_test_cam1 | violation=True
2026-07-23 15:57:53,211 - post_processor_0fcd8b3fbf5b - INFO - ppe_status_check | has_violation=True | validity=False
2026-07-23 15:57:53,211 - post_processor_0fcd8b3fbf5b - INFO - PPE notification suppressed by cooldown | camera=ppe_test_cam1
2026-07-23 15:57:53,211 - post_processor_0fcd8b3fbf5b - INFO - PPE frame complete | camera=ppe_test_cam1 | violation=True
2026-07-23 15:57:54,140 - post_processor_0fcd8b3fbf5b - INFO - [FRAME RECEIVED] topic=post_processing | partition=0 | offset=156989 | frame_id=None | camera=ppe_test_cam1
2026-07-23 15:57:54,140 - post_processor_0fcd8b3fbf5b - INFO - [DETECT BATCH] START | od=0 | ppe=1
2026-07-23 15:57:54,141 - post_processor_0fcd8b3fbf5b - INFO - [PROCESS PPE DETECTION] camera=ppe_test_cam1 | severity=low | violated=['No-Shoes', 'No-Shoes']
2026-07-23 15:57:54,143 - post_processor_0fcd8b3fbf5b - INFO - PPE alert image saved | path=/Aksha/ppe_test_cam1/alerts/2026-07-23/2026-07-23 15:57:54.14_alert.jpg
2026-07-23 15:57:54,144 - post_processor_0fcd8b3fbf5b - INFO - [DETECT BATCH] DONE | od=0 | ppe=1
2026-07-23 15:57:54,144 - post_processor_0fcd8b3fbf5b - INFO - PPE meta buffered | camera=ppe_test_cam1 | violation=True
2026-07-23 15:57:54,144 - post_processor_0fcd8b3fbf5b - INFO - ppe_status_check | has_violation=True | validity=False
2026-07-23 15:57:54,144 - post_processor_0fcd8b3fbf5b - INFO - PPE notification suppressed by cooldown | camera=ppe_test_cam1
2026-07-23 15:57:54,145 - post_processor_0fcd8b3fbf5b - INFO - PPE frame complete | camera=ppe_test_cam1 | violation=True
2026-07-23 15:57:54,145 - post_processor_0fcd8b3fbf5b - INFO - [FRAME RECEIVED] topic=post_processing | partition=0 | offset=156990 | frame_id=None | camera=ppe_test_cam1
2026-07-23 15:57:54,145 - post_processor_0fcd8b3fbf5b - INFO - [DETECT BATCH] START | od=0 | ppe=1
2026-07-23 15:57:54,145 - post_processor_0fcd8b3fbf5b - INFO - [PROCESS PPE DETECTION] camera=ppe_test_cam1 | severity=none | violated=[]
2026-07-23 15:57:54,146 - post_processor_0fcd8b3fbf5b - INFO - [DETECT BATCH] DONE | od=0 | ppe=1
2026-07-23 15:57:54,146 - post_processor_0fcd8b3fbf5b - INFO - PPE meta buffered | camera=ppe_test_cam1 | violation=False
2026-07-23 15:57:54,146 - post_processor_0fcd8b3fbf5b - INFO - PPE frame complete | camera=ppe_test_cam1 | violation=False
2026-07-23 15:57:55,122 - post_processor_0fcd8b3fbf5b - INFO - [FRAME RECEIVED] topic=post_processing | partition=0 | offset=156991 | frame_id=None | camera=ppe_test_cam1
2026-07-23 15:57:55,123 - post_processor_0fcd8b3fbf5b - INFO - [DETECT BATCH] START | od=0 | ppe=1
2026-07-23 15:57:55,123 - post_processor_0fcd8b3fbf5b - INFO - [PROCESS PPE DETECTION] camera=ppe_test_cam1 | severity=none | violated=[]
2026-07-23 15:57:55,123 - post_processor_0fcd8b3fbf5b - INFO - [DETECT BATCH] DONE | od=0 | ppe=1
2026-07-23 15:57:55,123 - post_processor_0fcd8b3fbf5b - INFO - PPE meta buffered | camera=ppe_test_cam1 | violation=False
2026-07-23 15:57:55,123 - post_processor_0fcd8b3fbf5b - INFO - PPE frame complete | camera=ppe_test_cam1 | violation=False
2026-07-23 15:58:00,133 - post_processor_0fcd8b3fbf5b - INFO - [FRAME RECEIVED] topic=post_processing | partition=0 | offset=156992 | frame_id=None | camera=ppe_test_cam1
2026-07-23 15:58:00,134 - post_processor_0fcd8b3fbf5b - INFO - [DETECT BATCH] START | od=0 | ppe=1
2026-07-23 15:58:00,134 - post_processor_0fcd8b3fbf5b - INFO - [PROCESS PPE DETECTION] camera=ppe_test_cam1 | severity=none | violated=[]
2026-07-23 15:58:00,135 - post_processor_0fcd8b3fbf5b - INFO - [DETECT BATCH] DONE | od=0 | ppe=1
2026-07-23 15:58:00,135 - post_processor_0fcd8b3fbf5b - INFO - PPE meta buffered | camera=ppe_test_cam1 | violation=False
2026-07-23 15:58:00,135 - post_processor_0fcd8b3fbf5b - INFO - PPE frame complete | camera=ppe_test_cam1 | violation=False
2026-07-23 15:58:01,190 - post_processor_0fcd8b3fbf5b - INFO - [FRAME RECEIVED] topic=post_processing | partition=0 | offset=156993 | frame_id=None | camera=ppe_test_cam1
2026-07-23 15:58:01,190 - post_processor_0fcd8b3fbf5b - INFO - [DETECT BATCH] START | od=0 | ppe=1
2026-07-23 15:58:01,190 - post_processor_0fcd8b3fbf5b - INFO - [PROCESS PPE DETECTION] camera=ppe_test_cam1 | severity=none | violated=[]
2026-07-23 15:58:01,191 - post_processor_0fcd8b3fbf5b - INFO - [DETECT BATCH] DONE | od=0 | ppe=1
2026-07-23 15:58:01,191 - post_processor_0fcd8b3fbf5b - INFO - PPE meta buffered | camera=ppe_test_cam1 | violation=False
2026-07-23 15:58:01,239 - post_processor_0fcd8b3fbf5b - INFO - PPE MongoDB batch insert | camera=ppe_test_cam1 | count=10
2026-07-23 15:58:01,239 - post_processor_0fcd8b3fbf5b - INFO - PPE frame complete | camera=ppe_test_cam1 | violation=False
2026-07-23 15:58:01,240 - post_processor_0fcd8b3fbf5b - INFO - Kafka offsets committed | count=10
2026-07-23 15:58:02,118 - post_processor_0fcd8b3fbf5b - INFO - [FRAME RECEIVED] topic=post_processing | partition=0 | offset=156994 | frame_id=None | camera=ppe_test_cam1
2026-07-23 15:58:02,118 - post_processor_0fcd8b3fbf5b - INFO - [DETECT BATCH] START | od=0 | ppe=1
2026-07-23 15:58:02,119 - post_processor_0fcd8b3fbf5b - INFO - [PROCESS PPE DETECTION] camera=ppe_test_cam1 | severity=none | violated=[]
2026-07-23 15:58:02,119 - post_processor_0fcd8b3fbf5b - INFO - [DETECT BATCH] DONE | od=0 | ppe=1
2026-07-23 15:58:02,119 - post_processor_0fcd8b3fbf5b - INFO - PPE meta buffered | camera=ppe_test_cam1 | violation=False
2026-07-23 15:58:02,119 - post_processor_0fcd8b3fbf5b - INFO - PPE frame complete | camera=ppe_test_cam1 | violation=False
2026-07-23 15:58:03,161 - post_processor_0fcd8b3fbf5b - INFO - [FRAME RECEIVED] topic=post_processing | partition=0 | offset=156995 | frame_id=None | camera=ppe_test_cam1
2026-07-23 15:58:03,161 - post_processor_0fcd8b3fbf5b - INFO - [DETECT BATCH] START | od=0 | ppe=1
2026-07-23 15:58:03,161 - post_processor_0fcd8b3fbf5b - INFO - [PROCESS PPE DETECTION] camera=ppe_test_cam1 | severity=none | violated=[]
2026-07-23 15:58:03,162 - post_processor_0fcd8b3fbf5b - INFO - [DETECT BATCH] DONE | od=0 | ppe=1
2026-07-23 15:58:03,162 - post_processor_0fcd8b3fbf5b - INFO - PPE meta buffered | camera=ppe_test_cam1 | violation=False
2026-07-23 15:58:03,162 - post_processor_0fcd8b3fbf5b - INFO - PPE frame complete | camera=ppe_test_cam1 | violation=False
2026-07-23 15:58:04,057 - post_processor_0fcd8b3fbf5b - INFO - [FRAME RECEIVED] topic=post_processing | partition=0 | offset=156996 | frame_id=None | camera=ppe_test_cam1
2026-07-23 15:58:04,057 - post_processor_0fcd8b3fbf5b - INFO - [DETECT BATCH] START | od=0 | ppe=1
2026-07-23 15:58:04,057 - post_processor_0fcd8b3fbf5b - INFO - [PROCESS PPE DETECTION] camera=ppe_test_cam1 | severity=none | violated=[]
2026-07-23 15:58:04,057 - post_processor_0fcd8b3fbf5b - INFO - [DETECT BATCH] DONE | od=0 | ppe=1
2026-07-23 15:58:04,058 - post_processor_0fcd8b3fbf5b - INFO - PPE meta buffered | camera=ppe_test_cam1 | violation=False
2026-07-23 15:58:04,058 - post_processor_0fcd8b3fbf5b - INFO - PPE frame complete | camera=ppe_test_cam1 | violation=False
2026-07-23 15:58:05,144 - post_processor_0fcd8b3fbf5b - INFO - [FRAME RECEIVED] topic=post_processing | partition=0 | offset=156997 | frame_id=None | camera=ppe_test_cam1
2026-07-23 15:58:05,145 - post_processor_0fcd8b3fbf5b - INFO - [DETECT BATCH] START | od=0 | ppe=1
2026-07-23 15:58:05,145 - post_processor_0fcd8b3fbf5b - INFO - [PROCESS PPE DETECTION] camera=ppe_test_cam1 | severity=none | violated=[]
2026-07-23 15:58:05,145 - post_processor_0fcd8b3fbf5b - INFO - [DETECT BATCH] DONE | od=0 | ppe=1
2026-07-23 15:58:05,146 - post_processor_0fcd8b3fbf5b - INFO - PPE meta buffered | camera=ppe_test_cam1 | violation=False
2026-07-23 15:58:05,146 - post_processor_0fcd8b3fbf5b - INFO - PPE frame complete | camera=ppe_test_cam1 | violation=False
2026-07-23 15:58:06,062 - post_processor_0fcd8b3fbf5b - INFO - [FRAME RECEIVED] topic=post_processing | partition=0 | offset=156998 | frame_id=None | camera=ppe_test_cam1
2026-07-23 15:58:06,062 - post_processor_0fcd8b3fbf5b - INFO - [DETECT BATCH] START | od=0 | ppe=1
2026-07-23 15:58:06,062 - post_processor_0fcd8b3fbf5b - INFO - [PROCESS PPE DETECTION] camera=ppe_test_cam1 | severity=none | violated=[]
2026-07-23 15:58:06,063 - post_processor_0fcd8b3fbf5b - INFO - [DETECT BATCH] DONE | od=0 | ppe=1
2026-07-23 15:58:06,063 - post_processor_0fcd8b3fbf5b - INFO - PPE meta buffered | camera=ppe_test_cam1 | violation=False
2026-07-23 15:58:06,063 - post_processor_0fcd8b3fbf5b - INFO - PPE frame complete | camera=ppe_test_cam1 | violation=False
2026-07-23 15:58:07,061 - post_processor_0fcd8b3fbf5b - INFO - [FRAME RECEIVED] topic=post_processing | partition=0 | offset=156999 | frame_id=None | camera=ppe_test_cam1
2026-07-23 15:58:07,061 - post_processor_0fcd8b3fbf5b - INFO - [DETECT BATCH] START | od=0 | ppe=1
2026-07-23 15:58:07,062 - post_processor_0fcd8b3fbf5b - INFO - [PROCESS PPE DETECTION] camera=ppe_test_cam1 | severity=none | violated=[]
2026-07-23 15:58:07,062 - post_processor_0fcd8b3fbf5b - INFO - [DETECT BATCH] DONE | od=0 | ppe=1
2026-07-23 15:58:07,063 - post_processor_0fcd8b3fbf5b - INFO - PPE meta buffered | camera=ppe_test_cam1 | violation=False
2026-07-23 15:58:07,063 - post_processor_0fcd8b3fbf5b - INFO - PPE frame complete | camera=ppe_test_cam1 | violation=False
2026-07-23 15:58:07,091 - post_processor_0fcd8b3fbf5b - INFO - [FRAME RECEIVED] topic=post_processing | partition=0 | offset=157000 | frame_id=None | camera=ppe_test_cam1
2026-07-23 15:58:07,091 - post_processor_0fcd8b3fbf5b - INFO - [DETECT BATCH] START | od=0 | ppe=1
2026-07-23 15:58:07,091 - post_processor_0fcd8b3fbf5b - INFO - [PROCESS PPE DETECTION] camera=ppe_test_cam1 | severity=none | violated=[]
2026-07-23 15:58:07,091 - post_processor_0fcd8b3fbf5b - INFO - [DETECT BATCH] DONE | od=0 | ppe=1
2026-07-23 15:58:07,091 - post_processor_0fcd8b3fbf5b - INFO - PPE meta buffered | camera=ppe_test_cam1 | violation=False
2026-07-23 15:58:07,091 - post_processor_0fcd8b3fbf5b - INFO - PPE frame complete | camera=ppe_test_cam1 | violation=False
2026-07-23 15:58:32,119 - post_processor_0fcd8b3fbf5b - INFO - [FRAME RECEIVED] topic=post_processing | partition=0 | offset=157001 | frame_id=None | camera=ppe_test_cam1
2026-07-23 15:58:32,119 - post_processor_0fcd8b3fbf5b - INFO - [DETECT BATCH] START | od=0 | ppe=1
2026-07-23 15:58:32,119 - post_processor_0fcd8b3fbf5b - INFO - [PROCESS PPE DETECTION] camera=ppe_test_cam1 | severity=none | violated=[]
2026-07-23 15:58:32,119 - post_processor_0fcd8b3fbf5b - INFO - [DETECT BATCH] DONE | od=0 | ppe=1
2026-07-23 15:58:32,119 - post_processor_0fcd8b3fbf5b - INFO - PPE meta buffered | camera=ppe_test_cam1 | violation=False
2026-07-23 15:58:32,119 - post_processor_0fcd8b3fbf5b - INFO - PPE frame complete | camera=ppe_test_cam1 | violation=False
2026-07-23 15:58:33,149 - post_processor_0fcd8b3fbf5b - INFO - [FRAME RECEIVED] topic=post_processing | partition=0 | offset=157002 | frame_id=None | camera=ppe_test_cam1
2026-07-23 15:58:33,149 - post_processor_0fcd8b3fbf5b - INFO - [DETECT BATCH] START | od=0 | ppe=1
2026-07-23 15:58:33,150 - post_processor_0fcd8b3fbf5b - INFO - [PROCESS PPE DETECTION] camera=ppe_test_cam1 | severity=none | violated=[]
2026-07-23 15:58:33,150 - post_processor_0fcd8b3fbf5b - INFO - [DETECT BATCH] DONE | od=0 | ppe=1
2026-07-23 15:58:33,150 - post_processor_0fcd8b3fbf5b - INFO - PPE meta buffered | camera=ppe_test_cam1 | violation=False
2026-07-23 15:58:33,150 - post_processor_0fcd8b3fbf5b - INFO - PPE frame complete | camera=ppe_test_cam1 | violation=False
2026-07-23 15:58:51,122 - post_processor_0fcd8b3fbf5b - INFO - [FRAME RECEIVED] topic=post_processing | partition=0 | offset=157003 | frame_id=None | camera=ppe_test_cam1
2026-07-23 15:58:51,122 - post_processor_0fcd8b3fbf5b - INFO - [DETECT BATCH] START | od=0 | ppe=1
2026-07-23 15:58:51,123 - post_processor_0fcd8b3fbf5b - INFO - [PROCESS PPE DETECTION] camera=ppe_test_cam1 | severity=none | violated=[]
2026-07-23 15:58:51,123 - post_processor_0fcd8b3fbf5b - INFO - [DETECT BATCH] DONE | od=0 | ppe=1
2026-07-23 15:58:51,123 - post_processor_0fcd8b3fbf5b - INFO - PPE meta buffered | camera=ppe_test_cam1 | violation=False
2026-07-23 15:58:51,334 - post_processor_0fcd8b3fbf5b - INFO - PPE MongoDB batch insert | camera=ppe_test_cam1 | count=10
2026-07-23 15:58:51,335 - post_processor_0fcd8b3fbf5b - INFO - PPE frame complete | camera=ppe_test_cam1 | violation=False
2026-07-23 15:58:51,338 - post_processor_0fcd8b3fbf5b - INFO - Kafka offsets committed | count=10
2026-07-23 15:58:51,340 - post_processor_0fcd8b3fbf5b - INFO - [FRAME RECEIVED] topic=post_processing | partition=0 | offset=157004 | frame_id=None | camera=ppe_test_cam1
2026-07-23 15:58:51,340 - post_processor_0fcd8b3fbf5b - INFO - [DETECT BATCH] START | od=0 | ppe=1
2026-07-23 15:58:51,341 - post_processor_0fcd8b3fbf5b - INFO - [PROCESS PPE DETECTION] camera=ppe_test_cam1 | severity=low | violated=['No-Shoes', 'No-Shoes']
2026-07-23 15:58:51,355 - post_processor_0fcd8b3fbf5b - INFO - PPE alert image saved | path=/Aksha/ppe_test_cam1/alerts/2026-07-23/2026-07-23 15:58:51.34_alert.jpg
2026-07-23 15:58:51,356 - post_processor_0fcd8b3fbf5b - INFO - [DETECT BATCH] DONE | od=0 | ppe=1
2026-07-23 15:58:51,356 - post_processor_0fcd8b3fbf5b - INFO - PPE meta buffered | camera=ppe_test_cam1 | violation=True
2026-07-23 15:58:51,358 - post_processor_0fcd8b3fbf5b - INFO - ppe_status_check | has_violation=True | validity=True
2026-07-23 15:58:51,358 - post_processor_0fcd8b3fbf5b - INFO - PPE notification approved | camera=ppe_test_cam1 | severity=low
2026-07-23 15:58:51,359 - post_processor_0fcd8b3fbf5b - INFO - PPE notification sent | camera=ppe_test_cam1 | severity=low | topic=notification_service
2026-07-23 15:58:51,362 - post_processor_0fcd8b3fbf5b - INFO - PPE frame complete | camera=ppe_test_cam1 | violation=True
2026-07-23 15:58:52,244 - post_processor_0fcd8b3fbf5b - INFO - [FRAME RECEIVED] topic=post_processing | partition=0 | offset=157005 | frame_id=None | camera=ppe_test_cam1
2026-07-23 15:58:52,244 - post_processor_0fcd8b3fbf5b - INFO - [DETECT BATCH] START | od=0 | ppe=1
2026-07-23 15:58:52,245 - post_processor_0fcd8b3fbf5b - INFO - [PROCESS PPE DETECTION] camera=ppe_test_cam1 | severity=none | violated=[]
2026-07-23 15:58:52,245 - post_processor_0fcd8b3fbf5b - INFO - [DETECT BATCH] DONE | od=0 | ppe=1
2026-07-23 15:58:52,245 - post_processor_0fcd8b3fbf5b - INFO - PPE meta buffered | camera=ppe_test_cam1 | violation=False
2026-07-23 15:58:52,245 - post_processor_0fcd8b3fbf5b - INFO - PPE frame complete | camera=ppe_test_cam1 | violation=False
2026-07-23 15:58:52,278 - post_processor_0fcd8b3fbf5b - INFO - [FRAME RECEIVED] topic=post_processing | partition=0 | offset=157006 | frame_id=None | camera=ppe_test_cam1
2026-07-23 15:58:52,278 - post_processor_0fcd8b3fbf5b - INFO - [DETECT BATCH] START | od=0 | ppe=1
2026-07-23 15:58:52,279 - post_processor_0fcd8b3fbf5b - INFO - [PROCESS PPE DETECTION] camera=ppe_test_cam1 | severity=low | violated=['No-Shoes', 'No-Shoes']
2026-07-23 15:58:52,283 - post_processor_0fcd8b3fbf5b - INFO - PPE alert image saved | path=/Aksha/ppe_test_cam1/alerts/2026-07-23/2026-07-23 15:58:52.28_alert.jpg
2026-07-23 15:58:52,284 - post_processor_0fcd8b3fbf5b - INFO - [DETECT BATCH] DONE | od=0 | ppe=1
2026-07-23 15:58:52,284 - post_processor_0fcd8b3fbf5b - INFO - PPE meta buffered | camera=ppe_test_cam1 | violation=True
2026-07-23 15:58:52,284 - post_processor_0fcd8b3fbf5b - INFO - ppe_status_check | has_violation=True | validity=False
2026-07-23 15:58:52,284 - post_processor_0fcd8b3fbf5b - INFO - PPE notification suppressed by cooldown | camera=ppe_test_cam1
2026-07-23 15:58:52,285 - post_processor_0fcd8b3fbf5b - INFO - PPE frame complete | camera=ppe_test_cam1 | violation=True
2026-07-23 15:58:53,095 - post_processor_0fcd8b3fbf5b - INFO - [FRAME RECEIVED] topic=post_processing | partition=0 | offset=157007 | frame_id=None | camera=ppe_test_cam1
2026-07-23 15:58:53,095 - post_processor_0fcd8b3fbf5b - INFO - [DETECT BATCH] START | od=0 | ppe=1
2026-07-23 15:58:53,095 - post_processor_0fcd8b3fbf5b - INFO - [PROCESS PPE DETECTION] camera=ppe_test_cam1 | severity=none | violated=[]
2026-07-23 15:58:53,095 - post_processor_0fcd8b3fbf5b - INFO - [DETECT BATCH] DONE | od=0 | ppe=1
2026-07-23 15:58:53,095 - post_processor_0fcd8b3fbf5b - INFO - PPE meta buffered | camera=ppe_test_cam1 | violation=False
2026-07-23 15:58:53,095 - post_processor_0fcd8b3fbf5b - INFO - PPE frame complete | camera=ppe_test_cam1 | violation=False
2026-07-23 15:58:53,127 - post_processor_0fcd8b3fbf5b - INFO - [FRAME RECEIVED] topic=post_processing | partition=0 | offset=157008 | frame_id=None | camera=ppe_test_cam1
2026-07-23 15:58:53,127 - post_processor_0fcd8b3fbf5b - INFO - [DETECT BATCH] START | od=0 | ppe=1
2026-07-23 15:58:53,128 - post_processor_0fcd8b3fbf5b - INFO - [PROCESS PPE DETECTION] camera=ppe_test_cam1 | severity=low | violated=['No-Shoes', 'No-Shoes']
2026-07-23 15:58:53,131 - post_processor_0fcd8b3fbf5b - INFO - PPE alert image saved | path=/Aksha/ppe_test_cam1/alerts/2026-07-23/2026-07-23 15:58:53.13_alert.jpg
2026-07-23 15:58:53,131 - post_processor_0fcd8b3fbf5b - INFO - [DETECT BATCH] DONE | od=0 | ppe=1
2026-07-23 15:58:53,131 - post_processor_0fcd8b3fbf5b - INFO - PPE meta buffered | camera=ppe_test_cam1 | violation=True
2026-07-23 15:58:53,132 - post_processor_0fcd8b3fbf5b - INFO - ppe_status_check | has_violation=True | validity=False
2026-07-23 15:58:53,132 - post_processor_0fcd8b3fbf5b - INFO - PPE notification suppressed by cooldown | camera=ppe_test_cam1
2026-07-23 15:58:53,132 - post_processor_0fcd8b3fbf5b - INFO - PPE frame complete | camera=ppe_test_cam1 | violation=True
2026-07-23 15:58:54,176 - post_processor_0fcd8b3fbf5b - INFO - [FRAME RECEIVED] topic=post_processing | partition=0 | offset=157009 | frame_id=None | camera=ppe_test_cam1
2026-07-23 15:58:54,176 - post_processor_0fcd8b3fbf5b - INFO - [DETECT BATCH] START | od=0 | ppe=1
2026-07-23 15:58:54,177 - post_processor_0fcd8b3fbf5b - INFO - [PROCESS PPE DETECTION] camera=ppe_test_cam1 | severity=none | violated=[]
2026-07-23 15:58:54,177 - post_processor_0fcd8b3fbf5b - INFO - [DETECT BATCH] DONE | od=0 | ppe=1
2026-07-23 15:58:54,177 - post_processor_0fcd8b3fbf5b - INFO - PPE meta buffered | camera=ppe_test_cam1 | violation=False
2026-07-23 15:58:54,178 - post_processor_0fcd8b3fbf5b - INFO - PPE frame complete | camera=ppe_test_cam1 | violation=False
2026-07-23 15:58:54,178 - post_processor_0fcd8b3fbf5b - INFO - [FRAME RECEIVED] topic=post_processing | partition=0 | offset=157010 | frame_id=None | camera=ppe_test_cam1
2026-07-23 15:58:54,178 - post_processor_0fcd8b3fbf5b - INFO - [DETECT BATCH] START | od=0 | ppe=1
2026-07-23 15:58:54,178 - post_processor_0fcd8b3fbf5b - INFO - [PROCESS PPE DETECTION] camera=ppe_test_cam1 | severity=low | violated=['No-Shoes', 'No-Shoes']
2026-07-23 15:58:54,181 - post_processor_0fcd8b3fbf5b - INFO - PPE alert image saved | path=/Aksha/ppe_test_cam1/alerts/2026-07-23/2026-07-23 15:58:54.18_alert.jpg
2026-07-23 15:58:54,181 - post_processor_0fcd8b3fbf5b - INFO - [DETECT BATCH] DONE | od=0 | ppe=1
2026-07-23 15:58:54,181 - post_processor_0fcd8b3fbf5b - INFO - PPE meta buffered | camera=ppe_test_cam1 | violation=True
2026-07-23 15:58:54,181 - post_processor_0fcd8b3fbf5b - INFO - ppe_status_check | has_violation=True | validity=False
2026-07-23 15:58:54,182 - post_processor_0fcd8b3fbf5b - INFO - PPE notification suppressed by cooldown | camera=ppe_test_cam1
2026-07-23 15:58:54,182 - post_processor_0fcd8b3fbf5b - INFO - PPE frame complete | camera=ppe_test_cam1 | violation=True
2026-07-23 15:58:55,153 - post_processor_0fcd8b3fbf5b - INFO - [FRAME RECEIVED] topic=post_processing | partition=0 | offset=157011 | frame_id=None | camera=ppe_test_cam1
2026-07-23 15:58:55,157 - post_processor_0fcd8b3fbf5b - INFO - [DETECT BATCH] START | od=0 | ppe=1
2026-07-23 15:58:55,158 - post_processor_0fcd8b3fbf5b - INFO - [PROCESS PPE DETECTION] camera=ppe_test_cam1 | severity=none | violated=[]
2026-07-23 15:58:55,159 - post_processor_0fcd8b3fbf5b - INFO - [DETECT BATCH] DONE | od=0 | ppe=1
2026-07-23 15:58:55,159 - post_processor_0fcd8b3fbf5b - INFO - PPE meta buffered | camera=ppe_test_cam1 | violation=False
2026-07-23 15:58:55,159 - post_processor_0fcd8b3fbf5b - INFO - PPE frame complete | camera=ppe_test_cam1 | violation=False
2026-07-23 15:59:00,166 - post_processor_0fcd8b3fbf5b - INFO - [FRAME RECEIVED] topic=post_processing | partition=0 | offset=157012 | frame_id=None | camera=ppe_test_cam1
2026-07-23 15:59:00,166 - post_processor_0fcd8b3fbf5b - INFO - [DETECT BATCH] START | od=0 | ppe=1
2026-07-23 15:59:00,166 - post_processor_0fcd8b3fbf5b - INFO - [PROCESS PPE DETECTION] camera=ppe_test_cam1 | severity=none | violated=[]
2026-07-23 15:59:00,167 - post_processor_0fcd8b3fbf5b - INFO - [DETECT BATCH] DONE | od=0 | ppe=1
2026-07-23 15:59:00,167 - post_processor_0fcd8b3fbf5b - INFO - PPE meta buffered | camera=ppe_test_cam1 | violation=False
2026-07-23 15:59:00,167 - post_processor_0fcd8b3fbf5b - INFO - PPE frame complete | camera=ppe_test_cam1 | violation=False
2026-07-23 15:59:01,119 - post_processor_0fcd8b3fbf5b - INFO - [FRAME RECEIVED] topic=post_processing | partition=0 | offset=157013 | frame_id=None | camera=ppe_test_cam1
2026-07-23 15:59:01,119 - post_processor_0fcd8b3fbf5b - INFO - [DETECT BATCH] START | od=0 | ppe=1
2026-07-23 15:59:01,119 - post_processor_0fcd8b3fbf5b - INFO - [PROCESS PPE DETECTION] camera=ppe_test_cam1 | severity=none | violated=[]
2026-07-23 15:59:01,120 - post_processor_0fcd8b3fbf5b - INFO - [DETECT BATCH] DONE | od=0 | ppe=1
2026-07-23 15:59:01,120 - post_processor_0fcd8b3fbf5b - INFO - PPE meta buffered | camera=ppe_test_cam1 | violation=False
2026-07-23 15:59:01,178 - post_processor_0fcd8b3fbf5b - INFO - PPE MongoDB batch insert | camera=ppe_test_cam1 | count=10
2026-07-23 15:59:01,179 - post_processor_0fcd8b3fbf5b - INFO - PPE frame complete | camera=ppe_test_cam1 | violation=False
2026-07-23 15:59:01,180 - post_processor_0fcd8b3fbf5b - INFO - Kafka offsets committed | count=10
2026-07-23 15:59:02,193 - post_processor_0fcd8b3fbf5b - INFO - [FRAME RECEIVED] topic=post_processing | partition=0 | offset=157014 | frame_id=None | camera=ppe_test_cam1
2026-07-23 15:59:02,193 - post_processor_0fcd8b3fbf5b - INFO - [DETECT BATCH] START | od=0 | ppe=1
2026-07-23 15:59:02,193 - post_processor_0fcd8b3fbf5b - INFO - [PROCESS PPE DETECTION] camera=ppe_test_cam1 | severity=none | violated=[]
2026-07-23 15:59:02,193 - post_processor_0fcd8b3fbf5b - INFO - [DETECT BATCH] DONE | od=0 | ppe=1
2026-07-23 15:59:02,193 - post_processor_0fcd8b3fbf5b - INFO - PPE meta buffered | camera=ppe_test_cam1 | violation=False
2026-07-23 15:59:02,193 - post_processor_0fcd8b3fbf5b - INFO - PPE frame complete | camera=ppe_test_cam1 | violation=False
2026-07-23 15:59:03,058 - post_processor_0fcd8b3fbf5b - INFO - [FRAME RECEIVED] topic=post_processing | partition=0 | offset=157015 | frame_id=None | camera=ppe_test_cam1
2026-07-23 15:59:03,058 - post_processor_0fcd8b3fbf5b - INFO - [DETECT BATCH] START | od=0 | ppe=1
2026-07-23 15:59:03,059 - post_processor_0fcd8b3fbf5b - INFO - [PROCESS PPE DETECTION] camera=ppe_test_cam1 | severity=none | violated=[]
2026-07-23 15:59:03,059 - post_processor_0fcd8b3fbf5b - INFO - [DETECT BATCH] DONE | od=0 | ppe=1
2026-07-23 15:59:03,059 - post_processor_0fcd8b3fbf5b - INFO - PPE meta buffered | camera=ppe_test_cam1 | violation=False
2026-07-23 15:59:03,059 - post_processor_0fcd8b3fbf5b - INFO - PPE frame complete | camera=ppe_test_cam1 | violation=False
2026-07-23 15:59:04,192 - post_processor_0fcd8b3fbf5b - INFO - [FRAME RECEIVED] topic=post_processing | partition=0 | offset=157016 | frame_id=None | camera=ppe_test_cam1
2026-07-23 15:59:04,193 - post_processor_0fcd8b3fbf5b - INFO - [DETECT BATCH] START | od=0 | ppe=1
2026-07-23 15:59:04,193 - post_processor_0fcd8b3fbf5b - INFO - [PROCESS PPE DETECTION] camera=ppe_test_cam1 | severity=none | violated=[]
2026-07-23 15:59:04,194 - post_processor_0fcd8b3fbf5b - INFO - [DETECT BATCH] DONE | od=0 | ppe=1
2026-07-23 15:59:04,194 - post_processor_0fcd8b3fbf5b - INFO - PPE meta buffered | camera=ppe_test_cam1 | violation=False
2026-07-23 15:59:04,194 - post_processor_0fcd8b3fbf5b - INFO - PPE frame complete | camera=ppe_test_cam1 | violation=False
2026-07-23 15:59:05,175 - post_processor_0fcd8b3fbf5b - INFO - [FRAME RECEIVED] topic=post_processing | partition=0 | offset=157017 | frame_id=None | camera=ppe_test_cam1
2026-07-23 15:59:05,175 - post_processor_0fcd8b3fbf5b - INFO - [DETECT BATCH] START | od=0 | ppe=1
2026-07-23 15:59:05,176 - post_processor_0fcd8b3fbf5b - INFO - [PROCESS PPE DETECTION] camera=ppe_test_cam1 | severity=none | violated=[]
2026-07-23 15:59:05,176 - post_processor_0fcd8b3fbf5b - INFO - [DETECT BATCH] DONE | od=0 | ppe=1
2026-07-23 15:59:05,176 - post_processor_0fcd8b3fbf5b - INFO - PPE meta buffered | camera=ppe_test_cam1 | violation=False
2026-07-23 15:59:05,176 - post_processor_0fcd8b3fbf5b - INFO - PPE frame complete | camera=ppe_test_cam1 | violation=False
2026-07-23 15:59:06,124 - post_processor_0fcd8b3fbf5b - INFO - [FRAME RECEIVED] topic=post_processing | partition=0 | offset=157018 | frame_id=None | camera=ppe_test_cam1
2026-07-23 15:59:06,124 - post_processor_0fcd8b3fbf5b - INFO - [DETECT BATCH] START | od=0 | ppe=1
2026-07-23 15:59:06,124 - post_processor_0fcd8b3fbf5b - INFO - [PROCESS PPE DETECTION] camera=ppe_test_cam1 | severity=none | violated=[]
2026-07-23 15:59:06,124 - post_processor_0fcd8b3fbf5b - INFO - [DETECT BATCH] DONE | od=0 | ppe=1
2026-07-23 15:59:06,125 - post_processor_0fcd8b3fbf5b - INFO - PPE meta buffered | camera=ppe_test_cam1 | violation=False
2026-07-23 15:59:06,125 - post_processor_0fcd8b3fbf5b - INFO - PPE frame complete | camera=ppe_test_cam1 | violation=False
2026-07-23 15:59:07,197 - post_processor_0fcd8b3fbf5b - INFO - [FRAME RECEIVED] topic=post_processing | partition=0 | offset=157019 | frame_id=None | camera=ppe_test_cam1
2026-07-23 15:59:07,198 - post_processor_0fcd8b3fbf5b - INFO - [DETECT BATCH] START | od=0 | ppe=1
2026-07-23 15:59:07,198 - post_processor_0fcd8b3fbf5b - INFO - [PROCESS PPE DETECTION] camera=ppe_test_cam1 | severity=none | violated=[]
2026-07-23 15:59:07,198 - post_processor_0fcd8b3fbf5b - INFO - [DETECT BATCH] DONE | od=0 | ppe=1
2026-07-23 15:59:07,198 - post_processor_0fcd8b3fbf5b - INFO - PPE meta buffered | camera=ppe_test_cam1 | violation=False
2026-07-23 15:59:07,198 - post_processor_0fcd8b3fbf5b - INFO - PPE frame complete | camera=ppe_test_cam1 | violation=False
2026-07-23 15:59:07,222 - post_processor_0fcd8b3fbf5b - INFO - [FRAME RECEIVED] topic=post_processing | partition=0 | offset=157020 | frame_id=None | camera=ppe_test_cam1
2026-07-23 15:59:07,222 - post_processor_0fcd8b3fbf5b - INFO - [DETECT BATCH] START | od=0 | ppe=1
2026-07-23 15:59:07,222 - post_processor_0fcd8b3fbf5b - INFO - [PROCESS PPE DETECTION] camera=ppe_test_cam1 | severity=none | violated=[]
2026-07-23 15:59:07,222 - post_processor_0fcd8b3fbf5b - INFO - [DETECT BATCH] DONE | od=0 | ppe=1
2026-07-23 15:59:07,223 - post_processor_0fcd8b3fbf5b - INFO - PPE meta buffered | camera=ppe_test_cam1 | violation=False
2026-07-23 15:59:07,223 - post_processor_0fcd8b3fbf5b - INFO - PPE frame complete | camera=ppe_test_cam1 | violation=False
2026-07-23 15:59:32,192 - post_processor_0fcd8b3fbf5b - INFO - [FRAME RECEIVED] topic=post_processing | partition=0 | offset=157021 | frame_id=None | camera=ppe_test_cam1
2026-07-23 15:59:32,192 - post_processor_0fcd8b3fbf5b - INFO - [DETECT BATCH] START | od=0 | ppe=1
2026-07-23 15:59:32,192 - post_processor_0fcd8b3fbf5b - INFO - [PROCESS PPE DETECTION] camera=ppe_test_cam1 | severity=none | violated=[]
2026-07-23 15:59:32,193 - post_processor_0fcd8b3fbf5b - INFO - [DETECT BATCH] DONE | od=0 | ppe=1
2026-07-23 15:59:32,193 - post_processor_0fcd8b3fbf5b - INFO - PPE meta buffered | camera=ppe_test_cam1 | violation=False
2026-07-23 15:59:32,193 - post_processor_0fcd8b3fbf5b - INFO - PPE frame complete | camera=ppe_test_cam1 | violation=False
2026-07-23 15:59:33,194 - post_processor_0fcd8b3fbf5b - INFO - [FRAME RECEIVED] topic=post_processing | partition=0 | offset=157022 | frame_id=None | camera=ppe_test_cam1
2026-07-23 15:59:33,194 - post_processor_0fcd8b3fbf5b - INFO - [DETECT BATCH] START | od=0 | ppe=1
2026-07-23 15:59:33,194 - post_processor_0fcd8b3fbf5b - INFO - [PROCESS PPE DETECTION] camera=ppe_test_cam1 | severity=none | violated=[]
2026-07-23 15:59:33,194 - post_processor_0fcd8b3fbf5b - INFO - [DETECT BATCH] DONE | od=0 | ppe=1
2026-07-23 15:59:33,195 - post_processor_0fcd8b3fbf5b - INFO - PPE meta buffered | camera=ppe_test_cam1 | violation=False
2026-07-23 15:59:33,195 - post_processor_0fcd8b3fbf5b - INFO - PPE frame complete | camera=ppe_test_cam1 | violation=False
2026-07-23 15:59:51,177 - post_processor_0fcd8b3fbf5b - INFO - [FRAME RECEIVED] topic=post_processing | partition=0 | offset=157023 | frame_id=None | camera=ppe_test_cam1
2026-07-23 15:59:51,177 - post_processor_0fcd8b3fbf5b - INFO - [DETECT BATCH] START | od=0 | ppe=1
2026-07-23 15:59:51,177 - post_processor_0fcd8b3fbf5b - INFO - [PROCESS PPE DETECTION] camera=ppe_test_cam1 | severity=none | violated=[]
2026-07-23 15:59:51,177 - post_processor_0fcd8b3fbf5b - INFO - [DETECT BATCH] DONE | od=0 | ppe=1
2026-07-23 15:59:51,177 - post_processor_0fcd8b3fbf5b - INFO - PPE meta buffered | camera=ppe_test_cam1 | violation=False
2026-07-23 15:59:51,243 - post_processor_0fcd8b3fbf5b - INFO - PPE MongoDB batch insert | camera=ppe_test_cam1 | count=10
2026-07-23 15:59:51,244 - post_processor_0fcd8b3fbf5b - INFO - PPE frame complete | camera=ppe_test_cam1 | violation=False
2026-07-23 15:59:51,245 - post_processor_0fcd8b3fbf5b - INFO - Kafka offsets committed | count=10
2026-07-23 15:59:51,245 - post_processor_0fcd8b3fbf5b - INFO - [FRAME RECEIVED] topic=post_processing | partition=0 | offset=157024 | frame_id=None | camera=ppe_test_cam1
2026-07-23 15:59:51,245 - post_processor_0fcd8b3fbf5b - INFO - [DETECT BATCH] START | od=0 | ppe=1
2026-07-23 15:59:51,245 - post_processor_0fcd8b3fbf5b - INFO - [PROCESS PPE DETECTION] camera=ppe_test_cam1 | severity=low | violated=['No-Shoes', 'No-Shoes']
2026-07-23 15:59:51,248 - post_processor_0fcd8b3fbf5b - INFO - PPE alert image saved | path=/Aksha/ppe_test_cam1/alerts/2026-07-23/2026-07-23 15:59:51.24_alert.jpg
2026-07-23 15:59:51,248 - post_processor_0fcd8b3fbf5b - INFO - [DETECT BATCH] DONE | od=0 | ppe=1
2026-07-23 15:59:51,248 - post_processor_0fcd8b3fbf5b - INFO - PPE meta buffered | camera=ppe_test_cam1 | violation=True
2026-07-23 15:59:51,249 - post_processor_0fcd8b3fbf5b - INFO - ppe_status_check | has_violation=True | validity=True
2026-07-23 15:59:51,249 - post_processor_0fcd8b3fbf5b - INFO - PPE notification approved | camera=ppe_test_cam1 | severity=low
2026-07-23 15:59:51,249 - post_processor_0fcd8b3fbf5b - INFO - PPE notification sent | camera=ppe_test_cam1 | severity=low | topic=notification_service
2026-07-23 15:59:51,250 - post_processor_0fcd8b3fbf5b - INFO - PPE frame complete | camera=ppe_test_cam1 | violation=True
2026-07-23 15:59:52,012 - post_processor_0fcd8b3fbf5b - INFO - [FRAME RECEIVED] topic=post_processing | partition=0 | offset=157025 | frame_id=None | camera=ppe_test_cam1
2026-07-23 15:59:52,012 - post_processor_0fcd8b3fbf5b - INFO - [DETECT BATCH] START | od=0 | ppe=1
2026-07-23 15:59:52,012 - post_processor_0fcd8b3fbf5b - INFO - [PROCESS PPE DETECTION] camera=ppe_test_cam1 | severity=none | violated=[]
2026-07-23 15:59:52,013 - post_processor_0fcd8b3fbf5b - INFO - [DETECT BATCH] DONE | od=0 | ppe=1
2026-07-23 15:59:52,013 - post_processor_0fcd8b3fbf5b - INFO - PPE meta buffered | camera=ppe_test_cam1 | violation=False
2026-07-23 15:59:52,013 - post_processor_0fcd8b3fbf5b - INFO - PPE frame complete | camera=ppe_test_cam1 | violation=False
2026-07-23 15:59:52,037 - post_processor_0fcd8b3fbf5b - INFO - [FRAME RECEIVED] topic=post_processing | partition=0 | offset=157026 | frame_id=None | camera=ppe_test_cam1
2026-07-23 15:59:52,038 - post_processor_0fcd8b3fbf5b - INFO - [DETECT BATCH] START | od=0 | ppe=1
2026-07-23 15:59:52,038 - post_processor_0fcd8b3fbf5b - INFO - [PROCESS PPE DETECTION] camera=ppe_test_cam1 | severity=low | violated=['No-Shoes', 'No-Shoes']
2026-07-23 15:59:52,041 - post_processor_0fcd8b3fbf5b - INFO - PPE alert image saved | path=/Aksha/ppe_test_cam1/alerts/2026-07-23/2026-07-23 15:59:52.04_alert.jpg
2026-07-23 15:59:52,041 - post_processor_0fcd8b3fbf5b - INFO - [DETECT BATCH] DONE | od=0 | ppe=1
2026-07-23 15:59:52,041 - post_processor_0fcd8b3fbf5b - INFO - PPE meta buffered | camera=ppe_test_cam1 | violation=True
2026-07-23 15:59:52,042 - post_processor_0fcd8b3fbf5b - INFO - ppe_status_check | has_violation=True | validity=False
2026-07-23 15:59:52,042 - post_processor_0fcd8b3fbf5b - INFO - PPE notification suppressed by cooldown | camera=ppe_test_cam1
2026-07-23 15:59:52,042 - post_processor_0fcd8b3fbf5b - INFO - PPE frame complete | camera=ppe_test_cam1 | violation=True
2026-07-23 15:59:53,173 - post_processor_0fcd8b3fbf5b - INFO - [FRAME RECEIVED] topic=post_processing | partition=0 | offset=157027 | frame_id=None | camera=ppe_test_cam1
2026-07-23 15:59:53,173 - post_processor_0fcd8b3fbf5b - INFO - [DETECT BATCH] START | od=0 | ppe=1
2026-07-23 15:59:53,174 - post_processor_0fcd8b3fbf5b - INFO - [PROCESS PPE DETECTION] camera=ppe_test_cam1 | severity=none | violated=[]
2026-07-23 15:59:53,175 - post_processor_0fcd8b3fbf5b - INFO - [DETECT BATCH] DONE | od=0 | ppe=1
2026-07-23 15:59:53,175 - post_processor_0fcd8b3fbf5b - INFO - PPE meta buffered | camera=ppe_test_cam1 | violation=False
2026-07-23 15:59:53,175 - post_processor_0fcd8b3fbf5b - INFO - PPE frame complete | camera=ppe_test_cam1 | violation=False
2026-07-23 15:59:53,203 - post_processor_0fcd8b3fbf5b - INFO - [FRAME RECEIVED] topic=post_processing | partition=0 | offset=157028 | frame_id=None | camera=ppe_test_cam1
2026-07-23 15:59:53,203 - post_processor_0fcd8b3fbf5b - INFO - [DETECT BATCH] START | od=0 | ppe=1
2026-07-23 15:59:53,203 - post_processor_0fcd8b3fbf5b - INFO - [PROCESS PPE DETECTION] camera=ppe_test_cam1 | severity=low | violated=['No-Shoes', 'No-Shoes']
2026-07-23 15:59:53,208 - post_processor_0fcd8b3fbf5b - INFO - PPE alert image saved | path=/Aksha/ppe_test_cam1/alerts/2026-07-23/2026-07-23 15:59:53.20_alert.jpg
2026-07-23 15:59:53,209 - post_processor_0fcd8b3fbf5b - INFO - [DETECT BATCH] DONE | od=0 | ppe=1
2026-07-23 15:59:53,209 - post_processor_0fcd8b3fbf5b - INFO - PPE meta buffered | camera=ppe_test_cam1 | violation=True
2026-07-23 15:59:53,210 - post_processor_0fcd8b3fbf5b - INFO - ppe_status_check | has_violation=True | validity=False
2026-07-23 15:59:53,210 - post_processor_0fcd8b3fbf5b - INFO - PPE notification suppressed by cooldown | camera=ppe_test_cam1
2026-07-23 15:59:53,211 - post_processor_0fcd8b3fbf5b - INFO - PPE frame complete | camera=ppe_test_cam1 | violation=True
2026-07-23 15:59:54,138 - post_processor_0fcd8b3fbf5b - INFO - [FRAME RECEIVED] topic=post_processing | partition=0 | offset=157029 | frame_id=None | camera=ppe_test_cam1
2026-07-23 15:59:54,138 - post_processor_0fcd8b3fbf5b - INFO - [DETECT BATCH] START | od=0 | ppe=1
2026-07-23 15:59:54,139 - post_processor_0fcd8b3fbf5b - INFO - [PROCESS PPE DETECTION] camera=ppe_test_cam1 | severity=none | violated=[]
2026-07-23 15:59:54,139 - post_processor_0fcd8b3fbf5b - INFO - [DETECT BATCH] DONE | od=0 | ppe=1
2026-07-23 15:59:54,139 - post_processor_0fcd8b3fbf5b - INFO - PPE meta buffered | camera=ppe_test_cam1 | violation=False
2026-07-23 15:59:54,139 - post_processor_0fcd8b3fbf5b - INFO - PPE frame complete | camera=ppe_test_cam1 | violation=False
2026-07-23 15:59:54,174 - post_processor_0fcd8b3fbf5b - INFO - [FRAME RECEIVED] topic=post_processing | partition=0 | offset=157030 | frame_id=None | camera=ppe_test_cam1
2026-07-23 15:59:54,174 - post_processor_0fcd8b3fbf5b - INFO - [DETECT BATCH] START | od=0 | ppe=1
2026-07-23 15:59:54,175 - post_processor_0fcd8b3fbf5b - INFO - [PROCESS PPE DETECTION] camera=ppe_test_cam1 | severity=low | violated=['No-Shoes', 'No-Shoes']
2026-07-23 15:59:54,178 - post_processor_0fcd8b3fbf5b - INFO - PPE alert image saved | path=/Aksha/ppe_test_cam1/alerts/2026-07-23/2026-07-23 15:59:54.17_alert.jpg
2026-07-23 15:59:54,178 - post_processor_0fcd8b3fbf5b - INFO - [DETECT BATCH] DONE | od=0 | ppe=1
2026-07-23 15:59:54,178 - post_processor_0fcd8b3fbf5b - INFO - PPE meta buffered | camera=ppe_test_cam1 | violation=True
2026-07-23 15:59:54,179 - post_processor_0fcd8b3fbf5b - INFO - ppe_status_check | has_violation=True | validity=False
2026-07-23 15:59:54,179 - post_processor_0fcd8b3fbf5b - INFO - PPE notification suppressed by cooldown | camera=ppe_test_cam1
2026-07-23 15:59:54,180 - post_processor_0fcd8b3fbf5b - INFO - PPE frame complete | camera=ppe_test_cam1 | violation=True
2026-07-23 15:59:55,123 - post_processor_0fcd8b3fbf5b - INFO - [FRAME RECEIVED] topic=post_processing | partition=0 | offset=157031 | frame_id=None | camera=ppe_test_cam1
2026-07-23 15:59:55,123 - post_processor_0fcd8b3fbf5b - INFO - [DETECT BATCH] START | od=0 | ppe=1
2026-07-23 15:59:55,123 - post_processor_0fcd8b3fbf5b - INFO - [PROCESS PPE DETECTION] camera=ppe_test_cam1 | severity=none | violated=[]
2026-07-23 15:59:55,124 - post_processor_0fcd8b3fbf5b - INFO - [DETECT BATCH] DONE | od=0 | ppe=1
2026-07-23 15:59:55,124 - post_processor_0fcd8b3fbf5b - INFO - PPE meta buffered | camera=ppe_test_cam1 | violation=False
2026-07-23 15:59:55,124 - post_processor_0fcd8b3fbf5b - INFO - PPE frame complete | camera=ppe_test_cam1 | violation=False
2026-07-23 16:00:00,022 - post_processor_0fcd8b3fbf5b - INFO - [FRAME RECEIVED] topic=post_processing | partition=0 | offset=157032 | frame_id=None | camera=ppe_test_cam1
2026-07-23 16:00:00,023 - post_processor_0fcd8b3fbf5b - INFO - [DETECT BATCH] START | od=0 | ppe=1
2026-07-23 16:00:00,023 - post_processor_0fcd8b3fbf5b - INFO - [PROCESS PPE DETECTION] camera=ppe_test_cam1 | severity=none | violated=[]
2026-07-23 16:00:00,023 - post_processor_0fcd8b3fbf5b - INFO - [DETECT BATCH] DONE | od=0 | ppe=1
2026-07-23 16:00:00,023 - post_processor_0fcd8b3fbf5b - INFO - PPE meta buffered | camera=ppe_test_cam1 | violation=False
2026-07-23 16:00:00,023 - post_processor_0fcd8b3fbf5b - INFO - PPE frame complete | camera=ppe_test_cam1 | violation=False
2026-07-23 16:00:01,110 - post_processor_0fcd8b3fbf5b - INFO - [FRAME RECEIVED] topic=post_processing | partition=0 | offset=157033 | frame_id=None | camera=ppe_test_cam1
2026-07-23 16:00:01,111 - post_processor_0fcd8b3fbf5b - INFO - [DETECT BATCH] START | od=0 | ppe=1
2026-07-23 16:00:01,111 - post_processor_0fcd8b3fbf5b - INFO - [PROCESS PPE DETECTION] camera=ppe_test_cam1 | severity=none | violated=[]
2026-07-23 16:00:01,111 - post_processor_0fcd8b3fbf5b - INFO - [DETECT BATCH] DONE | od=0 | ppe=1
2026-07-23 16:00:01,111 - post_processor_0fcd8b3fbf5b - INFO - PPE meta buffered | camera=ppe_test_cam1 | violation=False
2026-07-23 16:00:01,132 - post_processor_0fcd8b3fbf5b - INFO - PPE MongoDB batch insert | camera=ppe_test_cam1 | count=10
2026-07-23 16:00:01,133 - post_processor_0fcd8b3fbf5b - INFO - PPE frame complete | camera=ppe_test_cam1 | violation=False
2026-07-23 16:00:01,134 - post_processor_0fcd8b3fbf5b - INFO - Kafka offsets committed | count=10
2026-07-23 16:00:02,095 - post_processor_0fcd8b3fbf5b - INFO - [FRAME RECEIVED] topic=post_processing | partition=0 | offset=157034 | frame_id=None | camera=ppe_test_cam1
2026-07-23 16:00:02,095 - post_processor_0fcd8b3fbf5b - INFO - [DETECT BATCH] START | od=0 | ppe=1
2026-07-23 16:00:02,096 - post_processor_0fcd8b3fbf5b - INFO - [PROCESS PPE DETECTION] camera=ppe_test_cam1 | severity=none | violated=[]
2026-07-23 16:00:02,096 - post_processor_0fcd8b3fbf5b - INFO - [DETECT BATCH] DONE | od=0 | ppe=1
2026-07-23 16:00:02,096 - post_processor_0fcd8b3fbf5b - INFO - PPE meta buffered | camera=ppe_test_cam1 | violation=False
2026-07-23 16:00:02,096 - post_processor_0fcd8b3fbf5b - INFO - PPE frame complete | camera=ppe_test_cam1 | violation=False
2026-07-23 16:00:03,118 - post_processor_0fcd8b3fbf5b - INFO - [FRAME RECEIVED] topic=post_processing | partition=0 | offset=157035 | frame_id=None | camera=ppe_test_cam1
2026-07-23 16:00:03,118 - post_processor_0fcd8b3fbf5b - INFO - [DETECT BATCH] START | od=0 | ppe=1
2026-07-23 16:00:03,119 - post_processor_0fcd8b3fbf5b - INFO - [PROCESS PPE DETECTION] camera=ppe_test_cam1 | severity=none | violated=[]
2026-07-23 16:00:03,119 - post_processor_0fcd8b3fbf5b - INFO - [DETECT BATCH] DONE | od=0 | ppe=1
2026-07-23 16:00:03,119 - post_processor_0fcd8b3fbf5b - INFO - PPE meta buffered | camera=ppe_test_cam1 | violation=False
2026-07-23 16:00:03,119 - post_processor_0fcd8b3fbf5b - INFO - PPE frame complete | camera=ppe_test_cam1 | violation=False
2026-07-23 16:00:04,198 - post_processor_0fcd8b3fbf5b - INFO - [FRAME RECEIVED] topic=post_processing | partition=0 | offset=157036 | frame_id=None | camera=ppe_test_cam1
2026-07-23 16:00:04,199 - post_processor_0fcd8b3fbf5b - INFO - [DETECT BATCH] START | od=0 | ppe=1
2026-07-23 16:00:04,199 - post_processor_0fcd8b3fbf5b - INFO - [PROCESS PPE DETECTION] camera=ppe_test_cam1 | severity=none | violated=[]
2026-07-23 16:00:04,200 - post_processor_0fcd8b3fbf5b - INFO - [DETECT BATCH] DONE | od=0 | ppe=1
2026-07-23 16:00:04,200 - post_processor_0fcd8b3fbf5b - INFO - PPE meta buffered | camera=ppe_test_cam1 | violation=False
2026-07-23 16:00:04,200 - post_processor_0fcd8b3fbf5b - INFO - PPE frame complete | camera=ppe_test_cam1 | violation=False
2026-07-23 16:00:05,100 - post_processor_0fcd8b3fbf5b - INFO - [FRAME RECEIVED] topic=post_processing | partition=0 | offset=157037 | frame_id=None | camera=ppe_test_cam1
2026-07-23 16:00:05,100 - post_processor_0fcd8b3fbf5b - INFO - [DETECT BATCH] START | od=0 | ppe=1
2026-07-23 16:00:05,100 - post_processor_0fcd8b3fbf5b - INFO - [PROCESS PPE DETECTION] camera=ppe_test_cam1 | severity=none | violated=[]
2026-07-23 16:00:05,101 - post_processor_0fcd8b3fbf5b - INFO - [DETECT BATCH] DONE | od=0 | ppe=1
2026-07-23 16:00:05,101 - post_processor_0fcd8b3fbf5b - INFO - PPE meta buffered | camera=ppe_test_cam1 | violation=False
2026-07-23 16:00:05,101 - post_processor_0fcd8b3fbf5b - INFO - PPE frame complete | camera=ppe_test_cam1 | violation=False
2026-07-23 16:00:06,143 - post_processor_0fcd8b3fbf5b - INFO - [FRAME RECEIVED] topic=post_processing | partition=0 | offset=157038 | frame_id=None | camera=ppe_test_cam1
2026-07-23 16:00:06,143 - post_processor_0fcd8b3fbf5b - INFO - [DETECT BATCH] START | od=0 | ppe=1
2026-07-23 16:00:06,143 - post_processor_0fcd8b3fbf5b - INFO - [PROCESS PPE DETECTION] camera=ppe_test_cam1 | severity=none | violated=[]
2026-07-23 16:00:06,143 - post_processor_0fcd8b3fbf5b - INFO - [DETECT BATCH] DONE | od=0 | ppe=1
2026-07-23 16:00:06,144 - post_processor_0fcd8b3fbf5b - INFO - PPE meta buffered | camera=ppe_test_cam1 | violation=False
2026-07-23 16:00:06,144 - post_processor_0fcd8b3fbf5b - INFO - PPE frame complete | camera=ppe_test_cam1 | violation=False
2026-07-23 16:00:07,098 - post_processor_0fcd8b3fbf5b - INFO - [FRAME RECEIVED] topic=post_processing | partition=0 | offset=157039 | frame_id=None | camera=ppe_test_cam1
2026-07-23 16:00:07,098 - post_processor_0fcd8b3fbf5b - INFO - [DETECT BATCH] START | od=0 | ppe=1
2026-07-23 16:00:07,099 - post_processor_0fcd8b3fbf5b - INFO - [PROCESS PPE DETECTION] camera=ppe_test_cam1 | severity=none | violated=[]
2026-07-23 16:00:07,099 - post_processor_0fcd8b3fbf5b - INFO - [DETECT BATCH] DONE | od=0 | ppe=1
2026-07-23 16:00:07,099 - post_processor_0fcd8b3fbf5b - INFO - PPE meta buffered | camera=ppe_test_cam1 | violation=False
2026-07-23 16:00:07,099 - post_processor_0fcd8b3fbf5b - INFO - PPE frame complete | camera=ppe_test_cam1 | violation=False
2026-07-23 16:00:07,100 - post_processor_0fcd8b3fbf5b - INFO - [FRAME RECEIVED] topic=post_processing | partition=0 | offset=157040 | frame_id=None | camera=ppe_test_cam1
2026-07-23 16:00:07,100 - post_processor_0fcd8b3fbf5b - INFO - [DETECT BATCH] START | od=0 | ppe=1
2026-07-23 16:00:07,100 - post_processor_0fcd8b3fbf5b - INFO - [PROCESS PPE DETECTION] camera=ppe_test_cam1 | severity=none | violated=[]
2026-07-23 16:00:07,100 - post_processor_0fcd8b3fbf5b - INFO - [DETECT BATCH] DONE | od=0 | ppe=1
2026-07-23 16:00:07,100 - post_processor_0fcd8b3fbf5b - INFO - PPE meta buffered | camera=ppe_test_cam1 | violation=False
2026-07-23 16:00:07,100 - post_processor_0fcd8b3fbf5b - INFO - PPE frame complete | camera=ppe_test_cam1 | violation=False
2026-07-23 16:00:32,211 - post_processor_0fcd8b3fbf5b - INFO - [FRAME RECEIVED] topic=post_processing | partition=0 | offset=157041 | frame_id=None | camera=ppe_test_cam1
2026-07-23 16:00:32,211 - post_processor_0fcd8b3fbf5b - INFO - [DETECT BATCH] START | od=0 | ppe=1
2026-07-23 16:00:32,212 - post_processor_0fcd8b3fbf5b - INFO - [PROCESS PPE DETECTION] camera=ppe_test_cam1 | severity=none | violated=[]
2026-07-23 16:00:32,212 - post_processor_0fcd8b3fbf5b - INFO - [DETECT BATCH] DONE | od=0 | ppe=1
2026-07-23 16:00:32,212 - post_processor_0fcd8b3fbf5b - INFO - PPE meta buffered | camera=ppe_test_cam1 | violation=False
2026-07-23 16:00:32,212 - post_processor_0fcd8b3fbf5b - INFO - PPE frame complete | camera=ppe_test_cam1 | violation=False
2026-07-23 16:00:33,074 - post_processor_0fcd8b3fbf5b - INFO - [FRAME RECEIVED] topic=post_processing | partition=0 | offset=157042 | frame_id=None | camera=ppe_test_cam1
2026-07-23 16:00:33,074 - post_processor_0fcd8b3fbf5b - INFO - [DETECT BATCH] START | od=0 | ppe=1
2026-07-23 16:00:33,074 - post_processor_0fcd8b3fbf5b - INFO - [PROCESS PPE DETECTION] camera=ppe_test_cam1 | severity=none | violated=[]
2026-07-23 16:00:33,075 - post_processor_0fcd8b3fbf5b - INFO - [DETECT BATCH] DONE | od=0 | ppe=1
2026-07-23 16:00:33,075 - post_processor_0fcd8b3fbf5b - INFO - PPE meta buffered | camera=ppe_test_cam1 | violation=False
2026-07-23 16:00:33,075 - post_processor_0fcd8b3fbf5b - INFO - PPE frame complete | camera=ppe_test_cam1 | violation=False
2026-07-23 16:00:51,153 - post_processor_0fcd8b3fbf5b - INFO - [FRAME RECEIVED] topic=post_processing | partition=0 | offset=157043 | frame_id=None | camera=ppe_test_cam1
2026-07-23 16:00:51,154 - post_processor_0fcd8b3fbf5b - INFO - [DETECT BATCH] START | od=0 | ppe=1
2026-07-23 16:00:51,154 - post_processor_0fcd8b3fbf5b - INFO - [PROCESS PPE DETECTION] camera=ppe_test_cam1 | severity=none | violated=[]
2026-07-23 16:00:51,155 - post_processor_0fcd8b3fbf5b - INFO - [DETECT BATCH] DONE | od=0 | ppe=1
2026-07-23 16:00:51,155 - post_processor_0fcd8b3fbf5b - INFO - PPE meta buffered | camera=ppe_test_cam1 | violation=False
2026-07-23 16:00:51,242 - post_processor_0fcd8b3fbf5b - INFO - PPE MongoDB batch insert | camera=ppe_test_cam1 | count=10
2026-07-23 16:00:51,243 - post_processor_0fcd8b3fbf5b - INFO - PPE frame complete | camera=ppe_test_cam1 | violation=False
2026-07-23 16:00:51,246 - post_processor_0fcd8b3fbf5b - INFO - Kafka offsets committed | count=10
2026-07-23 16:00:51,247 - post_processor_0fcd8b3fbf5b - INFO - [FRAME RECEIVED] topic=post_processing | partition=0 | offset=157044 | frame_id=None | camera=ppe_test_cam1
2026-07-23 16:00:51,248 - post_processor_0fcd8b3fbf5b - INFO - [DETECT BATCH] START | od=0 | ppe=1
2026-07-23 16:00:51,248 - post_processor_0fcd8b3fbf5b - INFO - [PROCESS PPE DETECTION] camera=ppe_test_cam1 | severity=low | violated=['No-Shoes', 'No-Shoes']
2026-07-23 16:00:51,261 - post_processor_0fcd8b3fbf5b - INFO - PPE alert image saved | path=/Aksha/ppe_test_cam1/alerts/2026-07-23/2026-07-23 16:00:51.25_alert.jpg
2026-07-23 16:00:51,262 - post_processor_0fcd8b3fbf5b - INFO - [DETECT BATCH] DONE | od=0 | ppe=1
2026-07-23 16:00:51,262 - post_processor_0fcd8b3fbf5b - INFO - PPE meta buffered | camera=ppe_test_cam1 | violation=True
2026-07-23 16:00:51,264 - post_processor_0fcd8b3fbf5b - INFO - ppe_status_check | has_violation=True | validity=True
2026-07-23 16:00:51,264 - post_processor_0fcd8b3fbf5b - INFO - PPE notification approved | camera=ppe_test_cam1 | severity=low
2026-07-23 16:00:51,265 - post_processor_0fcd8b3fbf5b - INFO - PPE notification sent | camera=ppe_test_cam1 | severity=low | topic=notification_service
2026-07-23 16:00:51,268 - post_processor_0fcd8b3fbf5b - INFO - PPE frame complete | camera=ppe_test_cam1 | violation=True
2026-07-23 16:00:52,084 - post_processor_0fcd8b3fbf5b - INFO - [FRAME RECEIVED] topic=post_processing | partition=0 | offset=157045 | frame_id=None | camera=ppe_test_cam1
2026-07-23 16:00:52,084 - post_processor_0fcd8b3fbf5b - INFO - [DETECT BATCH] START | od=0 | ppe=1
2026-07-23 16:00:52,084 - post_processor_0fcd8b3fbf5b - INFO - [PROCESS PPE DETECTION] camera=ppe_test_cam1 | severity=none | violated=[]
2026-07-23 16:00:52,085 - post_processor_0fcd8b3fbf5b - INFO - [DETECT BATCH] DONE | od=0 | ppe=1
2026-07-23 16:00:52,085 - post_processor_0fcd8b3fbf5b - INFO - PPE meta buffered | camera=ppe_test_cam1 | violation=False
2026-07-23 16:00:52,085 - post_processor_0fcd8b3fbf5b - INFO - PPE frame complete | camera=ppe_test_cam1 | violation=False
2026-07-23 16:00:52,116 - post_processor_0fcd8b3fbf5b - INFO - [FRAME RECEIVED] topic=post_processing | partition=0 | offset=157046 | frame_id=None | camera=ppe_test_cam1
2026-07-23 16:00:52,116 - post_processor_0fcd8b3fbf5b - INFO - [DETECT BATCH] START | od=0 | ppe=1
2026-07-23 16:00:52,116 - post_processor_0fcd8b3fbf5b - INFO - [PROCESS PPE DETECTION] camera=ppe_test_cam1 | severity=low | violated=['No-Shoes', 'No-Shoes']
2026-07-23 16:00:52,119 - post_processor_0fcd8b3fbf5b - INFO - PPE alert image saved | path=/Aksha/ppe_test_cam1/alerts/2026-07-23/2026-07-23 16:00:52.11_alert.jpg
2026-07-23 16:00:52,119 - post_processor_0fcd8b3fbf5b - INFO - [DETECT BATCH] DONE | od=0 | ppe=1
2026-07-23 16:00:52,119 - post_processor_0fcd8b3fbf5b - INFO - PPE meta buffered | camera=ppe_test_cam1 | violation=True
2026-07-23 16:00:52,119 - post_processor_0fcd8b3fbf5b - INFO - ppe_status_check | has_violation=True | validity=False
2026-07-23 16:00:52,119 - post_processor_0fcd8b3fbf5b - INFO - PPE notification suppressed by cooldown | camera=ppe_test_cam1
2026-07-23 16:00:52,120 - post_processor_0fcd8b3fbf5b - INFO - PPE frame complete | camera=ppe_test_cam1 | violation=True
2026-07-23 16:00:53,147 - post_processor_0fcd8b3fbf5b - INFO - [FRAME RECEIVED] topic=post_processing | partition=0 | offset=157047 | frame_id=None | camera=ppe_test_cam1
2026-07-23 16:00:53,147 - post_processor_0fcd8b3fbf5b - INFO - [DETECT BATCH] START | od=0 | ppe=1
2026-07-23 16:00:53,147 - post_processor_0fcd8b3fbf5b - INFO - [PROCESS PPE DETECTION] camera=ppe_test_cam1 | severity=none | violated=[]
2026-07-23 16:00:53,148 - post_processor_0fcd8b3fbf5b - INFO - [DETECT BATCH] DONE | od=0 | ppe=1
2026-07-23 16:00:53,148 - post_processor_0fcd8b3fbf5b - INFO - PPE meta buffered | camera=ppe_test_cam1 | violation=False
2026-07-23 16:00:53,148 - post_processor_0fcd8b3fbf5b - INFO - PPE frame complete | camera=ppe_test_cam1 | violation=False
2026-07-23 16:00:53,178 - post_processor_0fcd8b3fbf5b - INFO - [FRAME RECEIVED] topic=post_processing | partition=0 | offset=157048 | frame_id=None | camera=ppe_test_cam1
2026-07-23 16:00:53,178 - post_processor_0fcd8b3fbf5b - INFO - [DETECT BATCH] START | od=0 | ppe=1
2026-07-23 16:00:53,178 - post_processor_0fcd8b3fbf5b - INFO - [PROCESS PPE DETECTION] camera=ppe_test_cam1 | severity=low | violated=['No-Shoes', 'No-Shoes']
2026-07-23 16:00:53,182 - post_processor_0fcd8b3fbf5b - INFO - PPE alert image saved | path=/Aksha/ppe_test_cam1/alerts/2026-07-23/2026-07-23 16:00:53.18_alert.jpg
2026-07-23 16:00:53,182 - post_processor_0fcd8b3fbf5b - INFO - [DETECT BATCH] DONE | od=0 | ppe=1
2026-07-23 16:00:53,183 - post_processor_0fcd8b3fbf5b - INFO - PPE meta buffered | camera=ppe_test_cam1 | violation=True
2026-07-23 16:00:53,183 - post_processor_0fcd8b3fbf5b - INFO - ppe_status_check | has_violation=True | validity=False
2026-07-23 16:00:53,183 - post_processor_0fcd8b3fbf5b - INFO - PPE notification suppressed by cooldown | camera=ppe_test_cam1
2026-07-23 16:00:53,185 - post_processor_0fcd8b3fbf5b - INFO - PPE frame complete | camera=ppe_test_cam1 | violation=True
2026-07-23 16:00:54,198 - post_processor_0fcd8b3fbf5b - INFO - [FRAME RECEIVED] topic=post_processing | partition=0 | offset=157049 | frame_id=None | camera=ppe_test_cam1
2026-07-23 16:00:54,198 - post_processor_0fcd8b3fbf5b - INFO - [DETECT BATCH] START | od=0 | ppe=1
2026-07-23 16:00:54,199 - post_processor_0fcd8b3fbf5b - INFO - [PROCESS PPE DETECTION] camera=ppe_test_cam1 | severity=none | violated=[]
2026-07-23 16:00:54,199 - post_processor_0fcd8b3fbf5b - INFO - [DETECT BATCH] DONE | od=0 | ppe=1
2026-07-23 16:00:54,199 - post_processor_0fcd8b3fbf5b - INFO - PPE meta buffered | camera=ppe_test_cam1 | violation=False
2026-07-23 16:00:54,199 - post_processor_0fcd8b3fbf5b - INFO - PPE frame complete | camera=ppe_test_cam1 | violation=False
2026-07-23 16:00:54,200 - post_processor_0fcd8b3fbf5b - INFO - [FRAME RECEIVED] topic=post_processing | partition=0 | offset=157050 | frame_id=None | camera=ppe_test_cam1
2026-07-23 16:00:54,200 - post_processor_0fcd8b3fbf5b - INFO - [DETECT BATCH] START | od=0 | ppe=1
2026-07-23 16:00:54,200 - post_processor_0fcd8b3fbf5b - INFO - [PROCESS PPE DETECTION] camera=ppe_test_cam1 | severity=low | violated=['No-Shoes', 'No-Shoes']
2026-07-23 16:00:54,203 - post_processor_0fcd8b3fbf5b - INFO - PPE alert image saved | path=/Aksha/ppe_test_cam1/alerts/2026-07-23/2026-07-23 16:00:54.20_alert.jpg
2026-07-23 16:00:54,203 - post_processor_0fcd8b3fbf5b - INFO - [DETECT BATCH] DONE | od=0 | ppe=1
2026-07-23 16:00:54,203 - post_processor_0fcd8b3fbf5b - INFO - PPE meta buffered | camera=ppe_test_cam1 | violation=True
2026-07-23 16:00:54,204 - post_processor_0fcd8b3fbf5b - INFO - ppe_status_check | has_violation=True | validity=False
2026-07-23 16:00:54,204 - post_processor_0fcd8b3fbf5b - INFO - PPE notification suppressed by cooldown | camera=ppe_test_cam1
2026-07-23 16:00:54,204 - post_processor_0fcd8b3fbf5b - INFO - PPE frame complete | camera=ppe_test_cam1 | violation=True
2026-07-23 16:00:55,254 - post_processor_0fcd8b3fbf5b - INFO - [FRAME RECEIVED] topic=post_processing | partition=0 | offset=157051 | frame_id=None | camera=ppe_test_cam1
2026-07-23 16:00:55,255 - post_processor_0fcd8b3fbf5b - INFO - [DETECT BATCH] START | od=0 | ppe=1
2026-07-23 16:00:55,255 - post_processor_0fcd8b3fbf5b - INFO - [PROCESS PPE DETECTION] camera=ppe_test_cam1 | severity=none | violated=[]
2026-07-23 16:00:55,256 - post_processor_0fcd8b3fbf5b - INFO - [DETECT BATCH] DONE | od=0 | ppe=1
2026-07-23 16:00:55,256 - post_processor_0fcd8b3fbf5b - INFO - PPE meta buffered | camera=ppe_test_cam1 | violation=False
2026-07-23 16:00:55,256 - post_processor_0fcd8b3fbf5b - INFO - PPE frame complete | camera=ppe_test_cam1 | violation=False
2026-07-23 16:01:00,132 - post_processor_0fcd8b3fbf5b - INFO - [FRAME RECEIVED] topic=post_processing | partition=0 | offset=157052 | frame_id=None | camera=ppe_test_cam1
2026-07-23 16:01:00,132 - post_processor_0fcd8b3fbf5b - INFO - [DETECT BATCH] START | od=0 | ppe=1
2026-07-23 16:01:00,133 - post_processor_0fcd8b3fbf5b - INFO - [PROCESS PPE DETECTION] camera=ppe_test_cam1 | severity=none | violated=[]
2026-07-23 16:01:00,134 - post_processor_0fcd8b3fbf5b - INFO - [DETECT BATCH] DONE | od=0 | ppe=1
2026-07-23 16:01:00,134 - post_processor_0fcd8b3fbf5b - INFO - PPE meta buffered | camera=ppe_test_cam1 | violation=False
2026-07-23 16:01:00,134 - post_processor_0fcd8b3fbf5b - INFO - PPE frame complete | camera=ppe_test_cam1 | violation=False
2026-07-23 16:01:01,176 - post_processor_0fcd8b3fbf5b - INFO - [FRAME RECEIVED] topic=post_processing | partition=0 | offset=157053 | frame_id=None | camera=ppe_test_cam1
2026-07-23 16:01:01,177 - post_processor_0fcd8b3fbf5b - INFO - [DETECT BATCH] START | od=0 | ppe=1
2026-07-23 16:01:01,178 - post_processor_0fcd8b3fbf5b - INFO - [PROCESS PPE DETECTION] camera=ppe_test_cam1 | severity=none | violated=[]
2026-07-23 16:01:01,178 - post_processor_0fcd8b3fbf5b - INFO - [DETECT BATCH] DONE | od=0 | ppe=1
2026-07-23 16:01:01,178 - post_processor_0fcd8b3fbf5b - INFO - PPE meta buffered | camera=ppe_test_cam1 | violation=False
2026-07-23 16:01:01,214 - post_processor_0fcd8b3fbf5b - INFO - PPE MongoDB batch insert | camera=ppe_test_cam1 | count=10
2026-07-23 16:01:01,214 - post_processor_0fcd8b3fbf5b - INFO - PPE frame complete | camera=ppe_test_cam1 | violation=False
2026-07-23 16:01:01,215 - post_processor_0fcd8b3fbf5b - INFO - Kafka offsets committed | count=10
2026-07-23 16:01:02,040 - post_processor_0fcd8b3fbf5b - INFO - [FRAME RECEIVED] topic=post_processing | partition=0 | offset=157054 | frame_id=None | camera=ppe_test_cam1
2026-07-23 16:01:02,041 - post_processor_0fcd8b3fbf5b - INFO - [DETECT BATCH] START | od=0 | ppe=1
2026-07-23 16:01:02,041 - post_processor_0fcd8b3fbf5b - INFO - [PROCESS PPE DETECTION] camera=ppe_test_cam1 | severity=none | violated=[]
2026-07-23 16:01:02,041 - post_processor_0fcd8b3fbf5b - INFO - [DETECT BATCH] DONE | od=0 | ppe=1
2026-07-23 16:01:02,041 - post_processor_0fcd8b3fbf5b - INFO - PPE meta buffered | camera=ppe_test_cam1 | violation=False
2026-07-23 16:01:02,041 - post_processor_0fcd8b3fbf5b - INFO - PPE frame complete | camera=ppe_test_cam1 | violation=False
2026-07-23 16:01:03,135 - post_processor_0fcd8b3fbf5b - INFO - [FRAME RECEIVED] topic=post_processing | partition=0 | offset=157055 | frame_id=None | camera=ppe_test_cam1
2026-07-23 16:01:03,135 - post_processor_0fcd8b3fbf5b - INFO - [DETECT BATCH] START | od=0 | ppe=1
2026-07-23 16:01:03,135 - post_processor_0fcd8b3fbf5b - INFO - [PROCESS PPE DETECTION] camera=ppe_test_cam1 | severity=none | violated=[]
2026-07-23 16:01:03,135 - post_processor_0fcd8b3fbf5b - INFO - [DETECT BATCH] DONE | od=0 | ppe=1
2026-07-23 16:01:03,136 - post_processor_0fcd8b3fbf5b - INFO - PPE meta buffered | camera=ppe_test_cam1 | violation=False
2026-07-23 16:01:03,136 - post_processor_0fcd8b3fbf5b - INFO - PPE frame complete | camera=ppe_test_cam1 | violation=False
2026-07-23 16:01:04,042 - post_processor_0fcd8b3fbf5b - INFO - [FRAME RECEIVED] topic=post_processing | partition=0 | offset=157056 | frame_id=None | camera=ppe_test_cam1
2026-07-23 16:01:04,043 - post_processor_0fcd8b3fbf5b - INFO - [DETECT BATCH] START | od=0 | ppe=1
2026-07-23 16:01:04,043 - post_processor_0fcd8b3fbf5b - INFO - [PROCESS PPE DETECTION] camera=ppe_test_cam1 | severity=none | violated=[]
2026-07-23 16:01:04,044 - post_processor_0fcd8b3fbf5b - INFO - [DETECT BATCH] DONE | od=0 | ppe=1
2026-07-23 16:01:04,044 - post_processor_0fcd8b3fbf5b - INFO - PPE meta buffered | camera=ppe_test_cam1 | violation=False
2026-07-23 16:01:04,044 - post_processor_0fcd8b3fbf5b - INFO - PPE frame complete | camera=ppe_test_cam1 | violation=False
2026-07-23 16:01:05,055 - post_processor_0fcd8b3fbf5b - INFO - [FRAME RECEIVED] topic=post_processing | partition=0 | offset=157057 | frame_id=None | camera=ppe_test_cam1
2026-07-23 16:01:05,055 - post_processor_0fcd8b3fbf5b - INFO - [DETECT BATCH] START | od=0 | ppe=1
2026-07-23 16:01:05,055 - post_processor_0fcd8b3fbf5b - INFO - [PROCESS PPE DETECTION] camera=ppe_test_cam1 | severity=none | violated=[]
2026-07-23 16:01:05,056 - post_processor_0fcd8b3fbf5b - INFO - [DETECT BATCH] DONE | od=0 | ppe=1
2026-07-23 16:01:05,056 - post_processor_0fcd8b3fbf5b - INFO - PPE meta buffered | camera=ppe_test_cam1 | violation=False
2026-07-23 16:01:05,056 - post_processor_0fcd8b3fbf5b - INFO - PPE frame complete | camera=ppe_test_cam1 | violation=False
2026-07-23 16:01:06,196 - post_processor_0fcd8b3fbf5b - INFO - [FRAME RECEIVED] topic=post_processing | partition=0 | offset=157058 | frame_id=None | camera=ppe_test_cam1
2026-07-23 16:01:06,196 - post_processor_0fcd8b3fbf5b - INFO - [DETECT BATCH] START | od=0 | ppe=1
2026-07-23 16:01:06,196 - post_processor_0fcd8b3fbf5b - INFO - [PROCESS PPE DETECTION] camera=ppe_test_cam1 | severity=none | violated=[]
2026-07-23 16:01:06,196 - post_processor_0fcd8b3fbf5b - INFO - [DETECT BATCH] DONE | od=0 | ppe=1
2026-07-23 16:01:06,197 - post_processor_0fcd8b3fbf5b - INFO - PPE meta buffered | camera=ppe_test_cam1 | violation=False
2026-07-23 16:01:06,197 - post_processor_0fcd8b3fbf5b - INFO - PPE frame complete | camera=ppe_test_cam1 | violation=False
2026-07-23 16:01:07,043 - post_processor_0fcd8b3fbf5b - INFO - [FRAME RECEIVED] topic=post_processing | partition=0 | offset=157059 | frame_id=None | camera=ppe_test_cam1
2026-07-23 16:01:07,043 - post_processor_0fcd8b3fbf5b - INFO - [DETECT BATCH] START | od=0 | ppe=1
2026-07-23 16:01:07,044 - post_processor_0fcd8b3fbf5b - INFO - [PROCESS PPE DETECTION] camera=ppe_test_cam1 | severity=none | violated=[]
2026-07-23 16:01:07,044 - post_processor_0fcd8b3fbf5b - INFO - [DETECT BATCH] DONE | od=0 | ppe=1
2026-07-23 16:01:07,044 - post_processor_0fcd8b3fbf5b - INFO - PPE meta buffered | camera=ppe_test_cam1 | violation=False
2026-07-23 16:01:07,044 - post_processor_0fcd8b3fbf5b - INFO - PPE frame complete | camera=ppe_test_cam1 | violation=False
2026-07-23 16:01:07,081 - post_processor_0fcd8b3fbf5b - INFO - [FRAME RECEIVED] topic=post_processing | partition=0 | offset=157060 | frame_id=None | camera=ppe_test_cam1
2026-07-23 16:01:07,081 - post_processor_0fcd8b3fbf5b - INFO - [DETECT BATCH] START | od=0 | ppe=1
2026-07-23 16:01:07,082 - post_processor_0fcd8b3fbf5b - INFO - [PROCESS PPE DETECTION] camera=ppe_test_cam1 | severity=none | violated=[]
2026-07-23 16:01:07,082 - post_processor_0fcd8b3fbf5b - INFO - [DETECT BATCH] DONE | od=0 | ppe=1
2026-07-23 16:01:07,082 - post_processor_0fcd8b3fbf5b - INFO - PPE meta buffered | camera=ppe_test_cam1 | violation=False
2026-07-23 16:01:07,082 - post_processor_0fcd8b3fbf5b - INFO - PPE frame complete | camera=ppe_test_cam1 | violation=False
2026-07-23 16:01:32,224 - post_processor_0fcd8b3fbf5b - INFO - [FRAME RECEIVED] topic=post_processing | partition=0 | offset=157061 | frame_id=None | camera=ppe_test_cam1
2026-07-23 16:01:32,224 - post_processor_0fcd8b3fbf5b - INFO - [DETECT BATCH] START | od=0 | ppe=1
2026-07-23 16:01:32,225 - post_processor_0fcd8b3fbf5b - INFO - [PROCESS PPE DETECTION] camera=ppe_test_cam1 | severity=none | violated=[]
2026-07-23 16:01:32,225 - post_processor_0fcd8b3fbf5b - INFO - [DETECT BATCH] DONE | od=0 | ppe=1
2026-07-23 16:01:32,225 - post_processor_0fcd8b3fbf5b - INFO - PPE meta buffered | camera=ppe_test_cam1 | violation=False
2026-07-23 16:01:32,225 - post_processor_0fcd8b3fbf5b - INFO - PPE frame complete | camera=ppe_test_cam1 | violation=False
2026-07-23 16:01:33,167 - post_processor_0fcd8b3fbf5b - INFO - [FRAME RECEIVED] topic=post_processing | partition=0 | offset=157062 | frame_id=None | camera=ppe_test_cam1
2026-07-23 16:01:33,167 - post_processor_0fcd8b3fbf5b - INFO - [DETECT BATCH] START | od=0 | ppe=1
2026-07-23 16:01:33,168 - post_processor_0fcd8b3fbf5b - INFO - [PROCESS PPE DETECTION] camera=ppe_test_cam1 | severity=none | violated=[]
2026-07-23 16:01:33,168 - post_processor_0fcd8b3fbf5b - INFO - [DETECT BATCH] DONE | od=0 | ppe=1
2026-07-23 16:01:33,168 - post_processor_0fcd8b3fbf5b - INFO - PPE meta buffered | camera=ppe_test_cam1 | violation=False
2026-07-23 16:01:33,168 - post_processor_0fcd8b3fbf5b - INFO - PPE frame complete | camera=ppe_test_cam1 | violation=False
2026-07-23 16:01:51,212 - post_processor_0fcd8b3fbf5b - INFO - [FRAME RECEIVED] topic=post_processing | partition=0 | offset=157063 | frame_id=None | camera=ppe_test_cam1
2026-07-23 16:01:51,212 - post_processor_0fcd8b3fbf5b - INFO - [DETECT BATCH] START | od=0 | ppe=1
2026-07-23 16:01:51,213 - post_processor_0fcd8b3fbf5b - INFO - [PROCESS PPE DETECTION] camera=ppe_test_cam1 | severity=none | violated=[]
2026-07-23 16:01:51,213 - post_processor_0fcd8b3fbf5b - INFO - [DETECT BATCH] DONE | od=0 | ppe=1
2026-07-23 16:01:51,213 - post_processor_0fcd8b3fbf5b - INFO - PPE meta buffered | camera=ppe_test_cam1 | violation=False
2026-07-23 16:01:51,233 - post_processor_0fcd8b3fbf5b - INFO - PPE MongoDB batch insert | camera=ppe_test_cam1 | count=10
2026-07-23 16:01:51,233 - post_processor_0fcd8b3fbf5b - INFO - PPE frame complete | camera=ppe_test_cam1 | violation=False
2026-07-23 16:01:51,234 - post_processor_0fcd8b3fbf5b - INFO - Kafka offsets committed | count=10
2026-07-23 16:01:51,234 - post_processor_0fcd8b3fbf5b - INFO - [FRAME RECEIVED] topic=post_processing | partition=0 | offset=157064 | frame_id=None | camera=ppe_test_cam1
2026-07-23 16:01:51,234 - post_processor_0fcd8b3fbf5b - INFO - [DETECT BATCH] START | od=0 | ppe=1
2026-07-23 16:01:51,235 - post_processor_0fcd8b3fbf5b - INFO - [PROCESS PPE DETECTION] camera=ppe_test_cam1 | severity=low | violated=['No-Shoes', 'No-Shoes']
2026-07-23 16:01:51,237 - post_processor_0fcd8b3fbf5b - INFO - PPE alert image saved | path=/Aksha/ppe_test_cam1/alerts/2026-07-23/2026-07-23 16:01:51.23_alert.jpg
2026-07-23 16:01:51,238 - post_processor_0fcd8b3fbf5b - INFO - [DETECT BATCH] DONE | od=0 | ppe=1
2026-07-23 16:01:51,238 - post_processor_0fcd8b3fbf5b - INFO - PPE meta buffered | camera=ppe_test_cam1 | violation=True
2026-07-23 16:01:51,238 - post_processor_0fcd8b3fbf5b - INFO - ppe_status_check | has_violation=True | validity=True
2026-07-23 16:01:51,238 - post_processor_0fcd8b3fbf5b - INFO - PPE notification approved | camera=ppe_test_cam1 | severity=low
2026-07-23 16:01:51,238 - post_processor_0fcd8b3fbf5b - INFO - PPE notification sent | camera=ppe_test_cam1 | severity=low | topic=notification_service
2026-07-23 16:01:51,239 - post_processor_0fcd8b3fbf5b - INFO - PPE frame complete | camera=ppe_test_cam1 | violation=True
2026-07-23 16:01:52,144 - post_processor_0fcd8b3fbf5b - INFO - [FRAME RECEIVED] topic=post_processing | partition=0 | offset=157065 | frame_id=None | camera=ppe_test_cam1
2026-07-23 16:01:52,145 - post_processor_0fcd8b3fbf5b - INFO - [DETECT BATCH] START | od=0 | ppe=1
2026-07-23 16:01:52,145 - post_processor_0fcd8b3fbf5b - INFO - [PROCESS PPE DETECTION] camera=ppe_test_cam1 | severity=low | violated=['No-Shoes', 'No-Shoes']
2026-07-23 16:01:52,147 - post_processor_0fcd8b3fbf5b - INFO - PPE alert image saved | path=/Aksha/ppe_test_cam1/alerts/2026-07-23/2026-07-23 16:01:52.14_alert.jpg
2026-07-23 16:01:52,148 - post_processor_0fcd8b3fbf5b - INFO - [DETECT BATCH] DONE | od=0 | ppe=1
2026-07-23 16:01:52,148 - post_processor_0fcd8b3fbf5b - INFO - PPE meta buffered | camera=ppe_test_cam1 | violation=True
2026-07-23 16:01:52,148 - post_processor_0fcd8b3fbf5b - INFO - ppe_status_check | has_violation=True | validity=False
2026-07-23 16:01:52,148 - post_processor_0fcd8b3fbf5b - INFO - PPE notification suppressed by cooldown | camera=ppe_test_cam1
2026-07-23 16:01:52,149 - post_processor_0fcd8b3fbf5b - INFO - PPE frame complete | camera=ppe_test_cam1 | violation=True
2026-07-23 16:01:52,149 - post_processor_0fcd8b3fbf5b - INFO - [FRAME RECEIVED] topic=post_processing | partition=0 | offset=157066 | frame_id=None | camera=ppe_test_cam1
2026-07-23 16:01:52,149 - post_processor_0fcd8b3fbf5b - INFO - [DETECT BATCH] START | od=0 | ppe=1
2026-07-23 16:01:52,149 - post_processor_0fcd8b3fbf5b - INFO - [PROCESS PPE DETECTION] camera=ppe_test_cam1 | severity=none | violated=[]
2026-07-23 16:01:52,149 - post_processor_0fcd8b3fbf5b - INFO - [DETECT BATCH] DONE | od=0 | ppe=1
2026-07-23 16:01:52,150 - post_processor_0fcd8b3fbf5b - INFO - PPE meta buffered | camera=ppe_test_cam1 | violation=False
2026-07-23 16:01:52,150 - post_processor_0fcd8b3fbf5b - INFO - PPE frame complete | camera=ppe_test_cam1 | violation=False
2026-07-23 16:01:53,205 - post_processor_0fcd8b3fbf5b - INFO - [FRAME RECEIVED] topic=post_processing | partition=0 | offset=157067 | frame_id=None | camera=ppe_test_cam1
2026-07-23 16:01:53,205 - post_processor_0fcd8b3fbf5b - INFO - [DETECT BATCH] START | od=0 | ppe=1
2026-07-23 16:01:53,205 - post_processor_0fcd8b3fbf5b - INFO - [PROCESS PPE DETECTION] camera=ppe_test_cam1 | severity=none | violated=[]
2026-07-23 16:01:53,205 - post_processor_0fcd8b3fbf5b - INFO - [DETECT BATCH] DONE | od=0 | ppe=1
2026-07-23 16:01:53,206 - post_processor_0fcd8b3fbf5b - INFO - PPE meta buffered | camera=ppe_test_cam1 | violation=False
2026-07-23 16:01:53,206 - post_processor_0fcd8b3fbf5b - INFO - PPE frame complete | camera=ppe_test_cam1 | violation=False
2026-07-23 16:01:53,207 - post_processor_0fcd8b3fbf5b - INFO - [FRAME RECEIVED] topic=post_processing | partition=0 | offset=157068 | frame_id=None | camera=ppe_test_cam1
2026-07-23 16:01:53,207 - post_processor_0fcd8b3fbf5b - INFO - [DETECT BATCH] START | od=0 | ppe=1
2026-07-23 16:01:53,208 - post_processor_0fcd8b3fbf5b - INFO - [PROCESS PPE DETECTION] camera=ppe_test_cam1 | severity=low | violated=['No-Shoes', 'No-Shoes']
2026-07-23 16:01:53,211 - post_processor_0fcd8b3fbf5b - INFO - PPE alert image saved | path=/Aksha/ppe_test_cam1/alerts/2026-07-23/2026-07-23 16:01:53.20_alert.jpg
2026-07-23 16:01:53,211 - post_processor_0fcd8b3fbf5b - INFO - [DETECT BATCH] DONE | od=0 | ppe=1
2026-07-23 16:01:53,211 - post_processor_0fcd8b3fbf5b - INFO - PPE meta buffered | camera=ppe_test_cam1 | violation=True
2026-07-23 16:01:53,212 - post_processor_0fcd8b3fbf5b - INFO - ppe_status_check | has_violation=True | validity=False
2026-07-23 16:01:53,212 - post_processor_0fcd8b3fbf5b - INFO - PPE notification suppressed by cooldown | camera=ppe_test_cam1
2026-07-23 16:01:53,213 - post_processor_0fcd8b3fbf5b - INFO - PPE frame complete | camera=ppe_test_cam1 | violation=True
2026-07-23 16:01:54,031 - post_processor_0fcd8b3fbf5b - INFO - [FRAME RECEIVED] topic=post_processing | partition=0 | offset=157069 | frame_id=None | camera=ppe_test_cam1
2026-07-23 16:01:54,031 - post_processor_0fcd8b3fbf5b - INFO - [DETECT BATCH] START | od=0 | ppe=1
2026-07-23 16:01:54,032 - post_processor_0fcd8b3fbf5b - INFO - [PROCESS PPE DETECTION] camera=ppe_test_cam1 | severity=none | violated=[]
2026-07-23 16:01:54,032 - post_processor_0fcd8b3fbf5b - INFO - [DETECT BATCH] DONE | od=0 | ppe=1
2026-07-23 16:01:54,032 - post_processor_0fcd8b3fbf5b - INFO - PPE meta buffered | camera=ppe_test_cam1 | violation=False
2026-07-23 16:01:54,032 - post_processor_0fcd8b3fbf5b - INFO - PPE frame complete | camera=ppe_test_cam1 | violation=False
2026-07-23 16:01:54,064 - post_processor_0fcd8b3fbf5b - INFO - [FRAME RECEIVED] topic=post_processing | partition=0 | offset=157070 | frame_id=None | camera=ppe_test_cam1
2026-07-23 16:01:54,064 - post_processor_0fcd8b3fbf5b - INFO - [DETECT BATCH] START | od=0 | ppe=1
2026-07-23 16:01:54,064 - post_processor_0fcd8b3fbf5b - INFO - [PROCESS PPE DETECTION] camera=ppe_test_cam1 | severity=low | violated=['No-Shoes', 'No-Shoes']
2026-07-23 16:01:54,067 - post_processor_0fcd8b3fbf5b - INFO - PPE alert image saved | path=/Aksha/ppe_test_cam1/alerts/2026-07-23/2026-07-23 16:01:54.06_alert.jpg
2026-07-23 16:01:54,067 - post_processor_0fcd8b3fbf5b - INFO - [DETECT BATCH] DONE | od=0 | ppe=1
2026-07-23 16:01:54,067 - post_processor_0fcd8b3fbf5b - INFO - PPE meta buffered | camera=ppe_test_cam1 | violation=True
2026-07-23 16:01:54,068 - post_processor_0fcd8b3fbf5b - INFO - ppe_status_check | has_violation=True | validity=False
2026-07-23 16:01:54,068 - post_processor_0fcd8b3fbf5b - INFO - PPE notification suppressed by cooldown | camera=ppe_test_cam1
2026-07-23 16:01:54,068 - post_processor_0fcd8b3fbf5b - INFO - PPE frame complete | camera=ppe_test_cam1 | violation=True
2026-07-23 16:01:55,100 - post_processor_0fcd8b3fbf5b - INFO - [FRAME RECEIVED] topic=post_processing | partition=0 | offset=157071 | frame_id=None | camera=ppe_test_cam1
2026-07-23 16:01:55,100 - post_processor_0fcd8b3fbf5b - INFO - [DETECT BATCH] START | od=0 | ppe=1
2026-07-23 16:01:55,101 - post_processor_0fcd8b3fbf5b - INFO - [PROCESS PPE DETECTION] camera=ppe_test_cam1 | severity=none | violated=[]
2026-07-23 16:01:55,101 - post_processor_0fcd8b3fbf5b - INFO - [DETECT BATCH] DONE | od=0 | ppe=1
2026-07-23 16:01:55,101 - post_processor_0fcd8b3fbf5b - INFO - PPE meta buffered | camera=ppe_test_cam1 | violation=False
2026-07-23 16:01:55,101 - post_processor_0fcd8b3fbf5b - INFO - PPE frame complete | camera=ppe_test_cam1 | violation=False
2026-07-23 16:02:00,158 - post_processor_0fcd8b3fbf5b - INFO - [FRAME RECEIVED] topic=post_processing | partition=0 | offset=157072 | frame_id=None | camera=ppe_test_cam1
2026-07-23 16:02:00,158 - post_processor_0fcd8b3fbf5b - INFO - [DETECT BATCH] START | od=0 | ppe=1
2026-07-23 16:02:00,159 - post_processor_0fcd8b3fbf5b - INFO - [PROCESS PPE DETECTION] camera=ppe_test_cam1 | severity=none | violated=[]
2026-07-23 16:02:00,159 - post_processor_0fcd8b3fbf5b - INFO - [DETECT BATCH] DONE | od=0 | ppe=1
2026-07-23 16:02:00,160 - post_processor_0fcd8b3fbf5b - INFO - PPE meta buffered | camera=ppe_test_cam1 | violation=False
2026-07-23 16:02:00,160 - post_processor_0fcd8b3fbf5b - INFO - PPE frame complete | camera=ppe_test_cam1 | violation=False
2026-07-23 16:02:01,131 - post_processor_0fcd8b3fbf5b - INFO - [FRAME RECEIVED] topic=post_processing | partition=0 | offset=157073 | frame_id=None | camera=ppe_test_cam1
2026-07-23 16:02:01,131 - post_processor_0fcd8b3fbf5b - INFO - [DETECT BATCH] START | od=0 | ppe=1
2026-07-23 16:02:01,132 - post_processor_0fcd8b3fbf5b - INFO - [PROCESS PPE DETECTION] camera=ppe_test_cam1 | severity=none | violated=[]
2026-07-23 16:02:01,132 - post_processor_0fcd8b3fbf5b - INFO - [DETECT BATCH] DONE | od=0 | ppe=1
2026-07-23 16:02:01,132 - post_processor_0fcd8b3fbf5b - INFO - PPE meta buffered | camera=ppe_test_cam1 | violation=False
2026-07-23 16:02:01,145 - post_processor_0fcd8b3fbf5b - INFO - PPE MongoDB batch insert | camera=ppe_test_cam1 | count=10
2026-07-23 16:02:01,145 - post_processor_0fcd8b3fbf5b - INFO - PPE frame complete | camera=ppe_test_cam1 | violation=False
2026-07-23 16:02:01,146 - post_processor_0fcd8b3fbf5b - INFO - Kafka offsets committed | count=10
2026-07-23 16:02:02,102 - post_processor_0fcd8b3fbf5b - INFO - [FRAME RECEIVED] topic=post_processing | partition=0 | offset=157074 | frame_id=None | camera=ppe_test_cam1
2026-07-23 16:02:02,102 - post_processor_0fcd8b3fbf5b - INFO - [DETECT BATCH] START | od=0 | ppe=1
2026-07-23 16:02:02,102 - post_processor_0fcd8b3fbf5b - INFO - [PROCESS PPE DETECTION] camera=ppe_test_cam1 | severity=none | violated=[]
2026-07-23 16:02:02,103 - post_processor_0fcd8b3fbf5b - INFO - [DETECT BATCH] DONE | od=0 | ppe=1
2026-07-23 16:02:02,103 - post_processor_0fcd8b3fbf5b - INFO - PPE meta buffered | camera=ppe_test_cam1 | violation=False
2026-07-23 16:02:02,103 - post_processor_0fcd8b3fbf5b - INFO - PPE frame complete | camera=ppe_test_cam1 | violation=False
2026-07-23 16:02:03,144 - post_processor_0fcd8b3fbf5b - INFO - [FRAME RECEIVED] topic=post_processing | partition=0 | offset=157075 | frame_id=None | camera=ppe_test_cam1
2026-07-23 16:02:03,144 - post_processor_0fcd8b3fbf5b - INFO - [DETECT BATCH] START | od=0 | ppe=1
2026-07-23 16:02:03,144 - post_processor_0fcd8b3fbf5b - INFO - [PROCESS PPE DETECTION] camera=ppe_test_cam1 | severity=none | violated=[]
2026-07-23 16:02:03,145 - post_processor_0fcd8b3fbf5b - INFO - [DETECT BATCH] DONE | od=0 | ppe=1
2026-07-23 16:02:03,145 - post_processor_0fcd8b3fbf5b - INFO - PPE meta buffered | camera=ppe_test_cam1 | violation=False
2026-07-23 16:02:03,145 - post_processor_0fcd8b3fbf5b - INFO - PPE frame complete | camera=ppe_test_cam1 | violation=False
2026-07-23 16:02:04,061 - post_processor_0fcd8b3fbf5b - INFO - [FRAME RECEIVED] topic=post_processing | partition=0 | offset=157076 | frame_id=None | camera=ppe_test_cam1
2026-07-23 16:02:04,061 - post_processor_0fcd8b3fbf5b - INFO - [DETECT BATCH] START | od=0 | ppe=1
2026-07-23 16:02:04,061 - post_processor_0fcd8b3fbf5b - INFO - [PROCESS PPE DETECTION] camera=ppe_test_cam1 | severity=none | violated=[]
2026-07-23 16:02:04,062 - post_processor_0fcd8b3fbf5b - INFO - [DETECT BATCH] DONE | od=0 | ppe=1
2026-07-23 16:02:04,062 - post_processor_0fcd8b3fbf5b - INFO - PPE meta buffered | camera=ppe_test_cam1 | violation=False
2026-07-23 16:02:04,062 - post_processor_0fcd8b3fbf5b - INFO - PPE frame complete | camera=ppe_test_cam1 | violation=False
2026-07-23 16:02:05,133 - post_processor_0fcd8b3fbf5b - INFO - [FRAME RECEIVED] topic=post_processing | partition=0 | offset=157077 | frame_id=None | camera=ppe_test_cam1
2026-07-23 16:02:05,133 - post_processor_0fcd8b3fbf5b - INFO - [DETECT BATCH] START | od=0 | ppe=1
2026-07-23 16:02:05,134 - post_processor_0fcd8b3fbf5b - INFO - [PROCESS PPE DETECTION] camera=ppe_test_cam1 | severity=none | violated=[]
2026-07-23 16:02:05,134 - post_processor_0fcd8b3fbf5b - INFO - [DETECT BATCH] DONE | od=0 | ppe=1
2026-07-23 16:02:05,134 - post_processor_0fcd8b3fbf5b - INFO - PPE meta buffered | camera=ppe_test_cam1 | violation=False
2026-07-23 16:02:05,135 - post_processor_0fcd8b3fbf5b - INFO - PPE frame complete | camera=ppe_test_cam1 | violation=False
2026-07-23 16:02:06,100 - post_processor_0fcd8b3fbf5b - INFO - [FRAME RECEIVED] topic=post_processing | partition=0 | offset=157078 | frame_id=None | camera=ppe_test_cam1
2026-07-23 16:02:06,100 - post_processor_0fcd8b3fbf5b - INFO - [DETECT BATCH] START | od=0 | ppe=1
2026-07-23 16:02:06,100 - post_processor_0fcd8b3fbf5b - INFO - [PROCESS PPE DETECTION] camera=ppe_test_cam1 | severity=none | violated=[]
2026-07-23 16:02:06,101 - post_processor_0fcd8b3fbf5b - INFO - [DETECT BATCH] DONE | od=0 | ppe=1
2026-07-23 16:02:06,101 - post_processor_0fcd8b3fbf5b - INFO - PPE meta buffered | camera=ppe_test_cam1 | violation=False
2026-07-23 16:02:06,101 - post_processor_0fcd8b3fbf5b - INFO - PPE frame complete | camera=ppe_test_cam1 | violation=False
2026-07-23 16:02:07,176 - post_processor_0fcd8b3fbf5b - INFO - [FRAME RECEIVED] topic=post_processing | partition=0 | offset=157079 | frame_id=None | camera=ppe_test_cam1
2026-07-23 16:02:07,176 - post_processor_0fcd8b3fbf5b - INFO - [DETECT BATCH] START | od=0 | ppe=1
2026-07-23 16:02:07,177 - post_processor_0fcd8b3fbf5b - INFO - [PROCESS PPE DETECTION] camera=ppe_test_cam1 | severity=none | violated=[]
2026-07-23 16:02:07,177 - post_processor_0fcd8b3fbf5b - INFO - [DETECT BATCH] DONE | od=0 | ppe=1
2026-07-23 16:02:07,177 - post_processor_0fcd8b3fbf5b - INFO - PPE meta buffered | camera=ppe_test_cam1 | violation=False
2026-07-23 16:02:07,177 - post_processor_0fcd8b3fbf5b - INFO - PPE frame complete | camera=ppe_test_cam1 | violation=False
2026-07-23 16:02:07,178 - post_processor_0fcd8b3fbf5b - INFO - [FRAME RECEIVED] topic=post_processing | partition=0 | offset=157080 | frame_id=None | camera=ppe_test_cam1
2026-07-23 16:02:07,178 - post_processor_0fcd8b3fbf5b - INFO - [DETECT BATCH] START | od=0 | ppe=1
2026-07-23 16:02:07,179 - post_processor_0fcd8b3fbf5b - INFO - [PROCESS PPE DETECTION] camera=ppe_test_cam1 | severity=none | violated=[]
2026-07-23 16:02:07,179 - post_processor_0fcd8b3fbf5b - INFO - [DETECT BATCH] DONE | od=0 | ppe=1
2026-07-23 16:02:07,179 - post_processor_0fcd8b3fbf5b - INFO - PPE meta buffered | camera=ppe_test_cam1 | violation=False
2026-07-23 16:02:07,179 - post_processor_0fcd8b3fbf5b - INFO - PPE frame complete | camera=ppe_test_cam1 | violation=False
2026-07-23 16:02:32,174 - post_processor_0fcd8b3fbf5b - INFO - [FRAME RECEIVED] topic=post_processing | partition=0 | offset=157081 | frame_id=None | camera=ppe_test_cam1
2026-07-23 16:02:32,174 - post_processor_0fcd8b3fbf5b - INFO - [DETECT BATCH] START | od=0 | ppe=1
2026-07-23 16:02:32,175 - post_processor_0fcd8b3fbf5b - INFO - [PROCESS PPE DETECTION] camera=ppe_test_cam1 | severity=none | violated=[]
2026-07-23 16:02:32,175 - post_processor_0fcd8b3fbf5b - INFO - [DETECT BATCH] DONE | od=0 | ppe=1
2026-07-23 16:02:32,175 - post_processor_0fcd8b3fbf5b - INFO - PPE meta buffered | camera=ppe_test_cam1 | violation=False
2026-07-23 16:02:32,175 - post_processor_0fcd8b3fbf5b - INFO - PPE frame complete | camera=ppe_test_cam1 | violation=False
2026-07-23 16:02:33,137 - post_processor_0fcd8b3fbf5b - INFO - [FRAME RECEIVED] topic=post_processing | partition=0 | offset=157082 | frame_id=None | camera=ppe_test_cam1
2026-07-23 16:02:33,137 - post_processor_0fcd8b3fbf5b - INFO - [DETECT BATCH] START | od=0 | ppe=1
2026-07-23 16:02:33,137 - post_processor_0fcd8b3fbf5b - INFO - [PROCESS PPE DETECTION] camera=ppe_test_cam1 | severity=none | violated=[]
2026-07-23 16:02:33,138 - post_processor_0fcd8b3fbf5b - INFO - [DETECT BATCH] DONE | od=0 | ppe=1
2026-07-23 16:02:33,138 - post_processor_0fcd8b3fbf5b - INFO - PPE meta buffered | camera=ppe_test_cam1 | violation=False
2026-07-23 16:02:33,138 - post_processor_0fcd8b3fbf5b - INFO - PPE frame complete | camera=ppe_test_cam1 | violation=False
2026-07-23 16:02:51,180 - post_processor_0fcd8b3fbf5b - INFO - [FRAME RECEIVED] topic=post_processing | partition=0 | offset=157083 | frame_id=None | camera=ppe_test_cam1
2026-07-23 16:02:51,181 - post_processor_0fcd8b3fbf5b - INFO - [DETECT BATCH] START | od=0 | ppe=1
2026-07-23 16:02:51,181 - post_processor_0fcd8b3fbf5b - INFO - [PROCESS PPE DETECTION] camera=ppe_test_cam1 | severity=none | violated=[]
2026-07-23 16:02:51,181 - post_processor_0fcd8b3fbf5b - INFO - [DETECT BATCH] DONE | od=0 | ppe=1
2026-07-23 16:02:51,182 - post_processor_0fcd8b3fbf5b - INFO - PPE meta buffered | camera=ppe_test_cam1 | violation=False
2026-07-23 16:02:51,233 - post_processor_0fcd8b3fbf5b - INFO - PPE MongoDB batch insert | camera=ppe_test_cam1 | count=10
2026-07-23 16:02:51,233 - post_processor_0fcd8b3fbf5b - INFO - PPE frame complete | camera=ppe_test_cam1 | violation=False
2026-07-23 16:02:51,234 - post_processor_0fcd8b3fbf5b - INFO - Kafka offsets committed | count=10
2026-07-23 16:02:51,234 - post_processor_0fcd8b3fbf5b - INFO - [FRAME RECEIVED] topic=post_processing | partition=0 | offset=157084 | frame_id=None | camera=ppe_test_cam1
2026-07-23 16:02:51,234 - post_processor_0fcd8b3fbf5b - INFO - [DETECT BATCH] START | od=0 | ppe=1
2026-07-23 16:02:51,235 - post_processor_0fcd8b3fbf5b - INFO - [PROCESS PPE DETECTION] camera=ppe_test_cam1 | severity=low | violated=['No-Shoes', 'No-Shoes']
2026-07-23 16:02:51,238 - post_processor_0fcd8b3fbf5b - INFO - PPE alert image saved | path=/Aksha/ppe_test_cam1/alerts/2026-07-23/2026-07-23 16:02:51.23_alert.jpg
2026-07-23 16:02:51,238 - post_processor_0fcd8b3fbf5b - INFO - [DETECT BATCH] DONE | od=0 | ppe=1
2026-07-23 16:02:51,238 - post_processor_0fcd8b3fbf5b - INFO - PPE meta buffered | camera=ppe_test_cam1 | violation=True
2026-07-23 16:02:51,238 - post_processor_0fcd8b3fbf5b - INFO - ppe_status_check | has_violation=True | validity=True
2026-07-23 16:02:51,238 - post_processor_0fcd8b3fbf5b - INFO - PPE notification approved | camera=ppe_test_cam1 | severity=low
2026-07-23 16:02:51,239 - post_processor_0fcd8b3fbf5b - INFO - PPE notification sent | camera=ppe_test_cam1 | severity=low | topic=notification_service
2026-07-23 16:02:51,239 - post_processor_0fcd8b3fbf5b - INFO - PPE frame complete | camera=ppe_test_cam1 | violation=True
2026-07-23 16:02:52,123 - post_processor_0fcd8b3fbf5b - INFO - [FRAME RECEIVED] topic=post_processing | partition=0 | offset=157085 | frame_id=None | camera=ppe_test_cam1
2026-07-23 16:02:52,123 - post_processor_0fcd8b3fbf5b - INFO - [DETECT BATCH] START | od=0 | ppe=1
2026-07-23 16:02:52,123 - post_processor_0fcd8b3fbf5b - INFO - [PROCESS PPE DETECTION] camera=ppe_test_cam1 | severity=none | violated=[]
2026-07-23 16:02:52,124 - post_processor_0fcd8b3fbf5b - INFO - [DETECT BATCH] DONE | od=0 | ppe=1
2026-07-23 16:02:52,124 - post_processor_0fcd8b3fbf5b - INFO - PPE meta buffered | camera=ppe_test_cam1 | violation=False
2026-07-23 16:02:52,124 - post_processor_0fcd8b3fbf5b - INFO - PPE frame complete | camera=ppe_test_cam1 | violation=False
2026-07-23 16:02:52,159 - post_processor_0fcd8b3fbf5b - INFO - [FRAME RECEIVED] topic=post_processing | partition=0 | offset=157086 | frame_id=None | camera=ppe_test_cam1
2026-07-23 16:02:52,160 - post_processor_0fcd8b3fbf5b - INFO - [DETECT BATCH] START | od=0 | ppe=1
2026-07-23 16:02:52,160 - post_processor_0fcd8b3fbf5b - INFO - [PROCESS PPE DETECTION] camera=ppe_test_cam1 | severity=low | violated=['No-Shoes', 'No-Shoes']
2026-07-23 16:02:52,163 - post_processor_0fcd8b3fbf5b - INFO - PPE alert image saved | path=/Aksha/ppe_test_cam1/alerts/2026-07-23/2026-07-23 16:02:52.16_alert.jpg
2026-07-23 16:02:52,163 - post_processor_0fcd8b3fbf5b - INFO - [DETECT BATCH] DONE | od=0 | ppe=1
2026-07-23 16:02:52,163 - post_processor_0fcd8b3fbf5b - INFO - PPE meta buffered | camera=ppe_test_cam1 | violation=True
2026-07-23 16:02:52,163 - post_processor_0fcd8b3fbf5b - INFO - ppe_status_check | has_violation=True | validity=False
2026-07-23 16:02:52,163 - post_processor_0fcd8b3fbf5b - INFO - PPE notification suppressed by cooldown | camera=ppe_test_cam1
2026-07-23 16:02:52,164 - post_processor_0fcd8b3fbf5b - INFO - PPE frame complete | camera=ppe_test_cam1 | violation=True
2026-07-23 16:02:53,059 - post_processor_0fcd8b3fbf5b - INFO - [FRAME RECEIVED] topic=post_processing | partition=0 | offset=157087 | frame_id=None | camera=ppe_test_cam1
2026-07-23 16:02:53,059 - post_processor_0fcd8b3fbf5b - INFO - [DETECT BATCH] START | od=0 | ppe=1
2026-07-23 16:02:53,060 - post_processor_0fcd8b3fbf5b - INFO - [PROCESS PPE DETECTION] camera=ppe_test_cam1 | severity=none | violated=[]
2026-07-23 16:02:53,060 - post_processor_0fcd8b3fbf5b - INFO - [DETECT BATCH] DONE | od=0 | ppe=1
2026-07-23 16:02:53,060 - post_processor_0fcd8b3fbf5b - INFO - PPE meta buffered | camera=ppe_test_cam1 | violation=False
2026-07-23 16:02:53,060 - post_processor_0fcd8b3fbf5b - INFO - PPE frame complete | camera=ppe_test_cam1 | violation=False
2026-07-23 16:02:53,062 - post_processor_0fcd8b3fbf5b - INFO - [FRAME RECEIVED] topic=post_processing | partition=0 | offset=157088 | frame_id=None | camera=ppe_test_cam1
2026-07-23 16:02:53,062 - post_processor_0fcd8b3fbf5b - INFO - [DETECT BATCH] START | od=0 | ppe=1
2026-07-23 16:02:53,062 - post_processor_0fcd8b3fbf5b - INFO - [PROCESS PPE DETECTION] camera=ppe_test_cam1 | severity=low | violated=['No-Shoes', 'No-Shoes']
2026-07-23 16:02:53,066 - post_processor_0fcd8b3fbf5b - INFO - PPE alert image saved | path=/Aksha/ppe_test_cam1/alerts/2026-07-23/2026-07-23 16:02:53.06_alert.jpg
2026-07-23 16:02:53,066 - post_processor_0fcd8b3fbf5b - INFO - [DETECT BATCH] DONE | od=0 | ppe=1
2026-07-23 16:02:53,067 - post_processor_0fcd8b3fbf5b - INFO - PPE meta buffered | camera=ppe_test_cam1 | violation=True
2026-07-23 16:02:53,067 - post_processor_0fcd8b3fbf5b - INFO - ppe_status_check | has_violation=True | validity=False
2026-07-23 16:02:53,067 - post_processor_0fcd8b3fbf5b - INFO - PPE notification suppressed by cooldown | camera=ppe_test_cam1
2026-07-23 16:02:53,068 - post_processor_0fcd8b3fbf5b - INFO - PPE frame complete | camera=ppe_test_cam1 | violation=True
2026-07-23 16:02:54,173 - post_processor_0fcd8b3fbf5b - INFO - [FRAME RECEIVED] topic=post_processing | partition=0 | offset=157089 | frame_id=None | camera=ppe_test_cam1
2026-07-23 16:02:54,174 - post_processor_0fcd8b3fbf5b - INFO - [DETECT BATCH] START | od=0 | ppe=1
2026-07-23 16:02:54,175 - post_processor_0fcd8b3fbf5b - INFO - [PROCESS PPE DETECTION] camera=ppe_test_cam1 | severity=low | violated=['No-Shoes', 'No-Shoes']
2026-07-23 16:02:54,179 - post_processor_0fcd8b3fbf5b - INFO - PPE alert image saved | path=/Aksha/ppe_test_cam1/alerts/2026-07-23/2026-07-23 16:02:54.17_alert.jpg
2026-07-23 16:02:54,179 - post_processor_0fcd8b3fbf5b - INFO - [DETECT BATCH] DONE | od=0 | ppe=1
2026-07-23 16:02:54,179 - post_processor_0fcd8b3fbf5b - INFO - PPE meta buffered | camera=ppe_test_cam1 | violation=True
2026-07-23 16:02:54,180 - post_processor_0fcd8b3fbf5b - INFO - ppe_status_check | has_violation=True | validity=False
2026-07-23 16:02:54,180 - post_processor_0fcd8b3fbf5b - INFO - PPE notification suppressed by cooldown | camera=ppe_test_cam1
2026-07-23 16:02:54,180 - post_processor_0fcd8b3fbf5b - INFO - PPE frame complete | camera=ppe_test_cam1 | violation=True
2026-07-23 16:02:54,181 - post_processor_0fcd8b3fbf5b - INFO - [FRAME RECEIVED] topic=post_processing | partition=0 | offset=157090 | frame_id=None | camera=ppe_test_cam1
2026-07-23 16:02:54,181 - post_processor_0fcd8b3fbf5b - INFO - [DETECT BATCH] START | od=0 | ppe=1
2026-07-23 16:02:54,181 - post_processor_0fcd8b3fbf5b - INFO - [PROCESS PPE DETECTION] camera=ppe_test_cam1 | severity=none | violated=[]
2026-07-23 16:02:54,181 - post_processor_0fcd8b3fbf5b - INFO - [DETECT BATCH] DONE | od=0 | ppe=1
2026-07-23 16:02:54,181 - post_processor_0fcd8b3fbf5b - INFO - PPE meta buffered | camera=ppe_test_cam1 | violation=False
2026-07-23 16:02:54,181 - post_processor_0fcd8b3fbf5b - INFO - PPE frame complete | camera=ppe_test_cam1 | violation=False
2026-07-23 16:02:55,144 - post_processor_0fcd8b3fbf5b - INFO - [FRAME RECEIVED] topic=post_processing | partition=0 | offset=157091 | frame_id=None | camera=ppe_test_cam1
2026-07-23 16:02:55,144 - post_processor_0fcd8b3fbf5b - INFO - [DETECT BATCH] START | od=0 | ppe=1
2026-07-23 16:02:55,144 - post_processor_0fcd8b3fbf5b - INFO - [PROCESS PPE DETECTION] camera=ppe_test_cam1 | severity=none | violated=[]
2026-07-23 16:02:55,145 - post_processor_0fcd8b3fbf5b - INFO - [DETECT BATCH] DONE | od=0 | ppe=1
2026-07-23 16:02:55,145 - post_processor_0fcd8b3fbf5b - INFO - PPE meta buffered | camera=ppe_test_cam1 | violation=False
2026-07-23 16:02:55,145 - post_processor_0fcd8b3fbf5b - INFO - PPE frame complete | camera=ppe_test_cam1 | violation=False
2026-07-23 16:03:00,176 - post_processor_0fcd8b3fbf5b - INFO - [FRAME RECEIVED] topic=post_processing | partition=0 | offset=157092 | frame_id=None | camera=ppe_test_cam1
2026-07-23 16:03:00,176 - post_processor_0fcd8b3fbf5b - INFO - [DETECT BATCH] START | od=0 | ppe=1
2026-07-23 16:03:00,176 - post_processor_0fcd8b3fbf5b - INFO - [PROCESS PPE DETECTION] camera=ppe_test_cam1 | severity=none | violated=[]
2026-07-23 16:03:00,177 - post_processor_0fcd8b3fbf5b - INFO - [DETECT BATCH] DONE | od=0 | ppe=1
2026-07-23 16:03:00,177 - post_processor_0fcd8b3fbf5b - INFO - PPE meta buffered | camera=ppe_test_cam1 | violation=False
2026-07-23 16:03:00,177 - post_processor_0fcd8b3fbf5b - INFO - PPE frame complete | camera=ppe_test_cam1 | violation=False
2026-07-23 16:03:01,120 - post_processor_0fcd8b3fbf5b - INFO - [FRAME RECEIVED] topic=post_processing | partition=0 | offset=157093 | frame_id=None | camera=ppe_test_cam1
2026-07-23 16:03:01,120 - post_processor_0fcd8b3fbf5b - INFO - [DETECT BATCH] START | od=0 | ppe=1
2026-07-23 16:03:01,120 - post_processor_0fcd8b3fbf5b - INFO - [PROCESS PPE DETECTION] camera=ppe_test_cam1 | severity=none | violated=[]
2026-07-23 16:03:01,121 - post_processor_0fcd8b3fbf5b - INFO - [DETECT BATCH] DONE | od=0 | ppe=1
2026-07-23 16:03:01,121 - post_processor_0fcd8b3fbf5b - INFO - PPE meta buffered | camera=ppe_test_cam1 | violation=False
2026-07-23 16:03:01,158 - post_processor_0fcd8b3fbf5b - INFO - PPE MongoDB batch insert | camera=ppe_test_cam1 | count=10
2026-07-23 16:03:01,158 - post_processor_0fcd8b3fbf5b - INFO - PPE frame complete | camera=ppe_test_cam1 | violation=False
2026-07-23 16:03:01,159 - post_processor_0fcd8b3fbf5b - INFO - Kafka offsets committed | count=10
2026-07-23 16:03:02,134 - post_processor_0fcd8b3fbf5b - INFO - [FRAME RECEIVED] topic=post_processing | partition=0 | offset=157094 | frame_id=None | camera=ppe_test_cam1
2026-07-23 16:03:02,134 - post_processor_0fcd8b3fbf5b - INFO - [DETECT BATCH] START | od=0 | ppe=1
2026-07-23 16:03:02,135 - post_processor_0fcd8b3fbf5b - INFO - [PROCESS PPE DETECTION] camera=ppe_test_cam1 | severity=none | violated=[]
2026-07-23 16:03:02,135 - post_processor_0fcd8b3fbf5b - INFO - [DETECT BATCH] DONE | od=0 | ppe=1
2026-07-23 16:03:02,135 - post_processor_0fcd8b3fbf5b - INFO - PPE meta buffered | camera=ppe_test_cam1 | violation=False
2026-07-23 16:03:02,135 - post_processor_0fcd8b3fbf5b - INFO - PPE frame complete | camera=ppe_test_cam1 | violation=False
2026-07-23 16:03:03,066 - post_processor_0fcd8b3fbf5b - INFO - [FRAME RECEIVED] topic=post_processing | partition=0 | offset=157095 | frame_id=None | camera=ppe_test_cam1
2026-07-23 16:03:03,067 - post_processor_0fcd8b3fbf5b - INFO - [DETECT BATCH] START | od=0 | ppe=1
2026-07-23 16:03:03,067 - post_processor_0fcd8b3fbf5b - INFO - [PROCESS PPE DETECTION] camera=ppe_test_cam1 | severity=none | violated=[]
2026-07-23 16:03:03,068 - post_processor_0fcd8b3fbf5b - INFO - [DETECT BATCH] DONE | od=0 | ppe=1
2026-07-23 16:03:03,068 - post_processor_0fcd8b3fbf5b - INFO - PPE meta buffered | camera=ppe_test_cam1 | violation=False
2026-07-23 16:03:03,068 - post_processor_0fcd8b3fbf5b - INFO - PPE frame complete | camera=ppe_test_cam1 | violation=False
2026-07-23 16:03:04,148 - post_processor_0fcd8b3fbf5b - INFO - [FRAME RECEIVED] topic=post_processing | partition=0 | offset=157096 | frame_id=None | camera=ppe_test_cam1
2026-07-23 16:03:04,148 - post_processor_0fcd8b3fbf5b - INFO - [DETECT BATCH] START | od=0 | ppe=1
2026-07-23 16:03:04,148 - post_processor_0fcd8b3fbf5b - INFO - [PROCESS PPE DETECTION] camera=ppe_test_cam1 | severity=none | violated=[]
2026-07-23 16:03:04,149 - post_processor_0fcd8b3fbf5b - INFO - [DETECT BATCH] DONE | od=0 | ppe=1
2026-07-23 16:03:04,149 - post_processor_0fcd8b3fbf5b - INFO - PPE meta buffered | camera=ppe_test_cam1 | violation=False
2026-07-23 16:03:04,149 - post_processor_0fcd8b3fbf5b - INFO - PPE frame complete | camera=ppe_test_cam1 | violation=False
2026-07-23 16:03:05,184 - post_processor_0fcd8b3fbf5b - INFO - [FRAME RECEIVED] topic=post_processing | partition=0 | offset=157097 | frame_id=None | camera=ppe_test_cam1
2026-07-23 16:03:05,184 - post_processor_0fcd8b3fbf5b - INFO - [DETECT BATCH] START | od=0 | ppe=1
2026-07-23 16:03:05,184 - post_processor_0fcd8b3fbf5b - INFO - [PROCESS PPE DETECTION] camera=ppe_test_cam1 | severity=none | violated=[]
2026-07-23 16:03:05,184 - post_processor_0fcd8b3fbf5b - INFO - [DETECT BATCH] DONE | od=0 | ppe=1
2026-07-23 16:03:05,184 - post_processor_0fcd8b3fbf5b - INFO - PPE meta buffered | camera=ppe_test_cam1 | violation=False
2026-07-23 16:03:05,184 - post_processor_0fcd8b3fbf5b - INFO - PPE frame complete | camera=ppe_test_cam1 | violation=False
2026-07-23 16:03:06,144 - post_processor_0fcd8b3fbf5b - INFO - [FRAME RECEIVED] topic=post_processing | partition=0 | offset=157098 | frame_id=None | camera=ppe_test_cam1
2026-07-23 16:03:06,144 - post_processor_0fcd8b3fbf5b - INFO - [DETECT BATCH] START | od=0 | ppe=1
2026-07-23 16:03:06,145 - post_processor_0fcd8b3fbf5b - INFO - [PROCESS PPE DETECTION] camera=ppe_test_cam1 | severity=none | violated=[]
2026-07-23 16:03:06,145 - post_processor_0fcd8b3fbf5b - INFO - [DETECT BATCH] DONE | od=0 | ppe=1
2026-07-23 16:03:06,145 - post_processor_0fcd8b3fbf5b - INFO - PPE meta buffered | camera=ppe_test_cam1 | violation=False
2026-07-23 16:03:06,145 - post_processor_0fcd8b3fbf5b - INFO - PPE frame complete | camera=ppe_test_cam1 | violation=False
2026-07-23 16:03:07,287 - post_processor_0fcd8b3fbf5b - INFO - [FRAME RECEIVED] topic=post_processing | partition=0 | offset=157099 | frame_id=None | camera=ppe_test_cam1
2026-07-23 16:03:07,287 - post_processor_0fcd8b3fbf5b - INFO - [DETECT BATCH] START | od=0 | ppe=1
2026-07-23 16:03:07,288 - post_processor_0fcd8b3fbf5b - INFO - [PROCESS PPE DETECTION] camera=ppe_test_cam1 | severity=none | violated=[]
2026-07-23 16:03:07,288 - post_processor_0fcd8b3fbf5b - INFO - [DETECT BATCH] DONE | od=0 | ppe=1
2026-07-23 16:03:07,288 - post_processor_0fcd8b3fbf5b - INFO - PPE meta buffered | camera=ppe_test_cam1 | violation=False
2026-07-23 16:03:07,288 - post_processor_0fcd8b3fbf5b - INFO - PPE frame complete | camera=ppe_test_cam1 | violation=False
2026-07-23 16:03:07,318 - post_processor_0fcd8b3fbf5b - INFO - [FRAME RECEIVED] topic=post_processing | partition=0 | offset=157100 | frame_id=None | camera=ppe_test_cam1
2026-07-23 16:03:07,318 - post_processor_0fcd8b3fbf5b - INFO - [DETECT BATCH] START | od=0 | ppe=1
2026-07-23 16:03:07,318 - post_processor_0fcd8b3fbf5b - INFO - [PROCESS PPE DETECTION] camera=ppe_test_cam1 | severity=none | violated=[]
2026-07-23 16:03:07,319 - post_processor_0fcd8b3fbf5b - INFO - [DETECT BATCH] DONE | od=0 | ppe=1
2026-07-23 16:03:07,319 - post_processor_0fcd8b3fbf5b - INFO - PPE meta buffered | camera=ppe_test_cam1 | violation=False
2026-07-23 16:03:07,319 - post_processor_0fcd8b3fbf5b - INFO - PPE frame complete | camera=ppe_test_cam1 | violation=False
2026-07-23 16:03:32,185 - post_processor_0fcd8b3fbf5b - INFO - [FRAME RECEIVED] topic=post_processing | partition=0 | offset=157101 | frame_id=None | camera=ppe_test_cam1
2026-07-23 16:03:32,185 - post_processor_0fcd8b3fbf5b - INFO - [DETECT BATCH] START | od=0 | ppe=1
2026-07-23 16:03:32,186 - post_processor_0fcd8b3fbf5b - INFO - [PROCESS PPE DETECTION] camera=ppe_test_cam1 | severity=none | violated=[]
2026-07-23 16:03:32,186 - post_processor_0fcd8b3fbf5b - INFO - [DETECT BATCH] DONE | od=0 | ppe=1
2026-07-23 16:03:32,186 - post_processor_0fcd8b3fbf5b - INFO - PPE meta buffered | camera=ppe_test_cam1 | violation=False
2026-07-23 16:03:32,186 - post_processor_0fcd8b3fbf5b - INFO - PPE frame complete | camera=ppe_test_cam1 | violation=False
2026-07-23 16:03:33,149 - post_processor_0fcd8b3fbf5b - INFO - [FRAME RECEIVED] topic=post_processing | partition=0 | offset=157102 | frame_id=None | camera=ppe_test_cam1
2026-07-23 16:03:33,149 - post_processor_0fcd8b3fbf5b - INFO - [DETECT BATCH] START | od=0 | ppe=1
2026-07-23 16:03:33,150 - post_processor_0fcd8b3fbf5b - INFO - [PROCESS PPE DETECTION] camera=ppe_test_cam1 | severity=none | violated=[]
2026-07-23 16:03:33,150 - post_processor_0fcd8b3fbf5b - INFO - [DETECT BATCH] DONE | od=0 | ppe=1
2026-07-23 16:03:33,150 - post_processor_0fcd8b3fbf5b - INFO - PPE meta buffered | camera=ppe_test_cam1 | violation=False
2026-07-23 16:03:33,150 - post_processor_0fcd8b3fbf5b - INFO - PPE frame complete | camera=ppe_test_cam1 | violation=False
2026-07-23 16:03:51,197 - post_processor_0fcd8b3fbf5b - INFO - [FRAME RECEIVED] topic=post_processing | partition=0 | offset=157103 | frame_id=None | camera=ppe_test_cam1
2026-07-23 16:03:51,197 - post_processor_0fcd8b3fbf5b - INFO - [DETECT BATCH] START | od=0 | ppe=1
2026-07-23 16:03:51,198 - post_processor_0fcd8b3fbf5b - INFO - [PROCESS PPE DETECTION] camera=ppe_test_cam1 | severity=low | violated=['No-Shoes', 'No-Shoes']
2026-07-23 16:03:51,224 - post_processor_0fcd8b3fbf5b - INFO - PPE alert image saved | path=/Aksha/ppe_test_cam1/alerts/2026-07-23/2026-07-23 16:03:51.19_alert.jpg
2026-07-23 16:03:51,225 - post_processor_0fcd8b3fbf5b - INFO - [DETECT BATCH] DONE | od=0 | ppe=1
2026-07-23 16:03:51,225 - post_processor_0fcd8b3fbf5b - INFO - PPE meta buffered | camera=ppe_test_cam1 | violation=True
2026-07-23 16:03:51,226 - post_processor_0fcd8b3fbf5b - INFO - ppe_status_check | has_violation=True | validity=True
2026-07-23 16:03:51,227 - post_processor_0fcd8b3fbf5b - INFO - PPE notification approved | camera=ppe_test_cam1 | severity=low
2026-07-23 16:03:51,298 - post_processor_0fcd8b3fbf5b - INFO - PPE MongoDB batch insert | camera=ppe_test_cam1 | count=10
2026-07-23 16:03:51,299 - post_processor_0fcd8b3fbf5b - INFO - PPE notification sent | camera=ppe_test_cam1 | severity=low | topic=notification_service
2026-07-23 16:03:51,302 - post_processor_0fcd8b3fbf5b - INFO - PPE frame complete | camera=ppe_test_cam1 | violation=True
2026-07-23 16:03:51,306 - post_processor_0fcd8b3fbf5b - INFO - Kafka offsets committed | count=10
2026-07-23 16:03:51,308 - post_processor_0fcd8b3fbf5b - INFO - [FRAME RECEIVED] topic=post_processing | partition=0 | offset=157104 | frame_id=None | camera=ppe_test_cam1
2026-07-23 16:03:51,308 - post_processor_0fcd8b3fbf5b - INFO - [DETECT BATCH] START | od=0 | ppe=1
2026-07-23 16:03:51,309 - post_processor_0fcd8b3fbf5b - INFO - [PROCESS PPE DETECTION] camera=ppe_test_cam1 | severity=none | violated=[]
2026-07-23 16:03:51,309 - post_processor_0fcd8b3fbf5b - INFO - [DETECT BATCH] DONE | od=0 | ppe=1
2026-07-23 16:03:51,310 - post_processor_0fcd8b3fbf5b - INFO - PPE meta buffered | camera=ppe_test_cam1 | violation=False
2026-07-23 16:03:51,310 - post_processor_0fcd8b3fbf5b - INFO - PPE frame complete | camera=ppe_test_cam1 | violation=False
2026-07-23 16:03:52,104 - post_processor_0fcd8b3fbf5b - INFO - [FRAME RECEIVED] topic=post_processing | partition=0 | offset=157105 | frame_id=None | camera=ppe_test_cam1
2026-07-23 16:03:52,104 - post_processor_0fcd8b3fbf5b - INFO - [DETECT BATCH] START | od=0 | ppe=1
2026-07-23 16:03:52,104 - post_processor_0fcd8b3fbf5b - INFO - [PROCESS PPE DETECTION] camera=ppe_test_cam1 | severity=none | violated=[]
2026-07-23 16:03:52,104 - post_processor_0fcd8b3fbf5b - INFO - [DETECT BATCH] DONE | od=0 | ppe=1
2026-07-23 16:03:52,105 - post_processor_0fcd8b3fbf5b - INFO - PPE meta buffered | camera=ppe_test_cam1 | violation=False
2026-07-23 16:03:52,105 - post_processor_0fcd8b3fbf5b - INFO - PPE frame complete | camera=ppe_test_cam1 | violation=False
2026-07-23 16:03:52,105 - post_processor_0fcd8b3fbf5b - INFO - [FRAME RECEIVED] topic=post_processing | partition=0 | offset=157106 | frame_id=None | camera=ppe_test_cam1
2026-07-23 16:03:52,105 - post_processor_0fcd8b3fbf5b - INFO - [DETECT BATCH] START | od=0 | ppe=1
2026-07-23 16:03:52,105 - post_processor_0fcd8b3fbf5b - INFO - [PROCESS PPE DETECTION] camera=ppe_test_cam1 | severity=low | violated=['No-Shoes', 'No-Shoes']
2026-07-23 16:03:52,108 - post_processor_0fcd8b3fbf5b - INFO - PPE alert image saved | path=/Aksha/ppe_test_cam1/alerts/2026-07-23/2026-07-23 16:03:52.10_alert.jpg
2026-07-23 16:03:52,108 - post_processor_0fcd8b3fbf5b - INFO - [DETECT BATCH] DONE | od=0 | ppe=1
2026-07-23 16:03:52,108 - post_processor_0fcd8b3fbf5b - INFO - PPE meta buffered | camera=ppe_test_cam1 | violation=True
2026-07-23 16:03:52,109 - post_processor_0fcd8b3fbf5b - INFO - ppe_status_check | has_violation=True | validity=False
2026-07-23 16:03:52,109 - post_processor_0fcd8b3fbf5b - INFO - PPE notification suppressed by cooldown | camera=ppe_test_cam1
2026-07-23 16:03:52,109 - post_processor_0fcd8b3fbf5b - INFO - PPE frame complete | camera=ppe_test_cam1 | violation=True
2026-07-23 16:03:53,138 - post_processor_0fcd8b3fbf5b - INFO - [FRAME RECEIVED] topic=post_processing | partition=0 | offset=157107 | frame_id=None | camera=ppe_test_cam1
2026-07-23 16:03:53,138 - post_processor_0fcd8b3fbf5b - INFO - [DETECT BATCH] START | od=0 | ppe=1
2026-07-23 16:03:53,139 - post_processor_0fcd8b3fbf5b - INFO - [PROCESS PPE DETECTION] camera=ppe_test_cam1 | severity=none | violated=[]
2026-07-23 16:03:53,139 - post_processor_0fcd8b3fbf5b - INFO - [DETECT BATCH] DONE | od=0 | ppe=1
2026-07-23 16:03:53,139 - post_processor_0fcd8b3fbf5b - INFO - PPE meta buffered | camera=ppe_test_cam1 | violation=False
2026-07-23 16:03:53,139 - post_processor_0fcd8b3fbf5b - INFO - PPE frame complete | camera=ppe_test_cam1 | violation=False
2026-07-23 16:03:53,140 - post_processor_0fcd8b3fbf5b - INFO - [FRAME RECEIVED] topic=post_processing | partition=0 | offset=157108 | frame_id=None | camera=ppe_test_cam1
2026-07-23 16:03:53,140 - post_processor_0fcd8b3fbf5b - INFO - [DETECT BATCH] START | od=0 | ppe=1
2026-07-23 16:03:53,140 - post_processor_0fcd8b3fbf5b - INFO - [PROCESS PPE DETECTION] camera=ppe_test_cam1 | severity=low | violated=['No-Shoes', 'No-Shoes']
2026-07-23 16:03:53,143 - post_processor_0fcd8b3fbf5b - INFO - PPE alert image saved | path=/Aksha/ppe_test_cam1/alerts/2026-07-23/2026-07-23 16:03:53.14_alert.jpg
2026-07-23 16:03:53,143 - post_processor_0fcd8b3fbf5b - INFO - [DETECT BATCH] DONE | od=0 | ppe=1
2026-07-23 16:03:53,143 - post_processor_0fcd8b3fbf5b - INFO - PPE meta buffered | camera=ppe_test_cam1 | violation=True
2026-07-23 16:03:53,143 - post_processor_0fcd8b3fbf5b - INFO - ppe_status_check | has_violation=True | validity=False
2026-07-23 16:03:53,143 - post_processor_0fcd8b3fbf5b - INFO - PPE notification suppressed by cooldown | camera=ppe_test_cam1
2026-07-23 16:03:53,144 - post_processor_0fcd8b3fbf5b - INFO - PPE frame complete | camera=ppe_test_cam1 | violation=True
2026-07-23 16:03:54,022 - post_processor_0fcd8b3fbf5b - INFO - [FRAME RECEIVED] topic=post_processing | partition=0 | offset=157109 | frame_id=None | camera=ppe_test_cam1
2026-07-23 16:03:54,022 - post_processor_0fcd8b3fbf5b - INFO - [DETECT BATCH] START | od=0 | ppe=1
2026-07-23 16:03:54,022 - post_processor_0fcd8b3fbf5b - INFO - [PROCESS PPE DETECTION] camera=ppe_test_cam1 | severity=none | violated=[]
2026-07-23 16:03:54,023 - post_processor_0fcd8b3fbf5b - INFO - [DETECT BATCH] DONE | od=0 | ppe=1
2026-07-23 16:03:54,023 - post_processor_0fcd8b3fbf5b - INFO - PPE meta buffered | camera=ppe_test_cam1 | violation=False
2026-07-23 16:03:54,023 - post_processor_0fcd8b3fbf5b - INFO - PPE frame complete | camera=ppe_test_cam1 | violation=False
2026-07-23 16:03:54,055 - post_processor_0fcd8b3fbf5b - INFO - [FRAME RECEIVED] topic=post_processing | partition=0 | offset=157110 | frame_id=None | camera=ppe_test_cam1
2026-07-23 16:03:54,055 - post_processor_0fcd8b3fbf5b - INFO - [DETECT BATCH] START | od=0 | ppe=1
2026-07-23 16:03:54,055 - post_processor_0fcd8b3fbf5b - INFO - [PROCESS PPE DETECTION] camera=ppe_test_cam1 | severity=low | violated=['No-Shoes', 'No-Shoes']
2026-07-23 16:03:54,058 - post_processor_0fcd8b3fbf5b - INFO - PPE alert image saved | path=/Aksha/ppe_test_cam1/alerts/2026-07-23/2026-07-23 16:03:54.05_alert.jpg
2026-07-23 16:03:54,058 - post_processor_0fcd8b3fbf5b - INFO - [DETECT BATCH] DONE | od=0 | ppe=1
2026-07-23 16:03:54,059 - post_processor_0fcd8b3fbf5b - INFO - PPE meta buffered | camera=ppe_test_cam1 | violation=True
2026-07-23 16:03:54,059 - post_processor_0fcd8b3fbf5b - INFO - ppe_status_check | has_violation=True | validity=False
2026-07-23 16:03:54,059 - post_processor_0fcd8b3fbf5b - INFO - PPE notification suppressed by cooldown | camera=ppe_test_cam1
2026-07-23 16:03:54,060 - post_processor_0fcd8b3fbf5b - INFO - PPE frame complete | camera=ppe_test_cam1 | violation=True
2026-07-23 16:03:55,155 - post_processor_0fcd8b3fbf5b - INFO - [FRAME RECEIVED] topic=post_processing | partition=0 | offset=157111 | frame_id=None | camera=ppe_test_cam1
2026-07-23 16:03:55,155 - post_processor_0fcd8b3fbf5b - INFO - [DETECT BATCH] START | od=0 | ppe=1
2026-07-23 16:03:55,156 - post_processor_0fcd8b3fbf5b - INFO - [PROCESS PPE DETECTION] camera=ppe_test_cam1 | severity=none | violated=[]
2026-07-23 16:03:55,156 - post_processor_0fcd8b3fbf5b - INFO - [DETECT BATCH] DONE | od=0 | ppe=1
2026-07-23 16:03:55,156 - post_processor_0fcd8b3fbf5b - INFO - PPE meta buffered | camera=ppe_test_cam1 | violation=False
2026-07-23 16:03:55,156 - post_processor_0fcd8b3fbf5b - INFO - PPE frame complete | camera=ppe_test_cam1 | violation=False
2026-07-23 16:04:00,188 - post_processor_0fcd8b3fbf5b - INFO - [FRAME RECEIVED] topic=post_processing | partition=0 | offset=157112 | frame_id=None | camera=ppe_test_cam1
2026-07-23 16:04:00,188 - post_processor_0fcd8b3fbf5b - INFO - [DETECT BATCH] START | od=0 | ppe=1
2026-07-23 16:04:00,188 - post_processor_0fcd8b3fbf5b - INFO - [PROCESS PPE DETECTION] camera=ppe_test_cam1 | severity=none | violated=[]
2026-07-23 16:04:00,189 - post_processor_0fcd8b3fbf5b - INFO - [DETECT BATCH] DONE | od=0 | ppe=1
2026-07-23 16:04:00,189 - post_processor_0fcd8b3fbf5b - INFO - PPE meta buffered | camera=ppe_test_cam1 | violation=False
2026-07-23 16:04:00,189 - post_processor_0fcd8b3fbf5b - INFO - PPE frame complete | camera=ppe_test_cam1 | violation=False
2026-07-23 16:04:01,150 - post_processor_0fcd8b3fbf5b - INFO - [FRAME RECEIVED] topic=post_processing | partition=0 | offset=157113 | frame_id=None | camera=ppe_test_cam1
2026-07-23 16:04:01,150 - post_processor_0fcd8b3fbf5b - INFO - [DETECT BATCH] START | od=0 | ppe=1
2026-07-23 16:04:01,150 - post_processor_0fcd8b3fbf5b - INFO - [PROCESS PPE DETECTION] camera=ppe_test_cam1 | severity=none | violated=[]
2026-07-23 16:04:01,151 - post_processor_0fcd8b3fbf5b - INFO - [DETECT BATCH] DONE | od=0 | ppe=1
2026-07-23 16:04:01,151 - post_processor_0fcd8b3fbf5b - INFO - PPE meta buffered | camera=ppe_test_cam1 | violation=False
2026-07-23 16:04:01,165 - post_processor_0fcd8b3fbf5b - INFO - PPE MongoDB batch insert | camera=ppe_test_cam1 | count=10
2026-07-23 16:04:01,165 - post_processor_0fcd8b3fbf5b - INFO - PPE frame complete | camera=ppe_test_cam1 | violation=False
2026-07-23 16:04:01,166 - post_processor_0fcd8b3fbf5b - INFO - Kafka offsets committed | count=10
2026-07-23 16:04:02,036 - post_processor_0fcd8b3fbf5b - INFO - [FRAME RECEIVED] topic=post_processing | partition=0 | offset=157114 | frame_id=None | camera=ppe_test_cam1
2026-07-23 16:04:02,036 - post_processor_0fcd8b3fbf5b - INFO - [DETECT BATCH] START | od=0 | ppe=1
2026-07-23 16:04:02,037 - post_processor_0fcd8b3fbf5b - INFO - [PROCESS PPE DETECTION] camera=ppe_test_cam1 | severity=none | violated=[]
2026-07-23 16:04:02,037 - post_processor_0fcd8b3fbf5b - INFO - [DETECT BATCH] DONE | od=0 | ppe=1
2026-07-23 16:04:02,037 - post_processor_0fcd8b3fbf5b - INFO - PPE meta buffered | camera=ppe_test_cam1 | violation=False
2026-07-23 16:04:02,037 - post_processor_0fcd8b3fbf5b - INFO - PPE frame complete | camera=ppe_test_cam1 | violation=False
2026-07-23 16:04:03,144 - post_processor_0fcd8b3fbf5b - INFO - [FRAME RECEIVED] topic=post_processing | partition=0 | offset=157115 | frame_id=None | camera=ppe_test_cam1
2026-07-23 16:04:03,144 - post_processor_0fcd8b3fbf5b - INFO - [DETECT BATCH] START | od=0 | ppe=1
2026-07-23 16:04:03,144 - post_processor_0fcd8b3fbf5b - INFO - [PROCESS PPE DETECTION] camera=ppe_test_cam1 | severity=none | violated=[]
2026-07-23 16:04:03,145 - post_processor_0fcd8b3fbf5b - INFO - [DETECT BATCH] DONE | od=0 | ppe=1
2026-07-23 16:04:03,145 - post_processor_0fcd8b3fbf5b - INFO - PPE meta buffered | camera=ppe_test_cam1 | violation=False
2026-07-23 16:04:03,145 - post_processor_0fcd8b3fbf5b - INFO - PPE frame complete | camera=ppe_test_cam1 | violation=False
2026-07-23 16:04:04,192 - post_processor_0fcd8b3fbf5b - INFO - [FRAME RECEIVED] topic=post_processing | partition=0 | offset=157116 | frame_id=None | camera=ppe_test_cam1
2026-07-23 16:04:04,192 - post_processor_0fcd8b3fbf5b - INFO - [DETECT BATCH] START | od=0 | ppe=1
2026-07-23 16:04:04,192 - post_processor_0fcd8b3fbf5b - INFO - [PROCESS PPE DETECTION] camera=ppe_test_cam1 | severity=none | violated=[]
2026-07-23 16:04:04,196 - post_processor_0fcd8b3fbf5b - INFO - [DETECT BATCH] DONE | od=0 | ppe=1
2026-07-23 16:04:04,197 - post_processor_0fcd8b3fbf5b - INFO - PPE meta buffered | camera=ppe_test_cam1 | violation=False
2026-07-23 16:04:04,197 - post_processor_0fcd8b3fbf5b - INFO - PPE frame complete | camera=ppe_test_cam1 | violation=False
2026-07-23 16:04:05,144 - post_processor_0fcd8b3fbf5b - INFO - [FRAME RECEIVED] topic=post_processing | partition=0 | offset=157117 | frame_id=None | camera=ppe_test_cam1
2026-07-23 16:04:05,144 - post_processor_0fcd8b3fbf5b - INFO - [DETECT BATCH] START | od=0 | ppe=1
2026-07-23 16:04:05,144 - post_processor_0fcd8b3fbf5b - INFO - [PROCESS PPE DETECTION] camera=ppe_test_cam1 | severity=none | violated=[]
2026-07-23 16:04:05,144 - post_processor_0fcd8b3fbf5b - INFO - [DETECT BATCH] DONE | od=0 | ppe=1
2026-07-23 16:04:05,144 - post_processor_0fcd8b3fbf5b - INFO - PPE meta buffered | camera=ppe_test_cam1 | violation=False
2026-07-23 16:04:05,145 - post_processor_0fcd8b3fbf5b - INFO - PPE frame complete | camera=ppe_test_cam1 | violation=False
2026-07-23 16:04:06,174 - post_processor_0fcd8b3fbf5b - INFO - [FRAME RECEIVED] topic=post_processing | partition=0 | offset=157118 | frame_id=None | camera=ppe_test_cam1
2026-07-23 16:04:06,174 - post_processor_0fcd8b3fbf5b - INFO - [DETECT BATCH] START | od=0 | ppe=1
2026-07-23 16:04:06,174 - post_processor_0fcd8b3fbf5b - INFO - [PROCESS PPE DETECTION] camera=ppe_test_cam1 | severity=none | violated=[]
2026-07-23 16:04:06,175 - post_processor_0fcd8b3fbf5b - INFO - [DETECT BATCH] DONE | od=0 | ppe=1
2026-07-23 16:04:06,175 - post_processor_0fcd8b3fbf5b - INFO - PPE meta buffered | camera=ppe_test_cam1 | violation=False
2026-07-23 16:04:06,175 - post_processor_0fcd8b3fbf5b - INFO - PPE frame complete | camera=ppe_test_cam1 | violation=False
2026-07-23 16:04:07,115 - post_processor_0fcd8b3fbf5b - INFO - [FRAME RECEIVED] topic=post_processing | partition=0 | offset=157119 | frame_id=None | camera=ppe_test_cam1
2026-07-23 16:04:07,115 - post_processor_0fcd8b3fbf5b - INFO - [DETECT BATCH] START | od=0 | ppe=1
2026-07-23 16:04:07,115 - post_processor_0fcd8b3fbf5b - INFO - [PROCESS PPE DETECTION] camera=ppe_test_cam1 | severity=none | violated=[]
2026-07-23 16:04:07,116 - post_processor_0fcd8b3fbf5b - INFO - [DETECT BATCH] DONE | od=0 | ppe=1
2026-07-23 16:04:07,116 - post_processor_0fcd8b3fbf5b - INFO - PPE meta buffered | camera=ppe_test_cam1 | violation=False
2026-07-23 16:04:07,116 - post_processor_0fcd8b3fbf5b - INFO - PPE frame complete | camera=ppe_test_cam1 | violation=False
2026-07-23 16:04:07,149 - post_processor_0fcd8b3fbf5b - INFO - [FRAME RECEIVED] topic=post_processing | partition=0 | offset=157120 | frame_id=None | camera=ppe_test_cam1
2026-07-23 16:04:07,149 - post_processor_0fcd8b3fbf5b - INFO - [DETECT BATCH] START | od=0 | ppe=1
2026-07-23 16:04:07,149 - post_processor_0fcd8b3fbf5b - INFO - [PROCESS PPE DETECTION] camera=ppe_test_cam1 | severity=none | violated=[]
2026-07-23 16:04:07,149 - post_processor_0fcd8b3fbf5b - INFO - [DETECT BATCH] DONE | od=0 | ppe=1
2026-07-23 16:04:07,149 - post_processor_0fcd8b3fbf5b - INFO - PPE meta buffered | camera=ppe_test_cam1 | violation=False
2026-07-23 16:04:07,149 - post_processor_0fcd8b3fbf5b - INFO - PPE frame complete | camera=ppe_test_cam1 | violation=False
2026-07-23 16:04:32,179 - post_processor_0fcd8b3fbf5b - INFO - [FRAME RECEIVED] topic=post_processing | partition=0 | offset=157121 | frame_id=None | camera=ppe_test_cam1
2026-07-23 16:04:32,179 - post_processor_0fcd8b3fbf5b - INFO - [DETECT BATCH] START | od=0 | ppe=1
2026-07-23 16:04:32,180 - post_processor_0fcd8b3fbf5b - INFO - [PROCESS PPE DETECTION] camera=ppe_test_cam1 | severity=none | violated=[]
2026-07-23 16:04:32,180 - post_processor_0fcd8b3fbf5b - INFO - [DETECT BATCH] DONE | od=0 | ppe=1
2026-07-23 16:04:32,180 - post_processor_0fcd8b3fbf5b - INFO - PPE meta buffered | camera=ppe_test_cam1 | violation=False
2026-07-23 16:04:32,180 - post_processor_0fcd8b3fbf5b - INFO - PPE frame complete | camera=ppe_test_cam1 | violation=False
2026-07-23 16:04:33,163 - post_processor_0fcd8b3fbf5b - INFO - [FRAME RECEIVED] topic=post_processing | partition=0 | offset=157122 | frame_id=None | camera=ppe_test_cam1
2026-07-23 16:04:33,163 - post_processor_0fcd8b3fbf5b - INFO - [DETECT BATCH] START | od=0 | ppe=1
2026-07-23 16:04:33,163 - post_processor_0fcd8b3fbf5b - INFO - [PROCESS PPE DETECTION] camera=ppe_test_cam1 | severity=none | violated=[]
2026-07-23 16:04:33,163 - post_processor_0fcd8b3fbf5b - INFO - [DETECT BATCH] DONE | od=0 | ppe=1
2026-07-23 16:04:33,164 - post_processor_0fcd8b3fbf5b - INFO - PPE meta buffered | camera=ppe_test_cam1 | violation=False
2026-07-23 16:04:33,164 - post_processor_0fcd8b3fbf5b - INFO - PPE frame complete | camera=ppe_test_cam1 | violation=False
2026-07-23 16:04:51,215 - post_processor_0fcd8b3fbf5b - INFO - [FRAME RECEIVED] topic=post_processing | partition=0 | offset=157123 | frame_id=None | camera=ppe_test_cam1
2026-07-23 16:04:51,216 - post_processor_0fcd8b3fbf5b - INFO - [DETECT BATCH] START | od=0 | ppe=1
2026-07-23 16:04:51,216 - post_processor_0fcd8b3fbf5b - INFO - [PROCESS PPE DETECTION] camera=ppe_test_cam1 | severity=none | violated=[]
2026-07-23 16:04:51,217 - post_processor_0fcd8b3fbf5b - INFO - [DETECT BATCH] DONE | od=0 | ppe=1
2026-07-23 16:04:51,217 - post_processor_0fcd8b3fbf5b - INFO - PPE meta buffered | camera=ppe_test_cam1 | violation=False
2026-07-23 16:04:51,642 - post_processor_0fcd8b3fbf5b - INFO - PPE MongoDB batch insert | camera=ppe_test_cam1 | count=10
2026-07-23 16:04:51,644 - post_processor_0fcd8b3fbf5b - INFO - PPE frame complete | camera=ppe_test_cam1 | violation=False
2026-07-23 16:04:51,650 - post_processor_0fcd8b3fbf5b - INFO - Kafka offsets committed | count=10
2026-07-23 16:04:51,652 - post_processor_0fcd8b3fbf5b - INFO - [FRAME RECEIVED] topic=post_processing | partition=0 | offset=157124 | frame_id=None | camera=ppe_test_cam1
2026-07-23 16:04:51,652 - post_processor_0fcd8b3fbf5b - INFO - [DETECT BATCH] START | od=0 | ppe=1
2026-07-23 16:04:51,653 - post_processor_0fcd8b3fbf5b - INFO - [PROCESS PPE DETECTION] camera=ppe_test_cam1 | severity=low | violated=['No-Shoes', 'No-Shoes']
2026-07-23 16:04:51,677 - post_processor_0fcd8b3fbf5b - INFO - PPE alert image saved | path=/Aksha/ppe_test_cam1/alerts/2026-07-23/2026-07-23 16:04:51.66_alert.jpg
2026-07-23 16:04:51,678 - post_processor_0fcd8b3fbf5b - INFO - [DETECT BATCH] DONE | od=0 | ppe=1
2026-07-23 16:04:51,681 - post_processor_0fcd8b3fbf5b - INFO - PPE meta buffered | camera=ppe_test_cam1 | violation=True
2026-07-23 16:04:51,684 - post_processor_0fcd8b3fbf5b - INFO - ppe_status_check | has_violation=True | validity=True
2026-07-23 16:04:51,685 - post_processor_0fcd8b3fbf5b - INFO - PPE notification approved | camera=ppe_test_cam1 | severity=low
2026-07-23 16:04:51,686 - post_processor_0fcd8b3fbf5b - INFO - PPE notification sent | camera=ppe_test_cam1 | severity=low | topic=notification_service
2026-07-23 16:04:51,691 - post_processor_0fcd8b3fbf5b - INFO - PPE frame complete | camera=ppe_test_cam1 | violation=True
2026-07-23 16:04:52,179 - post_processor_0fcd8b3fbf5b - INFO - [FRAME RECEIVED] topic=post_processing | partition=0 | offset=157125 | frame_id=None | camera=ppe_test_cam1
2026-07-23 16:04:52,179 - post_processor_0fcd8b3fbf5b - INFO - [DETECT BATCH] START | od=0 | ppe=1
2026-07-23 16:04:52,179 - post_processor_0fcd8b3fbf5b - INFO - [PROCESS PPE DETECTION] camera=ppe_test_cam1 | severity=none | violated=[]
2026-07-23 16:04:52,180 - post_processor_0fcd8b3fbf5b - INFO - [DETECT BATCH] DONE | od=0 | ppe=1
2026-07-23 16:04:52,180 - post_processor_0fcd8b3fbf5b - INFO - PPE meta buffered | camera=ppe_test_cam1 | violation=False
2026-07-23 16:04:52,180 - post_processor_0fcd8b3fbf5b - INFO - PPE frame complete | camera=ppe_test_cam1 | violation=False
2026-07-23 16:04:52,180 - post_processor_0fcd8b3fbf5b - INFO - [FRAME RECEIVED] topic=post_processing | partition=0 | offset=157126 | frame_id=None | camera=ppe_test_cam1
2026-07-23 16:04:52,180 - post_processor_0fcd8b3fbf5b - INFO - [DETECT BATCH] START | od=0 | ppe=1
2026-07-23 16:04:52,181 - post_processor_0fcd8b3fbf5b - INFO - [PROCESS PPE DETECTION] camera=ppe_test_cam1 | severity=low | violated=['No-Shoes', 'No-Shoes']
2026-07-23 16:04:52,183 - post_processor_0fcd8b3fbf5b - INFO - PPE alert image saved | path=/Aksha/ppe_test_cam1/alerts/2026-07-23/2026-07-23 16:04:52.18_alert.jpg
2026-07-23 16:04:52,183 - post_processor_0fcd8b3fbf5b - INFO - [DETECT BATCH] DONE | od=0 | ppe=1
2026-07-23 16:04:52,183 - post_processor_0fcd8b3fbf5b - INFO - PPE meta buffered | camera=ppe_test_cam1 | violation=True
2026-07-23 16:04:52,184 - post_processor_0fcd8b3fbf5b - INFO - ppe_status_check | has_violation=True | validity=False
2026-07-23 16:04:52,184 - post_processor_0fcd8b3fbf5b - INFO - PPE notification suppressed by cooldown | camera=ppe_test_cam1
2026-07-23 16:04:52,184 - post_processor_0fcd8b3fbf5b - INFO - PPE frame complete | camera=ppe_test_cam1 | violation=True
2026-07-23 16:04:53,177 - post_processor_0fcd8b3fbf5b - INFO - [FRAME RECEIVED] topic=post_processing | partition=0 | offset=157127 | frame_id=None | camera=ppe_test_cam1
2026-07-23 16:04:53,178 - post_processor_0fcd8b3fbf5b - INFO - [DETECT BATCH] START | od=0 | ppe=1
2026-07-23 16:04:53,178 - post_processor_0fcd8b3fbf5b - INFO - [PROCESS PPE DETECTION] camera=ppe_test_cam1 | severity=low | violated=['No-Shoes', 'No-Shoes']
2026-07-23 16:04:53,182 - post_processor_0fcd8b3fbf5b - INFO - PPE alert image saved | path=/Aksha/ppe_test_cam1/alerts/2026-07-23/2026-07-23 16:04:53.18_alert.jpg
2026-07-23 16:04:53,182 - post_processor_0fcd8b3fbf5b - INFO - [DETECT BATCH] DONE | od=0 | ppe=1
2026-07-23 16:04:53,182 - post_processor_0fcd8b3fbf5b - INFO - PPE meta buffered | camera=ppe_test_cam1 | violation=True
2026-07-23 16:04:53,183 - post_processor_0fcd8b3fbf5b - INFO - ppe_status_check | has_violation=True | validity=False
2026-07-23 16:04:53,183 - post_processor_0fcd8b3fbf5b - INFO - PPE notification suppressed by cooldown | camera=ppe_test_cam1
2026-07-23 16:04:53,183 - post_processor_0fcd8b3fbf5b - INFO - PPE frame complete | camera=ppe_test_cam1 | violation=True
2026-07-23 16:04:53,183 - post_processor_0fcd8b3fbf5b - INFO - [FRAME RECEIVED] topic=post_processing | partition=0 | offset=157128 | frame_id=None | camera=ppe_test_cam1
2026-07-23 16:04:53,184 - post_processor_0fcd8b3fbf5b - INFO - [DETECT BATCH] START | od=0 | ppe=1
2026-07-23 16:04:53,184 - post_processor_0fcd8b3fbf5b - INFO - [PROCESS PPE DETECTION] camera=ppe_test_cam1 | severity=none | violated=[]
2026-07-23 16:04:53,184 - post_processor_0fcd8b3fbf5b - INFO - [DETECT BATCH] DONE | od=0 | ppe=1
2026-07-23 16:04:53,184 - post_processor_0fcd8b3fbf5b - INFO - PPE meta buffered | camera=ppe_test_cam1 | violation=False
2026-07-23 16:04:53,184 - post_processor_0fcd8b3fbf5b - INFO - PPE frame complete | camera=ppe_test_cam1 | violation=False
2026-07-23 16:04:54,167 - post_processor_0fcd8b3fbf5b - INFO - [FRAME RECEIVED] topic=post_processing | partition=0 | offset=157129 | frame_id=None | camera=ppe_test_cam1
2026-07-23 16:04:54,168 - post_processor_0fcd8b3fbf5b - INFO - [DETECT BATCH] START | od=0 | ppe=1
2026-07-23 16:04:54,168 - post_processor_0fcd8b3fbf5b - INFO - [PROCESS PPE DETECTION] camera=ppe_test_cam1 | severity=low | violated=['No-Shoes', 'No-Shoes']
2026-07-23 16:04:54,171 - post_processor_0fcd8b3fbf5b - INFO - PPE alert image saved | path=/Aksha/ppe_test_cam1/alerts/2026-07-23/2026-07-23 16:04:54.17_alert.jpg
2026-07-23 16:04:54,171 - post_processor_0fcd8b3fbf5b - INFO - [DETECT BATCH] DONE | od=0 | ppe=1
2026-07-23 16:04:54,171 - post_processor_0fcd8b3fbf5b - INFO - PPE meta buffered | camera=ppe_test_cam1 | violation=True
2026-07-23 16:04:54,172 - post_processor_0fcd8b3fbf5b - INFO - ppe_status_check | has_violation=True | validity=False
2026-07-23 16:04:54,172 - post_processor_0fcd8b3fbf5b - INFO - PPE notification suppressed by cooldown | camera=ppe_test_cam1
2026-07-23 16:04:54,172 - post_processor_0fcd8b3fbf5b - INFO - PPE frame complete | camera=ppe_test_cam1 | violation=True
2026-07-23 16:04:54,173 - post_processor_0fcd8b3fbf5b - INFO - [FRAME RECEIVED] topic=post_processing | partition=0 | offset=157130 | frame_id=None | camera=ppe_test_cam1
2026-07-23 16:04:54,173 - post_processor_0fcd8b3fbf5b - INFO - [DETECT BATCH] START | od=0 | ppe=1
2026-07-23 16:04:54,173 - post_processor_0fcd8b3fbf5b - INFO - [PROCESS PPE DETECTION] camera=ppe_test_cam1 | severity=none | violated=[]
2026-07-23 16:04:54,173 - post_processor_0fcd8b3fbf5b - INFO - [DETECT BATCH] DONE | od=0 | ppe=1
2026-07-23 16:04:54,173 - post_processor_0fcd8b3fbf5b - INFO - PPE meta buffered | camera=ppe_test_cam1 | violation=False
2026-07-23 16:04:54,173 - post_processor_0fcd8b3fbf5b - INFO - PPE frame complete | camera=ppe_test_cam1 | violation=False
2026-07-23 16:04:55,156 - post_processor_0fcd8b3fbf5b - INFO - [FRAME RECEIVED] topic=post_processing | partition=0 | offset=157131 | frame_id=None | camera=ppe_test_cam1
2026-07-23 16:04:55,157 - post_processor_0fcd8b3fbf5b - INFO - [DETECT BATCH] START | od=0 | ppe=1
2026-07-23 16:04:55,158 - post_processor_0fcd8b3fbf5b - INFO - [PROCESS PPE DETECTION] camera=ppe_test_cam1 | severity=none | violated=[]
2026-07-23 16:04:55,158 - post_processor_0fcd8b3fbf5b - INFO - [DETECT BATCH] DONE | od=0 | ppe=1
2026-07-23 16:04:55,158 - post_processor_0fcd8b3fbf5b - INFO - PPE meta buffered | camera=ppe_test_cam1 | violation=False
2026-07-23 16:04:55,158 - post_processor_0fcd8b3fbf5b - INFO - PPE frame complete | camera=ppe_test_cam1 | violation=False
2026-07-23 16:05:00,063 - post_processor_0fcd8b3fbf5b - INFO - [FRAME RECEIVED] topic=post_processing | partition=0 | offset=157132 | frame_id=None | camera=ppe_test_cam1
2026-07-23 16:05:00,063 - post_processor_0fcd8b3fbf5b - INFO - [DETECT BATCH] START | od=0 | ppe=1
2026-07-23 16:05:00,064 - post_processor_0fcd8b3fbf5b - INFO - [PROCESS PPE DETECTION] camera=ppe_test_cam1 | severity=none | violated=[]
2026-07-23 16:05:00,065 - post_processor_0fcd8b3fbf5b - INFO - [DETECT BATCH] DONE | od=0 | ppe=1
2026-07-23 16:05:00,065 - post_processor_0fcd8b3fbf5b - INFO - PPE meta buffered | camera=ppe_test_cam1 | violation=False
2026-07-23 16:05:00,065 - post_processor_0fcd8b3fbf5b - INFO - PPE frame complete | camera=ppe_test_cam1 | violation=False
2026-07-23 16:05:01,129 - post_processor_0fcd8b3fbf5b - INFO - [FRAME RECEIVED] topic=post_processing | partition=0 | offset=157133 | frame_id=None | camera=ppe_test_cam1
2026-07-23 16:05:01,129 - post_processor_0fcd8b3fbf5b - INFO - [DETECT BATCH] START | od=0 | ppe=1
2026-07-23 16:05:01,130 - post_processor_0fcd8b3fbf5b - INFO - [PROCESS PPE DETECTION] camera=ppe_test_cam1 | severity=none | violated=[]
2026-07-23 16:05:01,130 - post_processor_0fcd8b3fbf5b - INFO - [DETECT BATCH] DONE | od=0 | ppe=1
2026-07-23 16:05:01,130 - post_processor_0fcd8b3fbf5b - INFO - PPE meta buffered | camera=ppe_test_cam1 | violation=False
2026-07-23 16:05:01,146 - post_processor_0fcd8b3fbf5b - INFO - PPE MongoDB batch insert | camera=ppe_test_cam1 | count=10
2026-07-23 16:05:01,147 - post_processor_0fcd8b3fbf5b - INFO - PPE frame complete | camera=ppe_test_cam1 | violation=False
2026-07-23 16:05:01,148 - post_processor_0fcd8b3fbf5b - INFO - Kafka offsets committed | count=10
2026-07-23 16:05:02,124 - post_processor_0fcd8b3fbf5b - INFO - [FRAME RECEIVED] topic=post_processing | partition=0 | offset=157134 | frame_id=None | camera=ppe_test_cam1
2026-07-23 16:05:02,124 - post_processor_0fcd8b3fbf5b - INFO - [DETECT BATCH] START | od=0 | ppe=1
2026-07-23 16:05:02,124 - post_processor_0fcd8b3fbf5b - INFO - [PROCESS PPE DETECTION] camera=ppe_test_cam1 | severity=none | violated=[]
2026-07-23 16:05:02,124 - post_processor_0fcd8b3fbf5b - INFO - [DETECT BATCH] DONE | od=0 | ppe=1
2026-07-23 16:05:02,124 - post_processor_0fcd8b3fbf5b - INFO - PPE meta buffered | camera=ppe_test_cam1 | violation=False
2026-07-23 16:05:02,124 - post_processor_0fcd8b3fbf5b - INFO - PPE frame complete | camera=ppe_test_cam1 | violation=False
2026-07-23 16:05:03,152 - post_processor_0fcd8b3fbf5b - INFO - [FRAME RECEIVED] topic=post_processing | partition=0 | offset=157135 | frame_id=None | camera=ppe_test_cam1
2026-07-23 16:05:03,152 - post_processor_0fcd8b3fbf5b - INFO - [DETECT BATCH] START | od=0 | ppe=1
2026-07-23 16:05:03,153 - post_processor_0fcd8b3fbf5b - INFO - [PROCESS PPE DETECTION] camera=ppe_test_cam1 | severity=none | violated=[]
2026-07-23 16:05:03,153 - post_processor_0fcd8b3fbf5b - INFO - [DETECT BATCH] DONE | od=0 | ppe=1
2026-07-23 16:05:03,154 - post_processor_0fcd8b3fbf5b - INFO - PPE meta buffered | camera=ppe_test_cam1 | violation=False
2026-07-23 16:05:03,154 - post_processor_0fcd8b3fbf5b - INFO - PPE frame complete | camera=ppe_test_cam1 | violation=False
2026-07-23 16:05:04,181 - post_processor_0fcd8b3fbf5b - INFO - [FRAME RECEIVED] topic=post_processing | partition=0 | offset=157136 | frame_id=None | camera=ppe_test_cam1
2026-07-23 16:05:04,182 - post_processor_0fcd8b3fbf5b - INFO - [DETECT BATCH] START | od=0 | ppe=1
2026-07-23 16:05:04,182 - post_processor_0fcd8b3fbf5b - INFO - [PROCESS PPE DETECTION] camera=ppe_test_cam1 | severity=none | violated=[]
2026-07-23 16:05:04,182 - post_processor_0fcd8b3fbf5b - INFO - [DETECT BATCH] DONE | od=0 | ppe=1
2026-07-23 16:05:04,182 - post_processor_0fcd8b3fbf5b - INFO - PPE meta buffered | camera=ppe_test_cam1 | violation=False
2026-07-23 16:05:04,182 - post_processor_0fcd8b3fbf5b - INFO - PPE frame complete | camera=ppe_test_cam1 | violation=False
2026-07-23 16:05:05,028 - post_processor_0fcd8b3fbf5b - INFO - [FRAME RECEIVED] topic=post_processing | partition=0 | offset=157137 | frame_id=None | camera=ppe_test_cam1
2026-07-23 16:05:05,028 - post_processor_0fcd8b3fbf5b - INFO - [DETECT BATCH] START | od=0 | ppe=1
2026-07-23 16:05:05,028 - post_processor_0fcd8b3fbf5b - INFO - [PROCESS PPE DETECTION] camera=ppe_test_cam1 | severity=none | violated=[]
2026-07-23 16:05:05,029 - post_processor_0fcd8b3fbf5b - INFO - [DETECT BATCH] DONE | od=0 | ppe=1
2026-07-23 16:05:05,029 - post_processor_0fcd8b3fbf5b - INFO - PPE meta buffered | camera=ppe_test_cam1 | violation=False
2026-07-23 16:05:05,029 - post_processor_0fcd8b3fbf5b - INFO - PPE frame complete | camera=ppe_test_cam1 | violation=False
2026-07-23 16:05:06,144 - post_processor_0fcd8b3fbf5b - INFO - [FRAME RECEIVED] topic=post_processing | partition=0 | offset=157138 | frame_id=None | camera=ppe_test_cam1
2026-07-23 16:05:06,144 - post_processor_0fcd8b3fbf5b - INFO - [DETECT BATCH] START | od=0 | ppe=1
2026-07-23 16:05:06,145 - post_processor_0fcd8b3fbf5b - INFO - [PROCESS PPE DETECTION] camera=ppe_test_cam1 | severity=none | violated=[]
2026-07-23 16:05:06,145 - post_processor_0fcd8b3fbf5b - INFO - [DETECT BATCH] DONE | od=0 | ppe=1
2026-07-23 16:05:06,145 - post_processor_0fcd8b3fbf5b - INFO - PPE meta buffered | camera=ppe_test_cam1 | violation=False
2026-07-23 16:05:06,145 - post_processor_0fcd8b3fbf5b - INFO - PPE frame complete | camera=ppe_test_cam1 | violation=False
2026-07-23 16:05:07,144 - post_processor_0fcd8b3fbf5b - INFO - [FRAME RECEIVED] topic=post_processing | partition=0 | offset=157139 | frame_id=None | camera=ppe_test_cam1
2026-07-23 16:05:07,144 - post_processor_0fcd8b3fbf5b - INFO - [DETECT BATCH] START | od=0 | ppe=1
2026-07-23 16:05:07,144 - post_processor_0fcd8b3fbf5b - INFO - [PROCESS PPE DETECTION] camera=ppe_test_cam1 | severity=none | violated=[]
2026-07-23 16:05:07,144 - post_processor_0fcd8b3fbf5b - INFO - [DETECT BATCH] DONE | od=0 | ppe=1
2026-07-23 16:05:07,145 - post_processor_0fcd8b3fbf5b - INFO - PPE meta buffered | camera=ppe_test_cam1 | violation=False
2026-07-23 16:05:07,145 - post_processor_0fcd8b3fbf5b - INFO - PPE frame complete | camera=ppe_test_cam1 | violation=False
2026-07-23 16:05:07,174 - post_processor_0fcd8b3fbf5b - INFO - [FRAME RECEIVED] topic=post_processing | partition=0 | offset=157140 | frame_id=None | camera=ppe_test_cam1
2026-07-23 16:05:07,175 - post_processor_0fcd8b3fbf5b - INFO - [DETECT BATCH] START | od=0 | ppe=1
2026-07-23 16:05:07,175 - post_processor_0fcd8b3fbf5b - INFO - [PROCESS PPE DETECTION] camera=ppe_test_cam1 | severity=none | violated=[]
2026-07-23 16:05:07,175 - post_processor_0fcd8b3fbf5b - INFO - [DETECT BATCH] DONE | od=0 | ppe=1
2026-07-23 16:05:07,175 - post_processor_0fcd8b3fbf5b - INFO - PPE meta buffered | camera=ppe_test_cam1 | violation=False
2026-07-23 16:05:07,175 - post_processor_0fcd8b3fbf5b - INFO - PPE frame complete | camera=ppe_test_cam1 | violation=False
2026-07-23 16:05:32,130 - post_processor_0fcd8b3fbf5b - INFO - [FRAME RECEIVED] topic=post_processing | partition=0 | offset=157141 | frame_id=None | camera=ppe_test_cam1
2026-07-23 16:05:32,130 - post_processor_0fcd8b3fbf5b - INFO - [DETECT BATCH] START | od=0 | ppe=1
2026-07-23 16:05:32,130 - post_processor_0fcd8b3fbf5b - INFO - [PROCESS PPE DETECTION] camera=ppe_test_cam1 | severity=none | violated=[]
2026-07-23 16:05:32,130 - post_processor_0fcd8b3fbf5b - INFO - [DETECT BATCH] DONE | od=0 | ppe=1
2026-07-23 16:05:32,130 - post_processor_0fcd8b3fbf5b - INFO - PPE meta buffered | camera=ppe_test_cam1 | violation=False
2026-07-23 16:05:32,130 - post_processor_0fcd8b3fbf5b - INFO - PPE frame complete | camera=ppe_test_cam1 | violation=False
2026-07-23 16:05:33,138 - post_processor_0fcd8b3fbf5b - INFO - [FRAME RECEIVED] topic=post_processing | partition=0 | offset=157142 | frame_id=None | camera=ppe_test_cam1
2026-07-23 16:05:33,138 - post_processor_0fcd8b3fbf5b - INFO - [DETECT BATCH] START | od=0 | ppe=1
2026-07-23 16:05:33,138 - post_processor_0fcd8b3fbf5b - INFO - [PROCESS PPE DETECTION] camera=ppe_test_cam1 | severity=none | violated=[]
2026-07-23 16:05:33,139 - post_processor_0fcd8b3fbf5b - INFO - [DETECT BATCH] DONE | od=0 | ppe=1
2026-07-23 16:05:33,139 - post_processor_0fcd8b3fbf5b - INFO - PPE meta buffered | camera=ppe_test_cam1 | violation=False
2026-07-23 16:05:33,139 - post_processor_0fcd8b3fbf5b - INFO - PPE frame complete | camera=ppe_test_cam1 | violation=False
2026-07-23 16:05:51,155 - post_processor_0fcd8b3fbf5b - INFO - [FRAME RECEIVED] topic=post_processing | partition=0 | offset=157143 | frame_id=None | camera=ppe_test_cam1
2026-07-23 16:05:51,155 - post_processor_0fcd8b3fbf5b - INFO - [DETECT BATCH] START | od=0 | ppe=1
2026-07-23 16:05:51,155 - post_processor_0fcd8b3fbf5b - INFO - [PROCESS PPE DETECTION] camera=ppe_test_cam1 | severity=none | violated=[]
2026-07-23 16:05:51,156 - post_processor_0fcd8b3fbf5b - INFO - [DETECT BATCH] DONE | od=0 | ppe=1
2026-07-23 16:05:51,156 - post_processor_0fcd8b3fbf5b - INFO - PPE meta buffered | camera=ppe_test_cam1 | violation=False
2026-07-23 16:05:51,200 - post_processor_0fcd8b3fbf5b - INFO - PPE MongoDB batch insert | camera=ppe_test_cam1 | count=10
2026-07-23 16:05:51,201 - post_processor_0fcd8b3fbf5b - INFO - PPE frame complete | camera=ppe_test_cam1 | violation=False
2026-07-23 16:05:51,202 - post_processor_0fcd8b3fbf5b - INFO - Kafka offsets committed | count=10
2026-07-23 16:05:51,202 - post_processor_0fcd8b3fbf5b - INFO - [FRAME RECEIVED] topic=post_processing | partition=0 | offset=157144 | frame_id=None | camera=ppe_test_cam1
2026-07-23 16:05:51,202 - post_processor_0fcd8b3fbf5b - INFO - [DETECT BATCH] START | od=0 | ppe=1
2026-07-23 16:05:51,203 - post_processor_0fcd8b3fbf5b - INFO - [PROCESS PPE DETECTION] camera=ppe_test_cam1 | severity=low | violated=['No-Shoes', 'No-Shoes']
2026-07-23 16:05:51,206 - post_processor_0fcd8b3fbf5b - INFO - PPE alert image saved | path=/Aksha/ppe_test_cam1/alerts/2026-07-23/2026-07-23 16:05:51.20_alert.jpg
2026-07-23 16:05:51,206 - post_processor_0fcd8b3fbf5b - INFO - [DETECT BATCH] DONE | od=0 | ppe=1
2026-07-23 16:05:51,206 - post_processor_0fcd8b3fbf5b - INFO - PPE meta buffered | camera=ppe_test_cam1 | violation=True
2026-07-23 16:05:51,207 - post_processor_0fcd8b3fbf5b - INFO - ppe_status_check | has_violation=True | validity=True
2026-07-23 16:05:51,207 - post_processor_0fcd8b3fbf5b - INFO - PPE notification approved | camera=ppe_test_cam1 | severity=low
2026-07-23 16:05:51,207 - post_processor_0fcd8b3fbf5b - INFO - PPE notification sent | camera=ppe_test_cam1 | severity=low | topic=notification_service
2026-07-23 16:05:51,208 - post_processor_0fcd8b3fbf5b - INFO - PPE frame complete | camera=ppe_test_cam1 | violation=True
2026-07-23 16:05:52,192 - post_processor_0fcd8b3fbf5b - INFO - [FRAME RECEIVED] topic=post_processing | partition=0 | offset=157145 | frame_id=None | camera=ppe_test_cam1
2026-07-23 16:05:52,192 - post_processor_0fcd8b3fbf5b - INFO - [DETECT BATCH] START | od=0 | ppe=1
2026-07-23 16:05:52,193 - post_processor_0fcd8b3fbf5b - INFO - [PROCESS PPE DETECTION] camera=ppe_test_cam1 | severity=none | violated=[]
2026-07-23 16:05:52,193 - post_processor_0fcd8b3fbf5b - INFO - [DETECT BATCH] DONE | od=0 | ppe=1
2026-07-23 16:05:52,194 - post_processor_0fcd8b3fbf5b - INFO - PPE meta buffered | camera=ppe_test_cam1 | violation=False
2026-07-23 16:05:52,194 - post_processor_0fcd8b3fbf5b - INFO - PPE frame complete | camera=ppe_test_cam1 | violation=False
2026-07-23 16:05:52,218 - post_processor_0fcd8b3fbf5b - INFO - [FRAME RECEIVED] topic=post_processing | partition=0 | offset=157146 | frame_id=None | camera=ppe_test_cam1
2026-07-23 16:05:52,218 - post_processor_0fcd8b3fbf5b - INFO - [DETECT BATCH] START | od=0 | ppe=1
2026-07-23 16:05:52,218 - post_processor_0fcd8b3fbf5b - INFO - [PROCESS PPE DETECTION] camera=ppe_test_cam1 | severity=low | violated=['No-Shoes', 'No-Shoes']
2026-07-23 16:05:52,221 - post_processor_0fcd8b3fbf5b - INFO - PPE alert image saved | path=/Aksha/ppe_test_cam1/alerts/2026-07-23/2026-07-23 16:05:52.22_alert.jpg
2026-07-23 16:05:52,221 - post_processor_0fcd8b3fbf5b - INFO - [DETECT BATCH] DONE | od=0 | ppe=1
2026-07-23 16:05:52,221 - post_processor_0fcd8b3fbf5b - INFO - PPE meta buffered | camera=ppe_test_cam1 | violation=True
2026-07-23 16:05:52,222 - post_processor_0fcd8b3fbf5b - INFO - ppe_status_check | has_violation=True | validity=False
2026-07-23 16:05:52,222 - post_processor_0fcd8b3fbf5b - INFO - PPE notification suppressed by cooldown | camera=ppe_test_cam1
2026-07-23 16:05:52,222 - post_processor_0fcd8b3fbf5b - INFO - PPE frame complete | camera=ppe_test_cam1 | violation=True
2026-07-23 16:05:53,182 - post_processor_0fcd8b3fbf5b - INFO - [FRAME RECEIVED] topic=post_processing | partition=0 | offset=157147 | frame_id=None | camera=ppe_test_cam1
2026-07-23 16:05:53,182 - post_processor_0fcd8b3fbf5b - INFO - [DETECT BATCH] START | od=0 | ppe=1
2026-07-23 16:05:53,182 - post_processor_0fcd8b3fbf5b - INFO - [PROCESS PPE DETECTION] camera=ppe_test_cam1 | severity=none | violated=[]
2026-07-23 16:05:53,182 - post_processor_0fcd8b3fbf5b - INFO - [DETECT BATCH] DONE | od=0 | ppe=1
2026-07-23 16:05:53,182 - post_processor_0fcd8b3fbf5b - INFO - PPE meta buffered | camera=ppe_test_cam1 | violation=False
2026-07-23 16:05:53,183 - post_processor_0fcd8b3fbf5b - INFO - PPE frame complete | camera=ppe_test_cam1 | violation=False
2026-07-23 16:05:53,214 - post_processor_0fcd8b3fbf5b - INFO - [FRAME RECEIVED] topic=post_processing | partition=0 | offset=157148 | frame_id=None | camera=ppe_test_cam1
2026-07-23 16:05:53,214 - post_processor_0fcd8b3fbf5b - INFO - [DETECT BATCH] START | od=0 | ppe=1
2026-07-23 16:05:53,215 - post_processor_0fcd8b3fbf5b - INFO - [PROCESS PPE DETECTION] camera=ppe_test_cam1 | severity=low | violated=['No-Shoes', 'No-Shoes']
2026-07-23 16:05:53,218 - post_processor_0fcd8b3fbf5b - INFO - PPE alert image saved | path=/Aksha/ppe_test_cam1/alerts/2026-07-23/2026-07-23 16:05:53.21_alert.jpg
2026-07-23 16:05:53,218 - post_processor_0fcd8b3fbf5b - INFO - [DETECT BATCH] DONE | od=0 | ppe=1
2026-07-23 16:05:53,218 - post_processor_0fcd8b3fbf5b - INFO - PPE meta buffered | camera=ppe_test_cam1 | violation=True
2026-07-23 16:05:53,218 - post_processor_0fcd8b3fbf5b - INFO - ppe_status_check | has_violation=True | validity=False
2026-07-23 16:05:53,218 - post_processor_0fcd8b3fbf5b - INFO - PPE notification suppressed by cooldown | camera=ppe_test_cam1
2026-07-23 16:05:53,219 - post_processor_0fcd8b3fbf5b - INFO - PPE frame complete | camera=ppe_test_cam1 | violation=True
2026-07-23 16:05:54,109 - post_processor_0fcd8b3fbf5b - INFO - [FRAME RECEIVED] topic=post_processing | partition=0 | offset=157149 | frame_id=None | camera=ppe_test_cam1
2026-07-23 16:05:54,109 - post_processor_0fcd8b3fbf5b - INFO - [DETECT BATCH] START | od=0 | ppe=1
2026-07-23 16:05:54,109 - post_processor_0fcd8b3fbf5b - INFO - [PROCESS PPE DETECTION] camera=ppe_test_cam1 | severity=none | violated=[]
2026-07-23 16:05:54,110 - post_processor_0fcd8b3fbf5b - INFO - [DETECT BATCH] DONE | od=0 | ppe=1
2026-07-23 16:05:54,110 - post_processor_0fcd8b3fbf5b - INFO - PPE meta buffered | camera=ppe_test_cam1 | violation=False
2026-07-23 16:05:54,110 - post_processor_0fcd8b3fbf5b - INFO - PPE frame complete | camera=ppe_test_cam1 | violation=False
2026-07-23 16:05:54,111 - post_processor_0fcd8b3fbf5b - INFO - [FRAME RECEIVED] topic=post_processing | partition=0 | offset=157150 | frame_id=None | camera=ppe_test_cam1
2026-07-23 16:05:54,111 - post_processor_0fcd8b3fbf5b - INFO - [DETECT BATCH] START | od=0 | ppe=1
2026-07-23 16:05:54,111 - post_processor_0fcd8b3fbf5b - INFO - [PROCESS PPE DETECTION] camera=ppe_test_cam1 | severity=low | violated=['No-Shoes', 'No-Shoes']
2026-07-23 16:05:54,114 - post_processor_0fcd8b3fbf5b - INFO - PPE alert image saved | path=/Aksha/ppe_test_cam1/alerts/2026-07-23/2026-07-23 16:05:54.11_alert.jpg
2026-07-23 16:05:54,114 - post_processor_0fcd8b3fbf5b - INFO - [DETECT BATCH] DONE | od=0 | ppe=1
2026-07-23 16:05:54,114 - post_processor_0fcd8b3fbf5b - INFO - PPE meta buffered | camera=ppe_test_cam1 | violation=True
2026-07-23 16:05:54,115 - post_processor_0fcd8b3fbf5b - INFO - ppe_status_check | has_violation=True | validity=False
2026-07-23 16:05:54,115 - post_processor_0fcd8b3fbf5b - INFO - PPE notification suppressed by cooldown | camera=ppe_test_cam1
2026-07-23 16:05:54,115 - post_processor_0fcd8b3fbf5b - INFO - PPE frame complete | camera=ppe_test_cam1 | violation=True
2026-07-23 16:05:55,128 - post_processor_0fcd8b3fbf5b - INFO - [FRAME RECEIVED] topic=post_processing | partition=0 | offset=157151 | frame_id=None | camera=ppe_test_cam1
2026-07-23 16:05:55,128 - post_processor_0fcd8b3fbf5b - INFO - [DETECT BATCH] START | od=0 | ppe=1
2026-07-23 16:05:55,128 - post_processor_0fcd8b3fbf5b - INFO - [PROCESS PPE DETECTION] camera=ppe_test_cam1 | severity=none | violated=[]
2026-07-23 16:05:55,128 - post_processor_0fcd8b3fbf5b - INFO - [DETECT BATCH] DONE | od=0 | ppe=1
2026-07-23 16:05:55,129 - post_processor_0fcd8b3fbf5b - INFO - PPE meta buffered | camera=ppe_test_cam1 | violation=False
2026-07-23 16:05:55,129 - post_processor_0fcd8b3fbf5b - INFO - PPE frame complete | camera=ppe_test_cam1 | violation=False
2026-07-23 16:06:00,080 - post_processor_0fcd8b3fbf5b - INFO - [FRAME RECEIVED] topic=post_processing | partition=0 | offset=157152 | frame_id=None | camera=ppe_test_cam1
2026-07-23 16:06:00,080 - post_processor_0fcd8b3fbf5b - INFO - [DETECT BATCH] START | od=0 | ppe=1
2026-07-23 16:06:00,080 - post_processor_0fcd8b3fbf5b - INFO - [PROCESS PPE DETECTION] camera=ppe_test_cam1 | severity=none | violated=[]
2026-07-23 16:06:00,080 - post_processor_0fcd8b3fbf5b - INFO - [DETECT BATCH] DONE | od=0 | ppe=1
2026-07-23 16:06:00,080 - post_processor_0fcd8b3fbf5b - INFO - PPE meta buffered | camera=ppe_test_cam1 | violation=False
2026-07-23 16:06:00,080 - post_processor_0fcd8b3fbf5b - INFO - PPE frame complete | camera=ppe_test_cam1 | violation=False
2026-07-23 16:06:01,188 - post_processor_0fcd8b3fbf5b - INFO - [FRAME RECEIVED] topic=post_processing | partition=0 | offset=157153 | frame_id=None | camera=ppe_test_cam1
2026-07-23 16:06:01,188 - post_processor_0fcd8b3fbf5b - INFO - [DETECT BATCH] START | od=0 | ppe=1
2026-07-23 16:06:01,189 - post_processor_0fcd8b3fbf5b - INFO - [PROCESS PPE DETECTION] camera=ppe_test_cam1 | severity=none | violated=[]
2026-07-23 16:06:01,190 - post_processor_0fcd8b3fbf5b - INFO - [DETECT BATCH] DONE | od=0 | ppe=1
2026-07-23 16:06:01,191 - post_processor_0fcd8b3fbf5b - INFO - PPE meta buffered | camera=ppe_test_cam1 | violation=False
2026-07-23 16:06:01,685 - post_processor_0fcd8b3fbf5b - INFO - PPE MongoDB batch insert | camera=ppe_test_cam1 | count=10
2026-07-23 16:06:01,686 - post_processor_0fcd8b3fbf5b - INFO - PPE frame complete | camera=ppe_test_cam1 | violation=False
2026-07-23 16:06:01,693 - post_processor_0fcd8b3fbf5b - INFO - Kafka offsets committed | count=10
2026-07-23 16:06:02,117 - post_processor_0fcd8b3fbf5b - INFO - [FRAME RECEIVED] topic=post_processing | partition=0 | offset=157154 | frame_id=None | camera=ppe_test_cam1
2026-07-23 16:06:02,117 - post_processor_0fcd8b3fbf5b - INFO - [DETECT BATCH] START | od=0 | ppe=1
2026-07-23 16:06:02,118 - post_processor_0fcd8b3fbf5b - INFO - [PROCESS PPE DETECTION] camera=ppe_test_cam1 | severity=none | violated=[]
2026-07-23 16:06:02,119 - post_processor_0fcd8b3fbf5b - INFO - [DETECT BATCH] DONE | od=0 | ppe=1
2026-07-23 16:06:02,119 - post_processor_0fcd8b3fbf5b - INFO - PPE meta buffered | camera=ppe_test_cam1 | violation=False
2026-07-23 16:06:02,119 - post_processor_0fcd8b3fbf5b - INFO - PPE frame complete | camera=ppe_test_cam1 | violation=False
2026-07-23 16:06:03,188 - post_processor_0fcd8b3fbf5b - INFO - [FRAME RECEIVED] topic=post_processing | partition=0 | offset=157155 | frame_id=None | camera=ppe_test_cam1
2026-07-23 16:06:03,188 - post_processor_0fcd8b3fbf5b - INFO - [DETECT BATCH] START | od=0 | ppe=1
2026-07-23 16:06:03,188 - post_processor_0fcd8b3fbf5b - INFO - [PROCESS PPE DETECTION] camera=ppe_test_cam1 | severity=none | violated=[]
2026-07-23 16:06:03,189 - post_processor_0fcd8b3fbf5b - INFO - [DETECT BATCH] DONE | od=0 | ppe=1
2026-07-23 16:06:03,189 - post_processor_0fcd8b3fbf5b - INFO - PPE meta buffered | camera=ppe_test_cam1 | violation=False
2026-07-23 16:06:03,189 - post_processor_0fcd8b3fbf5b - INFO - PPE frame complete | camera=ppe_test_cam1 | violation=False
2026-07-23 16:06:04,190 - post_processor_0fcd8b3fbf5b - INFO - [FRAME RECEIVED] topic=post_processing | partition=0 | offset=157156 | frame_id=None | camera=ppe_test_cam1
2026-07-23 16:06:04,190 - post_processor_0fcd8b3fbf5b - INFO - [DETECT BATCH] START | od=0 | ppe=1
2026-07-23 16:06:04,190 - post_processor_0fcd8b3fbf5b - INFO - [PROCESS PPE DETECTION] camera=ppe_test_cam1 | severity=none | violated=[]
2026-07-23 16:06:04,191 - post_processor_0fcd8b3fbf5b - INFO - [DETECT BATCH] DONE | od=0 | ppe=1
2026-07-23 16:06:04,191 - post_processor_0fcd8b3fbf5b - INFO - PPE meta buffered | camera=ppe_test_cam1 | violation=False
2026-07-23 16:06:04,191 - post_processor_0fcd8b3fbf5b - INFO - PPE frame complete | camera=ppe_test_cam1 | violation=False
2026-07-23 16:06:05,026 - post_processor_0fcd8b3fbf5b - INFO - [FRAME RECEIVED] topic=post_processing | partition=0 | offset=157157 | frame_id=None | camera=ppe_test_cam1
2026-07-23 16:06:05,026 - post_processor_0fcd8b3fbf5b - INFO - [DETECT BATCH] START | od=0 | ppe=1
2026-07-23 16:06:05,027 - post_processor_0fcd8b3fbf5b - INFO - [PROCESS PPE DETECTION] camera=ppe_test_cam1 | severity=none | violated=[]
2026-07-23 16:06:05,027 - post_processor_0fcd8b3fbf5b - INFO - [DETECT BATCH] DONE | od=0 | ppe=1
2026-07-23 16:06:05,027 - post_processor_0fcd8b3fbf5b - INFO - PPE meta buffered | camera=ppe_test_cam1 | violation=False
2026-07-23 16:06:05,027 - post_processor_0fcd8b3fbf5b - INFO - PPE frame complete | camera=ppe_test_cam1 | violation=False
2026-07-23 16:06:06,141 - post_processor_0fcd8b3fbf5b - INFO - [FRAME RECEIVED] topic=post_processing | partition=0 | offset=157158 | frame_id=None | camera=ppe_test_cam1
2026-07-23 16:06:06,141 - post_processor_0fcd8b3fbf5b - INFO - [DETECT BATCH] START | od=0 | ppe=1
2026-07-23 16:06:06,142 - post_processor_0fcd8b3fbf5b - INFO - [PROCESS PPE DETECTION] camera=ppe_test_cam1 | severity=none | violated=[]
2026-07-23 16:06:06,142 - post_processor_0fcd8b3fbf5b - INFO - [DETECT BATCH] DONE | od=0 | ppe=1
2026-07-23 16:06:06,142 - post_processor_0fcd8b3fbf5b - INFO - PPE meta buffered | camera=ppe_test_cam1 | violation=False
2026-07-23 16:06:06,142 - post_processor_0fcd8b3fbf5b - INFO - PPE frame complete | camera=ppe_test_cam1 | violation=False
2026-07-23 16:06:07,173 - post_processor_0fcd8b3fbf5b - INFO - [FRAME RECEIVED] topic=post_processing | partition=0 | offset=157159 | frame_id=None | camera=ppe_test_cam1
2026-07-23 16:06:07,173 - post_processor_0fcd8b3fbf5b - INFO - [DETECT BATCH] START | od=0 | ppe=1
2026-07-23 16:06:07,174 - post_processor_0fcd8b3fbf5b - INFO - [PROCESS PPE DETECTION] camera=ppe_test_cam1 | severity=none | violated=[]
2026-07-23 16:06:07,174 - post_processor_0fcd8b3fbf5b - INFO - [DETECT BATCH] DONE | od=0 | ppe=1
2026-07-23 16:06:07,174 - post_processor_0fcd8b3fbf5b - INFO - PPE meta buffered | camera=ppe_test_cam1 | violation=False
2026-07-23 16:06:07,174 - post_processor_0fcd8b3fbf5b - INFO - PPE frame complete | camera=ppe_test_cam1 | violation=False
2026-07-23 16:06:07,208 - post_processor_0fcd8b3fbf5b - INFO - [FRAME RECEIVED] topic=post_processing | partition=0 | offset=157160 | frame_id=None | camera=ppe_test_cam1
2026-07-23 16:06:07,208 - post_processor_0fcd8b3fbf5b - INFO - [DETECT BATCH] START | od=0 | ppe=1
2026-07-23 16:06:07,209 - post_processor_0fcd8b3fbf5b - INFO - [PROCESS PPE DETECTION] camera=ppe_test_cam1 | severity=none | violated=[]
2026-07-23 16:06:07,209 - post_processor_0fcd8b3fbf5b - INFO - [DETECT BATCH] DONE | od=0 | ppe=1
2026-07-23 16:06:07,209 - post_processor_0fcd8b3fbf5b - INFO - PPE meta buffered | camera=ppe_test_cam1 | violation=False
2026-07-23 16:06:07,209 - post_processor_0fcd8b3fbf5b - INFO - PPE frame complete | camera=ppe_test_cam1 | violation=False
2026-07-23 16:06:32,210 - post_processor_0fcd8b3fbf5b - INFO - [FRAME RECEIVED] topic=post_processing | partition=0 | offset=157161 | frame_id=None | camera=ppe_test_cam1
2026-07-23 16:06:32,210 - post_processor_0fcd8b3fbf5b - INFO - [DETECT BATCH] START | od=0 | ppe=1
2026-07-23 16:06:32,210 - post_processor_0fcd8b3fbf5b - INFO - [PROCESS PPE DETECTION] camera=ppe_test_cam1 | severity=none | violated=[]
2026-07-23 16:06:32,210 - post_processor_0fcd8b3fbf5b - INFO - [DETECT BATCH] DONE | od=0 | ppe=1
2026-07-23 16:06:32,211 - post_processor_0fcd8b3fbf5b - INFO - PPE meta buffered | camera=ppe_test_cam1 | violation=False
2026-07-23 16:06:32,211 - post_processor_0fcd8b3fbf5b - INFO - PPE frame complete | camera=ppe_test_cam1 | violation=False
2026-07-23 16:06:33,104 - post_processor_0fcd8b3fbf5b - INFO - [FRAME RECEIVED] topic=post_processing | partition=0 | offset=157162 | frame_id=None | camera=ppe_test_cam1
2026-07-23 16:06:33,104 - post_processor_0fcd8b3fbf5b - INFO - [DETECT BATCH] START | od=0 | ppe=1
2026-07-23 16:06:33,105 - post_processor_0fcd8b3fbf5b - INFO - [PROCESS PPE DETECTION] camera=ppe_test_cam1 | severity=none | violated=[]
2026-07-23 16:06:33,105 - post_processor_0fcd8b3fbf5b - INFO - [DETECT BATCH] DONE | od=0 | ppe=1
2026-07-23 16:06:33,105 - post_processor_0fcd8b3fbf5b - INFO - PPE meta buffered | camera=ppe_test_cam1 | violation=False
2026-07-23 16:06:33,106 - post_processor_0fcd8b3fbf5b - INFO - PPE frame complete | camera=ppe_test_cam1 | violation=False
2026-07-23 16:06:51,168 - post_processor_0fcd8b3fbf5b - INFO - [FRAME RECEIVED] topic=post_processing | partition=0 | offset=157163 | frame_id=None | camera=ppe_test_cam1
2026-07-23 16:06:51,169 - post_processor_0fcd8b3fbf5b - INFO - [DETECT BATCH] START | od=0 | ppe=1
2026-07-23 16:06:51,169 - post_processor_0fcd8b3fbf5b - INFO - [PROCESS PPE DETECTION] camera=ppe_test_cam1 | severity=none | violated=[]
2026-07-23 16:06:51,170 - post_processor_0fcd8b3fbf5b - INFO - [DETECT BATCH] DONE | od=0 | ppe=1
2026-07-23 16:06:51,170 - post_processor_0fcd8b3fbf5b - INFO - PPE meta buffered | camera=ppe_test_cam1 | violation=False
2026-07-23 16:06:51,188 - post_processor_0fcd8b3fbf5b - INFO - PPE MongoDB batch insert | camera=ppe_test_cam1 | count=10
2026-07-23 16:06:51,189 - post_processor_0fcd8b3fbf5b - INFO - PPE frame complete | camera=ppe_test_cam1 | violation=False
2026-07-23 16:06:51,189 - post_processor_0fcd8b3fbf5b - INFO - Kafka offsets committed | count=10
2026-07-23 16:06:51,190 - post_processor_0fcd8b3fbf5b - INFO - [FRAME RECEIVED] topic=post_processing | partition=0 | offset=157164 | frame_id=None | camera=ppe_test_cam1
2026-07-23 16:06:51,190 - post_processor_0fcd8b3fbf5b - INFO - [DETECT BATCH] START | od=0 | ppe=1
2026-07-23 16:06:51,190 - post_processor_0fcd8b3fbf5b - INFO - [PROCESS PPE DETECTION] camera=ppe_test_cam1 | severity=low | violated=['No-Shoes', 'No-Shoes']
2026-07-23 16:06:51,193 - post_processor_0fcd8b3fbf5b - INFO - PPE alert image saved | path=/Aksha/ppe_test_cam1/alerts/2026-07-23/2026-07-23 16:06:51.19_alert.jpg
2026-07-23 16:06:51,193 - post_processor_0fcd8b3fbf5b - INFO - [DETECT BATCH] DONE | od=0 | ppe=1
2026-07-23 16:06:51,193 - post_processor_0fcd8b3fbf5b - INFO - PPE meta buffered | camera=ppe_test_cam1 | violation=True
2026-07-23 16:06:51,193 - post_processor_0fcd8b3fbf5b - INFO - ppe_status_check | has_violation=True | validity=True
2026-07-23 16:06:51,194 - post_processor_0fcd8b3fbf5b - INFO - PPE notification approved | camera=ppe_test_cam1 | severity=low
2026-07-23 16:06:51,194 - post_processor_0fcd8b3fbf5b - INFO - PPE notification sent | camera=ppe_test_cam1 | severity=low | topic=notification_service
2026-07-23 16:06:51,194 - post_processor_0fcd8b3fbf5b - INFO - PPE frame complete | camera=ppe_test_cam1 | violation=True
2026-07-23 16:06:52,214 - post_processor_0fcd8b3fbf5b - INFO - [FRAME RECEIVED] topic=post_processing | partition=0 | offset=157165 | frame_id=None | camera=ppe_test_cam1
2026-07-23 16:06:52,214 - post_processor_0fcd8b3fbf5b - INFO - [DETECT BATCH] START | od=0 | ppe=1
2026-07-23 16:06:52,214 - post_processor_0fcd8b3fbf5b - INFO - [PROCESS PPE DETECTION] camera=ppe_test_cam1 | severity=none | violated=[]
2026-07-23 16:06:52,215 - post_processor_0fcd8b3fbf5b - INFO - [DETECT BATCH] DONE | od=0 | ppe=1
2026-07-23 16:06:52,215 - post_processor_0fcd8b3fbf5b - INFO - PPE meta buffered | camera=ppe_test_cam1 | violation=False
2026-07-23 16:06:52,216 - post_processor_0fcd8b3fbf5b - INFO - PPE frame complete | camera=ppe_test_cam1 | violation=False
2026-07-23 16:06:52,251 - post_processor_0fcd8b3fbf5b - INFO - [FRAME RECEIVED] topic=post_processing | partition=0 | offset=157166 | frame_id=None | camera=ppe_test_cam1
2026-07-23 16:06:52,251 - post_processor_0fcd8b3fbf5b - INFO - [DETECT BATCH] START | od=0 | ppe=1
2026-07-23 16:06:52,252 - post_processor_0fcd8b3fbf5b - INFO - [PROCESS PPE DETECTION] camera=ppe_test_cam1 | severity=low | violated=['No-Shoes', 'No-Shoes']
2026-07-23 16:06:52,257 - post_processor_0fcd8b3fbf5b - INFO - PPE alert image saved | path=/Aksha/ppe_test_cam1/alerts/2026-07-23/2026-07-23 16:06:52.25_alert.jpg
2026-07-23 16:06:52,258 - post_processor_0fcd8b3fbf5b - INFO - [DETECT BATCH] DONE | od=0 | ppe=1
2026-07-23 16:06:52,258 - post_processor_0fcd8b3fbf5b - INFO - PPE meta buffered | camera=ppe_test_cam1 | violation=True
2026-07-23 16:06:52,258 - post_processor_0fcd8b3fbf5b - INFO - ppe_status_check | has_violation=True | validity=False
2026-07-23 16:06:52,259 - post_processor_0fcd8b3fbf5b - INFO - PPE notification suppressed by cooldown | camera=ppe_test_cam1
2026-07-23 16:06:52,259 - post_processor_0fcd8b3fbf5b - INFO - PPE frame complete | camera=ppe_test_cam1 | violation=True
2026-07-23 16:06:53,153 - post_processor_0fcd8b3fbf5b - INFO - [FRAME RECEIVED] topic=post_processing | partition=0 | offset=157167 | frame_id=None | camera=ppe_test_cam1
2026-07-23 16:06:53,153 - post_processor_0fcd8b3fbf5b - INFO - [DETECT BATCH] START | od=0 | ppe=1
2026-07-23 16:06:53,154 - post_processor_0fcd8b3fbf5b - INFO - [PROCESS PPE DETECTION] camera=ppe_test_cam1 | severity=none | violated=[]
2026-07-23 16:06:53,154 - post_processor_0fcd8b3fbf5b - INFO - [DETECT BATCH] DONE | od=0 | ppe=1
2026-07-23 16:06:53,154 - post_processor_0fcd8b3fbf5b - INFO - PPE meta buffered | camera=ppe_test_cam1 | violation=False
2026-07-23 16:06:53,154 - post_processor_0fcd8b3fbf5b - INFO - PPE frame complete | camera=ppe_test_cam1 | violation=False
2026-07-23 16:06:53,181 - post_processor_0fcd8b3fbf5b - INFO - [FRAME RECEIVED] topic=post_processing | partition=0 | offset=157168 | frame_id=None | camera=ppe_test_cam1
2026-07-23 16:06:53,181 - post_processor_0fcd8b3fbf5b - INFO - [DETECT BATCH] START | od=0 | ppe=1
2026-07-23 16:06:53,182 - post_processor_0fcd8b3fbf5b - INFO - [PROCESS PPE DETECTION] camera=ppe_test_cam1 | severity=low | violated=['No-Shoes', 'No-Shoes']
2026-07-23 16:06:53,185 - post_processor_0fcd8b3fbf5b - INFO - PPE alert image saved | path=/Aksha/ppe_test_cam1/alerts/2026-07-23/2026-07-23 16:06:53.18_alert.jpg
2026-07-23 16:06:53,185 - post_processor_0fcd8b3fbf5b - INFO - [DETECT BATCH] DONE | od=0 | ppe=1
2026-07-23 16:06:53,185 - post_processor_0fcd8b3fbf5b - INFO - PPE meta buffered | camera=ppe_test_cam1 | violation=True
2026-07-23 16:06:53,185 - post_processor_0fcd8b3fbf5b - INFO - ppe_status_check | has_violation=True | validity=False
2026-07-23 16:06:53,185 - post_processor_0fcd8b3fbf5b - INFO - PPE notification suppressed by cooldown | camera=ppe_test_cam1
2026-07-23 16:06:53,186 - post_processor_0fcd8b3fbf5b - INFO - PPE frame complete | camera=ppe_test_cam1 | violation=True
2026-07-23 16:06:54,162 - post_processor_0fcd8b3fbf5b - INFO - [FRAME RECEIVED] topic=post_processing | partition=0 | offset=157169 | frame_id=None | camera=ppe_test_cam1
2026-07-23 16:06:54,162 - post_processor_0fcd8b3fbf5b - INFO - [DETECT BATCH] START | od=0 | ppe=1
2026-07-23 16:06:54,162 - post_processor_0fcd8b3fbf5b - INFO - [PROCESS PPE DETECTION] camera=ppe_test_cam1 | severity=none | violated=[]
2026-07-23 16:06:54,162 - post_processor_0fcd8b3fbf5b - INFO - [DETECT BATCH] DONE | od=0 | ppe=1
2026-07-23 16:06:54,162 - post_processor_0fcd8b3fbf5b - INFO - PPE meta buffered | camera=ppe_test_cam1 | violation=False
2026-07-23 16:06:54,162 - post_processor_0fcd8b3fbf5b - INFO - PPE frame complete | camera=ppe_test_cam1 | violation=False
2026-07-23 16:06:54,194 - post_processor_0fcd8b3fbf5b - INFO - [FRAME RECEIVED] topic=post_processing | partition=0 | offset=157170 | frame_id=None | camera=ppe_test_cam1
2026-07-23 16:06:54,194 - post_processor_0fcd8b3fbf5b - INFO - [DETECT BATCH] START | od=0 | ppe=1
2026-07-23 16:06:54,195 - post_processor_0fcd8b3fbf5b - INFO - [PROCESS PPE DETECTION] camera=ppe_test_cam1 | severity=low | violated=['No-Shoes', 'No-Shoes']
2026-07-23 16:06:54,198 - post_processor_0fcd8b3fbf5b - INFO - PPE alert image saved | path=/Aksha/ppe_test_cam1/alerts/2026-07-23/2026-07-23 16:06:54.19_alert.jpg
2026-07-23 16:06:54,198 - post_processor_0fcd8b3fbf5b - INFO - [DETECT BATCH] DONE | od=0 | ppe=1
2026-07-23 16:06:54,198 - post_processor_0fcd8b3fbf5b - INFO - PPE meta buffered | camera=ppe_test_cam1 | violation=True
2026-07-23 16:06:54,198 - post_processor_0fcd8b3fbf5b - INFO - ppe_status_check | has_violation=True | validity=False
2026-07-23 16:06:54,198 - post_processor_0fcd8b3fbf5b - INFO - PPE notification suppressed by cooldown | camera=ppe_test_cam1
2026-07-23 16:06:54,199 - post_processor_0fcd8b3fbf5b - INFO - PPE frame complete | camera=ppe_test_cam1 | violation=True
2026-07-23 16:06:55,123 - post_processor_0fcd8b3fbf5b - INFO - [FRAME RECEIVED] topic=post_processing | partition=0 | offset=157171 | frame_id=None | camera=ppe_test_cam1
2026-07-23 16:06:55,124 - post_processor_0fcd8b3fbf5b - INFO - [DETECT BATCH] START | od=0 | ppe=1
2026-07-23 16:06:55,124 - post_processor_0fcd8b3fbf5b - INFO - [PROCESS PPE DETECTION] camera=ppe_test_cam1 | severity=none | violated=[]
2026-07-23 16:06:55,124 - post_processor_0fcd8b3fbf5b - INFO - [DETECT BATCH] DONE | od=0 | ppe=1
2026-07-23 16:06:55,124 - post_processor_0fcd8b3fbf5b - INFO - PPE meta buffered | camera=ppe_test_cam1 | violation=False
2026-07-23 16:06:55,124 - post_processor_0fcd8b3fbf5b - INFO - PPE frame complete | camera=ppe_test_cam1 | violation=False
2026-07-23 16:07:00,150 - post_processor_0fcd8b3fbf5b - INFO - [FRAME RECEIVED] topic=post_processing | partition=0 | offset=157172 | frame_id=None | camera=ppe_test_cam1
2026-07-23 16:07:00,150 - post_processor_0fcd8b3fbf5b - INFO - [DETECT BATCH] START | od=0 | ppe=1
2026-07-23 16:07:00,150 - post_processor_0fcd8b3fbf5b - INFO - [PROCESS PPE DETECTION] camera=ppe_test_cam1 | severity=none | violated=[]
2026-07-23 16:07:00,150 - post_processor_0fcd8b3fbf5b - INFO - [DETECT BATCH] DONE | od=0 | ppe=1
2026-07-23 16:07:00,151 - post_processor_0fcd8b3fbf5b - INFO - PPE meta buffered | camera=ppe_test_cam1 | violation=False
2026-07-23 16:07:00,151 - post_processor_0fcd8b3fbf5b - INFO - PPE frame complete | camera=ppe_test_cam1 | violation=False
2026-07-23 16:07:01,117 - post_processor_0fcd8b3fbf5b - INFO - [FRAME RECEIVED] topic=post_processing | partition=0 | offset=157173 | frame_id=None | camera=ppe_test_cam1
2026-07-23 16:07:01,117 - post_processor_0fcd8b3fbf5b - INFO - [DETECT BATCH] START | od=0 | ppe=1
2026-07-23 16:07:01,118 - post_processor_0fcd8b3fbf5b - INFO - [PROCESS PPE DETECTION] camera=ppe_test_cam1 | severity=none | violated=[]
2026-07-23 16:07:01,119 - post_processor_0fcd8b3fbf5b - INFO - [DETECT BATCH] DONE | od=0 | ppe=1
2026-07-23 16:07:01,119 - post_processor_0fcd8b3fbf5b - INFO - PPE meta buffered | camera=ppe_test_cam1 | violation=False
2026-07-23 16:07:01,156 - post_processor_0fcd8b3fbf5b - INFO - PPE MongoDB batch insert | camera=ppe_test_cam1 | count=10
2026-07-23 16:07:01,156 - post_processor_0fcd8b3fbf5b - INFO - PPE frame complete | camera=ppe_test_cam1 | violation=False
2026-07-23 16:07:01,157 - post_processor_0fcd8b3fbf5b - INFO - Kafka offsets committed | count=10
2026-07-23 16:07:02,227 - post_processor_0fcd8b3fbf5b - INFO - [FRAME RECEIVED] topic=post_processing | partition=0 | offset=157174 | frame_id=None | camera=ppe_test_cam1
2026-07-23 16:07:02,227 - post_processor_0fcd8b3fbf5b - INFO - [DETECT BATCH] START | od=0 | ppe=1
2026-07-23 16:07:02,227 - post_processor_0fcd8b3fbf5b - INFO - [PROCESS PPE DETECTION] camera=ppe_test_cam1 | severity=none | violated=[]
2026-07-23 16:07:02,228 - post_processor_0fcd8b3fbf5b - INFO - [DETECT BATCH] DONE | od=0 | ppe=1
2026-07-23 16:07:02,228 - post_processor_0fcd8b3fbf5b - INFO - PPE meta buffered | camera=ppe_test_cam1 | violation=False
2026-07-23 16:07:02,228 - post_processor_0fcd8b3fbf5b - INFO - PPE frame complete | camera=ppe_test_cam1 | violation=False
2026-07-23 16:07:03,107 - post_processor_0fcd8b3fbf5b - INFO - [FRAME RECEIVED] topic=post_processing | partition=0 | offset=157175 | frame_id=None | camera=ppe_test_cam1
2026-07-23 16:07:03,107 - post_processor_0fcd8b3fbf5b - INFO - [DETECT BATCH] START | od=0 | ppe=1
2026-07-23 16:07:03,107 - post_processor_0fcd8b3fbf5b - INFO - [PROCESS PPE DETECTION] camera=ppe_test_cam1 | severity=none | violated=[]
2026-07-23 16:07:03,107 - post_processor_0fcd8b3fbf5b - INFO - [DETECT BATCH] DONE | od=0 | ppe=1
2026-07-23 16:07:03,108 - post_processor_0fcd8b3fbf5b - INFO - PPE meta buffered | camera=ppe_test_cam1 | violation=False
2026-07-23 16:07:03,108 - post_processor_0fcd8b3fbf5b - INFO - PPE frame complete | camera=ppe_test_cam1 | violation=False
2026-07-23 16:07:04,182 - post_processor_0fcd8b3fbf5b - INFO - [FRAME RECEIVED] topic=post_processing | partition=0 | offset=157176 | frame_id=None | camera=ppe_test_cam1
2026-07-23 16:07:04,183 - post_processor_0fcd8b3fbf5b - INFO - [DETECT BATCH] START | od=0 | ppe=1
2026-07-23 16:07:04,183 - post_processor_0fcd8b3fbf5b - INFO - [PROCESS PPE DETECTION] camera=ppe_test_cam1 | severity=none | violated=[]
2026-07-23 16:07:04,183 - post_processor_0fcd8b3fbf5b - INFO - [DETECT BATCH] DONE | od=0 | ppe=1
2026-07-23 16:07:04,183 - post_processor_0fcd8b3fbf5b - INFO - PPE meta buffered | camera=ppe_test_cam1 | violation=False
2026-07-23 16:07:04,183 - post_processor_0fcd8b3fbf5b - INFO - PPE frame complete | camera=ppe_test_cam1 | violation=False
2026-07-23 16:07:05,153 - post_processor_0fcd8b3fbf5b - INFO - [FRAME RECEIVED] topic=post_processing | partition=0 | offset=157177 | frame_id=None | camera=ppe_test_cam1
2026-07-23 16:07:05,153 - post_processor_0fcd8b3fbf5b - INFO - [DETECT BATCH] START | od=0 | ppe=1
2026-07-23 16:07:05,154 - post_processor_0fcd8b3fbf5b - INFO - [PROCESS PPE DETECTION] camera=ppe_test_cam1 | severity=none | violated=[]
2026-07-23 16:07:05,154 - post_processor_0fcd8b3fbf5b - INFO - [DETECT BATCH] DONE | od=0 | ppe=1
2026-07-23 16:07:05,154 - post_processor_0fcd8b3fbf5b - INFO - PPE meta buffered | camera=ppe_test_cam1 | violation=False
2026-07-23 16:07:05,154 - post_processor_0fcd8b3fbf5b - INFO - PPE frame complete | camera=ppe_test_cam1 | violation=False
2026-07-23 16:07:06,060 - post_processor_0fcd8b3fbf5b - INFO - [FRAME RECEIVED] topic=post_processing | partition=0 | offset=157178 | frame_id=None | camera=ppe_test_cam1
2026-07-23 16:07:06,060 - post_processor_0fcd8b3fbf5b - INFO - [DETECT BATCH] START | od=0 | ppe=1
2026-07-23 16:07:06,060 - post_processor_0fcd8b3fbf5b - INFO - [PROCESS PPE DETECTION] camera=ppe_test_cam1 | severity=none | violated=[]
2026-07-23 16:07:06,061 - post_processor_0fcd8b3fbf5b - INFO - [DETECT BATCH] DONE | od=0 | ppe=1
2026-07-23 16:07:06,061 - post_processor_0fcd8b3fbf5b - INFO - PPE meta buffered | camera=ppe_test_cam1 | violation=False
2026-07-23 16:07:06,061 - post_processor_0fcd8b3fbf5b - INFO - PPE frame complete | camera=ppe_test_cam1 | violation=False
2026-07-23 16:07:07,176 - post_processor_0fcd8b3fbf5b - INFO - [FRAME RECEIVED] topic=post_processing | partition=0 | offset=157179 | frame_id=None | camera=ppe_test_cam1
2026-07-23 16:07:07,176 - post_processor_0fcd8b3fbf5b - INFO - [DETECT BATCH] START | od=0 | ppe=1
2026-07-23 16:07:07,177 - post_processor_0fcd8b3fbf5b - INFO - [PROCESS PPE DETECTION] camera=ppe_test_cam1 | severity=none | violated=[]
2026-07-23 16:07:07,179 - post_processor_0fcd8b3fbf5b - INFO - [DETECT BATCH] DONE | od=0 | ppe=1
2026-07-23 16:07:07,179 - post_processor_0fcd8b3fbf5b - INFO - PPE meta buffered | camera=ppe_test_cam1 | violation=False
2026-07-23 16:07:07,179 - post_processor_0fcd8b3fbf5b - INFO - PPE frame complete | camera=ppe_test_cam1 | violation=False
2026-07-23 16:07:07,180 - post_processor_0fcd8b3fbf5b - INFO - [FRAME RECEIVED] topic=post_processing | partition=0 | offset=157180 | frame_id=None | camera=ppe_test_cam1
2026-07-23 16:07:07,180 - post_processor_0fcd8b3fbf5b - INFO - [DETECT BATCH] START | od=0 | ppe=1
2026-07-23 16:07:07,180 - post_processor_0fcd8b3fbf5b - INFO - [PROCESS PPE DETECTION] camera=ppe_test_cam1 | severity=none | violated=[]
2026-07-23 16:07:07,180 - post_processor_0fcd8b3fbf5b - INFO - [DETECT BATCH] DONE | od=0 | ppe=1
2026-07-23 16:07:07,180 - post_processor_0fcd8b3fbf5b - INFO - PPE meta buffered | camera=ppe_test_cam1 | violation=False
2026-07-23 16:07:07,181 - post_processor_0fcd8b3fbf5b - INFO - PPE frame complete | camera=ppe_test_cam1 | violation=False
2026-07-23 16:07:32,207 - post_processor_0fcd8b3fbf5b - INFO - [FRAME RECEIVED] topic=post_processing | partition=0 | offset=157181 | frame_id=None | camera=ppe_test_cam1
2026-07-23 16:07:32,207 - post_processor_0fcd8b3fbf5b - INFO - [DETECT BATCH] START | od=0 | ppe=1
2026-07-23 16:07:32,208 - post_processor_0fcd8b3fbf5b - INFO - [PROCESS PPE DETECTION] camera=ppe_test_cam1 | severity=none | violated=[]
2026-07-23 16:07:32,208 - post_processor_0fcd8b3fbf5b - INFO - [DETECT BATCH] DONE | od=0 | ppe=1
2026-07-23 16:07:32,208 - post_processor_0fcd8b3fbf5b - INFO - PPE meta buffered | camera=ppe_test_cam1 | violation=False
2026-07-23 16:07:32,208 - post_processor_0fcd8b3fbf5b - INFO - PPE frame complete | camera=ppe_test_cam1 | violation=False
2026-07-23 16:07:33,114 - post_processor_0fcd8b3fbf5b - INFO - [FRAME RECEIVED] topic=post_processing | partition=0 | offset=157182 | frame_id=None | camera=ppe_test_cam1
2026-07-23 16:07:33,114 - post_processor_0fcd8b3fbf5b - INFO - [DETECT BATCH] START | od=0 | ppe=1
2026-07-23 16:07:33,115 - post_processor_0fcd8b3fbf5b - INFO - [PROCESS PPE DETECTION] camera=ppe_test_cam1 | severity=none | violated=[]
2026-07-23 16:07:33,115 - post_processor_0fcd8b3fbf5b - INFO - [DETECT BATCH] DONE | od=0 | ppe=1
2026-07-23 16:07:33,115 - post_processor_0fcd8b3fbf5b - INFO - PPE meta buffered | camera=ppe_test_cam1 | violation=False
2026-07-23 16:07:33,115 - post_processor_0fcd8b3fbf5b - INFO - PPE frame complete | camera=ppe_test_cam1 | violation=False
2026-07-23 16:07:51,311 - post_processor_0fcd8b3fbf5b - INFO - [FRAME RECEIVED] topic=post_processing | partition=0 | offset=157183 | frame_id=None | camera=ppe_test_cam1
2026-07-23 16:07:51,311 - post_processor_0fcd8b3fbf5b - INFO - [DETECT BATCH] START | od=0 | ppe=1
2026-07-23 16:07:51,312 - post_processor_0fcd8b3fbf5b - INFO - [PROCESS PPE DETECTION] camera=ppe_test_cam1 | severity=none | violated=[]
2026-07-23 16:07:51,313 - post_processor_0fcd8b3fbf5b - INFO - [DETECT BATCH] DONE | od=0 | ppe=1
2026-07-23 16:07:51,313 - post_processor_0fcd8b3fbf5b - INFO - PPE meta buffered | camera=ppe_test_cam1 | violation=False
2026-07-23 16:07:51,709 - post_processor_0fcd8b3fbf5b - INFO - PPE MongoDB batch insert | camera=ppe_test_cam1 | count=10
2026-07-23 16:07:51,709 - post_processor_0fcd8b3fbf5b - INFO - PPE frame complete | camera=ppe_test_cam1 | violation=False
2026-07-23 16:07:51,711 - post_processor_0fcd8b3fbf5b - INFO - Kafka offsets committed | count=10
2026-07-23 16:07:51,712 - post_processor_0fcd8b3fbf5b - INFO - [FRAME RECEIVED] topic=post_processing | partition=0 | offset=157184 | frame_id=None | camera=ppe_test_cam1
2026-07-23 16:07:51,712 - post_processor_0fcd8b3fbf5b - INFO - [DETECT BATCH] START | od=0 | ppe=1
2026-07-23 16:07:51,712 - post_processor_0fcd8b3fbf5b - INFO - [PROCESS PPE DETECTION] camera=ppe_test_cam1 | severity=low | violated=['No-Shoes', 'No-Shoes']
2026-07-23 16:07:51,717 - post_processor_0fcd8b3fbf5b - INFO - PPE alert image saved | path=/Aksha/ppe_test_cam1/alerts/2026-07-23/2026-07-23 16:07:51.71_alert.jpg
2026-07-23 16:07:51,717 - post_processor_0fcd8b3fbf5b - INFO - [DETECT BATCH] DONE | od=0 | ppe=1
2026-07-23 16:07:51,718 - post_processor_0fcd8b3fbf5b - INFO - PPE meta buffered | camera=ppe_test_cam1 | violation=True
2026-07-23 16:07:51,718 - post_processor_0fcd8b3fbf5b - INFO - ppe_status_check | has_violation=True | validity=True
2026-07-23 16:07:51,718 - post_processor_0fcd8b3fbf5b - INFO - PPE notification approved | camera=ppe_test_cam1 | severity=low
2026-07-23 16:07:51,719 - post_processor_0fcd8b3fbf5b - INFO - PPE notification sent | camera=ppe_test_cam1 | severity=low | topic=notification_service
2026-07-23 16:07:51,727 - post_processor_0fcd8b3fbf5b - INFO - PPE frame complete | camera=ppe_test_cam1 | violation=True
2026-07-23 16:07:52,124 - post_processor_0fcd8b3fbf5b - INFO - [FRAME RECEIVED] topic=post_processing | partition=0 | offset=157185 | frame_id=None | camera=ppe_test_cam1
2026-07-23 16:07:52,124 - post_processor_0fcd8b3fbf5b - INFO - [DETECT BATCH] START | od=0 | ppe=1
2026-07-23 16:07:52,125 - post_processor_0fcd8b3fbf5b - INFO - [PROCESS PPE DETECTION] camera=ppe_test_cam1 | severity=none | violated=[]
2026-07-23 16:07:52,125 - post_processor_0fcd8b3fbf5b - INFO - [DETECT BATCH] DONE | od=0 | ppe=1
2026-07-23 16:07:52,126 - post_processor_0fcd8b3fbf5b - INFO - PPE meta buffered | camera=ppe_test_cam1 | violation=False
2026-07-23 16:07:52,126 - post_processor_0fcd8b3fbf5b - INFO - PPE frame complete | camera=ppe_test_cam1 | violation=False
2026-07-23 16:07:52,152 - post_processor_0fcd8b3fbf5b - INFO - [FRAME RECEIVED] topic=post_processing | partition=0 | offset=157186 | frame_id=None | camera=ppe_test_cam1
2026-07-23 16:07:52,152 - post_processor_0fcd8b3fbf5b - INFO - [DETECT BATCH] START | od=0 | ppe=1
2026-07-23 16:07:52,152 - post_processor_0fcd8b3fbf5b - INFO - [PROCESS PPE DETECTION] camera=ppe_test_cam1 | severity=low | violated=['No-Shoes', 'No-Shoes']
2026-07-23 16:07:52,155 - post_processor_0fcd8b3fbf5b - INFO - PPE alert image saved | path=/Aksha/ppe_test_cam1/alerts/2026-07-23/2026-07-23 16:07:52.15_alert.jpg
2026-07-23 16:07:52,155 - post_processor_0fcd8b3fbf5b - INFO - [DETECT BATCH] DONE | od=0 | ppe=1
2026-07-23 16:07:52,155 - post_processor_0fcd8b3fbf5b - INFO - PPE meta buffered | camera=ppe_test_cam1 | violation=True
2026-07-23 16:07:52,156 - post_processor_0fcd8b3fbf5b - INFO - ppe_status_check | has_violation=True | validity=False
2026-07-23 16:07:52,156 - post_processor_0fcd8b3fbf5b - INFO - PPE notification suppressed by cooldown | camera=ppe_test_cam1
2026-07-23 16:07:52,156 - post_processor_0fcd8b3fbf5b - INFO - PPE frame complete | camera=ppe_test_cam1 | violation=True
2026-07-23 16:07:53,338 - post_processor_0fcd8b3fbf5b - INFO - [FRAME RECEIVED] topic=post_processing | partition=0 | offset=157187 | frame_id=None | camera=ppe_test_cam1
2026-07-23 16:07:53,338 - post_processor_0fcd8b3fbf5b - INFO - [DETECT BATCH] START | od=0 | ppe=1
2026-07-23 16:07:53,338 - post_processor_0fcd8b3fbf5b - INFO - [PROCESS PPE DETECTION] camera=ppe_test_cam1 | severity=none | violated=[]
2026-07-23 16:07:53,339 - post_processor_0fcd8b3fbf5b - INFO - [DETECT BATCH] DONE | od=0 | ppe=1
2026-07-23 16:07:53,339 - post_processor_0fcd8b3fbf5b - INFO - PPE meta buffered | camera=ppe_test_cam1 | violation=False
2026-07-23 16:07:53,339 - post_processor_0fcd8b3fbf5b - INFO - PPE frame complete | camera=ppe_test_cam1 | violation=False
2026-07-23 16:07:53,367 - post_processor_0fcd8b3fbf5b - INFO - [FRAME RECEIVED] topic=post_processing | partition=0 | offset=157188 | frame_id=None | camera=ppe_test_cam1
2026-07-23 16:07:53,367 - post_processor_0fcd8b3fbf5b - INFO - [DETECT BATCH] START | od=0 | ppe=1
2026-07-23 16:07:53,368 - post_processor_0fcd8b3fbf5b - INFO - [PROCESS PPE DETECTION] camera=ppe_test_cam1 | severity=low | violated=['No-Shoes', 'No-Shoes']
2026-07-23 16:07:53,372 - post_processor_0fcd8b3fbf5b - INFO - PPE alert image saved | path=/Aksha/ppe_test_cam1/alerts/2026-07-23/2026-07-23 16:07:53.37_alert.jpg
2026-07-23 16:07:53,372 - post_processor_0fcd8b3fbf5b - INFO - [DETECT BATCH] DONE | od=0 | ppe=1
2026-07-23 16:07:53,372 - post_processor_0fcd8b3fbf5b - INFO - PPE meta buffered | camera=ppe_test_cam1 | violation=True
2026-07-23 16:07:53,373 - post_processor_0fcd8b3fbf5b - INFO - ppe_status_check | has_violation=True | validity=False
2026-07-23 16:07:53,373 - post_processor_0fcd8b3fbf5b - INFO - PPE notification suppressed by cooldown | camera=ppe_test_cam1
2026-07-23 16:07:53,374 - post_processor_0fcd8b3fbf5b - INFO - PPE frame complete | camera=ppe_test_cam1 | violation=True
2026-07-23 16:07:54,138 - post_processor_0fcd8b3fbf5b - INFO - [FRAME RECEIVED] topic=post_processing | partition=0 | offset=157189 | frame_id=None | camera=ppe_test_cam1
2026-07-23 16:07:54,138 - post_processor_0fcd8b3fbf5b - INFO - [DETECT BATCH] START | od=0 | ppe=1
2026-07-23 16:07:54,139 - post_processor_0fcd8b3fbf5b - INFO - [PROCESS PPE DETECTION] camera=ppe_test_cam1 | severity=none | violated=[]
2026-07-23 16:07:54,139 - post_processor_0fcd8b3fbf5b - INFO - [DETECT BATCH] DONE | od=0 | ppe=1
2026-07-23 16:07:54,139 - post_processor_0fcd8b3fbf5b - INFO - PPE meta buffered | camera=ppe_test_cam1 | violation=False
2026-07-23 16:07:54,139 - post_processor_0fcd8b3fbf5b - INFO - PPE frame complete | camera=ppe_test_cam1 | violation=False
2026-07-23 16:07:54,168 - post_processor_0fcd8b3fbf5b - INFO - [FRAME RECEIVED] topic=post_processing | partition=0 | offset=157190 | frame_id=None | camera=ppe_test_cam1
2026-07-23 16:07:54,168 - post_processor_0fcd8b3fbf5b - INFO - [DETECT BATCH] START | od=0 | ppe=1
2026-07-23 16:07:54,168 - post_processor_0fcd8b3fbf5b - INFO - [PROCESS PPE DETECTION] camera=ppe_test_cam1 | severity=low | violated=['No-Shoes', 'No-Shoes']
2026-07-23 16:07:54,171 - post_processor_0fcd8b3fbf5b - INFO - PPE alert image saved | path=/Aksha/ppe_test_cam1/alerts/2026-07-23/2026-07-23 16:07:54.17_alert.jpg
2026-07-23 16:07:54,171 - post_processor_0fcd8b3fbf5b - INFO - [DETECT BATCH] DONE | od=0 | ppe=1
2026-07-23 16:07:54,171 - post_processor_0fcd8b3fbf5b - INFO - PPE meta buffered | camera=ppe_test_cam1 | violation=True
2026-07-23 16:07:54,172 - post_processor_0fcd8b3fbf5b - INFO - ppe_status_check | has_violation=True | validity=False
2026-07-23 16:07:54,172 - post_processor_0fcd8b3fbf5b - INFO - PPE notification suppressed by cooldown | camera=ppe_test_cam1
2026-07-23 16:07:54,172 - post_processor_0fcd8b3fbf5b - INFO - PPE frame complete | camera=ppe_test_cam1 | violation=True
2026-07-23 16:07:55,173 - post_processor_0fcd8b3fbf5b - INFO - [FRAME RECEIVED] topic=post_processing | partition=0 | offset=157191 | frame_id=None | camera=ppe_test_cam1
2026-07-23 16:07:55,173 - post_processor_0fcd8b3fbf5b - INFO - [DETECT BATCH] START | od=0 | ppe=1
2026-07-23 16:07:55,174 - post_processor_0fcd8b3fbf5b - INFO - [PROCESS PPE DETECTION] camera=ppe_test_cam1 | severity=none | violated=[]
2026-07-23 16:07:55,174 - post_processor_0fcd8b3fbf5b - INFO - [DETECT BATCH] DONE | od=0 | ppe=1
2026-07-23 16:07:55,174 - post_processor_0fcd8b3fbf5b - INFO - PPE meta buffered | camera=ppe_test_cam1 | violation=False
2026-07-23 16:07:55,174 - post_processor_0fcd8b3fbf5b - INFO - PPE frame complete | camera=ppe_test_cam1 | violation=False
2026-07-23 16:08:00,131 - post_processor_0fcd8b3fbf5b - INFO - [FRAME RECEIVED] topic=post_processing | partition=0 | offset=157192 | frame_id=None | camera=ppe_test_cam1
2026-07-23 16:08:00,131 - post_processor_0fcd8b3fbf5b - INFO - [DETECT BATCH] START | od=0 | ppe=1
2026-07-23 16:08:00,132 - post_processor_0fcd8b3fbf5b - INFO - [PROCESS PPE DETECTION] camera=ppe_test_cam1 | severity=none | violated=[]
2026-07-23 16:08:00,132 - post_processor_0fcd8b3fbf5b - INFO - [DETECT BATCH] DONE | od=0 | ppe=1
2026-07-23 16:08:00,133 - post_processor_0fcd8b3fbf5b - INFO - PPE meta buffered | camera=ppe_test_cam1 | violation=False
2026-07-23 16:08:00,133 - post_processor_0fcd8b3fbf5b - INFO - PPE frame complete | camera=ppe_test_cam1 | violation=False
2026-07-23 16:08:01,146 - post_processor_0fcd8b3fbf5b - INFO - [FRAME RECEIVED] topic=post_processing | partition=0 | offset=157193 | frame_id=None | camera=ppe_test_cam1
2026-07-23 16:08:01,147 - post_processor_0fcd8b3fbf5b - INFO - [DETECT BATCH] START | od=0 | ppe=1
2026-07-23 16:08:01,147 - post_processor_0fcd8b3fbf5b - INFO - [PROCESS PPE DETECTION] camera=ppe_test_cam1 | severity=none | violated=[]
2026-07-23 16:08:01,147 - post_processor_0fcd8b3fbf5b - INFO - [DETECT BATCH] DONE | od=0 | ppe=1
2026-07-23 16:08:01,147 - post_processor_0fcd8b3fbf5b - INFO - PPE meta buffered | camera=ppe_test_cam1 | violation=False
2026-07-23 16:08:01,165 - post_processor_0fcd8b3fbf5b - INFO - PPE MongoDB batch insert | camera=ppe_test_cam1 | count=10
2026-07-23 16:08:01,165 - post_processor_0fcd8b3fbf5b - INFO - PPE frame complete | camera=ppe_test_cam1 | violation=False
2026-07-23 16:08:01,166 - post_processor_0fcd8b3fbf5b - INFO - Kafka offsets committed | count=10
2026-07-23 16:08:02,071 - post_processor_0fcd8b3fbf5b - INFO - [FRAME RECEIVED] topic=post_processing | partition=0 | offset=157194 | frame_id=None | camera=ppe_test_cam1
2026-07-23 16:08:02,071 - post_processor_0fcd8b3fbf5b - INFO - [DETECT BATCH] START | od=0 | ppe=1
2026-07-23 16:08:02,072 - post_processor_0fcd8b3fbf5b - INFO - [PROCESS PPE DETECTION] camera=ppe_test_cam1 | severity=none | violated=[]
2026-07-23 16:08:02,073 - post_processor_0fcd8b3fbf5b - INFO - [DETECT BATCH] DONE | od=0 | ppe=1
2026-07-23 16:08:02,073 - post_processor_0fcd8b3fbf5b - INFO - PPE meta buffered | camera=ppe_test_cam1 | violation=False
2026-07-23 16:08:02,073 - post_processor_0fcd8b3fbf5b - INFO - PPE frame complete | camera=ppe_test_cam1 | violation=False
2026-07-23 16:08:03,137 - post_processor_0fcd8b3fbf5b - INFO - [FRAME RECEIVED] topic=post_processing | partition=0 | offset=157195 | frame_id=None | camera=ppe_test_cam1
2026-07-23 16:08:03,137 - post_processor_0fcd8b3fbf5b - INFO - [DETECT BATCH] START | od=0 | ppe=1
2026-07-23 16:08:03,137 - post_processor_0fcd8b3fbf5b - INFO - [PROCESS PPE DETECTION] camera=ppe_test_cam1 | severity=none | violated=[]
2026-07-23 16:08:03,138 - post_processor_0fcd8b3fbf5b - INFO - [DETECT BATCH] DONE | od=0 | ppe=1
2026-07-23 16:08:03,138 - post_processor_0fcd8b3fbf5b - INFO - PPE meta buffered | camera=ppe_test_cam1 | violation=False
2026-07-23 16:08:03,138 - post_processor_0fcd8b3fbf5b - INFO - PPE frame complete | camera=ppe_test_cam1 | violation=False
2026-07-23 16:08:04,129 - post_processor_0fcd8b3fbf5b - INFO - [FRAME RECEIVED] topic=post_processing | partition=0 | offset=157196 | frame_id=None | camera=ppe_test_cam1
2026-07-23 16:08:04,129 - post_processor_0fcd8b3fbf5b - INFO - [DETECT BATCH] START | od=0 | ppe=1
2026-07-23 16:08:04,129 - post_processor_0fcd8b3fbf5b - INFO - [PROCESS PPE DETECTION] camera=ppe_test_cam1 | severity=none | violated=[]
2026-07-23 16:08:04,130 - post_processor_0fcd8b3fbf5b - INFO - [DETECT BATCH] DONE | od=0 | ppe=1
2026-07-23 16:08:04,130 - post_processor_0fcd8b3fbf5b - INFO - PPE meta buffered | camera=ppe_test_cam1 | violation=False
2026-07-23 16:08:04,130 - post_processor_0fcd8b3fbf5b - INFO - PPE frame complete | camera=ppe_test_cam1 | violation=False
2026-07-23 16:08:05,137 - post_processor_0fcd8b3fbf5b - INFO - [FRAME RECEIVED] topic=post_processing | partition=0 | offset=157197 | frame_id=None | camera=ppe_test_cam1
2026-07-23 16:08:05,137 - post_processor_0fcd8b3fbf5b - INFO - [DETECT BATCH] START | od=0 | ppe=1
2026-07-23 16:08:05,138 - post_processor_0fcd8b3fbf5b - INFO - [PROCESS PPE DETECTION] camera=ppe_test_cam1 | severity=none | violated=[]
2026-07-23 16:08:05,138 - post_processor_0fcd8b3fbf5b - INFO - [DETECT BATCH] DONE | od=0 | ppe=1
2026-07-23 16:08:05,138 - post_processor_0fcd8b3fbf5b - INFO - PPE meta buffered | camera=ppe_test_cam1 | violation=False
2026-07-23 16:08:05,138 - post_processor_0fcd8b3fbf5b - INFO - PPE frame complete | camera=ppe_test_cam1 | violation=False
2026-07-23 16:08:06,178 - post_processor_0fcd8b3fbf5b - INFO - [FRAME RECEIVED] topic=post_processing | partition=0 | offset=157198 | frame_id=None | camera=ppe_test_cam1
2026-07-23 16:08:06,178 - post_processor_0fcd8b3fbf5b - INFO - [DETECT BATCH] START | od=0 | ppe=1
2026-07-23 16:08:06,178 - post_processor_0fcd8b3fbf5b - INFO - [PROCESS PPE DETECTION] camera=ppe_test_cam1 | severity=none | violated=[]
2026-07-23 16:08:06,179 - post_processor_0fcd8b3fbf5b - INFO - [DETECT BATCH] DONE | od=0 | ppe=1
2026-07-23 16:08:06,179 - post_processor_0fcd8b3fbf5b - INFO - PPE meta buffered | camera=ppe_test_cam1 | violation=False
2026-07-23 16:08:06,179 - post_processor_0fcd8b3fbf5b - INFO - PPE frame complete | camera=ppe_test_cam1 | violation=False
2026-07-23 16:08:07,078 - post_processor_0fcd8b3fbf5b - INFO - [FRAME RECEIVED] topic=post_processing | partition=0 | offset=157199 | frame_id=None | camera=ppe_test_cam1
2026-07-23 16:08:07,078 - post_processor_0fcd8b3fbf5b - INFO - [DETECT BATCH] START | od=0 | ppe=1
2026-07-23 16:08:07,079 - post_processor_0fcd8b3fbf5b - INFO - [PROCESS PPE DETECTION] camera=ppe_test_cam1 | severity=none | violated=[]
2026-07-23 16:08:07,079 - post_processor_0fcd8b3fbf5b - INFO - [DETECT BATCH] DONE | od=0 | ppe=1
2026-07-23 16:08:07,080 - post_processor_0fcd8b3fbf5b - INFO - PPE meta buffered | camera=ppe_test_cam1 | violation=False
2026-07-23 16:08:07,080 - post_processor_0fcd8b3fbf5b - INFO - PPE frame complete | camera=ppe_test_cam1 | violation=False
2026-07-23 16:08:07,112 - post_processor_0fcd8b3fbf5b - INFO - [FRAME RECEIVED] topic=post_processing | partition=0 | offset=157200 | frame_id=None | camera=ppe_test_cam1
2026-07-23 16:08:07,112 - post_processor_0fcd8b3fbf5b - INFO - [DETECT BATCH] START | od=0 | ppe=1
2026-07-23 16:08:07,112 - post_processor_0fcd8b3fbf5b - INFO - [PROCESS PPE DETECTION] camera=ppe_test_cam1 | severity=none | violated=[]
2026-07-23 16:08:07,113 - post_processor_0fcd8b3fbf5b - INFO - [DETECT BATCH] DONE | od=0 | ppe=1
2026-07-23 16:08:07,113 - post_processor_0fcd8b3fbf5b - INFO - PPE meta buffered | camera=ppe_test_cam1 | violation=False
2026-07-23 16:08:07,113 - post_processor_0fcd8b3fbf5b - INFO - PPE frame complete | camera=ppe_test_cam1 | violation=False
2026-07-23 16:08:32,149 - post_processor_0fcd8b3fbf5b - INFO - [FRAME RECEIVED] topic=post_processing | partition=0 | offset=157201 | frame_id=None | camera=ppe_test_cam1
2026-07-23 16:08:32,149 - post_processor_0fcd8b3fbf5b - INFO - [DETECT BATCH] START | od=0 | ppe=1
2026-07-23 16:08:32,149 - post_processor_0fcd8b3fbf5b - INFO - [PROCESS PPE DETECTION] camera=ppe_test_cam1 | severity=none | violated=[]
2026-07-23 16:08:32,150 - post_processor_0fcd8b3fbf5b - INFO - [DETECT BATCH] DONE | od=0 | ppe=1
2026-07-23 16:08:32,150 - post_processor_0fcd8b3fbf5b - INFO - PPE meta buffered | camera=ppe_test_cam1 | violation=False
2026-07-23 16:08:32,150 - post_processor_0fcd8b3fbf5b - INFO - PPE frame complete | camera=ppe_test_cam1 | violation=False
2026-07-23 16:08:33,163 - post_processor_0fcd8b3fbf5b - INFO - [FRAME RECEIVED] topic=post_processing | partition=0 | offset=157202 | frame_id=None | camera=ppe_test_cam1
2026-07-23 16:08:33,163 - post_processor_0fcd8b3fbf5b - INFO - [DETECT BATCH] START | od=0 | ppe=1
2026-07-23 16:08:33,163 - post_processor_0fcd8b3fbf5b - INFO - [PROCESS PPE DETECTION] camera=ppe_test_cam1 | severity=none | violated=[]
2026-07-23 16:08:33,164 - post_processor_0fcd8b3fbf5b - INFO - [DETECT BATCH] DONE | od=0 | ppe=1
2026-07-23 16:08:33,164 - post_processor_0fcd8b3fbf5b - INFO - PPE meta buffered | camera=ppe_test_cam1 | violation=False
2026-07-23 16:08:33,164 - post_processor_0fcd8b3fbf5b - INFO - PPE frame complete | camera=ppe_test_cam1 | violation=False
2026-07-23 16:08:51,142 - post_processor_0fcd8b3fbf5b - INFO - [FRAME RECEIVED] topic=post_processing | partition=0 | offset=157203 | frame_id=None | camera=ppe_test_cam1
2026-07-23 16:08:51,142 - post_processor_0fcd8b3fbf5b - INFO - [DETECT BATCH] START | od=0 | ppe=1
2026-07-23 16:08:51,142 - post_processor_0fcd8b3fbf5b - INFO - [PROCESS PPE DETECTION] camera=ppe_test_cam1 | severity=low | violated=['No-Shoes', 'No-Shoes']
2026-07-23 16:08:51,145 - post_processor_0fcd8b3fbf5b - INFO - PPE alert image saved | path=/Aksha/ppe_test_cam1/alerts/2026-07-23/2026-07-23 16:08:51.14_alert.jpg
2026-07-23 16:08:51,145 - post_processor_0fcd8b3fbf5b - INFO - [DETECT BATCH] DONE | od=0 | ppe=1
2026-07-23 16:08:51,145 - post_processor_0fcd8b3fbf5b - INFO - PPE meta buffered | camera=ppe_test_cam1 | violation=True
2026-07-23 16:08:51,146 - post_processor_0fcd8b3fbf5b - INFO - ppe_status_check | has_violation=True | validity=True
2026-07-23 16:08:51,146 - post_processor_0fcd8b3fbf5b - INFO - PPE notification approved | camera=ppe_test_cam1 | severity=low
2026-07-23 16:08:51,548 - post_processor_0fcd8b3fbf5b - INFO - PPE MongoDB batch insert | camera=ppe_test_cam1 | count=10
2026-07-23 16:08:51,587 - post_processor_0fcd8b3fbf5b - INFO - PPE notification sent | camera=ppe_test_cam1 | severity=low | topic=notification_service
2026-07-23 16:08:51,591 - post_processor_0fcd8b3fbf5b - INFO - PPE frame complete | camera=ppe_test_cam1 | violation=True
2026-07-23 16:08:51,597 - post_processor_0fcd8b3fbf5b - INFO - Kafka offsets committed | count=10
2026-07-23 16:08:51,603 - post_processor_0fcd8b3fbf5b - INFO - [FRAME RECEIVED] topic=post_processing | partition=0 | offset=157204 | frame_id=None | camera=ppe_test_cam1
2026-07-23 16:08:51,603 - post_processor_0fcd8b3fbf5b - INFO - [DETECT BATCH] START | od=0 | ppe=1
2026-07-23 16:08:51,604 - post_processor_0fcd8b3fbf5b - INFO - [PROCESS PPE DETECTION] camera=ppe_test_cam1 | severity=none | violated=[]
2026-07-23 16:08:51,605 - post_processor_0fcd8b3fbf5b - INFO - [DETECT BATCH] DONE | od=0 | ppe=1
2026-07-23 16:08:51,605 - post_processor_0fcd8b3fbf5b - INFO - PPE meta buffered | camera=ppe_test_cam1 | violation=False
2026-07-23 16:08:51,605 - post_processor_0fcd8b3fbf5b - INFO - PPE frame complete | camera=ppe_test_cam1 | violation=False
2026-07-23 16:08:52,150 - post_processor_0fcd8b3fbf5b - INFO - [FRAME RECEIVED] topic=post_processing | partition=0 | offset=157205 | frame_id=None | camera=ppe_test_cam1
2026-07-23 16:08:52,151 - post_processor_0fcd8b3fbf5b - INFO - [DETECT BATCH] START | od=0 | ppe=1
2026-07-23 16:08:52,151 - post_processor_0fcd8b3fbf5b - INFO - [PROCESS PPE DETECTION] camera=ppe_test_cam1 | severity=none | violated=[]
2026-07-23 16:08:52,151 - post_processor_0fcd8b3fbf5b - INFO - [DETECT BATCH] DONE | od=0 | ppe=1
2026-07-23 16:08:52,151 - post_processor_0fcd8b3fbf5b - INFO - PPE meta buffered | camera=ppe_test_cam1 | violation=False
2026-07-23 16:08:52,151 - post_processor_0fcd8b3fbf5b - INFO - PPE frame complete | camera=ppe_test_cam1 | violation=False
2026-07-23 16:08:52,182 - post_processor_0fcd8b3fbf5b - INFO - [FRAME RECEIVED] topic=post_processing | partition=0 | offset=157206 | frame_id=None | camera=ppe_test_cam1
2026-07-23 16:08:52,182 - post_processor_0fcd8b3fbf5b - INFO - [DETECT BATCH] START | od=0 | ppe=1
2026-07-23 16:08:52,183 - post_processor_0fcd8b3fbf5b - INFO - [PROCESS PPE DETECTION] camera=ppe_test_cam1 | severity=low | violated=['No-Shoes', 'No-Shoes']
2026-07-23 16:08:52,186 - post_processor_0fcd8b3fbf5b - INFO - PPE alert image saved | path=/Aksha/ppe_test_cam1/alerts/2026-07-23/2026-07-23 16:08:52.18_alert.jpg
2026-07-23 16:08:52,187 - post_processor_0fcd8b3fbf5b - INFO - [DETECT BATCH] DONE | od=0 | ppe=1
2026-07-23 16:08:52,187 - post_processor_0fcd8b3fbf5b - INFO - PPE meta buffered | camera=ppe_test_cam1 | violation=True
2026-07-23 16:08:52,187 - post_processor_0fcd8b3fbf5b - INFO - ppe_status_check | has_violation=True | validity=False
2026-07-23 16:08:52,188 - post_processor_0fcd8b3fbf5b - INFO - PPE notification suppressed by cooldown | camera=ppe_test_cam1
2026-07-23 16:08:52,188 - post_processor_0fcd8b3fbf5b - INFO - PPE frame complete | camera=ppe_test_cam1 | violation=True
2026-07-23 16:08:53,197 - post_processor_0fcd8b3fbf5b - INFO - [FRAME RECEIVED] topic=post_processing | partition=0 | offset=157207 | frame_id=None | camera=ppe_test_cam1
2026-07-23 16:08:53,197 - post_processor_0fcd8b3fbf5b - INFO - [DETECT BATCH] START | od=0 | ppe=1
2026-07-23 16:08:53,198 - post_processor_0fcd8b3fbf5b - INFO - [PROCESS PPE DETECTION] camera=ppe_test_cam1 | severity=none | violated=[]
2026-07-23 16:08:53,198 - post_processor_0fcd8b3fbf5b - INFO - [DETECT BATCH] DONE | od=0 | ppe=1
2026-07-23 16:08:53,198 - post_processor_0fcd8b3fbf5b - INFO - PPE meta buffered | camera=ppe_test_cam1 | violation=False
2026-07-23 16:08:53,198 - post_processor_0fcd8b3fbf5b - INFO - PPE frame complete | camera=ppe_test_cam1 | violation=False
2026-07-23 16:08:53,199 - post_processor_0fcd8b3fbf5b - INFO - [FRAME RECEIVED] topic=post_processing | partition=0 | offset=157208 | frame_id=None | camera=ppe_test_cam1
2026-07-23 16:08:53,199 - post_processor_0fcd8b3fbf5b - INFO - [DETECT BATCH] START | od=0 | ppe=1
2026-07-23 16:08:53,199 - post_processor_0fcd8b3fbf5b - INFO - [PROCESS PPE DETECTION] camera=ppe_test_cam1 | severity=low | violated=['No-Shoes', 'No-Shoes']
2026-07-23 16:08:53,202 - post_processor_0fcd8b3fbf5b - INFO - PPE alert image saved | path=/Aksha/ppe_test_cam1/alerts/2026-07-23/2026-07-23 16:08:53.20_alert.jpg
2026-07-23 16:08:53,202 - post_processor_0fcd8b3fbf5b - INFO - [DETECT BATCH] DONE | od=0 | ppe=1
2026-07-23 16:08:53,202 - post_processor_0fcd8b3fbf5b - INFO - PPE meta buffered | camera=ppe_test_cam1 | violation=True
2026-07-23 16:08:53,202 - post_processor_0fcd8b3fbf5b - INFO - ppe_status_check | has_violation=True | validity=False
2026-07-23 16:08:53,202 - post_processor_0fcd8b3fbf5b - INFO - PPE notification suppressed by cooldown | camera=ppe_test_cam1
2026-07-23 16:08:53,203 - post_processor_0fcd8b3fbf5b - INFO - PPE frame complete | camera=ppe_test_cam1 | violation=True
2026-07-23 16:08:55,117 - post_processor_0fcd8b3fbf5b - INFO - [FRAME RECEIVED] topic=post_processing | partition=0 | offset=157209 | frame_id=None | camera=ppe_test_cam1
2026-07-23 16:08:55,117 - post_processor_0fcd8b3fbf5b - INFO - [DETECT BATCH] START | od=0 | ppe=1
2026-07-23 16:08:55,117 - post_processor_0fcd8b3fbf5b - INFO - [PROCESS PPE DETECTION] camera=ppe_test_cam1 | severity=none | violated=[]
2026-07-23 16:08:55,118 - post_processor_0fcd8b3fbf5b - INFO - [DETECT BATCH] DONE | od=0 | ppe=1
2026-07-23 16:08:55,118 - post_processor_0fcd8b3fbf5b - INFO - PPE meta buffered | camera=ppe_test_cam1 | violation=False
2026-07-23 16:08:55,118 - post_processor_0fcd8b3fbf5b - INFO - PPE frame complete | camera=ppe_test_cam1 | violation=False
2026-07-23 16:08:55,145 - post_processor_0fcd8b3fbf5b - INFO - [FRAME RECEIVED] topic=post_processing | partition=0 | offset=157210 | frame_id=None | camera=ppe_test_cam1
2026-07-23 16:08:55,145 - post_processor_0fcd8b3fbf5b - INFO - [DETECT BATCH] START | od=0 | ppe=1
2026-07-23 16:08:55,146 - post_processor_0fcd8b3fbf5b - INFO - [PROCESS PPE DETECTION] camera=ppe_test_cam1 | severity=low | violated=['No-Shoes', 'No-Shoes']
2026-07-23 16:08:55,149 - post_processor_0fcd8b3fbf5b - INFO - PPE alert image saved | path=/Aksha/ppe_test_cam1/alerts/2026-07-23/2026-07-23 16:08:55.14_alert.jpg
2026-07-23 16:08:55,149 - post_processor_0fcd8b3fbf5b - INFO - [DETECT BATCH] DONE | od=0 | ppe=1
2026-07-23 16:08:55,149 - post_processor_0fcd8b3fbf5b - INFO - PPE meta buffered | camera=ppe_test_cam1 | violation=True
2026-07-23 16:08:55,149 - post_processor_0fcd8b3fbf5b - INFO - ppe_status_check | has_violation=True | validity=False
2026-07-23 16:08:55,149 - post_processor_0fcd8b3fbf5b - INFO - PPE notification suppressed by cooldown | camera=ppe_test_cam1
2026-07-23 16:08:55,150 - post_processor_0fcd8b3fbf5b - INFO - PPE frame complete | camera=ppe_test_cam1 | violation=True
2026-07-23 16:08:55,721 - post_processor_0fcd8b3fbf5b - INFO - [FRAME RECEIVED] topic=post_processing | partition=0 | offset=157211 | frame_id=None | camera=ppe_test_cam1
2026-07-23 16:08:55,721 - post_processor_0fcd8b3fbf5b - INFO - [DETECT BATCH] START | od=0 | ppe=1
2026-07-23 16:08:55,722 - post_processor_0fcd8b3fbf5b - INFO - [PROCESS PPE DETECTION] camera=ppe_test_cam1 | severity=none | violated=[]
2026-07-23 16:08:55,723 - post_processor_0fcd8b3fbf5b - INFO - [DETECT BATCH] DONE | od=0 | ppe=1
2026-07-23 16:08:55,723 - post_processor_0fcd8b3fbf5b - INFO - PPE meta buffered | camera=ppe_test_cam1 | violation=False
2026-07-23 16:08:55,723 - post_processor_0fcd8b3fbf5b - INFO - PPE frame complete | camera=ppe_test_cam1 | violation=False
2026-07-23 16:09:00,171 - post_processor_0fcd8b3fbf5b - INFO - [FRAME RECEIVED] topic=post_processing | partition=0 | offset=157212 | frame_id=None | camera=ppe_test_cam1
2026-07-23 16:09:00,171 - post_processor_0fcd8b3fbf5b - INFO - [DETECT BATCH] START | od=0 | ppe=1
2026-07-23 16:09:00,172 - post_processor_0fcd8b3fbf5b - INFO - [PROCESS PPE DETECTION] camera=ppe_test_cam1 | severity=none | violated=[]
2026-07-23 16:09:00,172 - post_processor_0fcd8b3fbf5b - INFO - [DETECT BATCH] DONE | od=0 | ppe=1
2026-07-23 16:09:00,172 - post_processor_0fcd8b3fbf5b - INFO - PPE meta buffered | camera=ppe_test_cam1 | violation=False
2026-07-23 16:09:00,172 - post_processor_0fcd8b3fbf5b - INFO - PPE frame complete | camera=ppe_test_cam1 | violation=False
2026-07-23 16:09:01,113 - post_processor_0fcd8b3fbf5b - INFO - [FRAME RECEIVED] topic=post_processing | partition=0 | offset=157213 | frame_id=None | camera=ppe_test_cam1
2026-07-23 16:09:01,113 - post_processor_0fcd8b3fbf5b - INFO - [DETECT BATCH] START | od=0 | ppe=1
2026-07-23 16:09:01,114 - post_processor_0fcd8b3fbf5b - INFO - [PROCESS PPE DETECTION] camera=ppe_test_cam1 | severity=none | violated=[]
2026-07-23 16:09:01,114 - post_processor_0fcd8b3fbf5b - INFO - [DETECT BATCH] DONE | od=0 | ppe=1
2026-07-23 16:09:01,114 - post_processor_0fcd8b3fbf5b - INFO - PPE meta buffered | camera=ppe_test_cam1 | violation=False
2026-07-23 16:09:01,152 - post_processor_0fcd8b3fbf5b - INFO - PPE MongoDB batch insert | camera=ppe_test_cam1 | count=10
2026-07-23 16:09:01,152 - post_processor_0fcd8b3fbf5b - INFO - PPE frame complete | camera=ppe_test_cam1 | violation=False
2026-07-23 16:09:01,153 - post_processor_0fcd8b3fbf5b - INFO - Kafka offsets committed | count=10
2026-07-23 16:09:02,009 - post_processor_0fcd8b3fbf5b - INFO - [FRAME RECEIVED] topic=post_processing | partition=0 | offset=157214 | frame_id=None | camera=ppe_test_cam1
2026-07-23 16:09:02,009 - post_processor_0fcd8b3fbf5b - INFO - [DETECT BATCH] START | od=0 | ppe=1
2026-07-23 16:09:02,009 - post_processor_0fcd8b3fbf5b - INFO - [PROCESS PPE DETECTION] camera=ppe_test_cam1 | severity=none | violated=[]
2026-07-23 16:09:02,010 - post_processor_0fcd8b3fbf5b - INFO - [DETECT BATCH] DONE | od=0 | ppe=1
2026-07-23 16:09:02,010 - post_processor_0fcd8b3fbf5b - INFO - PPE meta buffered | camera=ppe_test_cam1 | violation=False
2026-07-23 16:09:02,010 - post_processor_0fcd8b3fbf5b - INFO - PPE frame complete | camera=ppe_test_cam1 | violation=False
2026-07-23 16:09:03,142 - post_processor_0fcd8b3fbf5b - INFO - [FRAME RECEIVED] topic=post_processing | partition=0 | offset=157215 | frame_id=None | camera=ppe_test_cam1
2026-07-23 16:09:03,142 - post_processor_0fcd8b3fbf5b - INFO - [DETECT BATCH] START | od=0 | ppe=1
2026-07-23 16:09:03,143 - post_processor_0fcd8b3fbf5b - INFO - [PROCESS PPE DETECTION] camera=ppe_test_cam1 | severity=none | violated=[]
2026-07-23 16:09:03,144 - post_processor_0fcd8b3fbf5b - INFO - [DETECT BATCH] DONE | od=0 | ppe=1
2026-07-23 16:09:03,144 - post_processor_0fcd8b3fbf5b - INFO - PPE meta buffered | camera=ppe_test_cam1 | violation=False
2026-07-23 16:09:03,144 - post_processor_0fcd8b3fbf5b - INFO - PPE frame complete | camera=ppe_test_cam1 | violation=False
2026-07-23 16:09:04,161 - post_processor_0fcd8b3fbf5b - INFO - [FRAME RECEIVED] topic=post_processing | partition=0 | offset=157216 | frame_id=None | camera=ppe_test_cam1
2026-07-23 16:09:04,161 - post_processor_0fcd8b3fbf5b - INFO - [DETECT BATCH] START | od=0 | ppe=1
2026-07-23 16:09:04,161 - post_processor_0fcd8b3fbf5b - INFO - [PROCESS PPE DETECTION] camera=ppe_test_cam1 | severity=none | violated=[]
2026-07-23 16:09:04,161 - post_processor_0fcd8b3fbf5b - INFO - [DETECT BATCH] DONE | od=0 | ppe=1
2026-07-23 16:09:04,162 - post_processor_0fcd8b3fbf5b - INFO - PPE meta buffered | camera=ppe_test_cam1 | violation=False
2026-07-23 16:09:04,162 - post_processor_0fcd8b3fbf5b - INFO - PPE frame complete | camera=ppe_test_cam1 | violation=False
2026-07-23 16:09:05,063 - post_processor_0fcd8b3fbf5b - INFO - [FRAME RECEIVED] topic=post_processing | partition=0 | offset=157217 | frame_id=None | camera=ppe_test_cam1
2026-07-23 16:09:05,063 - post_processor_0fcd8b3fbf5b - INFO - [DETECT BATCH] START | od=0 | ppe=1
2026-07-23 16:09:05,063 - post_processor_0fcd8b3fbf5b - INFO - [PROCESS PPE DETECTION] camera=ppe_test_cam1 | severity=none | violated=[]
2026-07-23 16:09:05,064 - post_processor_0fcd8b3fbf5b - INFO - [DETECT BATCH] DONE | od=0 | ppe=1
2026-07-23 16:09:05,064 - post_processor_0fcd8b3fbf5b - INFO - PPE meta buffered | camera=ppe_test_cam1 | violation=False
2026-07-23 16:09:05,064 - post_processor_0fcd8b3fbf5b - INFO - PPE frame complete | camera=ppe_test_cam1 | violation=False
2026-07-23 16:09:06,131 - post_processor_0fcd8b3fbf5b - INFO - [FRAME RECEIVED] topic=post_processing | partition=0 | offset=157218 | frame_id=None | camera=ppe_test_cam1
2026-07-23 16:09:06,131 - post_processor_0fcd8b3fbf5b - INFO - [DETECT BATCH] START | od=0 | ppe=1
2026-07-23 16:09:06,132 - post_processor_0fcd8b3fbf5b - INFO - [PROCESS PPE DETECTION] camera=ppe_test_cam1 | severity=none | violated=[]
2026-07-23 16:09:06,132 - post_processor_0fcd8b3fbf5b - INFO - [DETECT BATCH] DONE | od=0 | ppe=1
2026-07-23 16:09:06,132 - post_processor_0fcd8b3fbf5b - INFO - PPE meta buffered | camera=ppe_test_cam1 | violation=False
2026-07-23 16:09:06,132 - post_processor_0fcd8b3fbf5b - INFO - PPE frame complete | camera=ppe_test_cam1 | violation=False
2026-07-23 16:09:07,177 - post_processor_0fcd8b3fbf5b - INFO - [FRAME RECEIVED] topic=post_processing | partition=0 | offset=157219 | frame_id=None | camera=ppe_test_cam1
2026-07-23 16:09:07,177 - post_processor_0fcd8b3fbf5b - INFO - [DETECT BATCH] START | od=0 | ppe=1
2026-07-23 16:09:07,178 - post_processor_0fcd8b3fbf5b - INFO - [PROCESS PPE DETECTION] camera=ppe_test_cam1 | severity=none | violated=[]
2026-07-23 16:09:07,178 - post_processor_0fcd8b3fbf5b - INFO - [DETECT BATCH] DONE | od=0 | ppe=1
2026-07-23 16:09:07,178 - post_processor_0fcd8b3fbf5b - INFO - PPE meta buffered | camera=ppe_test_cam1 | violation=False
2026-07-23 16:09:07,178 - post_processor_0fcd8b3fbf5b - INFO - PPE frame complete | camera=ppe_test_cam1 | violation=False
2026-07-23 16:09:07,179 - post_processor_0fcd8b3fbf5b - INFO - [FRAME RECEIVED] topic=post_processing | partition=0 | offset=157220 | frame_id=None | camera=ppe_test_cam1
2026-07-23 16:09:07,179 - post_processor_0fcd8b3fbf5b - INFO - [DETECT BATCH] START | od=0 | ppe=1
2026-07-23 16:09:07,179 - post_processor_0fcd8b3fbf5b - INFO - [PROCESS PPE DETECTION] camera=ppe_test_cam1 | severity=none | violated=[]
2026-07-23 16:09:07,179 - post_processor_0fcd8b3fbf5b - INFO - [DETECT BATCH] DONE | od=0 | ppe=1
2026-07-23 16:09:07,179 - post_processor_0fcd8b3fbf5b - INFO - PPE meta buffered | camera=ppe_test_cam1 | violation=False
2026-07-23 16:09:07,179 - post_processor_0fcd8b3fbf5b - INFO - PPE frame complete | camera=ppe_test_cam1 | violation=False
2026-07-23 16:09:32,258 - post_processor_0fcd8b3fbf5b - INFO - [FRAME RECEIVED] topic=post_processing | partition=0 | offset=157221 | frame_id=None | camera=ppe_test_cam1
2026-07-23 16:09:32,258 - post_processor_0fcd8b3fbf5b - INFO - [DETECT BATCH] START | od=0 | ppe=1
2026-07-23 16:09:32,260 - post_processor_0fcd8b3fbf5b - INFO - [PROCESS PPE DETECTION] camera=ppe_test_cam1 | severity=none | violated=[]
2026-07-23 16:09:32,261 - post_processor_0fcd8b3fbf5b - INFO - [DETECT BATCH] DONE | od=0 | ppe=1
2026-07-23 16:09:32,261 - post_processor_0fcd8b3fbf5b - INFO - PPE meta buffered | camera=ppe_test_cam1 | violation=False
2026-07-23 16:09:32,261 - post_processor_0fcd8b3fbf5b - INFO - PPE frame complete | camera=ppe_test_cam1 | violation=False
2026-07-23 16:09:33,247 - post_processor_0fcd8b3fbf5b - INFO - [FRAME RECEIVED] topic=post_processing | partition=0 | offset=157222 | frame_id=None | camera=ppe_test_cam1
2026-07-23 16:09:33,247 - post_processor_0fcd8b3fbf5b - INFO - [DETECT BATCH] START | od=0 | ppe=1
2026-07-23 16:09:33,247 - post_processor_0fcd8b3fbf5b - INFO - [PROCESS PPE DETECTION] camera=ppe_test_cam1 | severity=none | violated=[]
2026-07-23 16:09:33,248 - post_processor_0fcd8b3fbf5b - INFO - [DETECT BATCH] DONE | od=0 | ppe=1
2026-07-23 16:09:33,248 - post_processor_0fcd8b3fbf5b - INFO - PPE meta buffered | camera=ppe_test_cam1 | violation=False
2026-07-23 16:09:33,248 - post_processor_0fcd8b3fbf5b - INFO - PPE frame complete | camera=ppe_test_cam1 | violation=False
2026-07-23 16:09:51,186 - post_processor_0fcd8b3fbf5b - INFO - [FRAME RECEIVED] topic=post_processing | partition=0 | offset=157223 | frame_id=None | camera=ppe_test_cam1
2026-07-23 16:09:51,186 - post_processor_0fcd8b3fbf5b - INFO - [DETECT BATCH] START | od=0 | ppe=1
2026-07-23 16:09:51,186 - post_processor_0fcd8b3fbf5b - INFO - [PROCESS PPE DETECTION] camera=ppe_test_cam1 | severity=none | violated=[]
2026-07-23 16:09:51,187 - post_processor_0fcd8b3fbf5b - INFO - [DETECT BATCH] DONE | od=0 | ppe=1
2026-07-23 16:09:51,187 - post_processor_0fcd8b3fbf5b - INFO - PPE meta buffered | camera=ppe_test_cam1 | violation=False
2026-07-23 16:09:51,222 - post_processor_0fcd8b3fbf5b - INFO - PPE MongoDB batch insert | camera=ppe_test_cam1 | count=10
2026-07-23 16:09:51,223 - post_processor_0fcd8b3fbf5b - INFO - PPE frame complete | camera=ppe_test_cam1 | violation=False
2026-07-23 16:09:51,224 - post_processor_0fcd8b3fbf5b - INFO - Kafka offsets committed | count=10
2026-07-23 16:09:51,224 - post_processor_0fcd8b3fbf5b - INFO - [FRAME RECEIVED] topic=post_processing | partition=0 | offset=157224 | frame_id=None | camera=ppe_test_cam1
2026-07-23 16:09:51,225 - post_processor_0fcd8b3fbf5b - INFO - [DETECT BATCH] START | od=0 | ppe=1
2026-07-23 16:09:51,225 - post_processor_0fcd8b3fbf5b - INFO - [PROCESS PPE DETECTION] camera=ppe_test_cam1 | severity=low | violated=['No-Shoes', 'No-Shoes']
2026-07-23 16:09:51,228 - post_processor_0fcd8b3fbf5b - INFO - PPE alert image saved | path=/Aksha/ppe_test_cam1/alerts/2026-07-23/2026-07-23 16:09:51.22_alert.jpg
2026-07-23 16:09:51,228 - post_processor_0fcd8b3fbf5b - INFO - [DETECT BATCH] DONE | od=0 | ppe=1
2026-07-23 16:09:51,228 - post_processor_0fcd8b3fbf5b - INFO - PPE meta buffered | camera=ppe_test_cam1 | violation=True
2026-07-23 16:09:51,229 - post_processor_0fcd8b3fbf5b - INFO - ppe_status_check | has_violation=True | validity=True
2026-07-23 16:09:51,229 - post_processor_0fcd8b3fbf5b - INFO - PPE notification approved | camera=ppe_test_cam1 | severity=low
2026-07-23 16:09:51,229 - post_processor_0fcd8b3fbf5b - INFO - PPE notification sent | camera=ppe_test_cam1 | severity=low | topic=notification_service
2026-07-23 16:09:51,230 - post_processor_0fcd8b3fbf5b - INFO - PPE frame complete | camera=ppe_test_cam1 | violation=True
2026-07-23 16:09:52,241 - post_processor_0fcd8b3fbf5b - INFO - [FRAME RECEIVED] topic=post_processing | partition=0 | offset=157225 | frame_id=None | camera=ppe_test_cam1
2026-07-23 16:09:52,241 - post_processor_0fcd8b3fbf5b - INFO - [DETECT BATCH] START | od=0 | ppe=1
2026-07-23 16:09:52,242 - post_processor_0fcd8b3fbf5b - INFO - [PROCESS PPE DETECTION] camera=ppe_test_cam1 | severity=none | violated=[]
2026-07-23 16:09:52,242 - post_processor_0fcd8b3fbf5b - INFO - [DETECT BATCH] DONE | od=0 | ppe=1
2026-07-23 16:09:52,242 - post_processor_0fcd8b3fbf5b - INFO - PPE meta buffered | camera=ppe_test_cam1 | violation=False
2026-07-23 16:09:52,242 - post_processor_0fcd8b3fbf5b - INFO - PPE frame complete | camera=ppe_test_cam1 | violation=False
2026-07-23 16:09:52,273 - post_processor_0fcd8b3fbf5b - INFO - [FRAME RECEIVED] topic=post_processing | partition=0 | offset=157226 | frame_id=None | camera=ppe_test_cam1
2026-07-23 16:09:52,274 - post_processor_0fcd8b3fbf5b - INFO - [DETECT BATCH] START | od=0 | ppe=1
2026-07-23 16:09:52,275 - post_processor_0fcd8b3fbf5b - INFO - [PROCESS PPE DETECTION] camera=ppe_test_cam1 | severity=low | violated=['No-Shoes', 'No-Shoes']
2026-07-23 16:09:52,281 - post_processor_0fcd8b3fbf5b - INFO - PPE alert image saved | path=/Aksha/ppe_test_cam1/alerts/2026-07-23/2026-07-23 16:09:52.27_alert.jpg
2026-07-23 16:09:52,281 - post_processor_0fcd8b3fbf5b - INFO - [DETECT BATCH] DONE | od=0 | ppe=1
2026-07-23 16:09:52,281 - post_processor_0fcd8b3fbf5b - INFO - PPE meta buffered | camera=ppe_test_cam1 | violation=True
2026-07-23 16:09:52,282 - post_processor_0fcd8b3fbf5b - INFO - ppe_status_check | has_violation=True | validity=False
2026-07-23 16:09:52,282 - post_processor_0fcd8b3fbf5b - INFO - PPE notification suppressed by cooldown | camera=ppe_test_cam1
2026-07-23 16:09:52,284 - post_processor_0fcd8b3fbf5b - INFO - PPE frame complete | camera=ppe_test_cam1 | violation=True
2026-07-23 16:09:53,558 - post_processor_0fcd8b3fbf5b - INFO - [FRAME RECEIVED] topic=post_processing | partition=0 | offset=157227 | frame_id=None | camera=ppe_test_cam1
2026-07-23 16:09:53,558 - post_processor_0fcd8b3fbf5b - INFO - [DETECT BATCH] START | od=0 | ppe=1
2026-07-23 16:09:53,560 - post_processor_0fcd8b3fbf5b - INFO - [PROCESS PPE DETECTION] camera=ppe_test_cam1 | severity=none | violated=[]
2026-07-23 16:09:53,561 - post_processor_0fcd8b3fbf5b - INFO - [DETECT BATCH] DONE | od=0 | ppe=1
2026-07-23 16:09:53,561 - post_processor_0fcd8b3fbf5b - INFO - PPE meta buffered | camera=ppe_test_cam1 | violation=False
2026-07-23 16:09:53,561 - post_processor_0fcd8b3fbf5b - INFO - PPE frame complete | camera=ppe_test_cam1 | violation=False
2026-07-23 16:09:53,566 - post_processor_0fcd8b3fbf5b - INFO - [FRAME RECEIVED] topic=post_processing | partition=0 | offset=157228 | frame_id=None | camera=ppe_test_cam1
2026-07-23 16:09:53,566 - post_processor_0fcd8b3fbf5b - INFO - [DETECT BATCH] START | od=0 | ppe=1
2026-07-23 16:09:53,566 - post_processor_0fcd8b3fbf5b - INFO - [PROCESS PPE DETECTION] camera=ppe_test_cam1 | severity=low | violated=['No-Shoes', 'No-Shoes']
2026-07-23 16:09:53,569 - post_processor_0fcd8b3fbf5b - INFO - PPE alert image saved | path=/Aksha/ppe_test_cam1/alerts/2026-07-23/2026-07-23 16:09:53.56_alert.jpg
2026-07-23 16:09:53,569 - post_processor_0fcd8b3fbf5b - INFO - [DETECT BATCH] DONE | od=0 | ppe=1
2026-07-23 16:09:53,569 - post_processor_0fcd8b3fbf5b - INFO - PPE meta buffered | camera=ppe_test_cam1 | violation=True
2026-07-23 16:09:53,570 - post_processor_0fcd8b3fbf5b - INFO - ppe_status_check | has_violation=True | validity=False
2026-07-23 16:09:53,570 - post_processor_0fcd8b3fbf5b - INFO - PPE notification suppressed by cooldown | camera=ppe_test_cam1
2026-07-23 16:09:53,570 - post_processor_0fcd8b3fbf5b - INFO - PPE frame complete | camera=ppe_test_cam1 | violation=True
2026-07-23 16:09:55,121 - post_processor_0fcd8b3fbf5b - INFO - [FRAME RECEIVED] topic=post_processing | partition=0 | offset=157229 | frame_id=None | camera=ppe_test_cam1
2026-07-23 16:09:55,121 - post_processor_0fcd8b3fbf5b - INFO - [DETECT BATCH] START | od=0 | ppe=1
2026-07-23 16:09:55,122 - post_processor_0fcd8b3fbf5b - INFO - [PROCESS PPE DETECTION] camera=ppe_test_cam1 | severity=none | violated=[]
2026-07-23 16:09:55,122 - post_processor_0fcd8b3fbf5b - INFO - [DETECT BATCH] DONE | od=0 | ppe=1
2026-07-23 16:09:55,122 - post_processor_0fcd8b3fbf5b - INFO - PPE meta buffered | camera=ppe_test_cam1 | violation=False
2026-07-23 16:09:55,122 - post_processor_0fcd8b3fbf5b - INFO - PPE frame complete | camera=ppe_test_cam1 | violation=False
2026-07-23 16:09:55,150 - post_processor_0fcd8b3fbf5b - INFO - [FRAME RECEIVED] topic=post_processing | partition=0 | offset=157230 | frame_id=None | camera=ppe_test_cam1
2026-07-23 16:09:55,150 - post_processor_0fcd8b3fbf5b - INFO - [DETECT BATCH] START | od=0 | ppe=1
2026-07-23 16:09:55,150 - post_processor_0fcd8b3fbf5b - INFO - [PROCESS PPE DETECTION] camera=ppe_test_cam1 | severity=low | violated=['No-Shoes', 'No-Shoes']
2026-07-23 16:09:55,154 - post_processor_0fcd8b3fbf5b - INFO - PPE alert image saved | path=/Aksha/ppe_test_cam1/alerts/2026-07-23/2026-07-23 16:09:55.15_alert.jpg
2026-07-23 16:09:55,155 - post_processor_0fcd8b3fbf5b - INFO - [DETECT BATCH] DONE | od=0 | ppe=1
2026-07-23 16:09:55,155 - post_processor_0fcd8b3fbf5b - INFO - PPE meta buffered | camera=ppe_test_cam1 | violation=True
2026-07-23 16:09:55,155 - post_processor_0fcd8b3fbf5b - INFO - ppe_status_check | has_violation=True | validity=False
2026-07-23 16:09:55,155 - post_processor_0fcd8b3fbf5b - INFO - PPE notification suppressed by cooldown | camera=ppe_test_cam1
2026-07-23 16:09:55,156 - post_processor_0fcd8b3fbf5b - INFO - PPE frame complete | camera=ppe_test_cam1 | violation=True
2026-07-23 16:09:56,256 - post_processor_0fcd8b3fbf5b - INFO - [FRAME RECEIVED] topic=post_processing | partition=0 | offset=157231 | frame_id=None | camera=ppe_test_cam1
2026-07-23 16:09:56,256 - post_processor_0fcd8b3fbf5b - INFO - [DETECT BATCH] START | od=0 | ppe=1
2026-07-23 16:09:56,256 - post_processor_0fcd8b3fbf5b - INFO - [PROCESS PPE DETECTION] camera=ppe_test_cam1 | severity=none | violated=[]
2026-07-23 16:09:56,256 - post_processor_0fcd8b3fbf5b - INFO - [DETECT BATCH] DONE | od=0 | ppe=1
2026-07-23 16:09:56,257 - post_processor_0fcd8b3fbf5b - INFO - PPE meta buffered | camera=ppe_test_cam1 | violation=False
2026-07-23 16:09:56,257 - post_processor_0fcd8b3fbf5b - INFO - PPE frame complete | camera=ppe_test_cam1 | violation=False
2026-07-23 16:10:00,095 - post_processor_0fcd8b3fbf5b - INFO - [FRAME RECEIVED] topic=post_processing | partition=0 | offset=157232 | frame_id=None | camera=ppe_test_cam1
2026-07-23 16:10:00,095 - post_processor_0fcd8b3fbf5b - INFO - [DETECT BATCH] START | od=0 | ppe=1
2026-07-23 16:10:00,097 - post_processor_0fcd8b3fbf5b - INFO - [PROCESS PPE DETECTION] camera=ppe_test_cam1 | severity=none | violated=[]
2026-07-23 16:10:00,097 - post_processor_0fcd8b3fbf5b - INFO - [DETECT BATCH] DONE | od=0 | ppe=1
2026-07-23 16:10:00,098 - post_processor_0fcd8b3fbf5b - INFO - PPE meta buffered | camera=ppe_test_cam1 | violation=False
2026-07-23 16:10:00,098 - post_processor_0fcd8b3fbf5b - INFO - PPE frame complete | camera=ppe_test_cam1 | violation=False
2026-07-23 16:10:01,147 - post_processor_0fcd8b3fbf5b - INFO - [FRAME RECEIVED] topic=post_processing | partition=0 | offset=157233 | frame_id=None | camera=ppe_test_cam1
2026-07-23 16:10:01,148 - post_processor_0fcd8b3fbf5b - INFO - [DETECT BATCH] START | od=0 | ppe=1
2026-07-23 16:10:01,148 - post_processor_0fcd8b3fbf5b - INFO - [PROCESS PPE DETECTION] camera=ppe_test_cam1 | severity=none | violated=[]
2026-07-23 16:10:01,148 - post_processor_0fcd8b3fbf5b - INFO - [DETECT BATCH] DONE | od=0 | ppe=1
2026-07-23 16:10:01,148 - post_processor_0fcd8b3fbf5b - INFO - PPE meta buffered | camera=ppe_test_cam1 | violation=False
2026-07-23 16:10:01,188 - post_processor_0fcd8b3fbf5b - INFO - PPE MongoDB batch insert | camera=ppe_test_cam1 | count=10
2026-07-23 16:10:01,188 - post_processor_0fcd8b3fbf5b - INFO - PPE frame complete | camera=ppe_test_cam1 | violation=False
2026-07-23 16:10:01,189 - post_processor_0fcd8b3fbf5b - INFO - Kafka offsets committed | count=10
2026-07-23 16:10:02,162 - post_processor_0fcd8b3fbf5b - INFO - [FRAME RECEIVED] topic=post_processing | partition=0 | offset=157234 | frame_id=None | camera=ppe_test_cam1
2026-07-23 16:10:02,162 - post_processor_0fcd8b3fbf5b - INFO - [DETECT BATCH] START | od=0 | ppe=1
2026-07-23 16:10:02,163 - post_processor_0fcd8b3fbf5b - INFO - [PROCESS PPE DETECTION] camera=ppe_test_cam1 | severity=none | violated=[]
2026-07-23 16:10:02,164 - post_processor_0fcd8b3fbf5b - INFO - [DETECT BATCH] DONE | od=0 | ppe=1
2026-07-23 16:10:02,164 - post_processor_0fcd8b3fbf5b - INFO - PPE meta buffered | camera=ppe_test_cam1 | violation=False
2026-07-23 16:10:02,164 - post_processor_0fcd8b3fbf5b - INFO - PPE frame complete | camera=ppe_test_cam1 | violation=False
2026-07-23 16:10:03,098 - post_processor_0fcd8b3fbf5b - INFO - [FRAME RECEIVED] topic=post_processing | partition=0 | offset=157235 | frame_id=None | camera=ppe_test_cam1
2026-07-23 16:10:03,099 - post_processor_0fcd8b3fbf5b - INFO - [DETECT BATCH] START | od=0 | ppe=1
2026-07-23 16:10:03,099 - post_processor_0fcd8b3fbf5b - INFO - [PROCESS PPE DETECTION] camera=ppe_test_cam1 | severity=none | violated=[]
2026-07-23 16:10:03,099 - post_processor_0fcd8b3fbf5b - INFO - [DETECT BATCH] DONE | od=0 | ppe=1
2026-07-23 16:10:03,099 - post_processor_0fcd8b3fbf5b - INFO - PPE meta buffered | camera=ppe_test_cam1 | violation=False
2026-07-23 16:10:03,099 - post_processor_0fcd8b3fbf5b - INFO - PPE frame complete | camera=ppe_test_cam1 | violation=False
2026-07-23 16:10:04,181 - post_processor_0fcd8b3fbf5b - INFO - [FRAME RECEIVED] topic=post_processing | partition=0 | offset=157236 | frame_id=None | camera=ppe_test_cam1
2026-07-23 16:10:04,181 - post_processor_0fcd8b3fbf5b - INFO - [DETECT BATCH] START | od=0 | ppe=1
2026-07-23 16:10:04,181 - post_processor_0fcd8b3fbf5b - INFO - [PROCESS PPE DETECTION] camera=ppe_test_cam1 | severity=none | violated=[]
2026-07-23 16:10:04,183 - post_processor_0fcd8b3fbf5b - INFO - [DETECT BATCH] DONE | od=0 | ppe=1
2026-07-23 16:10:04,183 - post_processor_0fcd8b3fbf5b - INFO - PPE meta buffered | camera=ppe_test_cam1 | violation=False
2026-07-23 16:10:04,184 - post_processor_0fcd8b3fbf5b - INFO - PPE frame complete | camera=ppe_test_cam1 | violation=False
2026-07-23 16:10:05,085 - post_processor_0fcd8b3fbf5b - INFO - [FRAME RECEIVED] topic=post_processing | partition=0 | offset=157237 | frame_id=None | camera=ppe_test_cam1
2026-07-23 16:10:05,085 - post_processor_0fcd8b3fbf5b - INFO - [DETECT BATCH] START | od=0 | ppe=1
2026-07-23 16:10:05,085 - post_processor_0fcd8b3fbf5b - INFO - [PROCESS PPE DETECTION] camera=ppe_test_cam1 | severity=none | violated=[]
2026-07-23 16:10:05,086 - post_processor_0fcd8b3fbf5b - INFO - [DETECT BATCH] DONE | od=0 | ppe=1
2026-07-23 16:10:05,086 - post_processor_0fcd8b3fbf5b - INFO - PPE meta buffered | camera=ppe_test_cam1 | violation=False
2026-07-23 16:10:05,086 - post_processor_0fcd8b3fbf5b - INFO - PPE frame complete | camera=ppe_test_cam1 | violation=False
2026-07-23 16:10:06,194 - post_processor_0fcd8b3fbf5b - INFO - [FRAME RECEIVED] topic=post_processing | partition=0 | offset=157238 | frame_id=None | camera=ppe_test_cam1
2026-07-23 16:10:06,194 - post_processor_0fcd8b3fbf5b - INFO - [DETECT BATCH] START | od=0 | ppe=1
2026-07-23 16:10:06,196 - post_processor_0fcd8b3fbf5b - INFO - [PROCESS PPE DETECTION] camera=ppe_test_cam1 | severity=none | violated=[]
2026-07-23 16:10:06,196 - post_processor_0fcd8b3fbf5b - INFO - [DETECT BATCH] DONE | od=0 | ppe=1
2026-07-23 16:10:06,197 - post_processor_0fcd8b3fbf5b - INFO - PPE meta buffered | camera=ppe_test_cam1 | violation=False
2026-07-23 16:10:06,197 - post_processor_0fcd8b3fbf5b - INFO - PPE frame complete | camera=ppe_test_cam1 | violation=False
