2026-08-17 20:19:56,133 - ppe_alert_consumer_0df983271a80 - INFO - [PPE FRAME RECEIVED] camera=ppe_test_cam1 | severity=none | violated=[]
2026-08-17 20:19:56,140 - ppe_alert_consumer_0df983271a80 - INFO - [PPE Result] camera=ppe_test_cam1 | severity=none | sent_to=post_processing
2026-08-17 20:19:56,168 - ppe_alert_consumer_0df983271a80 - INFO - [PPE FRAME RECEIVED] camera=ppe_test_cam1 | severity=low | violated=['No-Shoes', 'No-Shoes']
2026-08-17 20:19:56,168 - ppe_alert_consumer_0df983271a80 - INFO - [PPE Result] camera=ppe_test_cam1 | severity=low | sent_to=post_processing
2026-08-17 20:19:57,240 - ppe_alert_consumer_0df983271a80 - INFO - [PPE FRAME RECEIVED] camera=ppe_test_cam1 | severity=none | violated=[]
2026-08-17 20:19:57,241 - ppe_alert_consumer_0df983271a80 - INFO - [PPE Result] camera=ppe_test_cam1 | severity=none | sent_to=post_processing
2026-08-17 20:19:57,241 - ppe_alert_consumer_0df983271a80 - INFO - [PPE FRAME RECEIVED] camera=ppe_test_cam1 | severity=low | violated=['No-Shoes', 'No-Shoes']
2026-08-17 20:19:57,242 - ppe_alert_consumer_0df983271a80 - INFO - [PPE Result] camera=ppe_test_cam1 | severity=low | sent_to=post_processing
2026-08-17 20:19:58,254 - ppe_alert_consumer_0df983271a80 - INFO - [PPE FRAME RECEIVED] camera=ppe_test_cam1 | severity=none | violated=[]
2026-08-17 20:19:58,255 - ppe_alert_consumer_0df983271a80 - INFO - [PPE Result] camera=ppe_test_cam1 | severity=none | sent_to=post_processing
2026-08-17 20:19:58,294 - ppe_alert_consumer_0df983271a80 - INFO - [PPE FRAME RECEIVED] camera=ppe_test_cam1 | severity=low | violated=['No-Shoes', 'No-Shoes']
2026-08-17 20:19:58,294 - ppe_alert_consumer_0df983271a80 - INFO - [PPE Result] camera=ppe_test_cam1 | severity=low | sent_to=post_processing
2026-08-17 20:19:59,188 - ppe_alert_consumer_0df983271a80 - INFO - [PPE FRAME RECEIVED] camera=ppe_test_cam1 | severity=none | violated=[]
2026-08-17 20:19:59,189 - ppe_alert_consumer_0df983271a80 - INFO - [PPE Result] camera=ppe_test_cam1 | severity=none | sent_to=post_processing
2026-08-17 20:19:59,189 - ppe_alert_consumer_0df983271a80 - INFO - [PPE FRAME RECEIVED] camera=ppe_test_cam1 | severity=low | violated=['No-Shoes', 'No-Shoes']
2026-08-17 20:19:59,191 - ppe_alert_consumer_0df983271a80 - INFO - [PPE Result] camera=ppe_test_cam1 | severity=low | sent_to=post_processing
2026-08-17 20:20:00,195 - ppe_alert_consumer_0df983271a80 - INFO - [PPE FRAME RECEIVED] camera=ppe_test_cam1 | severity=none | violated=[]
2026-08-17 20:20:00,196 - ppe_alert_consumer_0df983271a80 - INFO - [PPE Result] camera=ppe_test_cam1 | severity=none | sent_to=post_processing
2026-08-17 20:20:05,063 - ppe_alert_consumer_0df983271a80 - INFO - [PPE FRAME RECEIVED] camera=ppe_test_cam1 | severity=none | violated=[]
2026-08-17 20:20:05,065 - ppe_alert_consumer_0df983271a80 - INFO - [PPE Result] camera=ppe_test_cam1 | severity=none | sent_to=post_processing
2026-08-17 20:20:06,121 - ppe_alert_consumer_0df983271a80 - INFO - [PPE FRAME RECEIVED] camera=ppe_test_cam1 | severity=none | violated=[]
2026-08-17 20:20:06,122 - ppe_alert_consumer_0df983271a80 - INFO - [PPE Result] camera=ppe_test_cam1 | severity=none | sent_to=post_processing
2026-08-17 20:20:07,135 - ppe_alert_consumer_0df983271a80 - INFO - [PPE FRAME RECEIVED] camera=ppe_test_cam1 | severity=none | violated=[]
2026-08-17 20:20:07,136 - ppe_alert_consumer_0df983271a80 - INFO - [PPE Result] camera=ppe_test_cam1 | severity=none | sent_to=post_processing
2026-08-17 20:20:08,252 - ppe_alert_consumer_0df983271a80 - INFO - [PPE FRAME RECEIVED] camera=ppe_test_cam1 | severity=none | violated=[]
2026-08-17 20:20:08,253 - ppe_alert_consumer_0df983271a80 - INFO - [PPE Result] camera=ppe_test_cam1 | severity=none | sent_to=post_processing
2026-08-17 20:20:09,180 - ppe_alert_consumer_0df983271a80 - INFO - [PPE FRAME RECEIVED] camera=ppe_test_cam1 | severity=none | violated=[]
2026-08-17 20:20:09,181 - ppe_alert_consumer_0df983271a80 - INFO - [PPE Result] camera=ppe_test_cam1 | severity=none | sent_to=post_processing
2026-08-17 20:20:10,313 - ppe_alert_consumer_0df983271a80 - INFO - [PPE FRAME RECEIVED] camera=ppe_test_cam1 | severity=none | violated=[]
2026-08-17 20:20:10,314 - ppe_alert_consumer_0df983271a80 - INFO - [PPE Result] camera=ppe_test_cam1 | severity=none | sent_to=post_processing
2026-08-17 20:20:11,160 - ppe_alert_consumer_0df983271a80 - INFO - [PPE FRAME RECEIVED] camera=ppe_test_cam1 | severity=none | violated=[]
2026-08-17 20:20:11,161 - ppe_alert_consumer_0df983271a80 - INFO - [PPE Result] camera=ppe_test_cam1 | severity=none | sent_to=post_processing
2026-08-17 20:20:12,206 - ppe_alert_consumer_0df983271a80 - INFO - [PPE FRAME RECEIVED] camera=ppe_test_cam1 | severity=none | violated=[]
2026-08-17 20:20:12,208 - ppe_alert_consumer_0df983271a80 - INFO - [PPE Result] camera=ppe_test_cam1 | severity=none | sent_to=post_processing
2026-08-17 20:20:12,209 - ppe_alert_consumer_0df983271a80 - INFO - [PPE FRAME RECEIVED] camera=ppe_test_cam1 | severity=none | violated=[]
2026-08-17 20:20:12,211 - ppe_alert_consumer_0df983271a80 - INFO - [PPE Result] camera=ppe_test_cam1 | severity=none | sent_to=post_processing
2026-08-17 20:20:37,188 - ppe_alert_consumer_0df983271a80 - INFO - [PPE FRAME RECEIVED] camera=ppe_test_cam1 | severity=none | violated=[]
2026-08-17 20:20:37,189 - ppe_alert_consumer_0df983271a80 - INFO - [PPE Result] camera=ppe_test_cam1 | severity=none | sent_to=post_processing
2026-08-17 20:20:38,273 - ppe_alert_consumer_0df983271a80 - INFO - [PPE FRAME RECEIVED] camera=ppe_test_cam1 | severity=none | violated=[]
2026-08-17 20:20:38,274 - ppe_alert_consumer_0df983271a80 - INFO - [PPE Result] camera=ppe_test_cam1 | severity=none | sent_to=post_processing
2026-08-17 20:20:56,198 - ppe_alert_consumer_0df983271a80 - INFO - [PPE FRAME RECEIVED] camera=ppe_test_cam1 | severity=none | violated=[]
2026-08-17 20:20:56,199 - ppe_alert_consumer_0df983271a80 - INFO - [PPE Result] camera=ppe_test_cam1 | severity=none | sent_to=post_processing
2026-08-17 20:20:56,233 - ppe_alert_consumer_0df983271a80 - INFO - [PPE FRAME RECEIVED] camera=ppe_test_cam1 | severity=low | violated=['No-Shoes', 'No-Shoes']
2026-08-17 20:20:56,234 - ppe_alert_consumer_0df983271a80 - INFO - [PPE Result] camera=ppe_test_cam1 | severity=low | sent_to=post_processing
2026-08-17 20:20:57,165 - ppe_alert_consumer_0df983271a80 - INFO - [PPE FRAME RECEIVED] camera=ppe_test_cam1 | severity=low | violated=['No-Shoes', 'No-Shoes']
2026-08-17 20:20:57,166 - ppe_alert_consumer_0df983271a80 - INFO - [PPE Result] camera=ppe_test_cam1 | severity=low | sent_to=post_processing
2026-08-17 20:20:57,167 - ppe_alert_consumer_0df983271a80 - INFO - [PPE FRAME RECEIVED] camera=ppe_test_cam1 | severity=none | violated=[]
2026-08-17 20:20:57,168 - ppe_alert_consumer_0df983271a80 - INFO - [PPE Result] camera=ppe_test_cam1 | severity=none | sent_to=post_processing
2026-08-17 20:20:58,124 - ppe_alert_consumer_0df983271a80 - INFO - [PPE FRAME RECEIVED] camera=ppe_test_cam1 | severity=low | violated=['No-Shoes', 'No-Shoes']
2026-08-17 20:20:58,125 - ppe_alert_consumer_0df983271a80 - INFO - [PPE Result] camera=ppe_test_cam1 | severity=low | sent_to=post_processing
2026-08-17 20:20:58,126 - ppe_alert_consumer_0df983271a80 - INFO - [PPE FRAME RECEIVED] camera=ppe_test_cam1 | severity=none | violated=[]
2026-08-17 20:20:58,127 - ppe_alert_consumer_0df983271a80 - INFO - [PPE Result] camera=ppe_test_cam1 | severity=none | sent_to=post_processing
2026-08-17 20:20:59,156 - ppe_alert_consumer_0df983271a80 - INFO - [PPE FRAME RECEIVED] camera=ppe_test_cam1 | severity=none | violated=[]
2026-08-17 20:20:59,157 - ppe_alert_consumer_0df983271a80 - INFO - [PPE Result] camera=ppe_test_cam1 | severity=none | sent_to=post_processing
2026-08-17 20:20:59,188 - ppe_alert_consumer_0df983271a80 - INFO - [PPE FRAME RECEIVED] camera=ppe_test_cam1 | severity=low | violated=['No-Shoes', 'No-Shoes']
2026-08-17 20:20:59,189 - ppe_alert_consumer_0df983271a80 - INFO - [PPE Result] camera=ppe_test_cam1 | severity=low | sent_to=post_processing
2026-08-17 20:21:00,108 - ppe_alert_consumer_0df983271a80 - INFO - [PPE FRAME RECEIVED] camera=ppe_test_cam1 | severity=none | violated=[]
2026-08-17 20:21:00,109 - ppe_alert_consumer_0df983271a80 - INFO - [PPE Result] camera=ppe_test_cam1 | severity=none | sent_to=post_processing
2026-08-17 20:21:05,129 - ppe_alert_consumer_0df983271a80 - INFO - [PPE FRAME RECEIVED] camera=ppe_test_cam1 | severity=none | violated=[]
2026-08-17 20:21:05,130 - ppe_alert_consumer_0df983271a80 - INFO - [PPE Result] camera=ppe_test_cam1 | severity=none | sent_to=post_processing
2026-08-17 20:21:06,052 - ppe_alert_consumer_0df983271a80 - INFO - [PPE FRAME RECEIVED] camera=ppe_test_cam1 | severity=none | violated=[]
2026-08-17 20:21:06,053 - ppe_alert_consumer_0df983271a80 - INFO - [PPE Result] camera=ppe_test_cam1 | severity=none | sent_to=post_processing
2026-08-17 20:21:07,100 - ppe_alert_consumer_0df983271a80 - INFO - [PPE FRAME RECEIVED] camera=ppe_test_cam1 | severity=none | violated=[]
2026-08-17 20:21:07,101 - ppe_alert_consumer_0df983271a80 - INFO - [PPE Result] camera=ppe_test_cam1 | severity=none | sent_to=post_processing
2026-08-17 20:21:08,092 - ppe_alert_consumer_0df983271a80 - INFO - [PPE FRAME RECEIVED] camera=ppe_test_cam1 | severity=none | violated=[]
2026-08-17 20:21:08,092 - ppe_alert_consumer_0df983271a80 - INFO - [PPE Result] camera=ppe_test_cam1 | severity=none | sent_to=post_processing
2026-08-17 20:21:09,092 - ppe_alert_consumer_0df983271a80 - INFO - [PPE FRAME RECEIVED] camera=ppe_test_cam1 | severity=none | violated=[]
2026-08-17 20:21:09,093 - ppe_alert_consumer_0df983271a80 - INFO - [PPE Result] camera=ppe_test_cam1 | severity=none | sent_to=post_processing
2026-08-17 20:21:10,087 - ppe_alert_consumer_0df983271a80 - INFO - [PPE FRAME RECEIVED] camera=ppe_test_cam1 | severity=none | violated=[]
2026-08-17 20:21:10,088 - ppe_alert_consumer_0df983271a80 - INFO - [PPE Result] camera=ppe_test_cam1 | severity=none | sent_to=post_processing
2026-08-17 20:21:11,181 - ppe_alert_consumer_0df983271a80 - INFO - [PPE FRAME RECEIVED] camera=ppe_test_cam1 | severity=none | violated=[]
2026-08-17 20:21:11,182 - ppe_alert_consumer_0df983271a80 - INFO - [PPE Result] camera=ppe_test_cam1 | severity=none | sent_to=post_processing
2026-08-17 20:21:12,129 - ppe_alert_consumer_0df983271a80 - INFO - [PPE FRAME RECEIVED] camera=ppe_test_cam1 | severity=none | violated=[]
2026-08-17 20:21:12,130 - ppe_alert_consumer_0df983271a80 - INFO - [PPE Result] camera=ppe_test_cam1 | severity=none | sent_to=post_processing
2026-08-17 20:21:12,131 - ppe_alert_consumer_0df983271a80 - INFO - [PPE FRAME RECEIVED] camera=ppe_test_cam1 | severity=none | violated=[]
2026-08-17 20:21:12,132 - ppe_alert_consumer_0df983271a80 - INFO - [PPE Result] camera=ppe_test_cam1 | severity=none | sent_to=post_processing
2026-08-17 20:21:37,146 - ppe_alert_consumer_0df983271a80 - INFO - [PPE FRAME RECEIVED] camera=ppe_test_cam1 | severity=none | violated=[]
2026-08-17 20:21:37,147 - ppe_alert_consumer_0df983271a80 - INFO - [PPE Result] camera=ppe_test_cam1 | severity=none | sent_to=post_processing
2026-08-17 20:21:38,147 - ppe_alert_consumer_0df983271a80 - INFO - [PPE FRAME RECEIVED] camera=ppe_test_cam1 | severity=none | violated=[]
2026-08-17 20:21:38,153 - ppe_alert_consumer_0df983271a80 - INFO - [PPE Result] camera=ppe_test_cam1 | severity=none | sent_to=post_processing
2026-08-17 20:21:56,222 - ppe_alert_consumer_0df983271a80 - INFO - [PPE FRAME RECEIVED] camera=ppe_test_cam1 | severity=none | violated=[]
2026-08-17 20:21:56,223 - ppe_alert_consumer_0df983271a80 - INFO - [PPE Result] camera=ppe_test_cam1 | severity=none | sent_to=post_processing
2026-08-17 20:21:56,224 - ppe_alert_consumer_0df983271a80 - INFO - [PPE FRAME RECEIVED] camera=ppe_test_cam1 | severity=low | violated=['No-Shoes', 'No-Shoes']
2026-08-17 20:21:56,226 - ppe_alert_consumer_0df983271a80 - INFO - [PPE Result] camera=ppe_test_cam1 | severity=low | sent_to=post_processing
2026-08-17 20:21:57,170 - ppe_alert_consumer_0df983271a80 - INFO - [PPE FRAME RECEIVED] camera=ppe_test_cam1 | severity=none | violated=[]
2026-08-17 20:21:57,171 - ppe_alert_consumer_0df983271a80 - INFO - [PPE Result] camera=ppe_test_cam1 | severity=none | sent_to=post_processing
2026-08-17 20:21:57,207 - ppe_alert_consumer_0df983271a80 - INFO - [PPE FRAME RECEIVED] camera=ppe_test_cam1 | severity=low | violated=['No-Shoes', 'No-Shoes']
2026-08-17 20:21:57,208 - ppe_alert_consumer_0df983271a80 - INFO - [PPE Result] camera=ppe_test_cam1 | severity=low | sent_to=post_processing
2026-08-17 20:21:58,137 - ppe_alert_consumer_0df983271a80 - INFO - [PPE FRAME RECEIVED] camera=ppe_test_cam1 | severity=none | violated=[]
2026-08-17 20:21:58,137 - ppe_alert_consumer_0df983271a80 - INFO - [PPE Result] camera=ppe_test_cam1 | severity=none | sent_to=post_processing
2026-08-17 20:21:58,169 - ppe_alert_consumer_0df983271a80 - INFO - [PPE FRAME RECEIVED] camera=ppe_test_cam1 | severity=low | violated=['No-Shoes', 'No-Shoes']
2026-08-17 20:21:58,170 - ppe_alert_consumer_0df983271a80 - INFO - [PPE Result] camera=ppe_test_cam1 | severity=low | sent_to=post_processing
2026-08-17 20:21:59,138 - ppe_alert_consumer_0df983271a80 - INFO - [PPE FRAME RECEIVED] camera=ppe_test_cam1 | severity=none | violated=[]
2026-08-17 20:21:59,139 - ppe_alert_consumer_0df983271a80 - INFO - [PPE Result] camera=ppe_test_cam1 | severity=none | sent_to=post_processing
2026-08-17 20:21:59,140 - ppe_alert_consumer_0df983271a80 - INFO - [PPE FRAME RECEIVED] camera=ppe_test_cam1 | severity=low | violated=['No-Shoes', 'No-Shoes']
2026-08-17 20:21:59,141 - ppe_alert_consumer_0df983271a80 - INFO - [PPE Result] camera=ppe_test_cam1 | severity=low | sent_to=post_processing
2026-08-17 20:22:00,166 - ppe_alert_consumer_0df983271a80 - INFO - [PPE FRAME RECEIVED] camera=ppe_test_cam1 | severity=none | violated=[]
2026-08-17 20:22:00,167 - ppe_alert_consumer_0df983271a80 - INFO - [PPE Result] camera=ppe_test_cam1 | severity=none | sent_to=post_processing
2026-08-17 20:22:05,144 - ppe_alert_consumer_0df983271a80 - INFO - [PPE FRAME RECEIVED] camera=ppe_test_cam1 | severity=none | violated=[]
2026-08-17 20:22:05,145 - ppe_alert_consumer_0df983271a80 - INFO - [PPE Result] camera=ppe_test_cam1 | severity=none | sent_to=post_processing
2026-08-17 20:22:06,110 - ppe_alert_consumer_0df983271a80 - INFO - [PPE FRAME RECEIVED] camera=ppe_test_cam1 | severity=none | violated=[]
2026-08-17 20:22:06,111 - ppe_alert_consumer_0df983271a80 - INFO - [PPE Result] camera=ppe_test_cam1 | severity=none | sent_to=post_processing
2026-08-17 20:22:07,074 - ppe_alert_consumer_0df983271a80 - INFO - [PPE FRAME RECEIVED] camera=ppe_test_cam1 | severity=none | violated=[]
2026-08-17 20:22:07,075 - ppe_alert_consumer_0df983271a80 - INFO - [PPE Result] camera=ppe_test_cam1 | severity=none | sent_to=post_processing
2026-08-17 20:22:08,134 - ppe_alert_consumer_0df983271a80 - INFO - [PPE FRAME RECEIVED] camera=ppe_test_cam1 | severity=none | violated=[]
2026-08-17 20:22:08,135 - ppe_alert_consumer_0df983271a80 - INFO - [PPE Result] camera=ppe_test_cam1 | severity=none | sent_to=post_processing
2026-08-17 20:22:09,066 - ppe_alert_consumer_0df983271a80 - INFO - [PPE FRAME RECEIVED] camera=ppe_test_cam1 | severity=none | violated=[]
2026-08-17 20:22:09,067 - ppe_alert_consumer_0df983271a80 - INFO - [PPE Result] camera=ppe_test_cam1 | severity=none | sent_to=post_processing
2026-08-17 20:22:10,145 - ppe_alert_consumer_0df983271a80 - INFO - [PPE FRAME RECEIVED] camera=ppe_test_cam1 | severity=none | violated=[]
2026-08-17 20:22:10,146 - ppe_alert_consumer_0df983271a80 - INFO - [PPE Result] camera=ppe_test_cam1 | severity=none | sent_to=post_processing
2026-08-17 20:22:11,188 - ppe_alert_consumer_0df983271a80 - INFO - [PPE FRAME RECEIVED] camera=ppe_test_cam1 | severity=none | violated=[]
2026-08-17 20:22:11,189 - ppe_alert_consumer_0df983271a80 - INFO - [PPE Result] camera=ppe_test_cam1 | severity=none | sent_to=post_processing
2026-08-17 20:22:12,118 - ppe_alert_consumer_0df983271a80 - INFO - [PPE FRAME RECEIVED] camera=ppe_test_cam1 | severity=none | violated=[]
2026-08-17 20:22:12,119 - ppe_alert_consumer_0df983271a80 - INFO - [PPE Result] camera=ppe_test_cam1 | severity=none | sent_to=post_processing
2026-08-17 20:22:12,158 - ppe_alert_consumer_0df983271a80 - INFO - [PPE FRAME RECEIVED] camera=ppe_test_cam1 | severity=none | violated=[]
2026-08-17 20:22:12,159 - ppe_alert_consumer_0df983271a80 - INFO - [PPE Result] camera=ppe_test_cam1 | severity=none | sent_to=post_processing
2026-08-17 20:22:37,198 - ppe_alert_consumer_0df983271a80 - INFO - [PPE FRAME RECEIVED] camera=ppe_test_cam1 | severity=none | violated=[]
2026-08-17 20:22:37,199 - ppe_alert_consumer_0df983271a80 - INFO - [PPE Result] camera=ppe_test_cam1 | severity=none | sent_to=post_processing
2026-08-17 20:22:38,150 - ppe_alert_consumer_0df983271a80 - INFO - [PPE FRAME RECEIVED] camera=ppe_test_cam1 | severity=none | violated=[]
2026-08-17 20:22:38,151 - ppe_alert_consumer_0df983271a80 - INFO - [PPE Result] camera=ppe_test_cam1 | severity=none | sent_to=post_processing
2026-08-17 20:22:56,210 - ppe_alert_consumer_0df983271a80 - INFO - [PPE FRAME RECEIVED] camera=ppe_test_cam1 | severity=low | violated=['No-Shoes', 'No-Shoes']
2026-08-17 20:22:56,211 - ppe_alert_consumer_0df983271a80 - INFO - [PPE Result] camera=ppe_test_cam1 | severity=low | sent_to=post_processing
2026-08-17 20:22:56,211 - ppe_alert_consumer_0df983271a80 - INFO - [PPE FRAME RECEIVED] camera=ppe_test_cam1 | severity=none | violated=[]
2026-08-17 20:22:56,213 - ppe_alert_consumer_0df983271a80 - INFO - [PPE Result] camera=ppe_test_cam1 | severity=none | sent_to=post_processing
2026-08-17 20:22:57,056 - ppe_alert_consumer_0df983271a80 - INFO - [PPE FRAME RECEIVED] camera=ppe_test_cam1 | severity=none | violated=[]
2026-08-17 20:22:57,057 - ppe_alert_consumer_0df983271a80 - INFO - [PPE Result] camera=ppe_test_cam1 | severity=none | sent_to=post_processing
2026-08-17 20:22:57,093 - ppe_alert_consumer_0df983271a80 - INFO - [PPE FRAME RECEIVED] camera=ppe_test_cam1 | severity=low | violated=['No-Shoes', 'No-Shoes']
2026-08-17 20:22:57,094 - ppe_alert_consumer_0df983271a80 - INFO - [PPE Result] camera=ppe_test_cam1 | severity=low | sent_to=post_processing
2026-08-17 20:22:58,130 - ppe_alert_consumer_0df983271a80 - INFO - [PPE FRAME RECEIVED] camera=ppe_test_cam1 | severity=none | violated=[]
2026-08-17 20:22:58,131 - ppe_alert_consumer_0df983271a80 - INFO - [PPE Result] camera=ppe_test_cam1 | severity=none | sent_to=post_processing
2026-08-17 20:22:58,167 - ppe_alert_consumer_0df983271a80 - INFO - [PPE FRAME RECEIVED] camera=ppe_test_cam1 | severity=low | violated=['No-Shoes', 'No-Shoes']
2026-08-17 20:22:58,169 - ppe_alert_consumer_0df983271a80 - INFO - [PPE Result] camera=ppe_test_cam1 | severity=low | sent_to=post_processing
2026-08-17 20:22:59,089 - ppe_alert_consumer_0df983271a80 - INFO - [PPE FRAME RECEIVED] camera=ppe_test_cam1 | severity=none | violated=[]
2026-08-17 20:22:59,090 - ppe_alert_consumer_0df983271a80 - INFO - [PPE Result] camera=ppe_test_cam1 | severity=none | sent_to=post_processing
2026-08-17 20:22:59,140 - ppe_alert_consumer_0df983271a80 - INFO - [PPE FRAME RECEIVED] camera=ppe_test_cam1 | severity=low | violated=['No-Shoes', 'No-Shoes']
2026-08-17 20:22:59,141 - ppe_alert_consumer_0df983271a80 - INFO - [PPE Result] camera=ppe_test_cam1 | severity=low | sent_to=post_processing
2026-08-17 20:23:00,030 - ppe_alert_consumer_0df983271a80 - INFO - [PPE FRAME RECEIVED] camera=ppe_test_cam1 | severity=none | violated=[]
2026-08-17 20:23:00,031 - ppe_alert_consumer_0df983271a80 - INFO - [PPE Result] camera=ppe_test_cam1 | severity=none | sent_to=post_processing
2026-08-17 20:23:05,128 - ppe_alert_consumer_0df983271a80 - INFO - [PPE FRAME RECEIVED] camera=ppe_test_cam1 | severity=none | violated=[]
2026-08-17 20:23:05,130 - ppe_alert_consumer_0df983271a80 - INFO - [PPE Result] camera=ppe_test_cam1 | severity=none | sent_to=post_processing
2026-08-17 20:23:05,995 - ppe_alert_consumer_0df983271a80 - INFO - [PPE FRAME RECEIVED] camera=ppe_test_cam1 | severity=none | violated=[]
2026-08-17 20:23:05,996 - ppe_alert_consumer_0df983271a80 - INFO - [PPE Result] camera=ppe_test_cam1 | severity=none | sent_to=post_processing
2026-08-17 20:23:07,102 - ppe_alert_consumer_0df983271a80 - INFO - [PPE FRAME RECEIVED] camera=ppe_test_cam1 | severity=none | violated=[]
2026-08-17 20:23:07,103 - ppe_alert_consumer_0df983271a80 - INFO - [PPE Result] camera=ppe_test_cam1 | severity=none | sent_to=post_processing
2026-08-17 20:23:08,126 - ppe_alert_consumer_0df983271a80 - INFO - [PPE FRAME RECEIVED] camera=ppe_test_cam1 | severity=none | violated=[]
2026-08-17 20:23:08,126 - ppe_alert_consumer_0df983271a80 - INFO - [PPE Result] camera=ppe_test_cam1 | severity=none | sent_to=post_processing
2026-08-17 20:23:09,197 - ppe_alert_consumer_0df983271a80 - INFO - [PPE FRAME RECEIVED] camera=ppe_test_cam1 | severity=none | violated=[]
2026-08-17 20:23:09,198 - ppe_alert_consumer_0df983271a80 - INFO - [PPE Result] camera=ppe_test_cam1 | severity=none | sent_to=post_processing
2026-08-17 20:23:10,113 - ppe_alert_consumer_0df983271a80 - INFO - [PPE FRAME RECEIVED] camera=ppe_test_cam1 | severity=none | violated=[]
2026-08-17 20:23:10,114 - ppe_alert_consumer_0df983271a80 - INFO - [PPE Result] camera=ppe_test_cam1 | severity=none | sent_to=post_processing
2026-08-17 20:23:11,130 - ppe_alert_consumer_0df983271a80 - INFO - [PPE FRAME RECEIVED] camera=ppe_test_cam1 | severity=none | violated=[]
2026-08-17 20:23:11,131 - ppe_alert_consumer_0df983271a80 - INFO - [PPE Result] camera=ppe_test_cam1 | severity=none | sent_to=post_processing
2026-08-17 20:23:12,203 - ppe_alert_consumer_0df983271a80 - INFO - [PPE FRAME RECEIVED] camera=ppe_test_cam1 | severity=none | violated=[]
2026-08-17 20:23:12,203 - ppe_alert_consumer_0df983271a80 - INFO - [PPE Result] camera=ppe_test_cam1 | severity=none | sent_to=post_processing
2026-08-17 20:23:12,236 - ppe_alert_consumer_0df983271a80 - INFO - [PPE FRAME RECEIVED] camera=ppe_test_cam1 | severity=none | violated=[]
2026-08-17 20:23:12,237 - ppe_alert_consumer_0df983271a80 - INFO - [PPE Result] camera=ppe_test_cam1 | severity=none | sent_to=post_processing
2026-08-17 20:23:37,102 - ppe_alert_consumer_0df983271a80 - INFO - [PPE FRAME RECEIVED] camera=ppe_test_cam1 | severity=none | violated=[]
2026-08-17 20:23:37,103 - ppe_alert_consumer_0df983271a80 - INFO - [PPE Result] camera=ppe_test_cam1 | severity=none | sent_to=post_processing
2026-08-17 20:23:38,284 - ppe_alert_consumer_0df983271a80 - INFO - [PPE FRAME RECEIVED] camera=ppe_test_cam1 | severity=none | violated=[]
2026-08-17 20:23:38,285 - ppe_alert_consumer_0df983271a80 - INFO - [PPE Result] camera=ppe_test_cam1 | severity=none | sent_to=post_processing
2026-08-17 20:23:56,112 - ppe_alert_consumer_0df983271a80 - INFO - [PPE FRAME RECEIVED] camera=ppe_test_cam1 | severity=low | violated=['No-Shoes', 'No-Shoes']
2026-08-17 20:23:56,113 - ppe_alert_consumer_0df983271a80 - INFO - [PPE Result] camera=ppe_test_cam1 | severity=low | sent_to=post_processing
2026-08-17 20:23:56,114 - ppe_alert_consumer_0df983271a80 - INFO - [PPE FRAME RECEIVED] camera=ppe_test_cam1 | severity=none | violated=[]
2026-08-17 20:23:56,116 - ppe_alert_consumer_0df983271a80 - INFO - [PPE Result] camera=ppe_test_cam1 | severity=none | sent_to=post_processing
2026-08-17 20:23:57,112 - ppe_alert_consumer_0df983271a80 - INFO - [PPE FRAME RECEIVED] camera=ppe_test_cam1 | severity=none | violated=[]
2026-08-17 20:23:57,113 - ppe_alert_consumer_0df983271a80 - INFO - [PPE Result] camera=ppe_test_cam1 | severity=none | sent_to=post_processing
2026-08-17 20:23:57,144 - ppe_alert_consumer_0df983271a80 - INFO - [PPE FRAME RECEIVED] camera=ppe_test_cam1 | severity=low | violated=['No-Shoes', 'No-Shoes']
2026-08-17 20:23:57,146 - ppe_alert_consumer_0df983271a80 - INFO - [PPE Result] camera=ppe_test_cam1 | severity=low | sent_to=post_processing
2026-08-17 20:23:58,037 - ppe_alert_consumer_0df983271a80 - INFO - [PPE FRAME RECEIVED] camera=ppe_test_cam1 | severity=none | violated=[]
2026-08-17 20:23:58,037 - ppe_alert_consumer_0df983271a80 - INFO - [PPE Result] camera=ppe_test_cam1 | severity=none | sent_to=post_processing
2026-08-17 20:23:58,077 - ppe_alert_consumer_0df983271a80 - INFO - [PPE FRAME RECEIVED] camera=ppe_test_cam1 | severity=low | violated=['No-Shoes', 'No-Shoes']
2026-08-17 20:23:58,077 - ppe_alert_consumer_0df983271a80 - INFO - [PPE Result] camera=ppe_test_cam1 | severity=low | sent_to=post_processing
2026-08-17 20:23:59,098 - ppe_alert_consumer_0df983271a80 - INFO - [PPE FRAME RECEIVED] camera=ppe_test_cam1 | severity=none | violated=[]
2026-08-17 20:23:59,100 - ppe_alert_consumer_0df983271a80 - INFO - [PPE Result] camera=ppe_test_cam1 | severity=none | sent_to=post_processing
2026-08-17 20:23:59,131 - ppe_alert_consumer_0df983271a80 - INFO - [PPE FRAME RECEIVED] camera=ppe_test_cam1 | severity=low | violated=['No-Shoes', 'No-Shoes']
2026-08-17 20:23:59,133 - ppe_alert_consumer_0df983271a80 - INFO - [PPE Result] camera=ppe_test_cam1 | severity=low | sent_to=post_processing
2026-08-17 20:24:00,080 - ppe_alert_consumer_0df983271a80 - INFO - [PPE FRAME RECEIVED] camera=ppe_test_cam1 | severity=none | violated=[]
2026-08-17 20:24:00,082 - ppe_alert_consumer_0df983271a80 - INFO - [PPE Result] camera=ppe_test_cam1 | severity=none | sent_to=post_processing
2026-08-17 20:24:05,132 - ppe_alert_consumer_0df983271a80 - INFO - [PPE FRAME RECEIVED] camera=ppe_test_cam1 | severity=none | violated=[]
2026-08-17 20:24:05,133 - ppe_alert_consumer_0df983271a80 - INFO - [PPE Result] camera=ppe_test_cam1 | severity=none | sent_to=post_processing
2026-08-17 20:24:06,078 - ppe_alert_consumer_0df983271a80 - INFO - [PPE FRAME RECEIVED] camera=ppe_test_cam1 | severity=none | violated=[]
2026-08-17 20:24:06,079 - ppe_alert_consumer_0df983271a80 - INFO - [PPE Result] camera=ppe_test_cam1 | severity=none | sent_to=post_processing
2026-08-17 20:24:07,083 - ppe_alert_consumer_0df983271a80 - INFO - [PPE FRAME RECEIVED] camera=ppe_test_cam1 | severity=none | violated=[]
2026-08-17 20:24:07,084 - ppe_alert_consumer_0df983271a80 - INFO - [PPE Result] camera=ppe_test_cam1 | severity=none | sent_to=post_processing
2026-08-17 20:24:08,146 - ppe_alert_consumer_0df983271a80 - INFO - [PPE FRAME RECEIVED] camera=ppe_test_cam1 | severity=none | violated=[]
2026-08-17 20:24:08,147 - ppe_alert_consumer_0df983271a80 - INFO - [PPE Result] camera=ppe_test_cam1 | severity=none | sent_to=post_processing
2026-08-17 20:24:09,094 - ppe_alert_consumer_0df983271a80 - INFO - [PPE FRAME RECEIVED] camera=ppe_test_cam1 | severity=none | violated=[]
2026-08-17 20:24:09,095 - ppe_alert_consumer_0df983271a80 - INFO - [PPE Result] camera=ppe_test_cam1 | severity=none | sent_to=post_processing
2026-08-17 20:24:10,149 - ppe_alert_consumer_0df983271a80 - INFO - [PPE FRAME RECEIVED] camera=ppe_test_cam1 | severity=none | violated=[]
2026-08-17 20:24:10,150 - ppe_alert_consumer_0df983271a80 - INFO - [PPE Result] camera=ppe_test_cam1 | severity=none | sent_to=post_processing
2026-08-17 20:24:11,117 - ppe_alert_consumer_0df983271a80 - INFO - [PPE FRAME RECEIVED] camera=ppe_test_cam1 | severity=none | violated=[]
2026-08-17 20:24:11,118 - ppe_alert_consumer_0df983271a80 - INFO - [PPE Result] camera=ppe_test_cam1 | severity=none | sent_to=post_processing
2026-08-17 20:24:12,129 - ppe_alert_consumer_0df983271a80 - INFO - [PPE FRAME RECEIVED] camera=ppe_test_cam1 | severity=none | violated=[]
2026-08-17 20:24:12,130 - ppe_alert_consumer_0df983271a80 - INFO - [PPE Result] camera=ppe_test_cam1 | severity=none | sent_to=post_processing
2026-08-17 20:24:12,130 - ppe_alert_consumer_0df983271a80 - INFO - [PPE FRAME RECEIVED] camera=ppe_test_cam1 | severity=none | violated=[]
2026-08-17 20:24:12,131 - ppe_alert_consumer_0df983271a80 - INFO - [PPE Result] camera=ppe_test_cam1 | severity=none | sent_to=post_processing
2026-08-17 20:24:37,085 - ppe_alert_consumer_0df983271a80 - INFO - [PPE FRAME RECEIVED] camera=ppe_test_cam1 | severity=none | violated=[]
2026-08-17 20:24:37,086 - ppe_alert_consumer_0df983271a80 - INFO - [PPE Result] camera=ppe_test_cam1 | severity=none | sent_to=post_processing
2026-08-17 20:24:38,120 - ppe_alert_consumer_0df983271a80 - INFO - [PPE FRAME RECEIVED] camera=ppe_test_cam1 | severity=none | violated=[]
2026-08-17 20:24:38,121 - ppe_alert_consumer_0df983271a80 - INFO - [PPE Result] camera=ppe_test_cam1 | severity=none | sent_to=post_processing
2026-08-17 20:24:56,202 - ppe_alert_consumer_0df983271a80 - INFO - [PPE FRAME RECEIVED] camera=ppe_test_cam1 | severity=none | violated=[]
2026-08-17 20:24:56,203 - ppe_alert_consumer_0df983271a80 - INFO - [PPE Result] camera=ppe_test_cam1 | severity=none | sent_to=post_processing
2026-08-17 20:24:56,203 - ppe_alert_consumer_0df983271a80 - INFO - [PPE FRAME RECEIVED] camera=ppe_test_cam1 | severity=low | violated=['No-Shoes', 'No-Shoes']
2026-08-17 20:24:56,205 - ppe_alert_consumer_0df983271a80 - INFO - [PPE Result] camera=ppe_test_cam1 | severity=low | sent_to=post_processing
2026-08-17 20:24:57,346 - ppe_alert_consumer_0df983271a80 - INFO - [PPE FRAME RECEIVED] camera=ppe_test_cam1 | severity=none | violated=[]
2026-08-17 20:24:57,347 - ppe_alert_consumer_0df983271a80 - INFO - [PPE Result] camera=ppe_test_cam1 | severity=none | sent_to=post_processing
2026-08-17 20:24:57,377 - ppe_alert_consumer_0df983271a80 - INFO - [PPE FRAME RECEIVED] camera=ppe_test_cam1 | severity=low | violated=['No-Shoes', 'No-Shoes']
2026-08-17 20:24:57,377 - ppe_alert_consumer_0df983271a80 - INFO - [PPE Result] camera=ppe_test_cam1 | severity=low | sent_to=post_processing
2026-08-17 20:24:58,210 - ppe_alert_consumer_0df983271a80 - INFO - [PPE FRAME RECEIVED] camera=ppe_test_cam1 | severity=none | violated=[]
2026-08-17 20:24:58,211 - ppe_alert_consumer_0df983271a80 - INFO - [PPE Result] camera=ppe_test_cam1 | severity=none | sent_to=post_processing
2026-08-17 20:24:58,243 - ppe_alert_consumer_0df983271a80 - INFO - [PPE FRAME RECEIVED] camera=ppe_test_cam1 | severity=low | violated=['No-Shoes', 'No-Shoes']
2026-08-17 20:24:58,244 - ppe_alert_consumer_0df983271a80 - INFO - [PPE Result] camera=ppe_test_cam1 | severity=low | sent_to=post_processing
2026-08-17 20:24:59,325 - ppe_alert_consumer_0df983271a80 - INFO - [PPE FRAME RECEIVED] camera=ppe_test_cam1 | severity=low | violated=['No-Shoes', 'No-Shoes']
2026-08-17 20:24:59,326 - ppe_alert_consumer_0df983271a80 - INFO - [PPE Result] camera=ppe_test_cam1 | severity=low | sent_to=post_processing
2026-08-17 20:24:59,326 - ppe_alert_consumer_0df983271a80 - INFO - [PPE FRAME RECEIVED] camera=ppe_test_cam1 | severity=none | violated=[]
2026-08-17 20:24:59,327 - ppe_alert_consumer_0df983271a80 - INFO - [PPE Result] camera=ppe_test_cam1 | severity=none | sent_to=post_processing
2026-08-17 20:25:00,408 - ppe_alert_consumer_0df983271a80 - INFO - [PPE FRAME RECEIVED] camera=ppe_test_cam1 | severity=none | violated=[]
2026-08-17 20:25:00,409 - ppe_alert_consumer_0df983271a80 - INFO - [PPE Result] camera=ppe_test_cam1 | severity=none | sent_to=post_processing
2026-08-17 20:25:05,141 - ppe_alert_consumer_0df983271a80 - INFO - [PPE FRAME RECEIVED] camera=ppe_test_cam1 | severity=none | violated=[]
2026-08-17 20:25:05,142 - ppe_alert_consumer_0df983271a80 - INFO - [PPE Result] camera=ppe_test_cam1 | severity=none | sent_to=post_processing
2026-08-17 20:25:06,109 - ppe_alert_consumer_0df983271a80 - INFO - [PPE FRAME RECEIVED] camera=ppe_test_cam1 | severity=none | violated=[]
2026-08-17 20:25:06,109 - ppe_alert_consumer_0df983271a80 - INFO - [PPE Result] camera=ppe_test_cam1 | severity=none | sent_to=post_processing
2026-08-17 20:25:06,996 - ppe_alert_consumer_0df983271a80 - INFO - [PPE FRAME RECEIVED] camera=ppe_test_cam1 | severity=none | violated=[]
2026-08-17 20:25:06,996 - ppe_alert_consumer_0df983271a80 - INFO - [PPE Result] camera=ppe_test_cam1 | severity=none | sent_to=post_processing
2026-08-17 20:25:08,110 - ppe_alert_consumer_0df983271a80 - INFO - [PPE FRAME RECEIVED] camera=ppe_test_cam1 | severity=none | violated=[]
2026-08-17 20:25:08,111 - ppe_alert_consumer_0df983271a80 - INFO - [PPE Result] camera=ppe_test_cam1 | severity=none | sent_to=post_processing
2026-08-17 20:25:09,156 - ppe_alert_consumer_0df983271a80 - INFO - [PPE FRAME RECEIVED] camera=ppe_test_cam1 | severity=none | violated=[]
2026-08-17 20:25:09,158 - ppe_alert_consumer_0df983271a80 - INFO - [PPE Result] camera=ppe_test_cam1 | severity=none | sent_to=post_processing
2026-08-17 20:25:10,044 - ppe_alert_consumer_0df983271a80 - INFO - [PPE FRAME RECEIVED] camera=ppe_test_cam1 | severity=none | violated=[]
2026-08-17 20:25:10,045 - ppe_alert_consumer_0df983271a80 - INFO - [PPE Result] camera=ppe_test_cam1 | severity=none | sent_to=post_processing
2026-08-17 20:25:11,130 - ppe_alert_consumer_0df983271a80 - INFO - [PPE FRAME RECEIVED] camera=ppe_test_cam1 | severity=none | violated=[]
2026-08-17 20:25:11,130 - ppe_alert_consumer_0df983271a80 - INFO - [PPE Result] camera=ppe_test_cam1 | severity=none | sent_to=post_processing
2026-08-17 20:25:12,201 - ppe_alert_consumer_0df983271a80 - INFO - [PPE FRAME RECEIVED] camera=ppe_test_cam1 | severity=none | violated=[]
2026-08-17 20:25:12,202 - ppe_alert_consumer_0df983271a80 - INFO - [PPE Result] camera=ppe_test_cam1 | severity=none | sent_to=post_processing
2026-08-17 20:25:12,235 - ppe_alert_consumer_0df983271a80 - INFO - [PPE FRAME RECEIVED] camera=ppe_test_cam1 | severity=none | violated=[]
2026-08-17 20:25:12,235 - ppe_alert_consumer_0df983271a80 - INFO - [PPE Result] camera=ppe_test_cam1 | severity=none | sent_to=post_processing
2026-08-17 20:25:37,191 - ppe_alert_consumer_0df983271a80 - INFO - [PPE FRAME RECEIVED] camera=ppe_test_cam1 | severity=none | violated=[]
2026-08-17 20:25:37,192 - ppe_alert_consumer_0df983271a80 - INFO - [PPE Result] camera=ppe_test_cam1 | severity=none | sent_to=post_processing
2026-08-17 20:25:38,126 - ppe_alert_consumer_0df983271a80 - INFO - [PPE FRAME RECEIVED] camera=ppe_test_cam1 | severity=none | violated=[]
2026-08-17 20:25:38,127 - ppe_alert_consumer_0df983271a80 - INFO - [PPE Result] camera=ppe_test_cam1 | severity=none | sent_to=post_processing
2026-08-17 20:25:56,203 - ppe_alert_consumer_0df983271a80 - INFO - [PPE FRAME RECEIVED] camera=ppe_test_cam1 | severity=none | violated=[]
2026-08-17 20:25:56,203 - ppe_alert_consumer_0df983271a80 - INFO - [PPE Result] camera=ppe_test_cam1 | severity=none | sent_to=post_processing
2026-08-17 20:25:56,237 - ppe_alert_consumer_0df983271a80 - INFO - [PPE FRAME RECEIVED] camera=ppe_test_cam1 | severity=low | violated=['No-Shoes', 'No-Shoes']
2026-08-17 20:25:56,239 - ppe_alert_consumer_0df983271a80 - INFO - [PPE Result] camera=ppe_test_cam1 | severity=low | sent_to=post_processing
2026-08-17 20:25:57,076 - ppe_alert_consumer_0df983271a80 - INFO - [PPE FRAME RECEIVED] camera=ppe_test_cam1 | severity=none | violated=[]
2026-08-17 20:25:57,077 - ppe_alert_consumer_0df983271a80 - INFO - [PPE Result] camera=ppe_test_cam1 | severity=none | sent_to=post_processing
2026-08-17 20:25:57,113 - ppe_alert_consumer_0df983271a80 - INFO - [PPE FRAME RECEIVED] camera=ppe_test_cam1 | severity=low | violated=['No-Shoes', 'No-Shoes']
2026-08-17 20:25:57,114 - ppe_alert_consumer_0df983271a80 - INFO - [PPE Result] camera=ppe_test_cam1 | severity=low | sent_to=post_processing
2026-08-17 20:25:58,241 - ppe_alert_consumer_0df983271a80 - INFO - [PPE FRAME RECEIVED] camera=ppe_test_cam1 | severity=low | violated=['No-Shoes', 'No-Shoes']
2026-08-17 20:25:58,242 - ppe_alert_consumer_0df983271a80 - INFO - [PPE Result] camera=ppe_test_cam1 | severity=low | sent_to=post_processing
2026-08-17 20:25:58,242 - ppe_alert_consumer_0df983271a80 - INFO - [PPE FRAME RECEIVED] camera=ppe_test_cam1 | severity=none | violated=[]
2026-08-17 20:25:58,245 - ppe_alert_consumer_0df983271a80 - INFO - [PPE Result] camera=ppe_test_cam1 | severity=none | sent_to=post_processing
2026-08-17 20:25:59,160 - ppe_alert_consumer_0df983271a80 - INFO - [PPE FRAME RECEIVED] camera=ppe_test_cam1 | severity=low | violated=['No-Shoes', 'No-Shoes']
2026-08-17 20:25:59,161 - ppe_alert_consumer_0df983271a80 - INFO - [PPE Result] camera=ppe_test_cam1 | severity=low | sent_to=post_processing
2026-08-17 20:25:59,162 - ppe_alert_consumer_0df983271a80 - INFO - [PPE FRAME RECEIVED] camera=ppe_test_cam1 | severity=none | violated=[]
2026-08-17 20:25:59,163 - ppe_alert_consumer_0df983271a80 - INFO - [PPE Result] camera=ppe_test_cam1 | severity=none | sent_to=post_processing
2026-08-17 20:26:00,041 - ppe_alert_consumer_0df983271a80 - INFO - [PPE FRAME RECEIVED] camera=ppe_test_cam1 | severity=none | violated=[]
2026-08-17 20:26:00,042 - ppe_alert_consumer_0df983271a80 - INFO - [PPE Result] camera=ppe_test_cam1 | severity=none | sent_to=post_processing
2026-08-17 20:26:05,108 - ppe_alert_consumer_0df983271a80 - INFO - [PPE FRAME RECEIVED] camera=ppe_test_cam1 | severity=none | violated=[]
2026-08-17 20:26:05,109 - ppe_alert_consumer_0df983271a80 - INFO - [PPE Result] camera=ppe_test_cam1 | severity=none | sent_to=post_processing
2026-08-17 20:26:06,123 - ppe_alert_consumer_0df983271a80 - INFO - [PPE FRAME RECEIVED] camera=ppe_test_cam1 | severity=none | violated=[]
2026-08-17 20:26:06,123 - ppe_alert_consumer_0df983271a80 - INFO - [PPE Result] camera=ppe_test_cam1 | severity=none | sent_to=post_processing
2026-08-17 20:26:07,113 - ppe_alert_consumer_0df983271a80 - INFO - [PPE FRAME RECEIVED] camera=ppe_test_cam1 | severity=none | violated=[]
2026-08-17 20:26:07,114 - ppe_alert_consumer_0df983271a80 - INFO - [PPE Result] camera=ppe_test_cam1 | severity=none | sent_to=post_processing
2026-08-17 20:26:08,021 - ppe_alert_consumer_0df983271a80 - INFO - [PPE FRAME RECEIVED] camera=ppe_test_cam1 | severity=none | violated=[]
2026-08-17 20:26:08,022 - ppe_alert_consumer_0df983271a80 - INFO - [PPE Result] camera=ppe_test_cam1 | severity=none | sent_to=post_processing
2026-08-17 20:26:09,174 - ppe_alert_consumer_0df983271a80 - INFO - [PPE FRAME RECEIVED] camera=ppe_test_cam1 | severity=none | violated=[]
2026-08-17 20:26:09,175 - ppe_alert_consumer_0df983271a80 - INFO - [PPE Result] camera=ppe_test_cam1 | severity=none | sent_to=post_processing
2026-08-17 20:26:10,145 - ppe_alert_consumer_0df983271a80 - INFO - [PPE FRAME RECEIVED] camera=ppe_test_cam1 | severity=none | violated=[]
2026-08-17 20:26:10,146 - ppe_alert_consumer_0df983271a80 - INFO - [PPE Result] camera=ppe_test_cam1 | severity=none | sent_to=post_processing
2026-08-17 20:26:11,117 - ppe_alert_consumer_0df983271a80 - INFO - [PPE FRAME RECEIVED] camera=ppe_test_cam1 | severity=none | violated=[]
2026-08-17 20:26:11,119 - ppe_alert_consumer_0df983271a80 - INFO - [PPE Result] camera=ppe_test_cam1 | severity=none | sent_to=post_processing
2026-08-17 20:26:12,188 - ppe_alert_consumer_0df983271a80 - INFO - [PPE FRAME RECEIVED] camera=ppe_test_cam1 | severity=none | violated=[]
2026-08-17 20:26:12,188 - ppe_alert_consumer_0df983271a80 - INFO - [PPE Result] camera=ppe_test_cam1 | severity=none | sent_to=post_processing
2026-08-17 20:26:12,228 - ppe_alert_consumer_0df983271a80 - INFO - [PPE FRAME RECEIVED] camera=ppe_test_cam1 | severity=none | violated=[]
2026-08-17 20:26:12,229 - ppe_alert_consumer_0df983271a80 - INFO - [PPE Result] camera=ppe_test_cam1 | severity=none | sent_to=post_processing
2026-08-17 20:26:37,228 - ppe_alert_consumer_0df983271a80 - INFO - [PPE FRAME RECEIVED] camera=ppe_test_cam1 | severity=none | violated=[]
2026-08-17 20:26:37,229 - ppe_alert_consumer_0df983271a80 - INFO - [PPE Result] camera=ppe_test_cam1 | severity=none | sent_to=post_processing
2026-08-17 20:26:38,529 - ppe_alert_consumer_0df983271a80 - INFO - [PPE FRAME RECEIVED] camera=ppe_test_cam1 | severity=none | violated=[]
2026-08-17 20:26:38,532 - ppe_alert_consumer_0df983271a80 - INFO - [PPE Result] camera=ppe_test_cam1 | severity=none | sent_to=post_processing
2026-08-17 20:26:56,133 - ppe_alert_consumer_0df983271a80 - INFO - [PPE FRAME RECEIVED] camera=ppe_test_cam1 | severity=none | violated=[]
2026-08-17 20:26:56,134 - ppe_alert_consumer_0df983271a80 - INFO - [PPE Result] camera=ppe_test_cam1 | severity=none | sent_to=post_processing
2026-08-17 20:26:56,170 - ppe_alert_consumer_0df983271a80 - INFO - [PPE FRAME RECEIVED] camera=ppe_test_cam1 | severity=low | violated=['No-Shoes', 'No-Shoes']
2026-08-17 20:26:56,170 - ppe_alert_consumer_0df983271a80 - INFO - [PPE Result] camera=ppe_test_cam1 | severity=low | sent_to=post_processing
2026-08-17 20:26:57,055 - ppe_alert_consumer_0df983271a80 - INFO - [PPE FRAME RECEIVED] camera=ppe_test_cam1 | severity=none | violated=[]
2026-08-17 20:26:57,056 - ppe_alert_consumer_0df983271a80 - INFO - [PPE Result] camera=ppe_test_cam1 | severity=none | sent_to=post_processing
2026-08-17 20:26:57,081 - ppe_alert_consumer_0df983271a80 - INFO - [PPE FRAME RECEIVED] camera=ppe_test_cam1 | severity=low | violated=['No-Shoes', 'No-Shoes']
2026-08-17 20:26:57,082 - ppe_alert_consumer_0df983271a80 - INFO - [PPE Result] camera=ppe_test_cam1 | severity=low | sent_to=post_processing
2026-08-17 20:26:58,168 - ppe_alert_consumer_0df983271a80 - INFO - [PPE FRAME RECEIVED] camera=ppe_test_cam1 | severity=none | violated=[]
2026-08-17 20:26:58,169 - ppe_alert_consumer_0df983271a80 - INFO - [PPE Result] camera=ppe_test_cam1 | severity=none | sent_to=post_processing
2026-08-17 20:26:58,198 - ppe_alert_consumer_0df983271a80 - INFO - [PPE FRAME RECEIVED] camera=ppe_test_cam1 | severity=low | violated=['No-Shoes', 'No-Shoes']
2026-08-17 20:26:58,200 - ppe_alert_consumer_0df983271a80 - INFO - [PPE Result] camera=ppe_test_cam1 | severity=low | sent_to=post_processing
2026-08-17 20:26:59,275 - ppe_alert_consumer_0df983271a80 - INFO - [PPE FRAME RECEIVED] camera=ppe_test_cam1 | severity=none | violated=[]
2026-08-17 20:26:59,276 - ppe_alert_consumer_0df983271a80 - INFO - [PPE Result] camera=ppe_test_cam1 | severity=none | sent_to=post_processing
2026-08-17 20:26:59,313 - ppe_alert_consumer_0df983271a80 - INFO - [PPE FRAME RECEIVED] camera=ppe_test_cam1 | severity=low | violated=['No-Shoes', 'No-Shoes']
2026-08-17 20:26:59,314 - ppe_alert_consumer_0df983271a80 - INFO - [PPE Result] camera=ppe_test_cam1 | severity=low | sent_to=post_processing
2026-08-17 20:27:00,184 - ppe_alert_consumer_0df983271a80 - INFO - [PPE FRAME RECEIVED] camera=ppe_test_cam1 | severity=none | violated=[]
2026-08-17 20:27:00,186 - ppe_alert_consumer_0df983271a80 - INFO - [PPE Result] camera=ppe_test_cam1 | severity=none | sent_to=post_processing
2026-08-17 20:27:05,144 - ppe_alert_consumer_0df983271a80 - INFO - [PPE FRAME RECEIVED] camera=ppe_test_cam1 | severity=none | violated=[]
2026-08-17 20:27:05,145 - ppe_alert_consumer_0df983271a80 - INFO - [PPE Result] camera=ppe_test_cam1 | severity=none | sent_to=post_processing
2026-08-17 20:27:06,118 - ppe_alert_consumer_0df983271a80 - INFO - [PPE FRAME RECEIVED] camera=ppe_test_cam1 | severity=none | violated=[]
2026-08-17 20:27:06,119 - ppe_alert_consumer_0df983271a80 - INFO - [PPE Result] camera=ppe_test_cam1 | severity=none | sent_to=post_processing
2026-08-17 20:27:07,075 - ppe_alert_consumer_0df983271a80 - INFO - [PPE FRAME RECEIVED] camera=ppe_test_cam1 | severity=none | violated=[]
2026-08-17 20:27:07,076 - ppe_alert_consumer_0df983271a80 - INFO - [PPE Result] camera=ppe_test_cam1 | severity=none | sent_to=post_processing
2026-08-17 20:27:08,166 - ppe_alert_consumer_0df983271a80 - INFO - [PPE FRAME RECEIVED] camera=ppe_test_cam1 | severity=none | violated=[]
2026-08-17 20:27:08,167 - ppe_alert_consumer_0df983271a80 - INFO - [PPE Result] camera=ppe_test_cam1 | severity=none | sent_to=post_processing
2026-08-17 20:27:09,253 - ppe_alert_consumer_0df983271a80 - INFO - [PPE FRAME RECEIVED] camera=ppe_test_cam1 | severity=none | violated=[]
2026-08-17 20:27:09,254 - ppe_alert_consumer_0df983271a80 - INFO - [PPE Result] camera=ppe_test_cam1 | severity=none | sent_to=post_processing
2026-08-17 20:27:10,239 - ppe_alert_consumer_0df983271a80 - INFO - [PPE FRAME RECEIVED] camera=ppe_test_cam1 | severity=none | violated=[]
2026-08-17 20:27:10,239 - ppe_alert_consumer_0df983271a80 - INFO - [PPE Result] camera=ppe_test_cam1 | severity=none | sent_to=post_processing
2026-08-17 20:27:11,250 - ppe_alert_consumer_0df983271a80 - INFO - [PPE FRAME RECEIVED] camera=ppe_test_cam1 | severity=none | violated=[]
2026-08-17 20:27:11,251 - ppe_alert_consumer_0df983271a80 - INFO - [PPE Result] camera=ppe_test_cam1 | severity=none | sent_to=post_processing
2026-08-17 20:27:12,339 - ppe_alert_consumer_0df983271a80 - INFO - [PPE FRAME RECEIVED] camera=ppe_test_cam1 | severity=none | violated=[]
2026-08-17 20:27:12,340 - ppe_alert_consumer_0df983271a80 - INFO - [PPE Result] camera=ppe_test_cam1 | severity=none | sent_to=post_processing
2026-08-17 20:27:12,375 - ppe_alert_consumer_0df983271a80 - INFO - [PPE FRAME RECEIVED] camera=ppe_test_cam1 | severity=none | violated=[]
2026-08-17 20:27:12,375 - ppe_alert_consumer_0df983271a80 - INFO - [PPE Result] camera=ppe_test_cam1 | severity=none | sent_to=post_processing
2026-08-17 20:27:37,224 - ppe_alert_consumer_0df983271a80 - INFO - [PPE FRAME RECEIVED] camera=ppe_test_cam1 | severity=none | violated=[]
2026-08-17 20:27:37,224 - ppe_alert_consumer_0df983271a80 - INFO - [PPE Result] camera=ppe_test_cam1 | severity=none | sent_to=post_processing
2026-08-17 20:27:38,284 - ppe_alert_consumer_0df983271a80 - INFO - [PPE FRAME RECEIVED] camera=ppe_test_cam1 | severity=none | violated=[]
2026-08-17 20:27:38,285 - ppe_alert_consumer_0df983271a80 - INFO - [PPE Result] camera=ppe_test_cam1 | severity=none | sent_to=post_processing
2026-08-17 20:27:56,173 - ppe_alert_consumer_0df983271a80 - INFO - [PPE FRAME RECEIVED] camera=ppe_test_cam1 | severity=none | violated=[]
2026-08-17 20:27:56,175 - ppe_alert_consumer_0df983271a80 - INFO - [PPE Result] camera=ppe_test_cam1 | severity=none | sent_to=post_processing
2026-08-17 20:27:56,176 - ppe_alert_consumer_0df983271a80 - INFO - [PPE FRAME RECEIVED] camera=ppe_test_cam1 | severity=low | violated=['No-Shoes', 'No-Shoes']
2026-08-17 20:27:56,180 - ppe_alert_consumer_0df983271a80 - INFO - [PPE Result] camera=ppe_test_cam1 | severity=low | sent_to=post_processing
2026-08-17 20:27:57,096 - ppe_alert_consumer_0df983271a80 - INFO - [PPE FRAME RECEIVED] camera=ppe_test_cam1 | severity=none | violated=[]
2026-08-17 20:27:57,097 - ppe_alert_consumer_0df983271a80 - INFO - [PPE Result] camera=ppe_test_cam1 | severity=none | sent_to=post_processing
2026-08-17 20:27:57,130 - ppe_alert_consumer_0df983271a80 - INFO - [PPE FRAME RECEIVED] camera=ppe_test_cam1 | severity=low | violated=['No-Shoes', 'No-Shoes']
2026-08-17 20:27:57,134 - ppe_alert_consumer_0df983271a80 - INFO - [PPE Result] camera=ppe_test_cam1 | severity=low | sent_to=post_processing
2026-08-17 20:27:58,138 - ppe_alert_consumer_0df983271a80 - INFO - [PPE FRAME RECEIVED] camera=ppe_test_cam1 | severity=none | violated=[]
2026-08-17 20:27:58,139 - ppe_alert_consumer_0df983271a80 - INFO - [PPE Result] camera=ppe_test_cam1 | severity=none | sent_to=post_processing
2026-08-17 20:27:58,139 - ppe_alert_consumer_0df983271a80 - INFO - [PPE FRAME RECEIVED] camera=ppe_test_cam1 | severity=low | violated=['No-Shoes', 'No-Shoes']
2026-08-17 20:27:58,140 - ppe_alert_consumer_0df983271a80 - INFO - [PPE Result] camera=ppe_test_cam1 | severity=low | sent_to=post_processing
2026-08-17 20:27:59,134 - ppe_alert_consumer_0df983271a80 - INFO - [PPE FRAME RECEIVED] camera=ppe_test_cam1 | severity=low | violated=['No-Shoes', 'No-Shoes']
2026-08-17 20:27:59,136 - ppe_alert_consumer_0df983271a80 - INFO - [PPE Result] camera=ppe_test_cam1 | severity=low | sent_to=post_processing
2026-08-17 20:27:59,137 - ppe_alert_consumer_0df983271a80 - INFO - [PPE FRAME RECEIVED] camera=ppe_test_cam1 | severity=none | violated=[]
2026-08-17 20:27:59,138 - ppe_alert_consumer_0df983271a80 - INFO - [PPE Result] camera=ppe_test_cam1 | severity=none | sent_to=post_processing
2026-08-17 20:28:00,150 - ppe_alert_consumer_0df983271a80 - INFO - [PPE FRAME RECEIVED] camera=ppe_test_cam1 | severity=none | violated=[]
2026-08-17 20:28:00,151 - ppe_alert_consumer_0df983271a80 - INFO - [PPE Result] camera=ppe_test_cam1 | severity=none | sent_to=post_processing
2026-08-17 20:28:05,153 - ppe_alert_consumer_0df983271a80 - INFO - [PPE FRAME RECEIVED] camera=ppe_test_cam1 | severity=none | violated=[]
2026-08-17 20:28:05,154 - ppe_alert_consumer_0df983271a80 - INFO - [PPE Result] camera=ppe_test_cam1 | severity=none | sent_to=post_processing
2026-08-17 20:28:06,113 - ppe_alert_consumer_0df983271a80 - INFO - [PPE FRAME RECEIVED] camera=ppe_test_cam1 | severity=none | violated=[]
2026-08-17 20:28:06,115 - ppe_alert_consumer_0df983271a80 - INFO - [PPE Result] camera=ppe_test_cam1 | severity=none | sent_to=post_processing
2026-08-17 20:28:07,004 - ppe_alert_consumer_0df983271a80 - INFO - [PPE FRAME RECEIVED] camera=ppe_test_cam1 | severity=none | violated=[]
2026-08-17 20:28:07,005 - ppe_alert_consumer_0df983271a80 - INFO - [PPE Result] camera=ppe_test_cam1 | severity=none | sent_to=post_processing
2026-08-17 20:28:08,192 - ppe_alert_consumer_0df983271a80 - INFO - [PPE FRAME RECEIVED] camera=ppe_test_cam1 | severity=none | violated=[]
2026-08-17 20:28:08,192 - ppe_alert_consumer_0df983271a80 - INFO - [PPE Result] camera=ppe_test_cam1 | severity=none | sent_to=post_processing
2026-08-17 20:28:09,197 - ppe_alert_consumer_0df983271a80 - INFO - [PPE FRAME RECEIVED] camera=ppe_test_cam1 | severity=none | violated=[]
2026-08-17 20:28:09,198 - ppe_alert_consumer_0df983271a80 - INFO - [PPE Result] camera=ppe_test_cam1 | severity=none | sent_to=post_processing
2026-08-17 20:28:10,217 - ppe_alert_consumer_0df983271a80 - INFO - [PPE FRAME RECEIVED] camera=ppe_test_cam1 | severity=none | violated=[]
2026-08-17 20:28:10,217 - ppe_alert_consumer_0df983271a80 - INFO - [PPE Result] camera=ppe_test_cam1 | severity=none | sent_to=post_processing
2026-08-17 20:28:11,120 - ppe_alert_consumer_0df983271a80 - INFO - [PPE FRAME RECEIVED] camera=ppe_test_cam1 | severity=none | violated=[]
2026-08-17 20:28:11,121 - ppe_alert_consumer_0df983271a80 - INFO - [PPE Result] camera=ppe_test_cam1 | severity=none | sent_to=post_processing
2026-08-17 20:28:12,145 - ppe_alert_consumer_0df983271a80 - INFO - [PPE FRAME RECEIVED] camera=ppe_test_cam1 | severity=none | violated=[]
2026-08-17 20:28:12,146 - ppe_alert_consumer_0df983271a80 - INFO - [PPE Result] camera=ppe_test_cam1 | severity=none | sent_to=post_processing
2026-08-17 20:28:12,176 - ppe_alert_consumer_0df983271a80 - INFO - [PPE FRAME RECEIVED] camera=ppe_test_cam1 | severity=none | violated=[]
2026-08-17 20:28:12,177 - ppe_alert_consumer_0df983271a80 - INFO - [PPE Result] camera=ppe_test_cam1 | severity=none | sent_to=post_processing
2026-08-17 20:28:37,183 - ppe_alert_consumer_0df983271a80 - INFO - [PPE FRAME RECEIVED] camera=ppe_test_cam1 | severity=none | violated=[]
2026-08-17 20:28:37,184 - ppe_alert_consumer_0df983271a80 - INFO - [PPE Result] camera=ppe_test_cam1 | severity=none | sent_to=post_processing
2026-08-17 20:28:38,166 - ppe_alert_consumer_0df983271a80 - INFO - [PPE FRAME RECEIVED] camera=ppe_test_cam1 | severity=none | violated=[]
2026-08-17 20:28:38,169 - ppe_alert_consumer_0df983271a80 - INFO - [PPE Result] camera=ppe_test_cam1 | severity=none | sent_to=post_processing
2026-08-17 20:28:56,173 - ppe_alert_consumer_0df983271a80 - INFO - [PPE FRAME RECEIVED] camera=ppe_test_cam1 | severity=low | violated=['No-Shoes', 'No-Shoes']
2026-08-17 20:28:56,174 - ppe_alert_consumer_0df983271a80 - INFO - [PPE Result] camera=ppe_test_cam1 | severity=low | sent_to=post_processing
2026-08-17 20:28:56,175 - ppe_alert_consumer_0df983271a80 - INFO - [PPE FRAME RECEIVED] camera=ppe_test_cam1 | severity=none | violated=[]
2026-08-17 20:28:56,176 - ppe_alert_consumer_0df983271a80 - INFO - [PPE Result] camera=ppe_test_cam1 | severity=none | sent_to=post_processing
2026-08-17 20:28:57,156 - ppe_alert_consumer_0df983271a80 - INFO - [PPE FRAME RECEIVED] camera=ppe_test_cam1 | severity=low | violated=['No-Shoes', 'No-Shoes']
2026-08-17 20:28:57,157 - ppe_alert_consumer_0df983271a80 - INFO - [PPE Result] camera=ppe_test_cam1 | severity=low | sent_to=post_processing
2026-08-17 20:28:57,159 - ppe_alert_consumer_0df983271a80 - INFO - [PPE FRAME RECEIVED] camera=ppe_test_cam1 | severity=none | violated=[]
2026-08-17 20:28:57,161 - ppe_alert_consumer_0df983271a80 - INFO - [PPE Result] camera=ppe_test_cam1 | severity=none | sent_to=post_processing
2026-08-17 20:28:58,176 - ppe_alert_consumer_0df983271a80 - INFO - [PPE FRAME RECEIVED] camera=ppe_test_cam1 | severity=none | violated=[]
2026-08-17 20:28:58,176 - ppe_alert_consumer_0df983271a80 - INFO - [PPE Result] camera=ppe_test_cam1 | severity=none | sent_to=post_processing
2026-08-17 20:28:58,208 - ppe_alert_consumer_0df983271a80 - INFO - [PPE FRAME RECEIVED] camera=ppe_test_cam1 | severity=low | violated=['No-Shoes', 'No-Shoes']
2026-08-17 20:28:58,209 - ppe_alert_consumer_0df983271a80 - INFO - [PPE Result] camera=ppe_test_cam1 | severity=low | sent_to=post_processing
2026-08-17 20:28:59,097 - ppe_alert_consumer_0df983271a80 - INFO - [PPE FRAME RECEIVED] camera=ppe_test_cam1 | severity=none | violated=[]
2026-08-17 20:28:59,101 - ppe_alert_consumer_0df983271a80 - INFO - [PPE Result] camera=ppe_test_cam1 | severity=none | sent_to=post_processing
2026-08-17 20:28:59,130 - ppe_alert_consumer_0df983271a80 - INFO - [PPE FRAME RECEIVED] camera=ppe_test_cam1 | severity=low | violated=['No-Shoes', 'No-Shoes']
2026-08-17 20:28:59,131 - ppe_alert_consumer_0df983271a80 - INFO - [PPE Result] camera=ppe_test_cam1 | severity=low | sent_to=post_processing
2026-08-17 20:29:00,163 - ppe_alert_consumer_0df983271a80 - INFO - [PPE FRAME RECEIVED] camera=ppe_test_cam1 | severity=none | violated=[]
2026-08-17 20:29:00,164 - ppe_alert_consumer_0df983271a80 - INFO - [PPE Result] camera=ppe_test_cam1 | severity=none | sent_to=post_processing
2026-08-17 20:29:05,127 - ppe_alert_consumer_0df983271a80 - INFO - [PPE FRAME RECEIVED] camera=ppe_test_cam1 | severity=none | violated=[]
2026-08-17 20:29:05,128 - ppe_alert_consumer_0df983271a80 - INFO - [PPE Result] camera=ppe_test_cam1 | severity=none | sent_to=post_processing
2026-08-17 20:29:06,078 - ppe_alert_consumer_0df983271a80 - INFO - [PPE FRAME RECEIVED] camera=ppe_test_cam1 | severity=none | violated=[]
2026-08-17 20:29:06,079 - ppe_alert_consumer_0df983271a80 - INFO - [PPE Result] camera=ppe_test_cam1 | severity=none | sent_to=post_processing
2026-08-17 20:29:07,101 - ppe_alert_consumer_0df983271a80 - INFO - [PPE FRAME RECEIVED] camera=ppe_test_cam1 | severity=none | violated=[]
2026-08-17 20:29:07,102 - ppe_alert_consumer_0df983271a80 - INFO - [PPE Result] camera=ppe_test_cam1 | severity=none | sent_to=post_processing
2026-08-17 20:29:07,998 - ppe_alert_consumer_0df983271a80 - INFO - [PPE FRAME RECEIVED] camera=ppe_test_cam1 | severity=none | violated=[]
2026-08-17 20:29:07,999 - ppe_alert_consumer_0df983271a80 - INFO - [PPE Result] camera=ppe_test_cam1 | severity=none | sent_to=post_processing
2026-08-17 20:29:09,184 - ppe_alert_consumer_0df983271a80 - INFO - [PPE FRAME RECEIVED] camera=ppe_test_cam1 | severity=none | violated=[]
2026-08-17 20:29:09,185 - ppe_alert_consumer_0df983271a80 - INFO - [PPE Result] camera=ppe_test_cam1 | severity=none | sent_to=post_processing
2026-08-17 20:29:10,146 - ppe_alert_consumer_0df983271a80 - INFO - [PPE FRAME RECEIVED] camera=ppe_test_cam1 | severity=none | violated=[]
2026-08-17 20:29:10,148 - ppe_alert_consumer_0df983271a80 - INFO - [PPE Result] camera=ppe_test_cam1 | severity=none | sent_to=post_processing
2026-08-17 20:29:11,094 - ppe_alert_consumer_0df983271a80 - INFO - [PPE FRAME RECEIVED] camera=ppe_test_cam1 | severity=none | violated=[]
2026-08-17 20:29:11,095 - ppe_alert_consumer_0df983271a80 - INFO - [PPE Result] camera=ppe_test_cam1 | severity=none | sent_to=post_processing
2026-08-17 20:29:12,162 - ppe_alert_consumer_0df983271a80 - INFO - [PPE FRAME RECEIVED] camera=ppe_test_cam1 | severity=none | violated=[]
2026-08-17 20:29:12,163 - ppe_alert_consumer_0df983271a80 - INFO - [PPE Result] camera=ppe_test_cam1 | severity=none | sent_to=post_processing
2026-08-17 20:29:12,163 - ppe_alert_consumer_0df983271a80 - INFO - [PPE FRAME RECEIVED] camera=ppe_test_cam1 | severity=none | violated=[]
2026-08-17 20:29:12,165 - ppe_alert_consumer_0df983271a80 - INFO - [PPE Result] camera=ppe_test_cam1 | severity=none | sent_to=post_processing
2026-08-17 20:29:37,264 - ppe_alert_consumer_0df983271a80 - INFO - [PPE FRAME RECEIVED] camera=ppe_test_cam1 | severity=none | violated=[]
2026-08-17 20:29:37,265 - ppe_alert_consumer_0df983271a80 - INFO - [PPE Result] camera=ppe_test_cam1 | severity=none | sent_to=post_processing
2026-08-17 20:29:38,324 - ppe_alert_consumer_0df983271a80 - INFO - [PPE FRAME RECEIVED] camera=ppe_test_cam1 | severity=none | violated=[]
2026-08-17 20:29:38,325 - ppe_alert_consumer_0df983271a80 - INFO - [PPE Result] camera=ppe_test_cam1 | severity=none | sent_to=post_processing
2026-08-17 20:29:56,265 - ppe_alert_consumer_0df983271a80 - INFO - [PPE FRAME RECEIVED] camera=ppe_test_cam1 | severity=none | violated=[]
2026-08-17 20:29:56,266 - ppe_alert_consumer_0df983271a80 - INFO - [PPE Result] camera=ppe_test_cam1 | severity=none | sent_to=post_processing
2026-08-17 20:29:56,297 - ppe_alert_consumer_0df983271a80 - INFO - [PPE FRAME RECEIVED] camera=ppe_test_cam1 | severity=low | violated=['No-Shoes', 'No-Shoes']
2026-08-17 20:29:56,297 - ppe_alert_consumer_0df983271a80 - INFO - [PPE Result] camera=ppe_test_cam1 | severity=low | sent_to=post_processing
2026-08-17 20:29:57,154 - ppe_alert_consumer_0df983271a80 - INFO - [PPE FRAME RECEIVED] camera=ppe_test_cam1 | severity=none | violated=[]
2026-08-17 20:29:57,155 - ppe_alert_consumer_0df983271a80 - INFO - [PPE Result] camera=ppe_test_cam1 | severity=none | sent_to=post_processing
2026-08-17 20:29:57,156 - ppe_alert_consumer_0df983271a80 - INFO - [PPE FRAME RECEIVED] camera=ppe_test_cam1 | severity=low | violated=['No-Shoes', 'No-Shoes']
2026-08-17 20:29:57,158 - ppe_alert_consumer_0df983271a80 - INFO - [PPE Result] camera=ppe_test_cam1 | severity=low | sent_to=post_processing
2026-08-17 20:29:58,188 - ppe_alert_consumer_0df983271a80 - INFO - [PPE FRAME RECEIVED] camera=ppe_test_cam1 | severity=none | violated=[]
2026-08-17 20:29:58,189 - ppe_alert_consumer_0df983271a80 - INFO - [PPE Result] camera=ppe_test_cam1 | severity=none | sent_to=post_processing
2026-08-17 20:29:58,221 - ppe_alert_consumer_0df983271a80 - INFO - [PPE FRAME RECEIVED] camera=ppe_test_cam1 | severity=low | violated=['No-Shoes', 'No-Shoes']
2026-08-17 20:29:58,222 - ppe_alert_consumer_0df983271a80 - INFO - [PPE Result] camera=ppe_test_cam1 | severity=low | sent_to=post_processing
2026-08-17 20:29:59,200 - ppe_alert_consumer_0df983271a80 - INFO - [PPE FRAME RECEIVED] camera=ppe_test_cam1 | severity=none | violated=[]
2026-08-17 20:29:59,201 - ppe_alert_consumer_0df983271a80 - INFO - [PPE Result] camera=ppe_test_cam1 | severity=none | sent_to=post_processing
2026-08-17 20:29:59,229 - ppe_alert_consumer_0df983271a80 - INFO - [PPE FRAME RECEIVED] camera=ppe_test_cam1 | severity=low | violated=['No-Shoes', 'No-Shoes']
2026-08-17 20:29:59,229 - ppe_alert_consumer_0df983271a80 - INFO - [PPE Result] camera=ppe_test_cam1 | severity=low | sent_to=post_processing
2026-08-17 20:30:00,232 - ppe_alert_consumer_0df983271a80 - INFO - [PPE FRAME RECEIVED] camera=ppe_test_cam1 | severity=none | violated=[]
2026-08-17 20:30:00,233 - ppe_alert_consumer_0df983271a80 - INFO - [PPE Result] camera=ppe_test_cam1 | severity=none | sent_to=post_processing
2026-08-17 20:30:05,103 - ppe_alert_consumer_0df983271a80 - INFO - [PPE FRAME RECEIVED] camera=ppe_test_cam1 | severity=none | violated=[]
2026-08-17 20:30:05,104 - ppe_alert_consumer_0df983271a80 - INFO - [PPE Result] camera=ppe_test_cam1 | severity=none | sent_to=post_processing
2026-08-17 20:30:06,009 - ppe_alert_consumer_0df983271a80 - INFO - [PPE FRAME RECEIVED] camera=ppe_test_cam1 | severity=none | violated=[]
2026-08-17 20:30:06,010 - ppe_alert_consumer_0df983271a80 - INFO - [PPE Result] camera=ppe_test_cam1 | severity=none | sent_to=post_processing
2026-08-17 20:30:07,111 - ppe_alert_consumer_0df983271a80 - INFO - [PPE FRAME RECEIVED] camera=ppe_test_cam1 | severity=none | violated=[]
2026-08-17 20:30:07,111 - ppe_alert_consumer_0df983271a80 - INFO - [PPE Result] camera=ppe_test_cam1 | severity=none | sent_to=post_processing
2026-08-17 20:30:08,086 - ppe_alert_consumer_0df983271a80 - INFO - [PPE FRAME RECEIVED] camera=ppe_test_cam1 | severity=none | violated=[]
2026-08-17 20:30:08,087 - ppe_alert_consumer_0df983271a80 - INFO - [PPE Result] camera=ppe_test_cam1 | severity=none | sent_to=post_processing
2026-08-17 20:30:09,101 - ppe_alert_consumer_0df983271a80 - INFO - [PPE FRAME RECEIVED] camera=ppe_test_cam1 | severity=none | violated=[]
2026-08-17 20:30:09,102 - ppe_alert_consumer_0df983271a80 - INFO - [PPE Result] camera=ppe_test_cam1 | severity=none | sent_to=post_processing
2026-08-17 20:30:10,220 - ppe_alert_consumer_0df983271a80 - INFO - [PPE FRAME RECEIVED] camera=ppe_test_cam1 | severity=none | violated=[]
2026-08-17 20:30:10,221 - ppe_alert_consumer_0df983271a80 - INFO - [PPE Result] camera=ppe_test_cam1 | severity=none | sent_to=post_processing
2026-08-17 20:30:11,139 - ppe_alert_consumer_0df983271a80 - INFO - [PPE FRAME RECEIVED] camera=ppe_test_cam1 | severity=none | violated=[]
2026-08-17 20:30:11,140 - ppe_alert_consumer_0df983271a80 - INFO - [PPE Result] camera=ppe_test_cam1 | severity=none | sent_to=post_processing
2026-08-17 20:30:12,101 - ppe_alert_consumer_0df983271a80 - INFO - [PPE FRAME RECEIVED] camera=ppe_test_cam1 | severity=none | violated=[]
2026-08-17 20:30:12,102 - ppe_alert_consumer_0df983271a80 - INFO - [PPE Result] camera=ppe_test_cam1 | severity=none | sent_to=post_processing
2026-08-17 20:30:12,143 - ppe_alert_consumer_0df983271a80 - INFO - [PPE FRAME RECEIVED] camera=ppe_test_cam1 | severity=none | violated=[]
2026-08-17 20:30:12,143 - ppe_alert_consumer_0df983271a80 - INFO - [PPE Result] camera=ppe_test_cam1 | severity=none | sent_to=post_processing
2026-08-17 20:30:37,089 - ppe_alert_consumer_0df983271a80 - INFO - [PPE FRAME RECEIVED] camera=ppe_test_cam1 | severity=none | violated=[]
2026-08-17 20:30:37,090 - ppe_alert_consumer_0df983271a80 - INFO - [PPE Result] camera=ppe_test_cam1 | severity=none | sent_to=post_processing
2026-08-17 20:30:38,462 - ppe_alert_consumer_0df983271a80 - INFO - [PPE FRAME RECEIVED] camera=ppe_test_cam1 | severity=none | violated=[]
2026-08-17 20:30:38,463 - ppe_alert_consumer_0df983271a80 - INFO - [PPE Result] camera=ppe_test_cam1 | severity=none | sent_to=post_processing
2026-08-17 20:30:56,143 - ppe_alert_consumer_0df983271a80 - INFO - [PPE FRAME RECEIVED] camera=ppe_test_cam1 | severity=none | violated=[]
2026-08-17 20:30:56,144 - ppe_alert_consumer_0df983271a80 - INFO - [PPE Result] camera=ppe_test_cam1 | severity=none | sent_to=post_processing
2026-08-17 20:30:56,145 - ppe_alert_consumer_0df983271a80 - INFO - [PPE FRAME RECEIVED] camera=ppe_test_cam1 | severity=low | violated=['No-Shoes', 'No-Shoes']
2026-08-17 20:30:56,148 - ppe_alert_consumer_0df983271a80 - INFO - [PPE Result] camera=ppe_test_cam1 | severity=low | sent_to=post_processing
2026-08-17 20:30:57,034 - ppe_alert_consumer_0df983271a80 - INFO - [PPE FRAME RECEIVED] camera=ppe_test_cam1 | severity=none | violated=[]
2026-08-17 20:30:57,035 - ppe_alert_consumer_0df983271a80 - INFO - [PPE Result] camera=ppe_test_cam1 | severity=none | sent_to=post_processing
2026-08-17 20:30:57,067 - ppe_alert_consumer_0df983271a80 - INFO - [PPE FRAME RECEIVED] camera=ppe_test_cam1 | severity=low | violated=['No-Shoes', 'No-Shoes']
2026-08-17 20:30:57,068 - ppe_alert_consumer_0df983271a80 - INFO - [PPE Result] camera=ppe_test_cam1 | severity=low | sent_to=post_processing
2026-08-17 20:30:58,225 - ppe_alert_consumer_0df983271a80 - INFO - [PPE FRAME RECEIVED] camera=ppe_test_cam1 | severity=none | violated=[]
2026-08-17 20:30:58,227 - ppe_alert_consumer_0df983271a80 - INFO - [PPE Result] camera=ppe_test_cam1 | severity=none | sent_to=post_processing
2026-08-17 20:30:58,228 - ppe_alert_consumer_0df983271a80 - INFO - [PPE FRAME RECEIVED] camera=ppe_test_cam1 | severity=low | violated=['No-Shoes', 'No-Shoes']
2026-08-17 20:30:58,230 - ppe_alert_consumer_0df983271a80 - INFO - [PPE Result] camera=ppe_test_cam1 | severity=low | sent_to=post_processing
2026-08-17 20:30:59,249 - ppe_alert_consumer_0df983271a80 - INFO - [PPE FRAME RECEIVED] camera=ppe_test_cam1 | severity=none | violated=[]
2026-08-17 20:30:59,250 - ppe_alert_consumer_0df983271a80 - INFO - [PPE Result] camera=ppe_test_cam1 | severity=none | sent_to=post_processing
2026-08-17 20:30:59,251 - ppe_alert_consumer_0df983271a80 - INFO - [PPE FRAME RECEIVED] camera=ppe_test_cam1 | severity=low | violated=['No-Shoes', 'No-Shoes']
2026-08-17 20:30:59,253 - ppe_alert_consumer_0df983271a80 - INFO - [PPE Result] camera=ppe_test_cam1 | severity=low | sent_to=post_processing
2026-08-17 20:31:00,165 - ppe_alert_consumer_0df983271a80 - INFO - [PPE FRAME RECEIVED] camera=ppe_test_cam1 | severity=none | violated=[]
2026-08-17 20:31:00,167 - ppe_alert_consumer_0df983271a80 - INFO - [PPE Result] camera=ppe_test_cam1 | severity=none | sent_to=post_processing
2026-08-17 20:31:05,127 - ppe_alert_consumer_0df983271a80 - INFO - [PPE FRAME RECEIVED] camera=ppe_test_cam1 | severity=none | violated=[]
2026-08-17 20:31:05,128 - ppe_alert_consumer_0df983271a80 - INFO - [PPE Result] camera=ppe_test_cam1 | severity=none | sent_to=post_processing
2026-08-17 20:31:06,047 - ppe_alert_consumer_0df983271a80 - INFO - [PPE FRAME RECEIVED] camera=ppe_test_cam1 | severity=none | violated=[]
2026-08-17 20:31:06,048 - ppe_alert_consumer_0df983271a80 - INFO - [PPE Result] camera=ppe_test_cam1 | severity=none | sent_to=post_processing
2026-08-17 20:31:07,092 - ppe_alert_consumer_0df983271a80 - INFO - [PPE FRAME RECEIVED] camera=ppe_test_cam1 | severity=none | violated=[]
2026-08-17 20:31:07,093 - ppe_alert_consumer_0df983271a80 - INFO - [PPE Result] camera=ppe_test_cam1 | severity=none | sent_to=post_processing
2026-08-17 20:31:08,149 - ppe_alert_consumer_0df983271a80 - INFO - [PPE FRAME RECEIVED] camera=ppe_test_cam1 | severity=none | violated=[]
2026-08-17 20:31:08,150 - ppe_alert_consumer_0df983271a80 - INFO - [PPE Result] camera=ppe_test_cam1 | severity=none | sent_to=post_processing
2026-08-17 20:31:09,110 - ppe_alert_consumer_0df983271a80 - INFO - [PPE FRAME RECEIVED] camera=ppe_test_cam1 | severity=none | violated=[]
2026-08-17 20:31:09,111 - ppe_alert_consumer_0df983271a80 - INFO - [PPE Result] camera=ppe_test_cam1 | severity=none | sent_to=post_processing
2026-08-17 20:31:10,136 - ppe_alert_consumer_0df983271a80 - INFO - [PPE FRAME RECEIVED] camera=ppe_test_cam1 | severity=none | violated=[]
2026-08-17 20:31:10,137 - ppe_alert_consumer_0df983271a80 - INFO - [PPE Result] camera=ppe_test_cam1 | severity=none | sent_to=post_processing
2026-08-17 20:31:11,105 - ppe_alert_consumer_0df983271a80 - INFO - [PPE FRAME RECEIVED] camera=ppe_test_cam1 | severity=none | violated=[]
2026-08-17 20:31:11,105 - ppe_alert_consumer_0df983271a80 - INFO - [PPE Result] camera=ppe_test_cam1 | severity=none | sent_to=post_processing
2026-08-17 20:31:12,119 - ppe_alert_consumer_0df983271a80 - INFO - [PPE FRAME RECEIVED] camera=ppe_test_cam1 | severity=none | violated=[]
2026-08-17 20:31:12,121 - ppe_alert_consumer_0df983271a80 - INFO - [PPE Result] camera=ppe_test_cam1 | severity=none | sent_to=post_processing
2026-08-17 20:31:12,122 - ppe_alert_consumer_0df983271a80 - INFO - [PPE FRAME RECEIVED] camera=ppe_test_cam1 | severity=none | violated=[]
2026-08-17 20:31:12,124 - ppe_alert_consumer_0df983271a80 - INFO - [PPE Result] camera=ppe_test_cam1 | severity=none | sent_to=post_processing
2026-08-17 20:31:37,373 - ppe_alert_consumer_0df983271a80 - INFO - [PPE FRAME RECEIVED] camera=ppe_test_cam1 | severity=none | violated=[]
2026-08-17 20:31:37,374 - ppe_alert_consumer_0df983271a80 - INFO - [PPE Result] camera=ppe_test_cam1 | severity=none | sent_to=post_processing
2026-08-17 20:31:38,082 - ppe_alert_consumer_0df983271a80 - INFO - [PPE FRAME RECEIVED] camera=ppe_test_cam1 | severity=none | violated=[]
2026-08-17 20:31:38,083 - ppe_alert_consumer_0df983271a80 - INFO - [PPE Result] camera=ppe_test_cam1 | severity=none | sent_to=post_processing
2026-08-17 20:31:56,157 - ppe_alert_consumer_0df983271a80 - INFO - [PPE FRAME RECEIVED] camera=ppe_test_cam1 | severity=none | violated=[]
2026-08-17 20:31:56,158 - ppe_alert_consumer_0df983271a80 - INFO - [PPE Result] camera=ppe_test_cam1 | severity=none | sent_to=post_processing
2026-08-17 20:31:56,190 - ppe_alert_consumer_0df983271a80 - INFO - [PPE FRAME RECEIVED] camera=ppe_test_cam1 | severity=low | violated=['No-Shoes', 'No-Shoes']
2026-08-17 20:31:56,191 - ppe_alert_consumer_0df983271a80 - INFO - [PPE Result] camera=ppe_test_cam1 | severity=low | sent_to=post_processing
2026-08-17 20:31:57,149 - ppe_alert_consumer_0df983271a80 - INFO - [PPE FRAME RECEIVED] camera=ppe_test_cam1 | severity=none | violated=[]
2026-08-17 20:31:57,150 - ppe_alert_consumer_0df983271a80 - INFO - [PPE Result] camera=ppe_test_cam1 | severity=none | sent_to=post_processing
2026-08-17 20:31:57,150 - ppe_alert_consumer_0df983271a80 - INFO - [PPE FRAME RECEIVED] camera=ppe_test_cam1 | severity=low | violated=['No-Shoes', 'No-Shoes']
2026-08-17 20:31:57,152 - ppe_alert_consumer_0df983271a80 - INFO - [PPE Result] camera=ppe_test_cam1 | severity=low | sent_to=post_processing
2026-08-17 20:31:58,210 - ppe_alert_consumer_0df983271a80 - INFO - [PPE FRAME RECEIVED] camera=ppe_test_cam1 | severity=none | violated=[]
2026-08-17 20:31:58,211 - ppe_alert_consumer_0df983271a80 - INFO - [PPE Result] camera=ppe_test_cam1 | severity=none | sent_to=post_processing
2026-08-17 20:31:58,211 - ppe_alert_consumer_0df983271a80 - INFO - [PPE FRAME RECEIVED] camera=ppe_test_cam1 | severity=low | violated=['No-Shoes', 'No-Shoes']
2026-08-17 20:31:58,216 - ppe_alert_consumer_0df983271a80 - INFO - [PPE Result] camera=ppe_test_cam1 | severity=low | sent_to=post_processing
2026-08-17 20:31:59,122 - ppe_alert_consumer_0df983271a80 - INFO - [PPE FRAME RECEIVED] camera=ppe_test_cam1 | severity=low | violated=['No-Shoes', 'No-Shoes']
2026-08-17 20:31:59,123 - ppe_alert_consumer_0df983271a80 - INFO - [PPE Result] camera=ppe_test_cam1 | severity=low | sent_to=post_processing
2026-08-17 20:31:59,124 - ppe_alert_consumer_0df983271a80 - INFO - [PPE FRAME RECEIVED] camera=ppe_test_cam1 | severity=none | violated=[]
2026-08-17 20:31:59,125 - ppe_alert_consumer_0df983271a80 - INFO - [PPE Result] camera=ppe_test_cam1 | severity=none | sent_to=post_processing
2026-08-17 20:32:00,127 - ppe_alert_consumer_0df983271a80 - INFO - [PPE FRAME RECEIVED] camera=ppe_test_cam1 | severity=none | violated=[]
2026-08-17 20:32:00,128 - ppe_alert_consumer_0df983271a80 - INFO - [PPE Result] camera=ppe_test_cam1 | severity=none | sent_to=post_processing
2026-08-17 20:32:05,097 - ppe_alert_consumer_0df983271a80 - INFO - [PPE FRAME RECEIVED] camera=ppe_test_cam1 | severity=none | violated=[]
2026-08-17 20:32:05,099 - ppe_alert_consumer_0df983271a80 - INFO - [PPE Result] camera=ppe_test_cam1 | severity=none | sent_to=post_processing
2026-08-17 20:32:06,105 - ppe_alert_consumer_0df983271a80 - INFO - [PPE FRAME RECEIVED] camera=ppe_test_cam1 | severity=none | violated=[]
2026-08-17 20:32:06,105 - ppe_alert_consumer_0df983271a80 - INFO - [PPE Result] camera=ppe_test_cam1 | severity=none | sent_to=post_processing
2026-08-17 20:32:06,996 - ppe_alert_consumer_0df983271a80 - INFO - [PPE FRAME RECEIVED] camera=ppe_test_cam1 | severity=none | violated=[]
2026-08-17 20:32:06,997 - ppe_alert_consumer_0df983271a80 - INFO - [PPE Result] camera=ppe_test_cam1 | severity=none | sent_to=post_processing
2026-08-17 20:32:08,092 - ppe_alert_consumer_0df983271a80 - INFO - [PPE FRAME RECEIVED] camera=ppe_test_cam1 | severity=none | violated=[]
2026-08-17 20:32:08,093 - ppe_alert_consumer_0df983271a80 - INFO - [PPE Result] camera=ppe_test_cam1 | severity=none | sent_to=post_processing
2026-08-17 20:32:09,123 - ppe_alert_consumer_0df983271a80 - INFO - [PPE FRAME RECEIVED] camera=ppe_test_cam1 | severity=none | violated=[]
2026-08-17 20:32:09,124 - ppe_alert_consumer_0df983271a80 - INFO - [PPE Result] camera=ppe_test_cam1 | severity=none | sent_to=post_processing
2026-08-17 20:32:10,143 - ppe_alert_consumer_0df983271a80 - INFO - [PPE FRAME RECEIVED] camera=ppe_test_cam1 | severity=none | violated=[]
2026-08-17 20:32:10,144 - ppe_alert_consumer_0df983271a80 - INFO - [PPE Result] camera=ppe_test_cam1 | severity=none | sent_to=post_processing
2026-08-17 20:32:11,151 - ppe_alert_consumer_0df983271a80 - INFO - [PPE FRAME RECEIVED] camera=ppe_test_cam1 | severity=none | violated=[]
2026-08-17 20:32:11,153 - ppe_alert_consumer_0df983271a80 - INFO - [PPE Result] camera=ppe_test_cam1 | severity=none | sent_to=post_processing
2026-08-17 20:32:12,138 - ppe_alert_consumer_0df983271a80 - INFO - [PPE FRAME RECEIVED] camera=ppe_test_cam1 | severity=none | violated=[]
2026-08-17 20:32:12,139 - ppe_alert_consumer_0df983271a80 - INFO - [PPE Result] camera=ppe_test_cam1 | severity=none | sent_to=post_processing
2026-08-17 20:32:12,171 - ppe_alert_consumer_0df983271a80 - INFO - [PPE FRAME RECEIVED] camera=ppe_test_cam1 | severity=none | violated=[]
2026-08-17 20:32:12,174 - ppe_alert_consumer_0df983271a80 - INFO - [PPE Result] camera=ppe_test_cam1 | severity=none | sent_to=post_processing
2026-08-17 20:32:37,150 - ppe_alert_consumer_0df983271a80 - INFO - [PPE FRAME RECEIVED] camera=ppe_test_cam1 | severity=none | violated=[]
2026-08-17 20:32:37,150 - ppe_alert_consumer_0df983271a80 - INFO - [PPE Result] camera=ppe_test_cam1 | severity=none | sent_to=post_processing
2026-08-17 20:32:38,114 - ppe_alert_consumer_0df983271a80 - INFO - [PPE FRAME RECEIVED] camera=ppe_test_cam1 | severity=none | violated=[]
2026-08-17 20:32:38,115 - ppe_alert_consumer_0df983271a80 - INFO - [PPE Result] camera=ppe_test_cam1 | severity=none | sent_to=post_processing
2026-08-17 20:32:56,056 - ppe_alert_consumer_0df983271a80 - INFO - [PPE FRAME RECEIVED] camera=ppe_test_cam1 | severity=none | violated=[]
2026-08-17 20:32:56,057 - ppe_alert_consumer_0df983271a80 - INFO - [PPE Result] camera=ppe_test_cam1 | severity=none | sent_to=post_processing
2026-08-17 20:32:56,091 - ppe_alert_consumer_0df983271a80 - INFO - [PPE FRAME RECEIVED] camera=ppe_test_cam1 | severity=low | violated=['No-Shoes', 'No-Shoes']
2026-08-17 20:32:56,092 - ppe_alert_consumer_0df983271a80 - INFO - [PPE Result] camera=ppe_test_cam1 | severity=low | sent_to=post_processing
2026-08-17 20:32:57,187 - ppe_alert_consumer_0df983271a80 - INFO - [PPE FRAME RECEIVED] camera=ppe_test_cam1 | severity=low | violated=['No-Shoes', 'No-Shoes']
2026-08-17 20:32:57,187 - ppe_alert_consumer_0df983271a80 - INFO - [PPE Result] camera=ppe_test_cam1 | severity=low | sent_to=post_processing
2026-08-17 20:32:57,188 - ppe_alert_consumer_0df983271a80 - INFO - [PPE FRAME RECEIVED] camera=ppe_test_cam1 | severity=none | violated=[]
2026-08-17 20:32:57,189 - ppe_alert_consumer_0df983271a80 - INFO - [PPE Result] camera=ppe_test_cam1 | severity=none | sent_to=post_processing
2026-08-17 20:32:58,157 - ppe_alert_consumer_0df983271a80 - INFO - [PPE FRAME RECEIVED] camera=ppe_test_cam1 | severity=none | violated=[]
2026-08-17 20:32:58,158 - ppe_alert_consumer_0df983271a80 - INFO - [PPE Result] camera=ppe_test_cam1 | severity=none | sent_to=post_processing
2026-08-17 20:32:58,191 - ppe_alert_consumer_0df983271a80 - INFO - [PPE FRAME RECEIVED] camera=ppe_test_cam1 | severity=low | violated=['No-Shoes', 'No-Shoes']
2026-08-17 20:32:58,192 - ppe_alert_consumer_0df983271a80 - INFO - [PPE Result] camera=ppe_test_cam1 | severity=low | sent_to=post_processing
2026-08-17 20:32:59,111 - ppe_alert_consumer_0df983271a80 - INFO - [PPE FRAME RECEIVED] camera=ppe_test_cam1 | severity=none | violated=[]
2026-08-17 20:32:59,112 - ppe_alert_consumer_0df983271a80 - INFO - [PPE Result] camera=ppe_test_cam1 | severity=none | sent_to=post_processing
2026-08-17 20:32:59,143 - ppe_alert_consumer_0df983271a80 - INFO - [PPE FRAME RECEIVED] camera=ppe_test_cam1 | severity=low | violated=['No-Shoes', 'No-Shoes']
2026-08-17 20:32:59,144 - ppe_alert_consumer_0df983271a80 - INFO - [PPE Result] camera=ppe_test_cam1 | severity=low | sent_to=post_processing
2026-08-17 20:33:00,131 - ppe_alert_consumer_0df983271a80 - INFO - [PPE FRAME RECEIVED] camera=ppe_test_cam1 | severity=none | violated=[]
2026-08-17 20:33:00,131 - ppe_alert_consumer_0df983271a80 - INFO - [PPE Result] camera=ppe_test_cam1 | severity=none | sent_to=post_processing
2026-08-17 20:33:05,114 - ppe_alert_consumer_0df983271a80 - INFO - [PPE FRAME RECEIVED] camera=ppe_test_cam1 | severity=none | violated=[]
2026-08-17 20:33:05,115 - ppe_alert_consumer_0df983271a80 - INFO - [PPE Result] camera=ppe_test_cam1 | severity=none | sent_to=post_processing
2026-08-17 20:33:06,074 - ppe_alert_consumer_0df983271a80 - INFO - [PPE FRAME RECEIVED] camera=ppe_test_cam1 | severity=none | violated=[]
2026-08-17 20:33:06,075 - ppe_alert_consumer_0df983271a80 - INFO - [PPE Result] camera=ppe_test_cam1 | severity=none | sent_to=post_processing
2026-08-17 20:33:07,059 - ppe_alert_consumer_0df983271a80 - INFO - [PPE FRAME RECEIVED] camera=ppe_test_cam1 | severity=none | violated=[]
2026-08-17 20:33:07,059 - ppe_alert_consumer_0df983271a80 - INFO - [PPE Result] camera=ppe_test_cam1 | severity=none | sent_to=post_processing
2026-08-17 20:33:08,134 - ppe_alert_consumer_0df983271a80 - INFO - [PPE FRAME RECEIVED] camera=ppe_test_cam1 | severity=none | violated=[]
2026-08-17 20:33:08,135 - ppe_alert_consumer_0df983271a80 - INFO - [PPE Result] camera=ppe_test_cam1 | severity=none | sent_to=post_processing
2026-08-17 20:33:09,057 - ppe_alert_consumer_0df983271a80 - INFO - [PPE FRAME RECEIVED] camera=ppe_test_cam1 | severity=none | violated=[]
2026-08-17 20:33:09,058 - ppe_alert_consumer_0df983271a80 - INFO - [PPE Result] camera=ppe_test_cam1 | severity=none | sent_to=post_processing
2026-08-17 20:33:10,179 - ppe_alert_consumer_0df983271a80 - INFO - [PPE FRAME RECEIVED] camera=ppe_test_cam1 | severity=none | violated=[]
2026-08-17 20:33:10,180 - ppe_alert_consumer_0df983271a80 - INFO - [PPE Result] camera=ppe_test_cam1 | severity=none | sent_to=post_processing
2026-08-17 20:33:11,134 - ppe_alert_consumer_0df983271a80 - INFO - [PPE FRAME RECEIVED] camera=ppe_test_cam1 | severity=none | violated=[]
2026-08-17 20:33:11,135 - ppe_alert_consumer_0df983271a80 - INFO - [PPE Result] camera=ppe_test_cam1 | severity=none | sent_to=post_processing
2026-08-17 20:33:12,287 - ppe_alert_consumer_0df983271a80 - INFO - [PPE FRAME RECEIVED] camera=ppe_test_cam1 | severity=none | violated=[]
2026-08-17 20:33:12,288 - ppe_alert_consumer_0df983271a80 - INFO - [PPE Result] camera=ppe_test_cam1 | severity=none | sent_to=post_processing
2026-08-17 20:33:12,289 - ppe_alert_consumer_0df983271a80 - INFO - [PPE FRAME RECEIVED] camera=ppe_test_cam1 | severity=none | violated=[]
2026-08-17 20:33:12,297 - ppe_alert_consumer_0df983271a80 - INFO - [PPE Result] camera=ppe_test_cam1 | severity=none | sent_to=post_processing
2026-08-17 20:33:37,296 - ppe_alert_consumer_0df983271a80 - INFO - [PPE FRAME RECEIVED] camera=ppe_test_cam1 | severity=none | violated=[]
2026-08-17 20:33:37,297 - ppe_alert_consumer_0df983271a80 - INFO - [PPE Result] camera=ppe_test_cam1 | severity=none | sent_to=post_processing
2026-08-17 20:33:38,237 - ppe_alert_consumer_0df983271a80 - INFO - [PPE FRAME RECEIVED] camera=ppe_test_cam1 | severity=none | violated=[]
2026-08-17 20:33:38,238 - ppe_alert_consumer_0df983271a80 - INFO - [PPE Result] camera=ppe_test_cam1 | severity=none | sent_to=post_processing
2026-08-17 20:33:56,185 - ppe_alert_consumer_0df983271a80 - INFO - [PPE FRAME RECEIVED] camera=ppe_test_cam1 | severity=none | violated=[]
2026-08-17 20:33:56,186 - ppe_alert_consumer_0df983271a80 - INFO - [PPE Result] camera=ppe_test_cam1 | severity=none | sent_to=post_processing
2026-08-17 20:33:56,186 - ppe_alert_consumer_0df983271a80 - INFO - [PPE FRAME RECEIVED] camera=ppe_test_cam1 | severity=low | violated=['No-Shoes', 'No-Shoes']
2026-08-17 20:33:56,188 - ppe_alert_consumer_0df983271a80 - INFO - [PPE Result] camera=ppe_test_cam1 | severity=low | sent_to=post_processing
2026-08-17 20:33:57,114 - ppe_alert_consumer_0df983271a80 - INFO - [PPE FRAME RECEIVED] camera=ppe_test_cam1 | severity=none | violated=[]
2026-08-17 20:33:57,114 - ppe_alert_consumer_0df983271a80 - INFO - [PPE Result] camera=ppe_test_cam1 | severity=none | sent_to=post_processing
2026-08-17 20:33:57,115 - ppe_alert_consumer_0df983271a80 - INFO - [PPE FRAME RECEIVED] camera=ppe_test_cam1 | severity=low | violated=['No-Shoes', 'No-Shoes']
2026-08-17 20:33:57,116 - ppe_alert_consumer_0df983271a80 - INFO - [PPE Result] camera=ppe_test_cam1 | severity=low | sent_to=post_processing
2026-08-17 20:33:58,162 - ppe_alert_consumer_0df983271a80 - INFO - [PPE FRAME RECEIVED] camera=ppe_test_cam1 | severity=low | violated=['No-Shoes', 'No-Shoes']
2026-08-17 20:33:58,163 - ppe_alert_consumer_0df983271a80 - INFO - [PPE Result] camera=ppe_test_cam1 | severity=low | sent_to=post_processing
2026-08-17 20:33:58,164 - ppe_alert_consumer_0df983271a80 - INFO - [PPE FRAME RECEIVED] camera=ppe_test_cam1 | severity=none | violated=[]
2026-08-17 20:33:58,165 - ppe_alert_consumer_0df983271a80 - INFO - [PPE Result] camera=ppe_test_cam1 | severity=none | sent_to=post_processing
2026-08-17 20:33:59,046 - ppe_alert_consumer_0df983271a80 - INFO - [PPE FRAME RECEIVED] camera=ppe_test_cam1 | severity=low | violated=['No-Shoes', 'No-Shoes']
2026-08-17 20:33:59,047 - ppe_alert_consumer_0df983271a80 - INFO - [PPE Result] camera=ppe_test_cam1 | severity=low | sent_to=post_processing
2026-08-17 20:33:59,048 - ppe_alert_consumer_0df983271a80 - INFO - [PPE FRAME RECEIVED] camera=ppe_test_cam1 | severity=none | violated=[]
2026-08-17 20:33:59,049 - ppe_alert_consumer_0df983271a80 - INFO - [PPE Result] camera=ppe_test_cam1 | severity=none | sent_to=post_processing
2026-08-17 20:34:00,127 - ppe_alert_consumer_0df983271a80 - INFO - [PPE FRAME RECEIVED] camera=ppe_test_cam1 | severity=none | violated=[]
2026-08-17 20:34:00,127 - ppe_alert_consumer_0df983271a80 - INFO - [PPE Result] camera=ppe_test_cam1 | severity=none | sent_to=post_processing
2026-08-17 20:34:05,191 - ppe_alert_consumer_0df983271a80 - INFO - [PPE FRAME RECEIVED] camera=ppe_test_cam1 | severity=none | violated=[]
2026-08-17 20:34:05,192 - ppe_alert_consumer_0df983271a80 - INFO - [PPE Result] camera=ppe_test_cam1 | severity=none | sent_to=post_processing
2026-08-17 20:34:06,109 - ppe_alert_consumer_0df983271a80 - INFO - [PPE FRAME RECEIVED] camera=ppe_test_cam1 | severity=none | violated=[]
2026-08-17 20:34:06,110 - ppe_alert_consumer_0df983271a80 - INFO - [PPE Result] camera=ppe_test_cam1 | severity=none | sent_to=post_processing
2026-08-17 20:34:07,002 - ppe_alert_consumer_0df983271a80 - INFO - [PPE FRAME RECEIVED] camera=ppe_test_cam1 | severity=none | violated=[]
2026-08-17 20:34:07,002 - ppe_alert_consumer_0df983271a80 - INFO - [PPE Result] camera=ppe_test_cam1 | severity=none | sent_to=post_processing
2026-08-17 20:34:08,109 - ppe_alert_consumer_0df983271a80 - INFO - [PPE FRAME RECEIVED] camera=ppe_test_cam1 | severity=none | violated=[]
2026-08-17 20:34:08,109 - ppe_alert_consumer_0df983271a80 - INFO - [PPE Result] camera=ppe_test_cam1 | severity=none | sent_to=post_processing
2026-08-17 20:34:09,117 - ppe_alert_consumer_0df983271a80 - INFO - [PPE FRAME RECEIVED] camera=ppe_test_cam1 | severity=none | violated=[]
2026-08-17 20:34:09,120 - ppe_alert_consumer_0df983271a80 - INFO - [PPE Result] camera=ppe_test_cam1 | severity=none | sent_to=post_processing
2026-08-17 20:34:10,171 - ppe_alert_consumer_0df983271a80 - INFO - [PPE FRAME RECEIVED] camera=ppe_test_cam1 | severity=none | violated=[]
2026-08-17 20:34:10,173 - ppe_alert_consumer_0df983271a80 - INFO - [PPE Result] camera=ppe_test_cam1 | severity=none | sent_to=post_processing
2026-08-17 20:34:11,136 - ppe_alert_consumer_0df983271a80 - INFO - [PPE FRAME RECEIVED] camera=ppe_test_cam1 | severity=none | violated=[]
2026-08-17 20:34:11,138 - ppe_alert_consumer_0df983271a80 - INFO - [PPE Result] camera=ppe_test_cam1 | severity=none | sent_to=post_processing
2026-08-17 20:34:12,168 - ppe_alert_consumer_0df983271a80 - INFO - [PPE FRAME RECEIVED] camera=ppe_test_cam1 | severity=none | violated=[]
2026-08-17 20:34:12,168 - ppe_alert_consumer_0df983271a80 - INFO - [PPE Result] camera=ppe_test_cam1 | severity=none | sent_to=post_processing
2026-08-17 20:34:12,201 - ppe_alert_consumer_0df983271a80 - INFO - [PPE FRAME RECEIVED] camera=ppe_test_cam1 | severity=none | violated=[]
2026-08-17 20:34:12,202 - ppe_alert_consumer_0df983271a80 - INFO - [PPE Result] camera=ppe_test_cam1 | severity=none | sent_to=post_processing
2026-08-17 20:34:37,181 - ppe_alert_consumer_0df983271a80 - INFO - [PPE FRAME RECEIVED] camera=ppe_test_cam1 | severity=none | violated=[]
2026-08-17 20:34:37,182 - ppe_alert_consumer_0df983271a80 - INFO - [PPE Result] camera=ppe_test_cam1 | severity=none | sent_to=post_processing
2026-08-17 20:34:38,344 - ppe_alert_consumer_0df983271a80 - INFO - [PPE FRAME RECEIVED] camera=ppe_test_cam1 | severity=none | violated=[]
2026-08-17 20:34:38,345 - ppe_alert_consumer_0df983271a80 - INFO - [PPE Result] camera=ppe_test_cam1 | severity=none | sent_to=post_processing
2026-08-17 20:34:56,137 - ppe_alert_consumer_0df983271a80 - INFO - [PPE FRAME RECEIVED] camera=ppe_test_cam1 | severity=none | violated=[]
2026-08-17 20:34:56,138 - ppe_alert_consumer_0df983271a80 - INFO - [PPE Result] camera=ppe_test_cam1 | severity=none | sent_to=post_processing
2026-08-17 20:34:56,176 - ppe_alert_consumer_0df983271a80 - INFO - [PPE FRAME RECEIVED] camera=ppe_test_cam1 | severity=low | violated=['No-Shoes', 'No-Shoes']
2026-08-17 20:34:56,177 - ppe_alert_consumer_0df983271a80 - INFO - [PPE Result] camera=ppe_test_cam1 | severity=low | sent_to=post_processing
2026-08-17 20:34:57,022 - ppe_alert_consumer_0df983271a80 - INFO - [PPE FRAME RECEIVED] camera=ppe_test_cam1 | severity=low | violated=['No-Shoes', 'No-Shoes']
2026-08-17 20:34:57,023 - ppe_alert_consumer_0df983271a80 - INFO - [PPE Result] camera=ppe_test_cam1 | severity=low | sent_to=post_processing
2026-08-17 20:34:57,023 - ppe_alert_consumer_0df983271a80 - INFO - [PPE FRAME RECEIVED] camera=ppe_test_cam1 | severity=none | violated=[]
2026-08-17 20:34:57,025 - ppe_alert_consumer_0df983271a80 - INFO - [PPE Result] camera=ppe_test_cam1 | severity=none | sent_to=post_processing
2026-08-17 20:34:58,128 - ppe_alert_consumer_0df983271a80 - INFO - [PPE FRAME RECEIVED] camera=ppe_test_cam1 | severity=none | violated=[]
2026-08-17 20:34:58,129 - ppe_alert_consumer_0df983271a80 - INFO - [PPE Result] camera=ppe_test_cam1 | severity=none | sent_to=post_processing
2026-08-17 20:34:58,160 - ppe_alert_consumer_0df983271a80 - INFO - [PPE FRAME RECEIVED] camera=ppe_test_cam1 | severity=low | violated=['No-Shoes', 'No-Shoes']
2026-08-17 20:34:58,161 - ppe_alert_consumer_0df983271a80 - INFO - [PPE Result] camera=ppe_test_cam1 | severity=low | sent_to=post_processing
2026-08-17 20:34:59,110 - ppe_alert_consumer_0df983271a80 - INFO - [PPE FRAME RECEIVED] camera=ppe_test_cam1 | severity=none | violated=[]
2026-08-17 20:34:59,111 - ppe_alert_consumer_0df983271a80 - INFO - [PPE Result] camera=ppe_test_cam1 | severity=none | sent_to=post_processing
2026-08-17 20:34:59,144 - ppe_alert_consumer_0df983271a80 - INFO - [PPE FRAME RECEIVED] camera=ppe_test_cam1 | severity=low | violated=['No-Shoes', 'No-Shoes']
2026-08-17 20:34:59,145 - ppe_alert_consumer_0df983271a80 - INFO - [PPE Result] camera=ppe_test_cam1 | severity=low | sent_to=post_processing
2026-08-17 20:34:59,985 - ppe_alert_consumer_0df983271a80 - INFO - [PPE FRAME RECEIVED] camera=ppe_test_cam1 | severity=none | violated=[]
2026-08-17 20:34:59,986 - ppe_alert_consumer_0df983271a80 - INFO - [PPE Result] camera=ppe_test_cam1 | severity=none | sent_to=post_processing
2026-08-17 20:35:05,089 - ppe_alert_consumer_0df983271a80 - INFO - [PPE FRAME RECEIVED] camera=ppe_test_cam1 | severity=none | violated=[]
2026-08-17 20:35:05,090 - ppe_alert_consumer_0df983271a80 - INFO - [PPE Result] camera=ppe_test_cam1 | severity=none | sent_to=post_processing
2026-08-17 20:35:06,173 - ppe_alert_consumer_0df983271a80 - INFO - [PPE FRAME RECEIVED] camera=ppe_test_cam1 | severity=none | violated=[]
2026-08-17 20:35:06,173 - ppe_alert_consumer_0df983271a80 - INFO - [PPE Result] camera=ppe_test_cam1 | severity=none | sent_to=post_processing
2026-08-17 20:35:07,087 - ppe_alert_consumer_0df983271a80 - INFO - [PPE FRAME RECEIVED] camera=ppe_test_cam1 | severity=none | violated=[]
2026-08-17 20:35:07,087 - ppe_alert_consumer_0df983271a80 - INFO - [PPE Result] camera=ppe_test_cam1 | severity=none | sent_to=post_processing
2026-08-17 20:35:08,146 - ppe_alert_consumer_0df983271a80 - INFO - [PPE FRAME RECEIVED] camera=ppe_test_cam1 | severity=none | violated=[]
2026-08-17 20:35:08,149 - ppe_alert_consumer_0df983271a80 - INFO - [PPE Result] camera=ppe_test_cam1 | severity=none | sent_to=post_processing
2026-08-17 20:35:09,109 - ppe_alert_consumer_0df983271a80 - INFO - [PPE FRAME RECEIVED] camera=ppe_test_cam1 | severity=none | violated=[]
2026-08-17 20:35:09,110 - ppe_alert_consumer_0df983271a80 - INFO - [PPE Result] camera=ppe_test_cam1 | severity=none | sent_to=post_processing
2026-08-17 20:35:10,154 - ppe_alert_consumer_0df983271a80 - INFO - [PPE FRAME RECEIVED] camera=ppe_test_cam1 | severity=none | violated=[]
2026-08-17 20:35:10,156 - ppe_alert_consumer_0df983271a80 - INFO - [PPE Result] camera=ppe_test_cam1 | severity=none | sent_to=post_processing
2026-08-17 20:35:11,144 - ppe_alert_consumer_0df983271a80 - INFO - [PPE FRAME RECEIVED] camera=ppe_test_cam1 | severity=none | violated=[]
2026-08-17 20:35:11,145 - ppe_alert_consumer_0df983271a80 - INFO - [PPE Result] camera=ppe_test_cam1 | severity=none | sent_to=post_processing
2026-08-17 20:35:12,117 - ppe_alert_consumer_0df983271a80 - INFO - [PPE FRAME RECEIVED] camera=ppe_test_cam1 | severity=none | violated=[]
2026-08-17 20:35:12,118 - ppe_alert_consumer_0df983271a80 - INFO - [PPE Result] camera=ppe_test_cam1 | severity=none | sent_to=post_processing
2026-08-17 20:35:12,118 - ppe_alert_consumer_0df983271a80 - INFO - [PPE FRAME RECEIVED] camera=ppe_test_cam1 | severity=none | violated=[]
2026-08-17 20:35:12,120 - ppe_alert_consumer_0df983271a80 - INFO - [PPE Result] camera=ppe_test_cam1 | severity=none | sent_to=post_processing
2026-08-17 20:35:37,305 - ppe_alert_consumer_0df983271a80 - INFO - [PPE FRAME RECEIVED] camera=ppe_test_cam1 | severity=none | violated=[]
2026-08-17 20:35:37,307 - ppe_alert_consumer_0df983271a80 - INFO - [PPE Result] camera=ppe_test_cam1 | severity=none | sent_to=post_processing
2026-08-17 20:35:38,155 - ppe_alert_consumer_0df983271a80 - INFO - [PPE FRAME RECEIVED] camera=ppe_test_cam1 | severity=none | violated=[]
2026-08-17 20:35:38,156 - ppe_alert_consumer_0df983271a80 - INFO - [PPE Result] camera=ppe_test_cam1 | severity=none | sent_to=post_processing
2026-08-17 20:35:56,102 - ppe_alert_consumer_0df983271a80 - INFO - [PPE FRAME RECEIVED] camera=ppe_test_cam1 | severity=none | violated=[]
2026-08-17 20:35:56,103 - ppe_alert_consumer_0df983271a80 - INFO - [PPE Result] camera=ppe_test_cam1 | severity=none | sent_to=post_processing
2026-08-17 20:35:56,131 - ppe_alert_consumer_0df983271a80 - INFO - [PPE FRAME RECEIVED] camera=ppe_test_cam1 | severity=low | violated=['No-Shoes', 'No-Shoes']
2026-08-17 20:35:56,131 - ppe_alert_consumer_0df983271a80 - INFO - [PPE Result] camera=ppe_test_cam1 | severity=low | sent_to=post_processing
2026-08-17 20:35:57,220 - ppe_alert_consumer_0df983271a80 - INFO - [PPE FRAME RECEIVED] camera=ppe_test_cam1 | severity=none | violated=[]
2026-08-17 20:35:57,220 - ppe_alert_consumer_0df983271a80 - INFO - [PPE Result] camera=ppe_test_cam1 | severity=none | sent_to=post_processing
2026-08-17 20:35:57,221 - ppe_alert_consumer_0df983271a80 - INFO - [PPE FRAME RECEIVED] camera=ppe_test_cam1 | severity=low | violated=['No-Shoes', 'No-Shoes']
2026-08-17 20:35:57,223 - ppe_alert_consumer_0df983271a80 - INFO - [PPE Result] camera=ppe_test_cam1 | severity=low | sent_to=post_processing
2026-08-17 20:35:58,132 - ppe_alert_consumer_0df983271a80 - INFO - [PPE FRAME RECEIVED] camera=ppe_test_cam1 | severity=none | violated=[]
2026-08-17 20:35:58,132 - ppe_alert_consumer_0df983271a80 - INFO - [PPE Result] camera=ppe_test_cam1 | severity=none | sent_to=post_processing
2026-08-17 20:35:58,163 - ppe_alert_consumer_0df983271a80 - INFO - [PPE FRAME RECEIVED] camera=ppe_test_cam1 | severity=low | violated=['No-Shoes', 'No-Shoes']
2026-08-17 20:35:58,164 - ppe_alert_consumer_0df983271a80 - INFO - [PPE Result] camera=ppe_test_cam1 | severity=low | sent_to=post_processing
2026-08-17 20:35:59,126 - ppe_alert_consumer_0df983271a80 - INFO - [PPE FRAME RECEIVED] camera=ppe_test_cam1 | severity=low | violated=['No-Shoes', 'No-Shoes']
2026-08-17 20:35:59,127 - ppe_alert_consumer_0df983271a80 - INFO - [PPE Result] camera=ppe_test_cam1 | severity=low | sent_to=post_processing
2026-08-17 20:35:59,127 - ppe_alert_consumer_0df983271a80 - INFO - [PPE FRAME RECEIVED] camera=ppe_test_cam1 | severity=none | violated=[]
2026-08-17 20:35:59,129 - ppe_alert_consumer_0df983271a80 - INFO - [PPE Result] camera=ppe_test_cam1 | severity=none | sent_to=post_processing
2026-08-17 20:36:00,063 - ppe_alert_consumer_0df983271a80 - INFO - [PPE FRAME RECEIVED] camera=ppe_test_cam1 | severity=none | violated=[]
2026-08-17 20:36:00,064 - ppe_alert_consumer_0df983271a80 - INFO - [PPE Result] camera=ppe_test_cam1 | severity=none | sent_to=post_processing
2026-08-17 20:36:05,099 - ppe_alert_consumer_0df983271a80 - INFO - [PPE FRAME RECEIVED] camera=ppe_test_cam1 | severity=none | violated=[]
2026-08-17 20:36:05,100 - ppe_alert_consumer_0df983271a80 - INFO - [PPE Result] camera=ppe_test_cam1 | severity=none | sent_to=post_processing
2026-08-17 20:36:06,145 - ppe_alert_consumer_0df983271a80 - INFO - [PPE FRAME RECEIVED] camera=ppe_test_cam1 | severity=none | violated=[]
2026-08-17 20:36:06,146 - ppe_alert_consumer_0df983271a80 - INFO - [PPE Result] camera=ppe_test_cam1 | severity=none | sent_to=post_processing
2026-08-17 20:36:07,095 - ppe_alert_consumer_0df983271a80 - INFO - [PPE FRAME RECEIVED] camera=ppe_test_cam1 | severity=none | violated=[]
2026-08-17 20:36:07,096 - ppe_alert_consumer_0df983271a80 - INFO - [PPE Result] camera=ppe_test_cam1 | severity=none | sent_to=post_processing
2026-08-17 20:36:08,092 - ppe_alert_consumer_0df983271a80 - INFO - [PPE FRAME RECEIVED] camera=ppe_test_cam1 | severity=none | violated=[]
2026-08-17 20:36:08,093 - ppe_alert_consumer_0df983271a80 - INFO - [PPE Result] camera=ppe_test_cam1 | severity=none | sent_to=post_processing
2026-08-17 20:36:09,112 - ppe_alert_consumer_0df983271a80 - INFO - [PPE FRAME RECEIVED] camera=ppe_test_cam1 | severity=none | violated=[]
2026-08-17 20:36:09,112 - ppe_alert_consumer_0df983271a80 - INFO - [PPE Result] camera=ppe_test_cam1 | severity=none | sent_to=post_processing
2026-08-17 20:36:10,154 - ppe_alert_consumer_0df983271a80 - INFO - [PPE FRAME RECEIVED] camera=ppe_test_cam1 | severity=none | violated=[]
2026-08-17 20:36:10,155 - ppe_alert_consumer_0df983271a80 - INFO - [PPE Result] camera=ppe_test_cam1 | severity=none | sent_to=post_processing
2026-08-17 20:36:11,180 - ppe_alert_consumer_0df983271a80 - INFO - [PPE FRAME RECEIVED] camera=ppe_test_cam1 | severity=none | violated=[]
2026-08-17 20:36:11,182 - ppe_alert_consumer_0df983271a80 - INFO - [PPE Result] camera=ppe_test_cam1 | severity=none | sent_to=post_processing
2026-08-17 20:36:12,185 - ppe_alert_consumer_0df983271a80 - INFO - [PPE FRAME RECEIVED] camera=ppe_test_cam1 | severity=none | violated=[]
2026-08-17 20:36:12,185 - ppe_alert_consumer_0df983271a80 - INFO - [PPE Result] camera=ppe_test_cam1 | severity=none | sent_to=post_processing
2026-08-17 20:36:12,186 - ppe_alert_consumer_0df983271a80 - INFO - [PPE FRAME RECEIVED] camera=ppe_test_cam1 | severity=none | violated=[]
2026-08-17 20:36:12,190 - ppe_alert_consumer_0df983271a80 - INFO - [PPE Result] camera=ppe_test_cam1 | severity=none | sent_to=post_processing
2026-08-17 20:36:37,197 - ppe_alert_consumer_0df983271a80 - INFO - [PPE FRAME RECEIVED] camera=ppe_test_cam1 | severity=none | violated=[]
2026-08-17 20:36:37,198 - ppe_alert_consumer_0df983271a80 - INFO - [PPE Result] camera=ppe_test_cam1 | severity=none | sent_to=post_processing
2026-08-17 20:36:38,206 - ppe_alert_consumer_0df983271a80 - INFO - [PPE FRAME RECEIVED] camera=ppe_test_cam1 | severity=none | violated=[]
2026-08-17 20:36:38,207 - ppe_alert_consumer_0df983271a80 - INFO - [PPE Result] camera=ppe_test_cam1 | severity=none | sent_to=post_processing
2026-08-17 20:36:56,111 - ppe_alert_consumer_0df983271a80 - INFO - [PPE FRAME RECEIVED] camera=ppe_test_cam1 | severity=none | violated=[]
2026-08-17 20:36:56,111 - ppe_alert_consumer_0df983271a80 - INFO - [PPE Result] camera=ppe_test_cam1 | severity=none | sent_to=post_processing
2026-08-17 20:36:56,148 - ppe_alert_consumer_0df983271a80 - INFO - [PPE FRAME RECEIVED] camera=ppe_test_cam1 | severity=low | violated=['No-Shoes', 'No-Shoes']
2026-08-17 20:36:56,149 - ppe_alert_consumer_0df983271a80 - INFO - [PPE Result] camera=ppe_test_cam1 | severity=low | sent_to=post_processing
2026-08-17 20:36:57,100 - ppe_alert_consumer_0df983271a80 - INFO - [PPE FRAME RECEIVED] camera=ppe_test_cam1 | severity=low | violated=['No-Shoes', 'No-Shoes']
2026-08-17 20:36:57,100 - ppe_alert_consumer_0df983271a80 - INFO - [PPE Result] camera=ppe_test_cam1 | severity=low | sent_to=post_processing
2026-08-17 20:36:57,101 - ppe_alert_consumer_0df983271a80 - INFO - [PPE FRAME RECEIVED] camera=ppe_test_cam1 | severity=none | violated=[]
2026-08-17 20:36:57,103 - ppe_alert_consumer_0df983271a80 - INFO - [PPE Result] camera=ppe_test_cam1 | severity=none | sent_to=post_processing
2026-08-17 20:36:58,274 - ppe_alert_consumer_0df983271a80 - INFO - [PPE FRAME RECEIVED] camera=ppe_test_cam1 | severity=low | violated=['No-Shoes', 'No-Shoes']
2026-08-17 20:36:58,275 - ppe_alert_consumer_0df983271a80 - INFO - [PPE Result] camera=ppe_test_cam1 | severity=low | sent_to=post_processing
2026-08-17 20:36:58,275 - ppe_alert_consumer_0df983271a80 - INFO - [PPE FRAME RECEIVED] camera=ppe_test_cam1 | severity=none | violated=[]
2026-08-17 20:36:58,277 - ppe_alert_consumer_0df983271a80 - INFO - [PPE Result] camera=ppe_test_cam1 | severity=none | sent_to=post_processing
2026-08-17 20:36:59,114 - ppe_alert_consumer_0df983271a80 - INFO - [PPE FRAME RECEIVED] camera=ppe_test_cam1 | severity=none | violated=[]
2026-08-17 20:36:59,117 - ppe_alert_consumer_0df983271a80 - INFO - [PPE Result] camera=ppe_test_cam1 | severity=none | sent_to=post_processing
2026-08-17 20:36:59,147 - ppe_alert_consumer_0df983271a80 - INFO - [PPE FRAME RECEIVED] camera=ppe_test_cam1 | severity=low | violated=['No-Shoes', 'No-Shoes']
2026-08-17 20:36:59,147 - ppe_alert_consumer_0df983271a80 - INFO - [PPE Result] camera=ppe_test_cam1 | severity=low | sent_to=post_processing
2026-08-17 20:37:00,085 - ppe_alert_consumer_0df983271a80 - INFO - [PPE FRAME RECEIVED] camera=ppe_test_cam1 | severity=none | violated=[]
2026-08-17 20:37:00,086 - ppe_alert_consumer_0df983271a80 - INFO - [PPE Result] camera=ppe_test_cam1 | severity=none | sent_to=post_processing
2026-08-17 20:37:05,068 - ppe_alert_consumer_0df983271a80 - INFO - [PPE FRAME RECEIVED] camera=ppe_test_cam1 | severity=none | violated=[]
2026-08-17 20:37:05,069 - ppe_alert_consumer_0df983271a80 - INFO - [PPE Result] camera=ppe_test_cam1 | severity=none | sent_to=post_processing
2026-08-17 20:37:06,146 - ppe_alert_consumer_0df983271a80 - INFO - [PPE FRAME RECEIVED] camera=ppe_test_cam1 | severity=none | violated=[]
2026-08-17 20:37:06,146 - ppe_alert_consumer_0df983271a80 - INFO - [PPE Result] camera=ppe_test_cam1 | severity=none | sent_to=post_processing
2026-08-17 20:37:07,097 - ppe_alert_consumer_0df983271a80 - INFO - [PPE FRAME RECEIVED] camera=ppe_test_cam1 | severity=none | violated=[]
2026-08-17 20:37:07,098 - ppe_alert_consumer_0df983271a80 - INFO - [PPE Result] camera=ppe_test_cam1 | severity=none | sent_to=post_processing
2026-08-17 20:37:08,074 - ppe_alert_consumer_0df983271a80 - INFO - [PPE FRAME RECEIVED] camera=ppe_test_cam1 | severity=none | violated=[]
2026-08-17 20:37:08,075 - ppe_alert_consumer_0df983271a80 - INFO - [PPE Result] camera=ppe_test_cam1 | severity=none | sent_to=post_processing
2026-08-17 20:37:09,091 - ppe_alert_consumer_0df983271a80 - INFO - [PPE FRAME RECEIVED] camera=ppe_test_cam1 | severity=none | violated=[]
2026-08-17 20:37:09,092 - ppe_alert_consumer_0df983271a80 - INFO - [PPE Result] camera=ppe_test_cam1 | severity=none | sent_to=post_processing
2026-08-17 20:37:10,164 - ppe_alert_consumer_0df983271a80 - INFO - [PPE FRAME RECEIVED] camera=ppe_test_cam1 | severity=none | violated=[]
2026-08-17 20:37:10,165 - ppe_alert_consumer_0df983271a80 - INFO - [PPE Result] camera=ppe_test_cam1 | severity=none | sent_to=post_processing
2026-08-17 20:37:11,123 - ppe_alert_consumer_0df983271a80 - INFO - [PPE FRAME RECEIVED] camera=ppe_test_cam1 | severity=none | violated=[]
2026-08-17 20:37:11,124 - ppe_alert_consumer_0df983271a80 - INFO - [PPE Result] camera=ppe_test_cam1 | severity=none | sent_to=post_processing
2026-08-17 20:37:12,213 - ppe_alert_consumer_0df983271a80 - INFO - [PPE FRAME RECEIVED] camera=ppe_test_cam1 | severity=none | violated=[]
2026-08-17 20:37:12,213 - ppe_alert_consumer_0df983271a80 - INFO - [PPE Result] camera=ppe_test_cam1 | severity=none | sent_to=post_processing
2026-08-17 20:37:12,242 - ppe_alert_consumer_0df983271a80 - INFO - [PPE FRAME RECEIVED] camera=ppe_test_cam1 | severity=none | violated=[]
2026-08-17 20:37:12,243 - ppe_alert_consumer_0df983271a80 - INFO - [PPE Result] camera=ppe_test_cam1 | severity=none | sent_to=post_processing
2026-08-17 20:37:37,185 - ppe_alert_consumer_0df983271a80 - INFO - [PPE FRAME RECEIVED] camera=ppe_test_cam1 | severity=none | violated=[]
2026-08-17 20:37:37,186 - ppe_alert_consumer_0df983271a80 - INFO - [PPE Result] camera=ppe_test_cam1 | severity=none | sent_to=post_processing
2026-08-17 20:37:38,161 - ppe_alert_consumer_0df983271a80 - INFO - [PPE FRAME RECEIVED] camera=ppe_test_cam1 | severity=none | violated=[]
2026-08-17 20:37:38,161 - ppe_alert_consumer_0df983271a80 - INFO - [PPE Result] camera=ppe_test_cam1 | severity=none | sent_to=post_processing
2026-08-17 20:37:56,228 - ppe_alert_consumer_0df983271a80 - INFO - [PPE FRAME RECEIVED] camera=ppe_test_cam1 | severity=none | violated=[]
2026-08-17 20:37:56,229 - ppe_alert_consumer_0df983271a80 - INFO - [PPE Result] camera=ppe_test_cam1 | severity=none | sent_to=post_processing
2026-08-17 20:37:56,230 - ppe_alert_consumer_0df983271a80 - INFO - [PPE FRAME RECEIVED] camera=ppe_test_cam1 | severity=low | violated=['No-Shoes', 'No-Shoes']
2026-08-17 20:37:56,232 - ppe_alert_consumer_0df983271a80 - INFO - [PPE Result] camera=ppe_test_cam1 | severity=low | sent_to=post_processing
2026-08-17 20:37:57,132 - ppe_alert_consumer_0df983271a80 - INFO - [PPE FRAME RECEIVED] camera=ppe_test_cam1 | severity=none | violated=[]
2026-08-17 20:37:57,133 - ppe_alert_consumer_0df983271a80 - INFO - [PPE Result] camera=ppe_test_cam1 | severity=none | sent_to=post_processing
2026-08-17 20:37:57,165 - ppe_alert_consumer_0df983271a80 - INFO - [PPE FRAME RECEIVED] camera=ppe_test_cam1 | severity=low | violated=['No-Shoes', 'No-Shoes']
2026-08-17 20:37:57,166 - ppe_alert_consumer_0df983271a80 - INFO - [PPE Result] camera=ppe_test_cam1 | severity=low | sent_to=post_processing
2026-08-17 20:37:58,118 - ppe_alert_consumer_0df983271a80 - INFO - [PPE FRAME RECEIVED] camera=ppe_test_cam1 | severity=none | violated=[]
2026-08-17 20:37:58,119 - ppe_alert_consumer_0df983271a80 - INFO - [PPE Result] camera=ppe_test_cam1 | severity=none | sent_to=post_processing
2026-08-17 20:37:58,152 - ppe_alert_consumer_0df983271a80 - INFO - [PPE FRAME RECEIVED] camera=ppe_test_cam1 | severity=low | violated=['No-Shoes', 'No-Shoes']
2026-08-17 20:37:58,153 - ppe_alert_consumer_0df983271a80 - INFO - [PPE Result] camera=ppe_test_cam1 | severity=low | sent_to=post_processing
2026-08-17 20:37:59,186 - ppe_alert_consumer_0df983271a80 - INFO - [PPE FRAME RECEIVED] camera=ppe_test_cam1 | severity=low | violated=['No-Shoes', 'No-Shoes']
2026-08-17 20:37:59,186 - ppe_alert_consumer_0df983271a80 - INFO - [PPE Result] camera=ppe_test_cam1 | severity=low | sent_to=post_processing
2026-08-17 20:37:59,187 - ppe_alert_consumer_0df983271a80 - INFO - [PPE FRAME RECEIVED] camera=ppe_test_cam1 | severity=none | violated=[]
2026-08-17 20:37:59,188 - ppe_alert_consumer_0df983271a80 - INFO - [PPE Result] camera=ppe_test_cam1 | severity=none | sent_to=post_processing
2026-08-17 20:38:00,104 - ppe_alert_consumer_0df983271a80 - INFO - [PPE FRAME RECEIVED] camera=ppe_test_cam1 | severity=none | violated=[]
2026-08-17 20:38:00,105 - ppe_alert_consumer_0df983271a80 - INFO - [PPE Result] camera=ppe_test_cam1 | severity=none | sent_to=post_processing
2026-08-17 20:38:05,117 - ppe_alert_consumer_0df983271a80 - INFO - [PPE FRAME RECEIVED] camera=ppe_test_cam1 | severity=none | violated=[]
2026-08-17 20:38:05,118 - ppe_alert_consumer_0df983271a80 - INFO - [PPE Result] camera=ppe_test_cam1 | severity=none | sent_to=post_processing
2026-08-17 20:38:05,984 - ppe_alert_consumer_0df983271a80 - INFO - [PPE FRAME RECEIVED] camera=ppe_test_cam1 | severity=none | violated=[]
2026-08-17 20:38:05,984 - ppe_alert_consumer_0df983271a80 - INFO - [PPE Result] camera=ppe_test_cam1 | severity=none | sent_to=post_processing
2026-08-17 20:38:07,044 - ppe_alert_consumer_0df983271a80 - INFO - [PPE FRAME RECEIVED] camera=ppe_test_cam1 | severity=none | violated=[]
2026-08-17 20:38:07,045 - ppe_alert_consumer_0df983271a80 - INFO - [PPE Result] camera=ppe_test_cam1 | severity=none | sent_to=post_processing
2026-08-17 20:38:08,116 - ppe_alert_consumer_0df983271a80 - INFO - [PPE FRAME RECEIVED] camera=ppe_test_cam1 | severity=none | violated=[]
2026-08-17 20:38:08,117 - ppe_alert_consumer_0df983271a80 - INFO - [PPE Result] camera=ppe_test_cam1 | severity=none | sent_to=post_processing
2026-08-17 20:38:09,070 - ppe_alert_consumer_0df983271a80 - INFO - [PPE FRAME RECEIVED] camera=ppe_test_cam1 | severity=none | violated=[]
2026-08-17 20:38:09,071 - ppe_alert_consumer_0df983271a80 - INFO - [PPE Result] camera=ppe_test_cam1 | severity=none | sent_to=post_processing
2026-08-17 20:38:10,241 - ppe_alert_consumer_0df983271a80 - INFO - [PPE FRAME RECEIVED] camera=ppe_test_cam1 | severity=none | violated=[]
2026-08-17 20:38:10,242 - ppe_alert_consumer_0df983271a80 - INFO - [PPE Result] camera=ppe_test_cam1 | severity=none | sent_to=post_processing
2026-08-17 20:38:11,120 - ppe_alert_consumer_0df983271a80 - INFO - [PPE FRAME RECEIVED] camera=ppe_test_cam1 | severity=none | violated=[]
2026-08-17 20:38:11,120 - ppe_alert_consumer_0df983271a80 - INFO - [PPE Result] camera=ppe_test_cam1 | severity=none | sent_to=post_processing
2026-08-17 20:38:12,112 - ppe_alert_consumer_0df983271a80 - INFO - [PPE FRAME RECEIVED] camera=ppe_test_cam1 | severity=none | violated=[]
2026-08-17 20:38:12,112 - ppe_alert_consumer_0df983271a80 - INFO - [PPE Result] camera=ppe_test_cam1 | severity=none | sent_to=post_processing
2026-08-17 20:38:12,142 - ppe_alert_consumer_0df983271a80 - INFO - [PPE FRAME RECEIVED] camera=ppe_test_cam1 | severity=none | violated=[]
2026-08-17 20:38:12,143 - ppe_alert_consumer_0df983271a80 - INFO - [PPE Result] camera=ppe_test_cam1 | severity=none | sent_to=post_processing
2026-08-17 20:38:37,189 - ppe_alert_consumer_0df983271a80 - INFO - [PPE FRAME RECEIVED] camera=ppe_test_cam1 | severity=none | violated=[]
2026-08-17 20:38:37,189 - ppe_alert_consumer_0df983271a80 - INFO - [PPE Result] camera=ppe_test_cam1 | severity=none | sent_to=post_processing
2026-08-17 20:38:38,088 - ppe_alert_consumer_0df983271a80 - INFO - [PPE FRAME RECEIVED] camera=ppe_test_cam1 | severity=none | violated=[]
2026-08-17 20:38:38,089 - ppe_alert_consumer_0df983271a80 - INFO - [PPE Result] camera=ppe_test_cam1 | severity=none | sent_to=post_processing
2026-08-17 20:38:56,125 - ppe_alert_consumer_0df983271a80 - INFO - [PPE FRAME RECEIVED] camera=ppe_test_cam1 | severity=none | violated=[]
2026-08-17 20:38:56,126 - ppe_alert_consumer_0df983271a80 - INFO - [PPE Result] camera=ppe_test_cam1 | severity=none | sent_to=post_processing
2026-08-17 20:38:56,162 - ppe_alert_consumer_0df983271a80 - INFO - [PPE FRAME RECEIVED] camera=ppe_test_cam1 | severity=low | violated=['No-Shoes', 'No-Shoes']
2026-08-17 20:38:56,163 - ppe_alert_consumer_0df983271a80 - INFO - [PPE Result] camera=ppe_test_cam1 | severity=low | sent_to=post_processing
2026-08-17 20:38:57,135 - ppe_alert_consumer_0df983271a80 - INFO - [PPE FRAME RECEIVED] camera=ppe_test_cam1 | severity=none | violated=[]
2026-08-17 20:38:57,136 - ppe_alert_consumer_0df983271a80 - INFO - [PPE Result] camera=ppe_test_cam1 | severity=none | sent_to=post_processing
2026-08-17 20:38:57,164 - ppe_alert_consumer_0df983271a80 - INFO - [PPE FRAME RECEIVED] camera=ppe_test_cam1 | severity=low | violated=['No-Shoes', 'No-Shoes']
2026-08-17 20:38:57,165 - ppe_alert_consumer_0df983271a80 - INFO - [PPE Result] camera=ppe_test_cam1 | severity=low | sent_to=post_processing
2026-08-17 20:38:58,087 - ppe_alert_consumer_0df983271a80 - INFO - [PPE FRAME RECEIVED] camera=ppe_test_cam1 | severity=none | violated=[]
2026-08-17 20:38:58,088 - ppe_alert_consumer_0df983271a80 - INFO - [PPE Result] camera=ppe_test_cam1 | severity=none | sent_to=post_processing
2026-08-17 20:38:58,119 - ppe_alert_consumer_0df983271a80 - INFO - [PPE FRAME RECEIVED] camera=ppe_test_cam1 | severity=low | violated=['No-Shoes', 'No-Shoes']
2026-08-17 20:38:58,121 - ppe_alert_consumer_0df983271a80 - INFO - [PPE Result] camera=ppe_test_cam1 | severity=low | sent_to=post_processing
2026-08-17 20:38:59,129 - ppe_alert_consumer_0df983271a80 - INFO - [PPE FRAME RECEIVED] camera=ppe_test_cam1 | severity=none | violated=[]
2026-08-17 20:38:59,130 - ppe_alert_consumer_0df983271a80 - INFO - [PPE Result] camera=ppe_test_cam1 | severity=none | sent_to=post_processing
2026-08-17 20:38:59,161 - ppe_alert_consumer_0df983271a80 - INFO - [PPE FRAME RECEIVED] camera=ppe_test_cam1 | severity=low | violated=['No-Shoes', 'No-Shoes']
2026-08-17 20:38:59,162 - ppe_alert_consumer_0df983271a80 - INFO - [PPE Result] camera=ppe_test_cam1 | severity=low | sent_to=post_processing
2026-08-17 20:39:00,084 - ppe_alert_consumer_0df983271a80 - INFO - [PPE FRAME RECEIVED] camera=ppe_test_cam1 | severity=none | violated=[]
2026-08-17 20:39:00,085 - ppe_alert_consumer_0df983271a80 - INFO - [PPE Result] camera=ppe_test_cam1 | severity=none | sent_to=post_processing
2026-08-17 20:39:05,158 - ppe_alert_consumer_0df983271a80 - INFO - [PPE FRAME RECEIVED] camera=ppe_test_cam1 | severity=none | violated=[]
2026-08-17 20:39:05,159 - ppe_alert_consumer_0df983271a80 - INFO - [PPE Result] camera=ppe_test_cam1 | severity=none | sent_to=post_processing
2026-08-17 20:39:06,157 - ppe_alert_consumer_0df983271a80 - INFO - [PPE FRAME RECEIVED] camera=ppe_test_cam1 | severity=none | violated=[]
2026-08-17 20:39:06,158 - ppe_alert_consumer_0df983271a80 - INFO - [PPE Result] camera=ppe_test_cam1 | severity=none | sent_to=post_processing
2026-08-17 20:39:07,021 - ppe_alert_consumer_0df983271a80 - INFO - [PPE FRAME RECEIVED] camera=ppe_test_cam1 | severity=none | violated=[]
2026-08-17 20:39:07,021 - ppe_alert_consumer_0df983271a80 - INFO - [PPE Result] camera=ppe_test_cam1 | severity=none | sent_to=post_processing
2026-08-17 20:39:08,127 - ppe_alert_consumer_0df983271a80 - INFO - [PPE FRAME RECEIVED] camera=ppe_test_cam1 | severity=none | violated=[]
2026-08-17 20:39:08,127 - ppe_alert_consumer_0df983271a80 - INFO - [PPE Result] camera=ppe_test_cam1 | severity=none | sent_to=post_processing
2026-08-17 20:39:09,166 - ppe_alert_consumer_0df983271a80 - INFO - [PPE FRAME RECEIVED] camera=ppe_test_cam1 | severity=none | violated=[]
2026-08-17 20:39:09,167 - ppe_alert_consumer_0df983271a80 - INFO - [PPE Result] camera=ppe_test_cam1 | severity=none | sent_to=post_processing
2026-08-17 20:39:10,113 - ppe_alert_consumer_0df983271a80 - INFO - [PPE FRAME RECEIVED] camera=ppe_test_cam1 | severity=none | violated=[]
2026-08-17 20:39:10,115 - ppe_alert_consumer_0df983271a80 - INFO - [PPE Result] camera=ppe_test_cam1 | severity=none | sent_to=post_processing
2026-08-17 20:39:11,224 - ppe_alert_consumer_0df983271a80 - INFO - [PPE FRAME RECEIVED] camera=ppe_test_cam1 | severity=none | violated=[]
2026-08-17 20:39:11,225 - ppe_alert_consumer_0df983271a80 - INFO - [PPE Result] camera=ppe_test_cam1 | severity=none | sent_to=post_processing
2026-08-17 20:39:12,193 - ppe_alert_consumer_0df983271a80 - INFO - [PPE FRAME RECEIVED] camera=ppe_test_cam1 | severity=none | violated=[]
2026-08-17 20:39:12,194 - ppe_alert_consumer_0df983271a80 - INFO - [PPE Result] camera=ppe_test_cam1 | severity=none | sent_to=post_processing
2026-08-17 20:39:12,194 - ppe_alert_consumer_0df983271a80 - INFO - [PPE FRAME RECEIVED] camera=ppe_test_cam1 | severity=none | violated=[]
2026-08-17 20:39:12,196 - ppe_alert_consumer_0df983271a80 - INFO - [PPE Result] camera=ppe_test_cam1 | severity=none | sent_to=post_processing
2026-08-17 20:39:37,148 - ppe_alert_consumer_0df983271a80 - INFO - [PPE FRAME RECEIVED] camera=ppe_test_cam1 | severity=none | violated=[]
2026-08-17 20:39:37,148 - ppe_alert_consumer_0df983271a80 - INFO - [PPE Result] camera=ppe_test_cam1 | severity=none | sent_to=post_processing
2026-08-17 20:39:38,152 - ppe_alert_consumer_0df983271a80 - INFO - [PPE FRAME RECEIVED] camera=ppe_test_cam1 | severity=none | violated=[]
2026-08-17 20:39:38,154 - ppe_alert_consumer_0df983271a80 - INFO - [PPE Result] camera=ppe_test_cam1 | severity=none | sent_to=post_processing
2026-08-17 20:39:56,126 - ppe_alert_consumer_0df983271a80 - INFO - [PPE FRAME RECEIVED] camera=ppe_test_cam1 | severity=none | violated=[]
2026-08-17 20:39:56,127 - ppe_alert_consumer_0df983271a80 - INFO - [PPE Result] camera=ppe_test_cam1 | severity=none | sent_to=post_processing
2026-08-17 20:39:56,160 - ppe_alert_consumer_0df983271a80 - INFO - [PPE FRAME RECEIVED] camera=ppe_test_cam1 | severity=low | violated=['No-Shoes', 'No-Shoes']
2026-08-17 20:39:56,161 - ppe_alert_consumer_0df983271a80 - INFO - [PPE Result] camera=ppe_test_cam1 | severity=low | sent_to=post_processing
2026-08-17 20:39:57,044 - ppe_alert_consumer_0df983271a80 - INFO - [PPE FRAME RECEIVED] camera=ppe_test_cam1 | severity=low | violated=['No-Shoes', 'No-Shoes']
2026-08-17 20:39:57,045 - ppe_alert_consumer_0df983271a80 - INFO - [PPE Result] camera=ppe_test_cam1 | severity=low | sent_to=post_processing
2026-08-17 20:39:57,046 - ppe_alert_consumer_0df983271a80 - INFO - [PPE FRAME RECEIVED] camera=ppe_test_cam1 | severity=none | violated=[]
2026-08-17 20:39:57,048 - ppe_alert_consumer_0df983271a80 - INFO - [PPE Result] camera=ppe_test_cam1 | severity=none | sent_to=post_processing
2026-08-17 20:39:58,137 - ppe_alert_consumer_0df983271a80 - INFO - [PPE FRAME RECEIVED] camera=ppe_test_cam1 | severity=none | violated=[]
2026-08-17 20:39:58,138 - ppe_alert_consumer_0df983271a80 - INFO - [PPE Result] camera=ppe_test_cam1 | severity=none | sent_to=post_processing
2026-08-17 20:39:58,168 - ppe_alert_consumer_0df983271a80 - INFO - [PPE FRAME RECEIVED] camera=ppe_test_cam1 | severity=low | violated=['No-Shoes', 'No-Shoes']
2026-08-17 20:39:58,170 - ppe_alert_consumer_0df983271a80 - INFO - [PPE Result] camera=ppe_test_cam1 | severity=low | sent_to=post_processing
2026-08-17 20:39:59,127 - ppe_alert_consumer_0df983271a80 - INFO - [PPE FRAME RECEIVED] camera=ppe_test_cam1 | severity=none | violated=[]
2026-08-17 20:39:59,128 - ppe_alert_consumer_0df983271a80 - INFO - [PPE Result] camera=ppe_test_cam1 | severity=none | sent_to=post_processing
2026-08-17 20:39:59,156 - ppe_alert_consumer_0df983271a80 - INFO - [PPE FRAME RECEIVED] camera=ppe_test_cam1 | severity=low | violated=['No-Shoes', 'No-Shoes']
2026-08-17 20:39:59,157 - ppe_alert_consumer_0df983271a80 - INFO - [PPE Result] camera=ppe_test_cam1 | severity=low | sent_to=post_processing
2026-08-17 20:40:00,040 - ppe_alert_consumer_0df983271a80 - INFO - [PPE FRAME RECEIVED] camera=ppe_test_cam1 | severity=none | violated=[]
2026-08-17 20:40:00,041 - ppe_alert_consumer_0df983271a80 - INFO - [PPE Result] camera=ppe_test_cam1 | severity=none | sent_to=post_processing
2026-08-17 20:40:05,134 - ppe_alert_consumer_0df983271a80 - INFO - [PPE FRAME RECEIVED] camera=ppe_test_cam1 | severity=none | violated=[]
2026-08-17 20:40:05,137 - ppe_alert_consumer_0df983271a80 - INFO - [PPE Result] camera=ppe_test_cam1 | severity=none | sent_to=post_processing
2026-08-17 20:40:06,088 - ppe_alert_consumer_0df983271a80 - INFO - [PPE FRAME RECEIVED] camera=ppe_test_cam1 | severity=none | violated=[]
2026-08-17 20:40:06,088 - ppe_alert_consumer_0df983271a80 - INFO - [PPE Result] camera=ppe_test_cam1 | severity=none | sent_to=post_processing
2026-08-17 20:40:07,121 - ppe_alert_consumer_0df983271a80 - INFO - [PPE FRAME RECEIVED] camera=ppe_test_cam1 | severity=none | violated=[]
2026-08-17 20:40:07,122 - ppe_alert_consumer_0df983271a80 - INFO - [PPE Result] camera=ppe_test_cam1 | severity=none | sent_to=post_processing
2026-08-17 20:40:08,121 - ppe_alert_consumer_0df983271a80 - INFO - [PPE FRAME RECEIVED] camera=ppe_test_cam1 | severity=none | violated=[]
2026-08-17 20:40:08,122 - ppe_alert_consumer_0df983271a80 - INFO - [PPE Result] camera=ppe_test_cam1 | severity=none | sent_to=post_processing
2026-08-17 20:40:09,123 - ppe_alert_consumer_0df983271a80 - INFO - [PPE FRAME RECEIVED] camera=ppe_test_cam1 | severity=none | violated=[]
2026-08-17 20:40:09,124 - ppe_alert_consumer_0df983271a80 - INFO - [PPE Result] camera=ppe_test_cam1 | severity=none | sent_to=post_processing
2026-08-17 20:40:10,168 - ppe_alert_consumer_0df983271a80 - INFO - [PPE FRAME RECEIVED] camera=ppe_test_cam1 | severity=none | violated=[]
2026-08-17 20:40:10,170 - ppe_alert_consumer_0df983271a80 - INFO - [PPE Result] camera=ppe_test_cam1 | severity=none | sent_to=post_processing
2026-08-17 20:40:11,149 - ppe_alert_consumer_0df983271a80 - INFO - [PPE FRAME RECEIVED] camera=ppe_test_cam1 | severity=none | violated=[]
2026-08-17 20:40:11,149 - ppe_alert_consumer_0df983271a80 - INFO - [PPE Result] camera=ppe_test_cam1 | severity=none | sent_to=post_processing
2026-08-17 20:40:12,229 - ppe_alert_consumer_0df983271a80 - INFO - [PPE FRAME RECEIVED] camera=ppe_test_cam1 | severity=none | violated=[]
2026-08-17 20:40:12,230 - ppe_alert_consumer_0df983271a80 - INFO - [PPE Result] camera=ppe_test_cam1 | severity=none | sent_to=post_processing
2026-08-17 20:40:12,259 - ppe_alert_consumer_0df983271a80 - INFO - [PPE FRAME RECEIVED] camera=ppe_test_cam1 | severity=none | violated=[]
2026-08-17 20:40:12,260 - ppe_alert_consumer_0df983271a80 - INFO - [PPE Result] camera=ppe_test_cam1 | severity=none | sent_to=post_processing
2026-08-17 20:40:37,198 - ppe_alert_consumer_0df983271a80 - INFO - [PPE FRAME RECEIVED] camera=ppe_test_cam1 | severity=none | violated=[]
2026-08-17 20:40:37,199 - ppe_alert_consumer_0df983271a80 - INFO - [PPE Result] camera=ppe_test_cam1 | severity=none | sent_to=post_processing
2026-08-17 20:40:38,149 - ppe_alert_consumer_0df983271a80 - INFO - [PPE FRAME RECEIVED] camera=ppe_test_cam1 | severity=none | violated=[]
2026-08-17 20:40:38,150 - ppe_alert_consumer_0df983271a80 - INFO - [PPE Result] camera=ppe_test_cam1 | severity=none | sent_to=post_processing
2026-08-17 20:40:56,079 - ppe_alert_consumer_0df983271a80 - INFO - [PPE FRAME RECEIVED] camera=ppe_test_cam1 | severity=none | violated=[]
2026-08-17 20:40:56,080 - ppe_alert_consumer_0df983271a80 - INFO - [PPE Result] camera=ppe_test_cam1 | severity=none | sent_to=post_processing
2026-08-17 20:40:56,113 - ppe_alert_consumer_0df983271a80 - INFO - [PPE FRAME RECEIVED] camera=ppe_test_cam1 | severity=low | violated=['No-Shoes', 'No-Shoes']
2026-08-17 20:40:56,114 - ppe_alert_consumer_0df983271a80 - INFO - [PPE Result] camera=ppe_test_cam1 | severity=low | sent_to=post_processing
2026-08-17 20:40:57,094 - ppe_alert_consumer_0df983271a80 - INFO - [PPE FRAME RECEIVED] camera=ppe_test_cam1 | severity=none | violated=[]
2026-08-17 20:40:57,095 - ppe_alert_consumer_0df983271a80 - INFO - [PPE Result] camera=ppe_test_cam1 | severity=none | sent_to=post_processing
2026-08-17 20:40:57,127 - ppe_alert_consumer_0df983271a80 - INFO - [PPE FRAME RECEIVED] camera=ppe_test_cam1 | severity=low | violated=['No-Shoes', 'No-Shoes']
2026-08-17 20:40:57,128 - ppe_alert_consumer_0df983271a80 - INFO - [PPE Result] camera=ppe_test_cam1 | severity=low | sent_to=post_processing
2026-08-17 20:40:58,210 - ppe_alert_consumer_0df983271a80 - INFO - [PPE FRAME RECEIVED] camera=ppe_test_cam1 | severity=none | violated=[]
2026-08-17 20:40:58,211 - ppe_alert_consumer_0df983271a80 - INFO - [PPE Result] camera=ppe_test_cam1 | severity=none | sent_to=post_processing
2026-08-17 20:40:58,212 - ppe_alert_consumer_0df983271a80 - INFO - [PPE FRAME RECEIVED] camera=ppe_test_cam1 | severity=low | violated=['No-Shoes', 'No-Shoes']
2026-08-17 20:40:58,214 - ppe_alert_consumer_0df983271a80 - INFO - [PPE Result] camera=ppe_test_cam1 | severity=low | sent_to=post_processing
2026-08-17 20:40:59,041 - ppe_alert_consumer_0df983271a80 - INFO - [PPE FRAME RECEIVED] camera=ppe_test_cam1 | severity=none | violated=[]
2026-08-17 20:40:59,042 - ppe_alert_consumer_0df983271a80 - INFO - [PPE Result] camera=ppe_test_cam1 | severity=none | sent_to=post_processing
2026-08-17 20:40:59,074 - ppe_alert_consumer_0df983271a80 - INFO - [PPE FRAME RECEIVED] camera=ppe_test_cam1 | severity=low | violated=['No-Shoes', 'No-Shoes']
2026-08-17 20:40:59,075 - ppe_alert_consumer_0df983271a80 - INFO - [PPE Result] camera=ppe_test_cam1 | severity=low | sent_to=post_processing
2026-08-17 20:41:00,142 - ppe_alert_consumer_0df983271a80 - INFO - [PPE FRAME RECEIVED] camera=ppe_test_cam1 | severity=none | violated=[]
2026-08-17 20:41:00,143 - ppe_alert_consumer_0df983271a80 - INFO - [PPE Result] camera=ppe_test_cam1 | severity=none | sent_to=post_processing
2026-08-17 20:41:05,020 - ppe_alert_consumer_0df983271a80 - INFO - [PPE FRAME RECEIVED] camera=ppe_test_cam1 | severity=none | violated=[]
2026-08-17 20:41:05,021 - ppe_alert_consumer_0df983271a80 - INFO - [PPE Result] camera=ppe_test_cam1 | severity=none | sent_to=post_processing
2026-08-17 20:41:06,107 - ppe_alert_consumer_0df983271a80 - INFO - [PPE FRAME RECEIVED] camera=ppe_test_cam1 | severity=none | violated=[]
2026-08-17 20:41:06,109 - ppe_alert_consumer_0df983271a80 - INFO - [PPE Result] camera=ppe_test_cam1 | severity=none | sent_to=post_processing
2026-08-17 20:41:07,075 - ppe_alert_consumer_0df983271a80 - INFO - [PPE FRAME RECEIVED] camera=ppe_test_cam1 | severity=none | violated=[]
2026-08-17 20:41:07,075 - ppe_alert_consumer_0df983271a80 - INFO - [PPE Result] camera=ppe_test_cam1 | severity=none | sent_to=post_processing
2026-08-17 20:41:08,069 - ppe_alert_consumer_0df983271a80 - INFO - [PPE FRAME RECEIVED] camera=ppe_test_cam1 | severity=none | violated=[]
2026-08-17 20:41:08,070 - ppe_alert_consumer_0df983271a80 - INFO - [PPE Result] camera=ppe_test_cam1 | severity=none | sent_to=post_processing
2026-08-17 20:41:09,102 - ppe_alert_consumer_0df983271a80 - INFO - [PPE FRAME RECEIVED] camera=ppe_test_cam1 | severity=none | violated=[]
2026-08-17 20:41:09,104 - ppe_alert_consumer_0df983271a80 - INFO - [PPE Result] camera=ppe_test_cam1 | severity=none | sent_to=post_processing
2026-08-17 20:41:10,156 - ppe_alert_consumer_0df983271a80 - INFO - [PPE FRAME RECEIVED] camera=ppe_test_cam1 | severity=none | violated=[]
2026-08-17 20:41:10,157 - ppe_alert_consumer_0df983271a80 - INFO - [PPE Result] camera=ppe_test_cam1 | severity=none | sent_to=post_processing
2026-08-17 20:41:11,076 - ppe_alert_consumer_0df983271a80 - INFO - [PPE FRAME RECEIVED] camera=ppe_test_cam1 | severity=none | violated=[]
2026-08-17 20:41:11,077 - ppe_alert_consumer_0df983271a80 - INFO - [PPE Result] camera=ppe_test_cam1 | severity=none | sent_to=post_processing
2026-08-17 20:41:12,156 - ppe_alert_consumer_0df983271a80 - INFO - [PPE FRAME RECEIVED] camera=ppe_test_cam1 | severity=none | violated=[]
2026-08-17 20:41:12,157 - ppe_alert_consumer_0df983271a80 - INFO - [PPE Result] camera=ppe_test_cam1 | severity=none | sent_to=post_processing
2026-08-17 20:41:12,185 - ppe_alert_consumer_0df983271a80 - INFO - [PPE FRAME RECEIVED] camera=ppe_test_cam1 | severity=none | violated=[]
2026-08-17 20:41:12,186 - ppe_alert_consumer_0df983271a80 - INFO - [PPE Result] camera=ppe_test_cam1 | severity=none | sent_to=post_processing
2026-08-17 20:41:37,152 - ppe_alert_consumer_0df983271a80 - INFO - [PPE FRAME RECEIVED] camera=ppe_test_cam1 | severity=none | violated=[]
2026-08-17 20:41:37,153 - ppe_alert_consumer_0df983271a80 - INFO - [PPE Result] camera=ppe_test_cam1 | severity=none | sent_to=post_processing
2026-08-17 20:41:38,309 - ppe_alert_consumer_0df983271a80 - INFO - [PPE FRAME RECEIVED] camera=ppe_test_cam1 | severity=none | violated=[]
2026-08-17 20:41:38,311 - ppe_alert_consumer_0df983271a80 - INFO - [PPE Result] camera=ppe_test_cam1 | severity=none | sent_to=post_processing
2026-08-17 20:41:56,108 - ppe_alert_consumer_0df983271a80 - INFO - [PPE FRAME RECEIVED] camera=ppe_test_cam1 | severity=none | violated=[]
2026-08-17 20:41:56,109 - ppe_alert_consumer_0df983271a80 - INFO - [PPE Result] camera=ppe_test_cam1 | severity=none | sent_to=post_processing
2026-08-17 20:41:56,109 - ppe_alert_consumer_0df983271a80 - INFO - [PPE FRAME RECEIVED] camera=ppe_test_cam1 | severity=low | violated=['No-Shoes', 'No-Shoes']
2026-08-17 20:41:56,110 - ppe_alert_consumer_0df983271a80 - INFO - [PPE Result] camera=ppe_test_cam1 | severity=low | sent_to=post_processing
2026-08-17 20:41:57,148 - ppe_alert_consumer_0df983271a80 - INFO - [PPE FRAME RECEIVED] camera=ppe_test_cam1 | severity=low | violated=['No-Shoes', 'No-Shoes']
2026-08-17 20:41:57,148 - ppe_alert_consumer_0df983271a80 - INFO - [PPE Result] camera=ppe_test_cam1 | severity=low | sent_to=post_processing
2026-08-17 20:41:57,149 - ppe_alert_consumer_0df983271a80 - INFO - [PPE FRAME RECEIVED] camera=ppe_test_cam1 | severity=none | violated=[]
2026-08-17 20:41:57,150 - ppe_alert_consumer_0df983271a80 - INFO - [PPE Result] camera=ppe_test_cam1 | severity=none | sent_to=post_processing
2026-08-17 20:41:58,087 - ppe_alert_consumer_0df983271a80 - INFO - [PPE FRAME RECEIVED] camera=ppe_test_cam1 | severity=low | violated=['No-Shoes', 'No-Shoes']
2026-08-17 20:41:58,087 - ppe_alert_consumer_0df983271a80 - INFO - [PPE Result] camera=ppe_test_cam1 | severity=low | sent_to=post_processing
2026-08-17 20:41:58,088 - ppe_alert_consumer_0df983271a80 - INFO - [PPE FRAME RECEIVED] camera=ppe_test_cam1 | severity=none | violated=[]
2026-08-17 20:41:58,089 - ppe_alert_consumer_0df983271a80 - INFO - [PPE Result] camera=ppe_test_cam1 | severity=none | sent_to=post_processing
2026-08-17 20:41:59,071 - ppe_alert_consumer_0df983271a80 - INFO - [PPE FRAME RECEIVED] camera=ppe_test_cam1 | severity=none | violated=[]
2026-08-17 20:41:59,072 - ppe_alert_consumer_0df983271a80 - INFO - [PPE Result] camera=ppe_test_cam1 | severity=none | sent_to=post_processing
2026-08-17 20:41:59,105 - ppe_alert_consumer_0df983271a80 - INFO - [PPE FRAME RECEIVED] camera=ppe_test_cam1 | severity=low | violated=['No-Shoes', 'No-Shoes']
2026-08-17 20:41:59,106 - ppe_alert_consumer_0df983271a80 - INFO - [PPE Result] camera=ppe_test_cam1 | severity=low | sent_to=post_processing
2026-08-17 20:42:00,128 - ppe_alert_consumer_0df983271a80 - INFO - [PPE FRAME RECEIVED] camera=ppe_test_cam1 | severity=none | violated=[]
2026-08-17 20:42:00,129 - ppe_alert_consumer_0df983271a80 - INFO - [PPE Result] camera=ppe_test_cam1 | severity=none | sent_to=post_processing
2026-08-17 20:42:05,128 - ppe_alert_consumer_0df983271a80 - INFO - [PPE FRAME RECEIVED] camera=ppe_test_cam1 | severity=none | violated=[]
2026-08-17 20:42:05,131 - ppe_alert_consumer_0df983271a80 - INFO - [PPE Result] camera=ppe_test_cam1 | severity=none | sent_to=post_processing
2026-08-17 20:42:06,135 - ppe_alert_consumer_0df983271a80 - INFO - [PPE FRAME RECEIVED] camera=ppe_test_cam1 | severity=none | violated=[]
2026-08-17 20:42:06,135 - ppe_alert_consumer_0df983271a80 - INFO - [PPE Result] camera=ppe_test_cam1 | severity=none | sent_to=post_processing
2026-08-17 20:42:07,121 - ppe_alert_consumer_0df983271a80 - INFO - [PPE FRAME RECEIVED] camera=ppe_test_cam1 | severity=none | violated=[]
2026-08-17 20:42:07,122 - ppe_alert_consumer_0df983271a80 - INFO - [PPE Result] camera=ppe_test_cam1 | severity=none | sent_to=post_processing
2026-08-17 20:42:08,128 - ppe_alert_consumer_0df983271a80 - INFO - [PPE FRAME RECEIVED] camera=ppe_test_cam1 | severity=none | violated=[]
2026-08-17 20:42:08,129 - ppe_alert_consumer_0df983271a80 - INFO - [PPE Result] camera=ppe_test_cam1 | severity=none | sent_to=post_processing
2026-08-17 20:42:09,171 - ppe_alert_consumer_0df983271a80 - INFO - [PPE FRAME RECEIVED] camera=ppe_test_cam1 | severity=none | violated=[]
2026-08-17 20:42:09,172 - ppe_alert_consumer_0df983271a80 - INFO - [PPE Result] camera=ppe_test_cam1 | severity=none | sent_to=post_processing
2026-08-17 20:42:10,188 - ppe_alert_consumer_0df983271a80 - INFO - [PPE FRAME RECEIVED] camera=ppe_test_cam1 | severity=none | violated=[]
2026-08-17 20:42:10,189 - ppe_alert_consumer_0df983271a80 - INFO - [PPE Result] camera=ppe_test_cam1 | severity=none | sent_to=post_processing
2026-08-17 20:42:11,105 - ppe_alert_consumer_0df983271a80 - INFO - [PPE FRAME RECEIVED] camera=ppe_test_cam1 | severity=none | violated=[]
2026-08-17 20:42:11,106 - ppe_alert_consumer_0df983271a80 - INFO - [PPE Result] camera=ppe_test_cam1 | severity=none | sent_to=post_processing
2026-08-17 20:42:12,176 - ppe_alert_consumer_0df983271a80 - INFO - [PPE FRAME RECEIVED] camera=ppe_test_cam1 | severity=none | violated=[]
2026-08-17 20:42:12,177 - ppe_alert_consumer_0df983271a80 - INFO - [PPE Result] camera=ppe_test_cam1 | severity=none | sent_to=post_processing
2026-08-17 20:42:12,213 - ppe_alert_consumer_0df983271a80 - INFO - [PPE FRAME RECEIVED] camera=ppe_test_cam1 | severity=none | violated=[]
2026-08-17 20:42:12,214 - ppe_alert_consumer_0df983271a80 - INFO - [PPE Result] camera=ppe_test_cam1 | severity=none | sent_to=post_processing
2026-08-17 20:42:37,205 - ppe_alert_consumer_0df983271a80 - INFO - [PPE FRAME RECEIVED] camera=ppe_test_cam1 | severity=none | violated=[]
2026-08-17 20:42:37,206 - ppe_alert_consumer_0df983271a80 - INFO - [PPE Result] camera=ppe_test_cam1 | severity=none | sent_to=post_processing
2026-08-17 20:42:38,151 - ppe_alert_consumer_0df983271a80 - INFO - [PPE FRAME RECEIVED] camera=ppe_test_cam1 | severity=none | violated=[]
2026-08-17 20:42:38,152 - ppe_alert_consumer_0df983271a80 - INFO - [PPE Result] camera=ppe_test_cam1 | severity=none | sent_to=post_processing
2026-08-17 20:42:56,154 - ppe_alert_consumer_0df983271a80 - INFO - [PPE FRAME RECEIVED] camera=ppe_test_cam1 | severity=none | violated=[]
2026-08-17 20:42:56,155 - ppe_alert_consumer_0df983271a80 - INFO - [PPE Result] camera=ppe_test_cam1 | severity=none | sent_to=post_processing
2026-08-17 20:42:56,156 - ppe_alert_consumer_0df983271a80 - INFO - [PPE FRAME RECEIVED] camera=ppe_test_cam1 | severity=low | violated=['No-Shoes', 'No-Shoes']
2026-08-17 20:42:56,157 - ppe_alert_consumer_0df983271a80 - INFO - [PPE Result] camera=ppe_test_cam1 | severity=low | sent_to=post_processing
2026-08-17 20:42:56,997 - ppe_alert_consumer_0df983271a80 - INFO - [PPE FRAME RECEIVED] camera=ppe_test_cam1 | severity=none | violated=[]
2026-08-17 20:42:56,998 - ppe_alert_consumer_0df983271a80 - INFO - [PPE Result] camera=ppe_test_cam1 | severity=none | sent_to=post_processing
2026-08-17 20:42:57,031 - ppe_alert_consumer_0df983271a80 - INFO - [PPE FRAME RECEIVED] camera=ppe_test_cam1 | severity=low | violated=['No-Shoes', 'No-Shoes']
2026-08-17 20:42:57,032 - ppe_alert_consumer_0df983271a80 - INFO - [PPE Result] camera=ppe_test_cam1 | severity=low | sent_to=post_processing
2026-08-17 20:42:58,178 - ppe_alert_consumer_0df983271a80 - INFO - [PPE FRAME RECEIVED] camera=ppe_test_cam1 | severity=none | violated=[]
2026-08-17 20:42:58,179 - ppe_alert_consumer_0df983271a80 - INFO - [PPE Result] camera=ppe_test_cam1 | severity=none | sent_to=post_processing
2026-08-17 20:42:58,216 - ppe_alert_consumer_0df983271a80 - INFO - [PPE FRAME RECEIVED] camera=ppe_test_cam1 | severity=low | violated=['No-Shoes', 'No-Shoes']
2026-08-17 20:42:58,217 - ppe_alert_consumer_0df983271a80 - INFO - [PPE Result] camera=ppe_test_cam1 | severity=low | sent_to=post_processing
2026-08-17 20:42:59,193 - ppe_alert_consumer_0df983271a80 - INFO - [PPE FRAME RECEIVED] camera=ppe_test_cam1 | severity=low | violated=['No-Shoes', 'No-Shoes']
2026-08-17 20:42:59,194 - ppe_alert_consumer_0df983271a80 - INFO - [PPE Result] camera=ppe_test_cam1 | severity=low | sent_to=post_processing
2026-08-17 20:42:59,194 - ppe_alert_consumer_0df983271a80 - INFO - [PPE FRAME RECEIVED] camera=ppe_test_cam1 | severity=none | violated=[]
2026-08-17 20:42:59,196 - ppe_alert_consumer_0df983271a80 - INFO - [PPE Result] camera=ppe_test_cam1 | severity=none | sent_to=post_processing
2026-08-17 20:43:00,112 - ppe_alert_consumer_0df983271a80 - INFO - [PPE FRAME RECEIVED] camera=ppe_test_cam1 | severity=none | violated=[]
2026-08-17 20:43:00,113 - ppe_alert_consumer_0df983271a80 - INFO - [PPE Result] camera=ppe_test_cam1 | severity=none | sent_to=post_processing
2026-08-17 20:43:05,152 - ppe_alert_consumer_0df983271a80 - INFO - [PPE FRAME RECEIVED] camera=ppe_test_cam1 | severity=none | violated=[]
2026-08-17 20:43:05,153 - ppe_alert_consumer_0df983271a80 - INFO - [PPE Result] camera=ppe_test_cam1 | severity=none | sent_to=post_processing
2026-08-17 20:43:06,164 - ppe_alert_consumer_0df983271a80 - INFO - [PPE FRAME RECEIVED] camera=ppe_test_cam1 | severity=none | violated=[]
2026-08-17 20:43:06,169 - ppe_alert_consumer_0df983271a80 - INFO - [PPE Result] camera=ppe_test_cam1 | severity=none | sent_to=post_processing
2026-08-17 20:43:07,086 - ppe_alert_consumer_0df983271a80 - INFO - [PPE FRAME RECEIVED] camera=ppe_test_cam1 | severity=none | violated=[]
2026-08-17 20:43:07,086 - ppe_alert_consumer_0df983271a80 - INFO - [PPE Result] camera=ppe_test_cam1 | severity=none | sent_to=post_processing
2026-08-17 20:43:08,133 - ppe_alert_consumer_0df983271a80 - INFO - [PPE FRAME RECEIVED] camera=ppe_test_cam1 | severity=none | violated=[]
2026-08-17 20:43:08,134 - ppe_alert_consumer_0df983271a80 - INFO - [PPE Result] camera=ppe_test_cam1 | severity=none | sent_to=post_processing
2026-08-17 20:43:09,042 - ppe_alert_consumer_0df983271a80 - INFO - [PPE FRAME RECEIVED] camera=ppe_test_cam1 | severity=none | violated=[]
2026-08-17 20:43:09,043 - ppe_alert_consumer_0df983271a80 - INFO - [PPE Result] camera=ppe_test_cam1 | severity=none | sent_to=post_processing
2026-08-17 20:43:10,159 - ppe_alert_consumer_0df983271a80 - INFO - [PPE FRAME RECEIVED] camera=ppe_test_cam1 | severity=none | violated=[]
2026-08-17 20:43:10,160 - ppe_alert_consumer_0df983271a80 - INFO - [PPE Result] camera=ppe_test_cam1 | severity=none | sent_to=post_processing
2026-08-17 20:43:11,164 - ppe_alert_consumer_0df983271a80 - INFO - [PPE FRAME RECEIVED] camera=ppe_test_cam1 | severity=none | violated=[]
2026-08-17 20:43:11,165 - ppe_alert_consumer_0df983271a80 - INFO - [PPE Result] camera=ppe_test_cam1 | severity=none | sent_to=post_processing
2026-08-17 20:43:12,164 - ppe_alert_consumer_0df983271a80 - INFO - [PPE FRAME RECEIVED] camera=ppe_test_cam1 | severity=none | violated=[]
2026-08-17 20:43:12,165 - ppe_alert_consumer_0df983271a80 - INFO - [PPE Result] camera=ppe_test_cam1 | severity=none | sent_to=post_processing
2026-08-17 20:43:12,165 - ppe_alert_consumer_0df983271a80 - INFO - [PPE FRAME RECEIVED] camera=ppe_test_cam1 | severity=none | violated=[]
2026-08-17 20:43:12,167 - ppe_alert_consumer_0df983271a80 - INFO - [PPE Result] camera=ppe_test_cam1 | severity=none | sent_to=post_processing
2026-08-17 20:43:37,093 - ppe_alert_consumer_0df983271a80 - INFO - [PPE FRAME RECEIVED] camera=ppe_test_cam1 | severity=none | violated=[]
2026-08-17 20:43:37,093 - ppe_alert_consumer_0df983271a80 - INFO - [PPE Result] camera=ppe_test_cam1 | severity=none | sent_to=post_processing
2026-08-17 20:43:38,168 - ppe_alert_consumer_0df983271a80 - INFO - [PPE FRAME RECEIVED] camera=ppe_test_cam1 | severity=none | violated=[]
2026-08-17 20:43:38,169 - ppe_alert_consumer_0df983271a80 - INFO - [PPE Result] camera=ppe_test_cam1 | severity=none | sent_to=post_processing
2026-08-17 20:43:56,139 - ppe_alert_consumer_0df983271a80 - INFO - [PPE FRAME RECEIVED] camera=ppe_test_cam1 | severity=none | violated=[]
2026-08-17 20:43:56,140 - ppe_alert_consumer_0df983271a80 - INFO - [PPE Result] camera=ppe_test_cam1 | severity=none | sent_to=post_processing
2026-08-17 20:43:56,141 - ppe_alert_consumer_0df983271a80 - INFO - [PPE FRAME RECEIVED] camera=ppe_test_cam1 | severity=low | violated=['No-Shoes', 'No-Shoes']
2026-08-17 20:43:56,143 - ppe_alert_consumer_0df983271a80 - INFO - [PPE Result] camera=ppe_test_cam1 | severity=low | sent_to=post_processing
2026-08-17 20:43:57,084 - ppe_alert_consumer_0df983271a80 - INFO - [PPE FRAME RECEIVED] camera=ppe_test_cam1 | severity=low | violated=['No-Shoes', 'No-Shoes']
2026-08-17 20:43:57,085 - ppe_alert_consumer_0df983271a80 - INFO - [PPE Result] camera=ppe_test_cam1 | severity=low | sent_to=post_processing
2026-08-17 20:43:57,086 - ppe_alert_consumer_0df983271a80 - INFO - [PPE FRAME RECEIVED] camera=ppe_test_cam1 | severity=none | violated=[]
2026-08-17 20:43:57,087 - ppe_alert_consumer_0df983271a80 - INFO - [PPE Result] camera=ppe_test_cam1 | severity=none | sent_to=post_processing
2026-08-17 20:43:58,123 - ppe_alert_consumer_0df983271a80 - INFO - [PPE FRAME RECEIVED] camera=ppe_test_cam1 | severity=none | violated=[]
2026-08-17 20:43:58,123 - ppe_alert_consumer_0df983271a80 - INFO - [PPE Result] camera=ppe_test_cam1 | severity=none | sent_to=post_processing
2026-08-17 20:43:58,155 - ppe_alert_consumer_0df983271a80 - INFO - [PPE FRAME RECEIVED] camera=ppe_test_cam1 | severity=low | violated=['No-Shoes', 'No-Shoes']
2026-08-17 20:43:58,155 - ppe_alert_consumer_0df983271a80 - INFO - [PPE Result] camera=ppe_test_cam1 | severity=low | sent_to=post_processing
2026-08-17 20:43:59,122 - ppe_alert_consumer_0df983271a80 - INFO - [PPE FRAME RECEIVED] camera=ppe_test_cam1 | severity=none | violated=[]
2026-08-17 20:43:59,123 - ppe_alert_consumer_0df983271a80 - INFO - [PPE Result] camera=ppe_test_cam1 | severity=none | sent_to=post_processing
2026-08-17 20:43:59,152 - ppe_alert_consumer_0df983271a80 - INFO - [PPE FRAME RECEIVED] camera=ppe_test_cam1 | severity=low | violated=['No-Shoes', 'No-Shoes']
2026-08-17 20:43:59,153 - ppe_alert_consumer_0df983271a80 - INFO - [PPE Result] camera=ppe_test_cam1 | severity=low | sent_to=post_processing
2026-08-17 20:44:00,006 - ppe_alert_consumer_0df983271a80 - INFO - [PPE FRAME RECEIVED] camera=ppe_test_cam1 | severity=none | violated=[]
2026-08-17 20:44:00,007 - ppe_alert_consumer_0df983271a80 - INFO - [PPE Result] camera=ppe_test_cam1 | severity=none | sent_to=post_processing
2026-08-17 20:44:05,130 - ppe_alert_consumer_0df983271a80 - INFO - [PPE FRAME RECEIVED] camera=ppe_test_cam1 | severity=none | violated=[]
2026-08-17 20:44:05,130 - ppe_alert_consumer_0df983271a80 - INFO - [PPE Result] camera=ppe_test_cam1 | severity=none | sent_to=post_processing
2026-08-17 20:44:06,102 - ppe_alert_consumer_0df983271a80 - INFO - [PPE FRAME RECEIVED] camera=ppe_test_cam1 | severity=none | violated=[]
2026-08-17 20:44:06,103 - ppe_alert_consumer_0df983271a80 - INFO - [PPE Result] camera=ppe_test_cam1 | severity=none | sent_to=post_processing
2026-08-17 20:44:07,177 - ppe_alert_consumer_0df983271a80 - INFO - [PPE FRAME RECEIVED] camera=ppe_test_cam1 | severity=none | violated=[]
2026-08-17 20:44:07,178 - ppe_alert_consumer_0df983271a80 - INFO - [PPE Result] camera=ppe_test_cam1 | severity=none | sent_to=post_processing
2026-08-17 20:44:08,134 - ppe_alert_consumer_0df983271a80 - INFO - [PPE FRAME RECEIVED] camera=ppe_test_cam1 | severity=none | violated=[]
2026-08-17 20:44:08,134 - ppe_alert_consumer_0df983271a80 - INFO - [PPE Result] camera=ppe_test_cam1 | severity=none | sent_to=post_processing
2026-08-17 20:44:09,156 - ppe_alert_consumer_0df983271a80 - INFO - [PPE FRAME RECEIVED] camera=ppe_test_cam1 | severity=none | violated=[]
2026-08-17 20:44:09,157 - ppe_alert_consumer_0df983271a80 - INFO - [PPE Result] camera=ppe_test_cam1 | severity=none | sent_to=post_processing
2026-08-17 20:44:10,189 - ppe_alert_consumer_0df983271a80 - INFO - [PPE FRAME RECEIVED] camera=ppe_test_cam1 | severity=none | violated=[]
2026-08-17 20:44:10,190 - ppe_alert_consumer_0df983271a80 - INFO - [PPE Result] camera=ppe_test_cam1 | severity=none | sent_to=post_processing
2026-08-17 20:44:11,116 - ppe_alert_consumer_0df983271a80 - INFO - [PPE FRAME RECEIVED] camera=ppe_test_cam1 | severity=none | violated=[]
2026-08-17 20:44:11,117 - ppe_alert_consumer_0df983271a80 - INFO - [PPE Result] camera=ppe_test_cam1 | severity=none | sent_to=post_processing
2026-08-17 20:44:12,126 - ppe_alert_consumer_0df983271a80 - INFO - [PPE FRAME RECEIVED] camera=ppe_test_cam1 | severity=none | violated=[]
2026-08-17 20:44:12,127 - ppe_alert_consumer_0df983271a80 - INFO - [PPE Result] camera=ppe_test_cam1 | severity=none | sent_to=post_processing
2026-08-17 20:44:12,162 - ppe_alert_consumer_0df983271a80 - INFO - [PPE FRAME RECEIVED] camera=ppe_test_cam1 | severity=none | violated=[]
2026-08-17 20:44:12,163 - ppe_alert_consumer_0df983271a80 - INFO - [PPE Result] camera=ppe_test_cam1 | severity=none | sent_to=post_processing
2026-08-17 20:44:37,095 - ppe_alert_consumer_0df983271a80 - INFO - [PPE FRAME RECEIVED] camera=ppe_test_cam1 | severity=none | violated=[]
2026-08-17 20:44:37,096 - ppe_alert_consumer_0df983271a80 - INFO - [PPE Result] camera=ppe_test_cam1 | severity=none | sent_to=post_processing
2026-08-17 20:44:38,135 - ppe_alert_consumer_0df983271a80 - INFO - [PPE FRAME RECEIVED] camera=ppe_test_cam1 | severity=none | violated=[]
2026-08-17 20:44:38,136 - ppe_alert_consumer_0df983271a80 - INFO - [PPE Result] camera=ppe_test_cam1 | severity=none | sent_to=post_processing
2026-08-17 20:44:56,082 - ppe_alert_consumer_0df983271a80 - INFO - [PPE FRAME RECEIVED] camera=ppe_test_cam1 | severity=none | violated=[]
2026-08-17 20:44:56,083 - ppe_alert_consumer_0df983271a80 - INFO - [PPE Result] camera=ppe_test_cam1 | severity=none | sent_to=post_processing
2026-08-17 20:44:56,084 - ppe_alert_consumer_0df983271a80 - INFO - [PPE FRAME RECEIVED] camera=ppe_test_cam1 | severity=low | violated=['No-Shoes', 'No-Shoes']
2026-08-17 20:44:56,085 - ppe_alert_consumer_0df983271a80 - INFO - [PPE Result] camera=ppe_test_cam1 | severity=low | sent_to=post_processing
2026-08-17 20:44:57,048 - ppe_alert_consumer_0df983271a80 - INFO - [PPE FRAME RECEIVED] camera=ppe_test_cam1 | severity=none | violated=[]
2026-08-17 20:44:57,049 - ppe_alert_consumer_0df983271a80 - INFO - [PPE Result] camera=ppe_test_cam1 | severity=none | sent_to=post_processing
2026-08-17 20:44:57,050 - ppe_alert_consumer_0df983271a80 - INFO - [PPE FRAME RECEIVED] camera=ppe_test_cam1 | severity=low | violated=['No-Shoes', 'No-Shoes']
2026-08-17 20:44:57,051 - ppe_alert_consumer_0df983271a80 - INFO - [PPE Result] camera=ppe_test_cam1 | severity=low | sent_to=post_processing
2026-08-17 20:44:58,091 - ppe_alert_consumer_0df983271a80 - INFO - [PPE FRAME RECEIVED] camera=ppe_test_cam1 | severity=none | violated=[]
2026-08-17 20:44:58,092 - ppe_alert_consumer_0df983271a80 - INFO - [PPE Result] camera=ppe_test_cam1 | severity=none | sent_to=post_processing
2026-08-17 20:44:58,093 - ppe_alert_consumer_0df983271a80 - INFO - [PPE FRAME RECEIVED] camera=ppe_test_cam1 | severity=low | violated=['No-Shoes', 'No-Shoes']
2026-08-17 20:44:58,094 - ppe_alert_consumer_0df983271a80 - INFO - [PPE Result] camera=ppe_test_cam1 | severity=low | sent_to=post_processing
2026-08-17 20:44:59,008 - ppe_alert_consumer_0df983271a80 - INFO - [PPE FRAME RECEIVED] camera=ppe_test_cam1 | severity=low | violated=['No-Shoes', 'No-Shoes']
2026-08-17 20:44:59,009 - ppe_alert_consumer_0df983271a80 - INFO - [PPE Result] camera=ppe_test_cam1 | severity=low | sent_to=post_processing
2026-08-17 20:44:59,010 - ppe_alert_consumer_0df983271a80 - INFO - [PPE FRAME RECEIVED] camera=ppe_test_cam1 | severity=none | violated=[]
2026-08-17 20:44:59,012 - ppe_alert_consumer_0df983271a80 - INFO - [PPE Result] camera=ppe_test_cam1 | severity=none | sent_to=post_processing
2026-08-17 20:45:00,062 - ppe_alert_consumer_0df983271a80 - INFO - [PPE FRAME RECEIVED] camera=ppe_test_cam1 | severity=none | violated=[]
2026-08-17 20:45:00,063 - ppe_alert_consumer_0df983271a80 - INFO - [PPE Result] camera=ppe_test_cam1 | severity=none | sent_to=post_processing
2026-08-17 20:45:05,090 - ppe_alert_consumer_0df983271a80 - INFO - [PPE FRAME RECEIVED] camera=ppe_test_cam1 | severity=none | violated=[]
2026-08-17 20:45:05,091 - ppe_alert_consumer_0df983271a80 - INFO - [PPE Result] camera=ppe_test_cam1 | severity=none | sent_to=post_processing
2026-08-17 20:45:06,048 - ppe_alert_consumer_0df983271a80 - INFO - [PPE FRAME RECEIVED] camera=ppe_test_cam1 | severity=none | violated=[]
2026-08-17 20:45:06,049 - ppe_alert_consumer_0df983271a80 - INFO - [PPE Result] camera=ppe_test_cam1 | severity=none | sent_to=post_processing
2026-08-17 20:45:07,018 - ppe_alert_consumer_0df983271a80 - INFO - [PPE FRAME RECEIVED] camera=ppe_test_cam1 | severity=none | violated=[]
2026-08-17 20:45:07,018 - ppe_alert_consumer_0df983271a80 - INFO - [PPE Result] camera=ppe_test_cam1 | severity=none | sent_to=post_processing
2026-08-17 20:45:08,113 - ppe_alert_consumer_0df983271a80 - INFO - [PPE FRAME RECEIVED] camera=ppe_test_cam1 | severity=none | violated=[]
2026-08-17 20:45:08,114 - ppe_alert_consumer_0df983271a80 - INFO - [PPE Result] camera=ppe_test_cam1 | severity=none | sent_to=post_processing
2026-08-17 20:45:09,100 - ppe_alert_consumer_0df983271a80 - INFO - [PPE FRAME RECEIVED] camera=ppe_test_cam1 | severity=none | violated=[]
2026-08-17 20:45:09,101 - ppe_alert_consumer_0df983271a80 - INFO - [PPE Result] camera=ppe_test_cam1 | severity=none | sent_to=post_processing
2026-08-17 20:45:10,092 - ppe_alert_consumer_0df983271a80 - INFO - [PPE FRAME RECEIVED] camera=ppe_test_cam1 | severity=none | violated=[]
2026-08-17 20:45:10,093 - ppe_alert_consumer_0df983271a80 - INFO - [PPE Result] camera=ppe_test_cam1 | severity=none | sent_to=post_processing
2026-08-17 20:45:11,085 - ppe_alert_consumer_0df983271a80 - INFO - [PPE FRAME RECEIVED] camera=ppe_test_cam1 | severity=none | violated=[]
2026-08-17 20:45:11,086 - ppe_alert_consumer_0df983271a80 - INFO - [PPE Result] camera=ppe_test_cam1 | severity=none | sent_to=post_processing
2026-08-17 20:45:12,109 - ppe_alert_consumer_0df983271a80 - INFO - [PPE FRAME RECEIVED] camera=ppe_test_cam1 | severity=none | violated=[]
2026-08-17 20:45:12,110 - ppe_alert_consumer_0df983271a80 - INFO - [PPE Result] camera=ppe_test_cam1 | severity=none | sent_to=post_processing
2026-08-17 20:45:12,110 - ppe_alert_consumer_0df983271a80 - INFO - [PPE FRAME RECEIVED] camera=ppe_test_cam1 | severity=none | violated=[]
2026-08-17 20:45:12,112 - ppe_alert_consumer_0df983271a80 - INFO - [PPE Result] camera=ppe_test_cam1 | severity=none | sent_to=post_processing
2026-08-17 20:45:37,095 - ppe_alert_consumer_0df983271a80 - INFO - [PPE FRAME RECEIVED] camera=ppe_test_cam1 | severity=none | violated=[]
2026-08-17 20:45:37,096 - ppe_alert_consumer_0df983271a80 - INFO - [PPE Result] camera=ppe_test_cam1 | severity=none | sent_to=post_processing
2026-08-17 20:45:38,086 - ppe_alert_consumer_0df983271a80 - INFO - [PPE FRAME RECEIVED] camera=ppe_test_cam1 | severity=none | violated=[]
2026-08-17 20:45:38,087 - ppe_alert_consumer_0df983271a80 - INFO - [PPE Result] camera=ppe_test_cam1 | severity=none | sent_to=post_processing
2026-08-17 20:45:56,109 - ppe_alert_consumer_0df983271a80 - INFO - [PPE FRAME RECEIVED] camera=ppe_test_cam1 | severity=none | violated=[]
2026-08-17 20:45:56,110 - ppe_alert_consumer_0df983271a80 - INFO - [PPE Result] camera=ppe_test_cam1 | severity=none | sent_to=post_processing
2026-08-17 20:45:56,138 - ppe_alert_consumer_0df983271a80 - INFO - [PPE FRAME RECEIVED] camera=ppe_test_cam1 | severity=low | violated=['No-Shoes', 'No-Shoes']
2026-08-17 20:45:56,139 - ppe_alert_consumer_0df983271a80 - INFO - [PPE Result] camera=ppe_test_cam1 | severity=low | sent_to=post_processing
2026-08-17 20:45:57,104 - ppe_alert_consumer_0df983271a80 - INFO - [PPE FRAME RECEIVED] camera=ppe_test_cam1 | severity=none | violated=[]
2026-08-17 20:45:57,105 - ppe_alert_consumer_0df983271a80 - INFO - [PPE Result] camera=ppe_test_cam1 | severity=none | sent_to=post_processing
2026-08-17 20:45:57,106 - ppe_alert_consumer_0df983271a80 - INFO - [PPE FRAME RECEIVED] camera=ppe_test_cam1 | severity=low | violated=['No-Shoes', 'No-Shoes']
2026-08-17 20:45:57,108 - ppe_alert_consumer_0df983271a80 - INFO - [PPE Result] camera=ppe_test_cam1 | severity=low | sent_to=post_processing
2026-08-17 20:45:57,962 - ppe_alert_consumer_0df983271a80 - INFO - [PPE FRAME RECEIVED] camera=ppe_test_cam1 | severity=none | violated=[]
2026-08-17 20:45:57,963 - ppe_alert_consumer_0df983271a80 - INFO - [PPE Result] camera=ppe_test_cam1 | severity=none | sent_to=post_processing
2026-08-17 20:45:57,998 - ppe_alert_consumer_0df983271a80 - INFO - [PPE FRAME RECEIVED] camera=ppe_test_cam1 | severity=low | violated=['No-Shoes', 'No-Shoes']
2026-08-17 20:45:57,999 - ppe_alert_consumer_0df983271a80 - INFO - [PPE Result] camera=ppe_test_cam1 | severity=low | sent_to=post_processing
2026-08-17 20:45:59,132 - ppe_alert_consumer_0df983271a80 - INFO - [PPE FRAME RECEIVED] camera=ppe_test_cam1 | severity=low | violated=['No-Shoes', 'No-Shoes']
2026-08-17 20:45:59,134 - ppe_alert_consumer_0df983271a80 - INFO - [PPE Result] camera=ppe_test_cam1 | severity=low | sent_to=post_processing
2026-08-17 20:45:59,134 - ppe_alert_consumer_0df983271a80 - INFO - [PPE FRAME RECEIVED] camera=ppe_test_cam1 | severity=none | violated=[]
2026-08-17 20:45:59,136 - ppe_alert_consumer_0df983271a80 - INFO - [PPE Result] camera=ppe_test_cam1 | severity=none | sent_to=post_processing
2026-08-17 20:45:59,981 - ppe_alert_consumer_0df983271a80 - INFO - [PPE FRAME RECEIVED] camera=ppe_test_cam1 | severity=none | violated=[]
2026-08-17 20:45:59,981 - ppe_alert_consumer_0df983271a80 - INFO - [PPE Result] camera=ppe_test_cam1 | severity=none | sent_to=post_processing
2026-08-17 20:46:05,073 - ppe_alert_consumer_0df983271a80 - INFO - [PPE FRAME RECEIVED] camera=ppe_test_cam1 | severity=none | violated=[]
2026-08-17 20:46:05,074 - ppe_alert_consumer_0df983271a80 - INFO - [PPE Result] camera=ppe_test_cam1 | severity=none | sent_to=post_processing
2026-08-17 20:46:06,031 - ppe_alert_consumer_0df983271a80 - INFO - [PPE FRAME RECEIVED] camera=ppe_test_cam1 | severity=none | violated=[]
2026-08-17 20:46:06,031 - ppe_alert_consumer_0df983271a80 - INFO - [PPE Result] camera=ppe_test_cam1 | severity=none | sent_to=post_processing
2026-08-17 20:46:06,994 - ppe_alert_consumer_0df983271a80 - INFO - [PPE FRAME RECEIVED] camera=ppe_test_cam1 | severity=none | violated=[]
2026-08-17 20:46:06,995 - ppe_alert_consumer_0df983271a80 - INFO - [PPE Result] camera=ppe_test_cam1 | severity=none | sent_to=post_processing
2026-08-17 20:46:08,034 - ppe_alert_consumer_0df983271a80 - INFO - [PPE FRAME RECEIVED] camera=ppe_test_cam1 | severity=none | violated=[]
2026-08-17 20:46:08,035 - ppe_alert_consumer_0df983271a80 - INFO - [PPE Result] camera=ppe_test_cam1 | severity=none | sent_to=post_processing
2026-08-17 20:46:09,134 - ppe_alert_consumer_0df983271a80 - INFO - [PPE FRAME RECEIVED] camera=ppe_test_cam1 | severity=none | violated=[]
2026-08-17 20:46:09,137 - ppe_alert_consumer_0df983271a80 - INFO - [PPE Result] camera=ppe_test_cam1 | severity=none | sent_to=post_processing
2026-08-17 20:46:10,134 - ppe_alert_consumer_0df983271a80 - INFO - [PPE FRAME RECEIVED] camera=ppe_test_cam1 | severity=none | violated=[]
2026-08-17 20:46:10,135 - ppe_alert_consumer_0df983271a80 - INFO - [PPE Result] camera=ppe_test_cam1 | severity=none | sent_to=post_processing
2026-08-17 20:46:11,101 - ppe_alert_consumer_0df983271a80 - INFO - [PPE FRAME RECEIVED] camera=ppe_test_cam1 | severity=none | violated=[]
2026-08-17 20:46:11,102 - ppe_alert_consumer_0df983271a80 - INFO - [PPE Result] camera=ppe_test_cam1 | severity=none | sent_to=post_processing
2026-08-17 20:46:12,104 - ppe_alert_consumer_0df983271a80 - INFO - [PPE FRAME RECEIVED] camera=ppe_test_cam1 | severity=none | violated=[]
2026-08-17 20:46:12,105 - ppe_alert_consumer_0df983271a80 - INFO - [PPE Result] camera=ppe_test_cam1 | severity=none | sent_to=post_processing
2026-08-17 20:46:12,136 - ppe_alert_consumer_0df983271a80 - INFO - [PPE FRAME RECEIVED] camera=ppe_test_cam1 | severity=none | violated=[]
2026-08-17 20:46:12,137 - ppe_alert_consumer_0df983271a80 - INFO - [PPE Result] camera=ppe_test_cam1 | severity=none | sent_to=post_processing
2026-08-17 20:46:37,074 - ppe_alert_consumer_0df983271a80 - INFO - [PPE FRAME RECEIVED] camera=ppe_test_cam1 | severity=none | violated=[]
2026-08-17 20:46:37,074 - ppe_alert_consumer_0df983271a80 - INFO - [PPE Result] camera=ppe_test_cam1 | severity=none | sent_to=post_processing
2026-08-17 20:46:38,085 - ppe_alert_consumer_0df983271a80 - INFO - [PPE FRAME RECEIVED] camera=ppe_test_cam1 | severity=none | violated=[]
2026-08-17 20:46:38,086 - ppe_alert_consumer_0df983271a80 - INFO - [PPE Result] camera=ppe_test_cam1 | severity=none | sent_to=post_processing
2026-08-17 20:46:56,329 - ppe_alert_consumer_0df983271a80 - INFO - [PPE FRAME RECEIVED] camera=ppe_test_cam1 | severity=none | violated=[]
2026-08-17 20:46:56,331 - ppe_alert_consumer_0df983271a80 - INFO - [PPE Result] camera=ppe_test_cam1 | severity=none | sent_to=post_processing
2026-08-17 20:46:56,331 - ppe_alert_consumer_0df983271a80 - INFO - [PPE FRAME RECEIVED] camera=ppe_test_cam1 | severity=low | violated=['No-Shoes', 'No-Shoes']
2026-08-17 20:46:56,332 - ppe_alert_consumer_0df983271a80 - INFO - [PPE Result] camera=ppe_test_cam1 | severity=low | sent_to=post_processing
2026-08-17 20:46:57,099 - ppe_alert_consumer_0df983271a80 - INFO - [PPE FRAME RECEIVED] camera=ppe_test_cam1 | severity=none | violated=[]
2026-08-17 20:46:57,155 - ppe_alert_consumer_0df983271a80 - INFO - [PPE Result] camera=ppe_test_cam1 | severity=none | sent_to=post_processing
2026-08-17 20:46:57,157 - ppe_alert_consumer_0df983271a80 - INFO - [PPE FRAME RECEIVED] camera=ppe_test_cam1 | severity=low | violated=['No-Shoes', 'No-Shoes']
2026-08-17 20:46:57,158 - ppe_alert_consumer_0df983271a80 - INFO - [PPE Result] camera=ppe_test_cam1 | severity=low | sent_to=post_processing
2026-08-17 20:46:58,030 - ppe_alert_consumer_0df983271a80 - INFO - [PPE FRAME RECEIVED] camera=ppe_test_cam1 | severity=none | violated=[]
2026-08-17 20:46:58,031 - ppe_alert_consumer_0df983271a80 - INFO - [PPE Result] camera=ppe_test_cam1 | severity=none | sent_to=post_processing
2026-08-17 20:46:58,066 - ppe_alert_consumer_0df983271a80 - INFO - [PPE FRAME RECEIVED] camera=ppe_test_cam1 | severity=low | violated=['No-Shoes', 'No-Shoes']
2026-08-17 20:46:58,067 - ppe_alert_consumer_0df983271a80 - INFO - [PPE Result] camera=ppe_test_cam1 | severity=low | sent_to=post_processing
2026-08-17 20:46:59,078 - ppe_alert_consumer_0df983271a80 - INFO - [PPE FRAME RECEIVED] camera=ppe_test_cam1 | severity=none | violated=[]
2026-08-17 20:46:59,079 - ppe_alert_consumer_0df983271a80 - INFO - [PPE Result] camera=ppe_test_cam1 | severity=none | sent_to=post_processing
2026-08-17 20:46:59,109 - ppe_alert_consumer_0df983271a80 - INFO - [PPE FRAME RECEIVED] camera=ppe_test_cam1 | severity=low | violated=['No-Shoes', 'No-Shoes']
2026-08-17 20:46:59,110 - ppe_alert_consumer_0df983271a80 - INFO - [PPE Result] camera=ppe_test_cam1 | severity=low | sent_to=post_processing
2026-08-17 20:47:00,168 - ppe_alert_consumer_0df983271a80 - INFO - [PPE FRAME RECEIVED] camera=ppe_test_cam1 | severity=none | violated=[]
2026-08-17 20:47:00,169 - ppe_alert_consumer_0df983271a80 - INFO - [PPE Result] camera=ppe_test_cam1 | severity=none | sent_to=post_processing
2026-08-17 20:47:04,967 - ppe_alert_consumer_0df983271a80 - INFO - [PPE FRAME RECEIVED] camera=ppe_test_cam1 | severity=none | violated=[]
2026-08-17 20:47:04,968 - ppe_alert_consumer_0df983271a80 - INFO - [PPE Result] camera=ppe_test_cam1 | severity=none | sent_to=post_processing
2026-08-17 20:47:06,041 - ppe_alert_consumer_0df983271a80 - INFO - [PPE FRAME RECEIVED] camera=ppe_test_cam1 | severity=none | violated=[]
2026-08-17 20:47:06,042 - ppe_alert_consumer_0df983271a80 - INFO - [PPE Result] camera=ppe_test_cam1 | severity=none | sent_to=post_processing
2026-08-17 20:47:07,025 - ppe_alert_consumer_0df983271a80 - INFO - [PPE FRAME RECEIVED] camera=ppe_test_cam1 | severity=none | violated=[]
2026-08-17 20:47:07,026 - ppe_alert_consumer_0df983271a80 - INFO - [PPE Result] camera=ppe_test_cam1 | severity=none | sent_to=post_processing
2026-08-17 20:47:08,057 - ppe_alert_consumer_0df983271a80 - INFO - [PPE FRAME RECEIVED] camera=ppe_test_cam1 | severity=none | violated=[]
2026-08-17 20:47:08,058 - ppe_alert_consumer_0df983271a80 - INFO - [PPE Result] camera=ppe_test_cam1 | severity=none | sent_to=post_processing
2026-08-17 20:47:09,128 - ppe_alert_consumer_0df983271a80 - INFO - [PPE FRAME RECEIVED] camera=ppe_test_cam1 | severity=none | violated=[]
2026-08-17 20:47:09,129 - ppe_alert_consumer_0df983271a80 - INFO - [PPE Result] camera=ppe_test_cam1 | severity=none | sent_to=post_processing
2026-08-17 20:47:10,114 - ppe_alert_consumer_0df983271a80 - INFO - [PPE FRAME RECEIVED] camera=ppe_test_cam1 | severity=none | violated=[]
2026-08-17 20:47:10,115 - ppe_alert_consumer_0df983271a80 - INFO - [PPE Result] camera=ppe_test_cam1 | severity=none | sent_to=post_processing
2026-08-17 20:47:11,080 - ppe_alert_consumer_0df983271a80 - INFO - [PPE FRAME RECEIVED] camera=ppe_test_cam1 | severity=none | violated=[]
2026-08-17 20:47:11,082 - ppe_alert_consumer_0df983271a80 - INFO - [PPE Result] camera=ppe_test_cam1 | severity=none | sent_to=post_processing
2026-08-17 20:47:12,128 - ppe_alert_consumer_0df983271a80 - INFO - [PPE FRAME RECEIVED] camera=ppe_test_cam1 | severity=none | violated=[]
2026-08-17 20:47:12,129 - ppe_alert_consumer_0df983271a80 - INFO - [PPE Result] camera=ppe_test_cam1 | severity=none | sent_to=post_processing
2026-08-17 20:47:12,129 - ppe_alert_consumer_0df983271a80 - INFO - [PPE FRAME RECEIVED] camera=ppe_test_cam1 | severity=none | violated=[]
2026-08-17 20:47:12,130 - ppe_alert_consumer_0df983271a80 - INFO - [PPE Result] camera=ppe_test_cam1 | severity=none | sent_to=post_processing
2026-08-17 20:47:37,084 - ppe_alert_consumer_0df983271a80 - INFO - [PPE FRAME RECEIVED] camera=ppe_test_cam1 | severity=none | violated=[]
2026-08-17 20:47:37,085 - ppe_alert_consumer_0df983271a80 - INFO - [PPE Result] camera=ppe_test_cam1 | severity=none | sent_to=post_processing
2026-08-17 20:47:38,107 - ppe_alert_consumer_0df983271a80 - INFO - [PPE FRAME RECEIVED] camera=ppe_test_cam1 | severity=none | violated=[]
2026-08-17 20:47:38,107 - ppe_alert_consumer_0df983271a80 - INFO - [PPE Result] camera=ppe_test_cam1 | severity=none | sent_to=post_processing
2026-08-17 20:47:56,047 - ppe_alert_consumer_0df983271a80 - INFO - [PPE FRAME RECEIVED] camera=ppe_test_cam1 | severity=none | violated=[]
2026-08-17 20:47:56,048 - ppe_alert_consumer_0df983271a80 - INFO - [PPE Result] camera=ppe_test_cam1 | severity=none | sent_to=post_processing
2026-08-17 20:47:56,081 - ppe_alert_consumer_0df983271a80 - INFO - [PPE FRAME RECEIVED] camera=ppe_test_cam1 | severity=low | violated=['No-Shoes', 'No-Shoes']
2026-08-17 20:47:56,082 - ppe_alert_consumer_0df983271a80 - INFO - [PPE Result] camera=ppe_test_cam1 | severity=low | sent_to=post_processing
2026-08-17 20:47:57,166 - ppe_alert_consumer_0df983271a80 - INFO - [PPE FRAME RECEIVED] camera=ppe_test_cam1 | severity=none | violated=[]
2026-08-17 20:47:57,167 - ppe_alert_consumer_0df983271a80 - INFO - [PPE Result] camera=ppe_test_cam1 | severity=none | sent_to=post_processing
2026-08-17 20:47:57,195 - ppe_alert_consumer_0df983271a80 - INFO - [PPE FRAME RECEIVED] camera=ppe_test_cam1 | severity=low | violated=['No-Shoes', 'No-Shoes']
2026-08-17 20:47:57,195 - ppe_alert_consumer_0df983271a80 - INFO - [PPE Result] camera=ppe_test_cam1 | severity=low | sent_to=post_processing
2026-08-17 20:47:58,099 - ppe_alert_consumer_0df983271a80 - INFO - [PPE FRAME RECEIVED] camera=ppe_test_cam1 | severity=none | violated=[]
2026-08-17 20:47:58,100 - ppe_alert_consumer_0df983271a80 - INFO - [PPE Result] camera=ppe_test_cam1 | severity=none | sent_to=post_processing
2026-08-17 20:47:58,100 - ppe_alert_consumer_0df983271a80 - INFO - [PPE FRAME RECEIVED] camera=ppe_test_cam1 | severity=low | violated=['No-Shoes', 'No-Shoes']
2026-08-17 20:47:58,102 - ppe_alert_consumer_0df983271a80 - INFO - [PPE Result] camera=ppe_test_cam1 | severity=low | sent_to=post_processing
2026-08-17 20:47:59,135 - ppe_alert_consumer_0df983271a80 - INFO - [PPE FRAME RECEIVED] camera=ppe_test_cam1 | severity=none | violated=[]
2026-08-17 20:47:59,135 - ppe_alert_consumer_0df983271a80 - INFO - [PPE Result] camera=ppe_test_cam1 | severity=none | sent_to=post_processing
2026-08-17 20:47:59,136 - ppe_alert_consumer_0df983271a80 - INFO - [PPE FRAME RECEIVED] camera=ppe_test_cam1 | severity=low | violated=['No-Shoes', 'No-Shoes']
2026-08-17 20:47:59,139 - ppe_alert_consumer_0df983271a80 - INFO - [PPE Result] camera=ppe_test_cam1 | severity=low | sent_to=post_processing
2026-08-17 20:47:59,942 - ppe_alert_consumer_0df983271a80 - INFO - [PPE FRAME RECEIVED] camera=ppe_test_cam1 | severity=none | violated=[]
2026-08-17 20:47:59,943 - ppe_alert_consumer_0df983271a80 - INFO - [PPE Result] camera=ppe_test_cam1 | severity=none | sent_to=post_processing
2026-08-17 20:48:05,073 - ppe_alert_consumer_0df983271a80 - INFO - [PPE FRAME RECEIVED] camera=ppe_test_cam1 | severity=none | violated=[]
2026-08-17 20:48:05,075 - ppe_alert_consumer_0df983271a80 - INFO - [PPE Result] camera=ppe_test_cam1 | severity=none | sent_to=post_processing
2026-08-17 20:48:06,022 - ppe_alert_consumer_0df983271a80 - INFO - [PPE FRAME RECEIVED] camera=ppe_test_cam1 | severity=none | violated=[]
2026-08-17 20:48:06,022 - ppe_alert_consumer_0df983271a80 - INFO - [PPE Result] camera=ppe_test_cam1 | severity=none | sent_to=post_processing
2026-08-17 20:48:07,069 - ppe_alert_consumer_0df983271a80 - INFO - [PPE FRAME RECEIVED] camera=ppe_test_cam1 | severity=none | violated=[]
2026-08-17 20:48:07,069 - ppe_alert_consumer_0df983271a80 - INFO - [PPE Result] camera=ppe_test_cam1 | severity=none | sent_to=post_processing
2026-08-17 20:48:08,016 - ppe_alert_consumer_0df983271a80 - INFO - [PPE FRAME RECEIVED] camera=ppe_test_cam1 | severity=none | violated=[]
2026-08-17 20:48:08,017 - ppe_alert_consumer_0df983271a80 - INFO - [PPE Result] camera=ppe_test_cam1 | severity=none | sent_to=post_processing
2026-08-17 20:48:09,078 - ppe_alert_consumer_0df983271a80 - INFO - [PPE FRAME RECEIVED] camera=ppe_test_cam1 | severity=none | violated=[]
2026-08-17 20:48:09,079 - ppe_alert_consumer_0df983271a80 - INFO - [PPE Result] camera=ppe_test_cam1 | severity=none | sent_to=post_processing
2026-08-17 20:48:10,117 - ppe_alert_consumer_0df983271a80 - INFO - [PPE FRAME RECEIVED] camera=ppe_test_cam1 | severity=none | violated=[]
2026-08-17 20:48:10,118 - ppe_alert_consumer_0df983271a80 - INFO - [PPE Result] camera=ppe_test_cam1 | severity=none | sent_to=post_processing
2026-08-17 20:48:10,992 - ppe_alert_consumer_0df983271a80 - INFO - [PPE FRAME RECEIVED] camera=ppe_test_cam1 | severity=none | violated=[]
2026-08-17 20:48:10,993 - ppe_alert_consumer_0df983271a80 - INFO - [PPE Result] camera=ppe_test_cam1 | severity=none | sent_to=post_processing
2026-08-17 20:48:12,058 - ppe_alert_consumer_0df983271a80 - INFO - [PPE FRAME RECEIVED] camera=ppe_test_cam1 | severity=none | violated=[]
2026-08-17 20:48:12,059 - ppe_alert_consumer_0df983271a80 - INFO - [PPE Result] camera=ppe_test_cam1 | severity=none | sent_to=post_processing
2026-08-17 20:48:12,095 - ppe_alert_consumer_0df983271a80 - INFO - [PPE FRAME RECEIVED] camera=ppe_test_cam1 | severity=none | violated=[]
2026-08-17 20:48:12,096 - ppe_alert_consumer_0df983271a80 - INFO - [PPE Result] camera=ppe_test_cam1 | severity=none | sent_to=post_processing
2026-08-17 20:48:37,089 - ppe_alert_consumer_0df983271a80 - INFO - [PPE FRAME RECEIVED] camera=ppe_test_cam1 | severity=none | violated=[]
2026-08-17 20:48:37,090 - ppe_alert_consumer_0df983271a80 - INFO - [PPE Result] camera=ppe_test_cam1 | severity=none | sent_to=post_processing
2026-08-17 20:48:38,064 - ppe_alert_consumer_0df983271a80 - INFO - [PPE FRAME RECEIVED] camera=ppe_test_cam1 | severity=none | violated=[]
2026-08-17 20:48:38,065 - ppe_alert_consumer_0df983271a80 - INFO - [PPE Result] camera=ppe_test_cam1 | severity=none | sent_to=post_processing
2026-08-17 20:48:56,083 - ppe_alert_consumer_0df983271a80 - INFO - [PPE FRAME RECEIVED] camera=ppe_test_cam1 | severity=none | violated=[]
2026-08-17 20:48:56,084 - ppe_alert_consumer_0df983271a80 - INFO - [PPE Result] camera=ppe_test_cam1 | severity=none | sent_to=post_processing
2026-08-17 20:48:56,084 - ppe_alert_consumer_0df983271a80 - INFO - [PPE FRAME RECEIVED] camera=ppe_test_cam1 | severity=low | violated=['No-Shoes', 'No-Shoes']
2026-08-17 20:48:56,086 - ppe_alert_consumer_0df983271a80 - INFO - [PPE Result] camera=ppe_test_cam1 | severity=low | sent_to=post_processing
2026-08-17 20:48:57,034 - ppe_alert_consumer_0df983271a80 - INFO - [PPE FRAME RECEIVED] camera=ppe_test_cam1 | severity=none | violated=[]
2026-08-17 20:48:57,034 - ppe_alert_consumer_0df983271a80 - INFO - [PPE Result] camera=ppe_test_cam1 | severity=none | sent_to=post_processing
2026-08-17 20:48:57,068 - ppe_alert_consumer_0df983271a80 - INFO - [PPE FRAME RECEIVED] camera=ppe_test_cam1 | severity=low | violated=['No-Shoes', 'No-Shoes']
2026-08-17 20:48:57,069 - ppe_alert_consumer_0df983271a80 - INFO - [PPE Result] camera=ppe_test_cam1 | severity=low | sent_to=post_processing
2026-08-17 20:48:58,213 - ppe_alert_consumer_0df983271a80 - INFO - [PPE FRAME RECEIVED] camera=ppe_test_cam1 | severity=low | violated=['No-Shoes', 'No-Shoes']
2026-08-17 20:48:58,214 - ppe_alert_consumer_0df983271a80 - INFO - [PPE Result] camera=ppe_test_cam1 | severity=low | sent_to=post_processing
2026-08-17 20:48:58,214 - ppe_alert_consumer_0df983271a80 - INFO - [PPE FRAME RECEIVED] camera=ppe_test_cam1 | severity=none | violated=[]
2026-08-17 20:48:58,215 - ppe_alert_consumer_0df983271a80 - INFO - [PPE Result] camera=ppe_test_cam1 | severity=none | sent_to=post_processing
2026-08-17 20:48:59,142 - ppe_alert_consumer_0df983271a80 - INFO - [PPE FRAME RECEIVED] camera=ppe_test_cam1 | severity=none | violated=[]
2026-08-17 20:48:59,142 - ppe_alert_consumer_0df983271a80 - INFO - [PPE Result] camera=ppe_test_cam1 | severity=none | sent_to=post_processing
2026-08-17 20:48:59,143 - ppe_alert_consumer_0df983271a80 - INFO - [PPE FRAME RECEIVED] camera=ppe_test_cam1 | severity=low | violated=['No-Shoes', 'No-Shoes']
2026-08-17 20:48:59,144 - ppe_alert_consumer_0df983271a80 - INFO - [PPE Result] camera=ppe_test_cam1 | severity=low | sent_to=post_processing
2026-08-17 20:48:59,996 - ppe_alert_consumer_0df983271a80 - INFO - [PPE FRAME RECEIVED] camera=ppe_test_cam1 | severity=none | violated=[]
2026-08-17 20:48:59,996 - ppe_alert_consumer_0df983271a80 - INFO - [PPE Result] camera=ppe_test_cam1 | severity=none | sent_to=post_processing
2026-08-17 20:49:05,059 - ppe_alert_consumer_0df983271a80 - INFO - [PPE FRAME RECEIVED] camera=ppe_test_cam1 | severity=none | violated=[]
2026-08-17 20:49:05,060 - ppe_alert_consumer_0df983271a80 - INFO - [PPE Result] camera=ppe_test_cam1 | severity=none | sent_to=post_processing
2026-08-17 20:49:05,997 - ppe_alert_consumer_0df983271a80 - INFO - [PPE FRAME RECEIVED] camera=ppe_test_cam1 | severity=none | violated=[]
2026-08-17 20:49:05,998 - ppe_alert_consumer_0df983271a80 - INFO - [PPE Result] camera=ppe_test_cam1 | severity=none | sent_to=post_processing
2026-08-17 20:49:07,059 - ppe_alert_consumer_0df983271a80 - INFO - [PPE FRAME RECEIVED] camera=ppe_test_cam1 | severity=none | violated=[]
2026-08-17 20:49:07,060 - ppe_alert_consumer_0df983271a80 - INFO - [PPE Result] camera=ppe_test_cam1 | severity=none | sent_to=post_processing
2026-08-17 20:49:08,060 - ppe_alert_consumer_0df983271a80 - INFO - [PPE FRAME RECEIVED] camera=ppe_test_cam1 | severity=none | violated=[]
2026-08-17 20:49:08,061 - ppe_alert_consumer_0df983271a80 - INFO - [PPE Result] camera=ppe_test_cam1 | severity=none | sent_to=post_processing
2026-08-17 20:49:09,062 - ppe_alert_consumer_0df983271a80 - INFO - [PPE FRAME RECEIVED] camera=ppe_test_cam1 | severity=none | violated=[]
2026-08-17 20:49:09,063 - ppe_alert_consumer_0df983271a80 - INFO - [PPE Result] camera=ppe_test_cam1 | severity=none | sent_to=post_processing
2026-08-17 20:49:10,111 - ppe_alert_consumer_0df983271a80 - INFO - [PPE FRAME RECEIVED] camera=ppe_test_cam1 | severity=none | violated=[]
2026-08-17 20:49:10,112 - ppe_alert_consumer_0df983271a80 - INFO - [PPE Result] camera=ppe_test_cam1 | severity=none | sent_to=post_processing
2026-08-17 20:49:11,020 - ppe_alert_consumer_0df983271a80 - INFO - [PPE FRAME RECEIVED] camera=ppe_test_cam1 | severity=none | violated=[]
2026-08-17 20:49:11,021 - ppe_alert_consumer_0df983271a80 - INFO - [PPE Result] camera=ppe_test_cam1 | severity=none | sent_to=post_processing
2026-08-17 20:49:12,120 - ppe_alert_consumer_0df983271a80 - INFO - [PPE FRAME RECEIVED] camera=ppe_test_cam1 | severity=none | violated=[]
2026-08-17 20:49:12,121 - ppe_alert_consumer_0df983271a80 - INFO - [PPE Result] camera=ppe_test_cam1 | severity=none | sent_to=post_processing
2026-08-17 20:49:12,121 - ppe_alert_consumer_0df983271a80 - INFO - [PPE FRAME RECEIVED] camera=ppe_test_cam1 | severity=none | violated=[]
2026-08-17 20:49:12,124 - ppe_alert_consumer_0df983271a80 - INFO - [PPE Result] camera=ppe_test_cam1 | severity=none | sent_to=post_processing
2026-08-17 20:49:37,040 - ppe_alert_consumer_0df983271a80 - INFO - [PPE FRAME RECEIVED] camera=ppe_test_cam1 | severity=none | violated=[]
2026-08-17 20:49:37,042 - ppe_alert_consumer_0df983271a80 - INFO - [PPE Result] camera=ppe_test_cam1 | severity=none | sent_to=post_processing
2026-08-17 20:49:38,063 - ppe_alert_consumer_0df983271a80 - INFO - [PPE FRAME RECEIVED] camera=ppe_test_cam1 | severity=none | violated=[]
2026-08-17 20:49:38,065 - ppe_alert_consumer_0df983271a80 - INFO - [PPE Result] camera=ppe_test_cam1 | severity=none | sent_to=post_processing
2026-08-17 20:49:56,129 - ppe_alert_consumer_0df983271a80 - INFO - [PPE FRAME RECEIVED] camera=ppe_test_cam1 | severity=none | violated=[]
2026-08-17 20:49:56,130 - ppe_alert_consumer_0df983271a80 - INFO - [PPE Result] camera=ppe_test_cam1 | severity=none | sent_to=post_processing
2026-08-17 20:49:56,131 - ppe_alert_consumer_0df983271a80 - INFO - [PPE FRAME RECEIVED] camera=ppe_test_cam1 | severity=low | violated=['No-Shoes', 'No-Shoes']
2026-08-17 20:49:56,132 - ppe_alert_consumer_0df983271a80 - INFO - [PPE Result] camera=ppe_test_cam1 | severity=low | sent_to=post_processing
2026-08-17 20:49:57,206 - ppe_alert_consumer_0df983271a80 - INFO - [PPE FRAME RECEIVED] camera=ppe_test_cam1 | severity=none | violated=[]
2026-08-17 20:49:57,208 - ppe_alert_consumer_0df983271a80 - INFO - [PPE Result] camera=ppe_test_cam1 | severity=none | sent_to=post_processing
2026-08-17 20:49:57,236 - ppe_alert_consumer_0df983271a80 - INFO - [PPE FRAME RECEIVED] camera=ppe_test_cam1 | severity=low | violated=['No-Shoes', 'No-Shoes']
2026-08-17 20:49:57,237 - ppe_alert_consumer_0df983271a80 - INFO - [PPE Result] camera=ppe_test_cam1 | severity=low | sent_to=post_processing
2026-08-17 20:49:58,254 - ppe_alert_consumer_0df983271a80 - INFO - [PPE FRAME RECEIVED] camera=ppe_test_cam1 | severity=none | violated=[]
2026-08-17 20:49:58,255 - ppe_alert_consumer_0df983271a80 - INFO - [PPE Result] camera=ppe_test_cam1 | severity=none | sent_to=post_processing
2026-08-17 20:49:58,255 - ppe_alert_consumer_0df983271a80 - INFO - [PPE FRAME RECEIVED] camera=ppe_test_cam1 | severity=low | violated=['No-Shoes', 'No-Shoes']
2026-08-17 20:49:58,257 - ppe_alert_consumer_0df983271a80 - INFO - [PPE Result] camera=ppe_test_cam1 | severity=low | sent_to=post_processing
2026-08-17 20:49:59,260 - ppe_alert_consumer_0df983271a80 - INFO - [PPE FRAME RECEIVED] camera=ppe_test_cam1 | severity=none | violated=[]
2026-08-17 20:49:59,261 - ppe_alert_consumer_0df983271a80 - INFO - [PPE Result] camera=ppe_test_cam1 | severity=none | sent_to=post_processing
2026-08-17 20:49:59,305 - ppe_alert_consumer_0df983271a80 - INFO - [PPE FRAME RECEIVED] camera=ppe_test_cam1 | severity=low | violated=['No-Shoes', 'No-Shoes']
2026-08-17 20:49:59,306 - ppe_alert_consumer_0df983271a80 - INFO - [PPE Result] camera=ppe_test_cam1 | severity=low | sent_to=post_processing
2026-08-17 20:50:00,163 - ppe_alert_consumer_0df983271a80 - INFO - [PPE FRAME RECEIVED] camera=ppe_test_cam1 | severity=none | violated=[]
2026-08-17 20:50:00,163 - ppe_alert_consumer_0df983271a80 - INFO - [PPE Result] camera=ppe_test_cam1 | severity=none | sent_to=post_processing
2026-08-17 20:50:05,098 - ppe_alert_consumer_0df983271a80 - INFO - [PPE FRAME RECEIVED] camera=ppe_test_cam1 | severity=none | violated=[]
2026-08-17 20:50:05,099 - ppe_alert_consumer_0df983271a80 - INFO - [PPE Result] camera=ppe_test_cam1 | severity=none | sent_to=post_processing
2026-08-17 20:50:05,980 - ppe_alert_consumer_0df983271a80 - INFO - [PPE FRAME RECEIVED] camera=ppe_test_cam1 | severity=none | violated=[]
2026-08-17 20:50:05,981 - ppe_alert_consumer_0df983271a80 - INFO - [PPE Result] camera=ppe_test_cam1 | severity=none | sent_to=post_processing
2026-08-17 20:50:07,058 - ppe_alert_consumer_0df983271a80 - INFO - [PPE FRAME RECEIVED] camera=ppe_test_cam1 | severity=none | violated=[]
2026-08-17 20:50:07,059 - ppe_alert_consumer_0df983271a80 - INFO - [PPE Result] camera=ppe_test_cam1 | severity=none | sent_to=post_processing
2026-08-17 20:50:08,052 - ppe_alert_consumer_0df983271a80 - INFO - [PPE FRAME RECEIVED] camera=ppe_test_cam1 | severity=none | violated=[]
2026-08-17 20:50:08,053 - ppe_alert_consumer_0df983271a80 - INFO - [PPE Result] camera=ppe_test_cam1 | severity=none | sent_to=post_processing
2026-08-17 20:50:09,047 - ppe_alert_consumer_0df983271a80 - INFO - [PPE FRAME RECEIVED] camera=ppe_test_cam1 | severity=none | violated=[]
2026-08-17 20:50:09,049 - ppe_alert_consumer_0df983271a80 - INFO - [PPE Result] camera=ppe_test_cam1 | severity=none | sent_to=post_processing
2026-08-17 20:50:10,088 - ppe_alert_consumer_0df983271a80 - INFO - [PPE FRAME RECEIVED] camera=ppe_test_cam1 | severity=none | violated=[]
2026-08-17 20:50:10,090 - ppe_alert_consumer_0df983271a80 - INFO - [PPE Result] camera=ppe_test_cam1 | severity=none | sent_to=post_processing
2026-08-17 20:50:11,100 - ppe_alert_consumer_0df983271a80 - INFO - [PPE FRAME RECEIVED] camera=ppe_test_cam1 | severity=none | violated=[]
2026-08-17 20:50:11,101 - ppe_alert_consumer_0df983271a80 - INFO - [PPE Result] camera=ppe_test_cam1 | severity=none | sent_to=post_processing
2026-08-17 20:50:12,085 - ppe_alert_consumer_0df983271a80 - INFO - [PPE FRAME RECEIVED] camera=ppe_test_cam1 | severity=none | violated=[]
2026-08-17 20:50:12,086 - ppe_alert_consumer_0df983271a80 - INFO - [PPE Result] camera=ppe_test_cam1 | severity=none | sent_to=post_processing
2026-08-17 20:50:12,116 - ppe_alert_consumer_0df983271a80 - INFO - [PPE FRAME RECEIVED] camera=ppe_test_cam1 | severity=none | violated=[]
2026-08-17 20:50:12,116 - ppe_alert_consumer_0df983271a80 - INFO - [PPE Result] camera=ppe_test_cam1 | severity=none | sent_to=post_processing
2026-08-17 20:50:37,100 - ppe_alert_consumer_0df983271a80 - INFO - [PPE FRAME RECEIVED] camera=ppe_test_cam1 | severity=none | violated=[]
2026-08-17 20:50:37,100 - ppe_alert_consumer_0df983271a80 - INFO - [PPE Result] camera=ppe_test_cam1 | severity=none | sent_to=post_processing
2026-08-17 20:50:37,945 - ppe_alert_consumer_0df983271a80 - INFO - [PPE FRAME RECEIVED] camera=ppe_test_cam1 | severity=none | violated=[]
2026-08-17 20:50:37,946 - ppe_alert_consumer_0df983271a80 - INFO - [PPE Result] camera=ppe_test_cam1 | severity=none | sent_to=post_processing
2026-08-17 20:50:56,109 - ppe_alert_consumer_0df983271a80 - INFO - [PPE FRAME RECEIVED] camera=ppe_test_cam1 | severity=none | violated=[]
2026-08-17 20:50:56,110 - ppe_alert_consumer_0df983271a80 - INFO - [PPE Result] camera=ppe_test_cam1 | severity=none | sent_to=post_processing
2026-08-17 20:50:56,135 - ppe_alert_consumer_0df983271a80 - INFO - [PPE FRAME RECEIVED] camera=ppe_test_cam1 | severity=low | violated=['No-Shoes', 'No-Shoes']
2026-08-17 20:50:56,136 - ppe_alert_consumer_0df983271a80 - INFO - [PPE Result] camera=ppe_test_cam1 | severity=low | sent_to=post_processing
2026-08-17 20:50:57,338 - ppe_alert_consumer_0df983271a80 - INFO - [PPE FRAME RECEIVED] camera=ppe_test_cam1 | severity=low | violated=['No-Shoes', 'No-Shoes']
2026-08-17 20:50:57,339 - ppe_alert_consumer_0df983271a80 - INFO - [PPE Result] camera=ppe_test_cam1 | severity=low | sent_to=post_processing
2026-08-17 20:50:57,339 - ppe_alert_consumer_0df983271a80 - INFO - [PPE FRAME RECEIVED] camera=ppe_test_cam1 | severity=none | violated=[]
2026-08-17 20:50:57,340 - ppe_alert_consumer_0df983271a80 - INFO - [PPE Result] camera=ppe_test_cam1 | severity=none | sent_to=post_processing
2026-08-17 20:50:58,276 - ppe_alert_consumer_0df983271a80 - INFO - [PPE FRAME RECEIVED] camera=ppe_test_cam1 | severity=none | violated=[]
2026-08-17 20:50:58,277 - ppe_alert_consumer_0df983271a80 - INFO - [PPE Result] camera=ppe_test_cam1 | severity=none | sent_to=post_processing
2026-08-17 20:50:58,311 - ppe_alert_consumer_0df983271a80 - INFO - [PPE FRAME RECEIVED] camera=ppe_test_cam1 | severity=low | violated=['No-Shoes', 'No-Shoes']
2026-08-17 20:50:58,311 - ppe_alert_consumer_0df983271a80 - INFO - [PPE Result] camera=ppe_test_cam1 | severity=low | sent_to=post_processing
2026-08-17 20:50:59,119 - ppe_alert_consumer_0df983271a80 - INFO - [PPE FRAME RECEIVED] camera=ppe_test_cam1 | severity=low | violated=['No-Shoes', 'No-Shoes']
2026-08-17 20:50:59,120 - ppe_alert_consumer_0df983271a80 - INFO - [PPE Result] camera=ppe_test_cam1 | severity=low | sent_to=post_processing
2026-08-17 20:50:59,121 - ppe_alert_consumer_0df983271a80 - INFO - [PPE FRAME RECEIVED] camera=ppe_test_cam1 | severity=none | violated=[]
2026-08-17 20:50:59,122 - ppe_alert_consumer_0df983271a80 - INFO - [PPE Result] camera=ppe_test_cam1 | severity=none | sent_to=post_processing
2026-08-17 20:51:00,300 - ppe_alert_consumer_0df983271a80 - INFO - [PPE FRAME RECEIVED] camera=ppe_test_cam1 | severity=none | violated=[]
2026-08-17 20:51:00,302 - ppe_alert_consumer_0df983271a80 - INFO - [PPE Result] camera=ppe_test_cam1 | severity=none | sent_to=post_processing
2026-08-17 20:51:05,143 - ppe_alert_consumer_0df983271a80 - INFO - [PPE FRAME RECEIVED] camera=ppe_test_cam1 | severity=none | violated=[]
2026-08-17 20:51:05,145 - ppe_alert_consumer_0df983271a80 - INFO - [PPE Result] camera=ppe_test_cam1 | severity=none | sent_to=post_processing
2026-08-17 20:51:06,079 - ppe_alert_consumer_0df983271a80 - INFO - [PPE FRAME RECEIVED] camera=ppe_test_cam1 | severity=none | violated=[]
2026-08-17 20:51:06,079 - ppe_alert_consumer_0df983271a80 - INFO - [PPE Result] camera=ppe_test_cam1 | severity=none | sent_to=post_processing
2026-08-17 20:51:07,032 - ppe_alert_consumer_0df983271a80 - INFO - [PPE FRAME RECEIVED] camera=ppe_test_cam1 | severity=none | violated=[]
2026-08-17 20:51:07,032 - ppe_alert_consumer_0df983271a80 - INFO - [PPE Result] camera=ppe_test_cam1 | severity=none | sent_to=post_processing
2026-08-17 20:51:08,048 - ppe_alert_consumer_0df983271a80 - INFO - [PPE FRAME RECEIVED] camera=ppe_test_cam1 | severity=none | violated=[]
2026-08-17 20:51:08,052 - ppe_alert_consumer_0df983271a80 - INFO - [PPE Result] camera=ppe_test_cam1 | severity=none | sent_to=post_processing
2026-08-17 20:51:09,089 - ppe_alert_consumer_0df983271a80 - INFO - [PPE FRAME RECEIVED] camera=ppe_test_cam1 | severity=none | violated=[]
2026-08-17 20:51:09,090 - ppe_alert_consumer_0df983271a80 - INFO - [PPE Result] camera=ppe_test_cam1 | severity=none | sent_to=post_processing
2026-08-17 20:51:09,958 - ppe_alert_consumer_0df983271a80 - INFO - [PPE FRAME RECEIVED] camera=ppe_test_cam1 | severity=none | violated=[]
2026-08-17 20:51:09,959 - ppe_alert_consumer_0df983271a80 - INFO - [PPE Result] camera=ppe_test_cam1 | severity=none | sent_to=post_processing
2026-08-17 20:51:11,055 - ppe_alert_consumer_0df983271a80 - INFO - [PPE FRAME RECEIVED] camera=ppe_test_cam1 | severity=none | violated=[]
2026-08-17 20:51:11,056 - ppe_alert_consumer_0df983271a80 - INFO - [PPE Result] camera=ppe_test_cam1 | severity=none | sent_to=post_processing
2026-08-17 20:51:12,102 - ppe_alert_consumer_0df983271a80 - INFO - [PPE FRAME RECEIVED] camera=ppe_test_cam1 | severity=none | violated=[]
2026-08-17 20:51:12,104 - ppe_alert_consumer_0df983271a80 - INFO - [PPE Result] camera=ppe_test_cam1 | severity=none | sent_to=post_processing
2026-08-17 20:51:12,105 - ppe_alert_consumer_0df983271a80 - INFO - [PPE FRAME RECEIVED] camera=ppe_test_cam1 | severity=none | violated=[]
2026-08-17 20:51:12,107 - ppe_alert_consumer_0df983271a80 - INFO - [PPE Result] camera=ppe_test_cam1 | severity=none | sent_to=post_processing
2026-08-17 20:51:36,972 - ppe_alert_consumer_0df983271a80 - INFO - [PPE FRAME RECEIVED] camera=ppe_test_cam1 | severity=none | violated=[]
2026-08-17 20:51:36,973 - ppe_alert_consumer_0df983271a80 - INFO - [PPE Result] camera=ppe_test_cam1 | severity=none | sent_to=post_processing
2026-08-17 20:51:38,084 - ppe_alert_consumer_0df983271a80 - INFO - [PPE FRAME RECEIVED] camera=ppe_test_cam1 | severity=none | violated=[]
2026-08-17 20:51:38,085 - ppe_alert_consumer_0df983271a80 - INFO - [PPE Result] camera=ppe_test_cam1 | severity=none | sent_to=post_processing
2026-08-17 20:51:56,124 - ppe_alert_consumer_0df983271a80 - INFO - [PPE FRAME RECEIVED] camera=ppe_test_cam1 | severity=none | violated=[]
2026-08-17 20:51:56,124 - ppe_alert_consumer_0df983271a80 - INFO - [PPE Result] camera=ppe_test_cam1 | severity=none | sent_to=post_processing
2026-08-17 20:51:56,182 - ppe_alert_consumer_0df983271a80 - INFO - [PPE FRAME RECEIVED] camera=ppe_test_cam1 | severity=low | violated=['No-Shoes', 'No-Shoes']
2026-08-17 20:51:56,183 - ppe_alert_consumer_0df983271a80 - INFO - [PPE Result] camera=ppe_test_cam1 | severity=low | sent_to=post_processing
2026-08-17 20:51:57,121 - ppe_alert_consumer_0df983271a80 - INFO - [PPE FRAME RECEIVED] camera=ppe_test_cam1 | severity=none | violated=[]
2026-08-17 20:51:57,122 - ppe_alert_consumer_0df983271a80 - INFO - [PPE Result] camera=ppe_test_cam1 | severity=none | sent_to=post_processing
2026-08-17 20:51:57,122 - ppe_alert_consumer_0df983271a80 - INFO - [PPE FRAME RECEIVED] camera=ppe_test_cam1 | severity=low | violated=['No-Shoes', 'No-Shoes']
2026-08-17 20:51:57,123 - ppe_alert_consumer_0df983271a80 - INFO - [PPE Result] camera=ppe_test_cam1 | severity=low | sent_to=post_processing
2026-08-17 20:51:58,036 - ppe_alert_consumer_0df983271a80 - INFO - [PPE FRAME RECEIVED] camera=ppe_test_cam1 | severity=none | violated=[]
2026-08-17 20:51:58,037 - ppe_alert_consumer_0df983271a80 - INFO - [PPE Result] camera=ppe_test_cam1 | severity=none | sent_to=post_processing
2026-08-17 20:51:58,068 - ppe_alert_consumer_0df983271a80 - INFO - [PPE FRAME RECEIVED] camera=ppe_test_cam1 | severity=low | violated=['No-Shoes', 'No-Shoes']
2026-08-17 20:51:58,069 - ppe_alert_consumer_0df983271a80 - INFO - [PPE Result] camera=ppe_test_cam1 | severity=low | sent_to=post_processing
2026-08-17 20:51:59,113 - ppe_alert_consumer_0df983271a80 - INFO - [PPE FRAME RECEIVED] camera=ppe_test_cam1 | severity=low | violated=['No-Shoes', 'No-Shoes']
2026-08-17 20:51:59,114 - ppe_alert_consumer_0df983271a80 - INFO - [PPE Result] camera=ppe_test_cam1 | severity=low | sent_to=post_processing
2026-08-17 20:51:59,115 - ppe_alert_consumer_0df983271a80 - INFO - [PPE FRAME RECEIVED] camera=ppe_test_cam1 | severity=none | violated=[]
2026-08-17 20:51:59,117 - ppe_alert_consumer_0df983271a80 - INFO - [PPE Result] camera=ppe_test_cam1 | severity=none | sent_to=post_processing
2026-08-17 20:52:00,041 - ppe_alert_consumer_0df983271a80 - INFO - [PPE FRAME RECEIVED] camera=ppe_test_cam1 | severity=none | violated=[]
2026-08-17 20:52:00,042 - ppe_alert_consumer_0df983271a80 - INFO - [PPE Result] camera=ppe_test_cam1 | severity=none | sent_to=post_processing
2026-08-17 20:52:05,114 - ppe_alert_consumer_0df983271a80 - INFO - [PPE FRAME RECEIVED] camera=ppe_test_cam1 | severity=none | violated=[]
2026-08-17 20:52:05,115 - ppe_alert_consumer_0df983271a80 - INFO - [PPE Result] camera=ppe_test_cam1 | severity=none | sent_to=post_processing
2026-08-17 20:52:06,090 - ppe_alert_consumer_0df983271a80 - INFO - [PPE FRAME RECEIVED] camera=ppe_test_cam1 | severity=none | violated=[]
2026-08-17 20:52:06,091 - ppe_alert_consumer_0df983271a80 - INFO - [PPE Result] camera=ppe_test_cam1 | severity=none | sent_to=post_processing
2026-08-17 20:52:07,058 - ppe_alert_consumer_0df983271a80 - INFO - [PPE FRAME RECEIVED] camera=ppe_test_cam1 | severity=none | violated=[]
2026-08-17 20:52:07,059 - ppe_alert_consumer_0df983271a80 - INFO - [PPE Result] camera=ppe_test_cam1 | severity=none | sent_to=post_processing
2026-08-17 20:52:08,087 - ppe_alert_consumer_0df983271a80 - INFO - [PPE FRAME RECEIVED] camera=ppe_test_cam1 | severity=none | violated=[]
2026-08-17 20:52:08,088 - ppe_alert_consumer_0df983271a80 - INFO - [PPE Result] camera=ppe_test_cam1 | severity=none | sent_to=post_processing
2026-08-17 20:52:09,060 - ppe_alert_consumer_0df983271a80 - INFO - [PPE FRAME RECEIVED] camera=ppe_test_cam1 | severity=none | violated=[]
2026-08-17 20:52:09,061 - ppe_alert_consumer_0df983271a80 - INFO - [PPE Result] camera=ppe_test_cam1 | severity=none | sent_to=post_processing
2026-08-17 20:52:10,100 - ppe_alert_consumer_0df983271a80 - INFO - [PPE FRAME RECEIVED] camera=ppe_test_cam1 | severity=none | violated=[]
2026-08-17 20:52:10,101 - ppe_alert_consumer_0df983271a80 - INFO - [PPE Result] camera=ppe_test_cam1 | severity=none | sent_to=post_processing
2026-08-17 20:52:10,979 - ppe_alert_consumer_0df983271a80 - INFO - [PPE FRAME RECEIVED] camera=ppe_test_cam1 | severity=none | violated=[]
2026-08-17 20:52:10,980 - ppe_alert_consumer_0df983271a80 - INFO - [PPE Result] camera=ppe_test_cam1 | severity=none | sent_to=post_processing
2026-08-17 20:52:12,074 - ppe_alert_consumer_0df983271a80 - INFO - [PPE FRAME RECEIVED] camera=ppe_test_cam1 | severity=none | violated=[]
2026-08-17 20:52:12,075 - ppe_alert_consumer_0df983271a80 - INFO - [PPE Result] camera=ppe_test_cam1 | severity=none | sent_to=post_processing
2026-08-17 20:52:12,108 - ppe_alert_consumer_0df983271a80 - INFO - [PPE FRAME RECEIVED] camera=ppe_test_cam1 | severity=none | violated=[]
2026-08-17 20:52:12,109 - ppe_alert_consumer_0df983271a80 - INFO - [PPE Result] camera=ppe_test_cam1 | severity=none | sent_to=post_processing
2026-08-17 20:52:37,051 - ppe_alert_consumer_0df983271a80 - INFO - [PPE FRAME RECEIVED] camera=ppe_test_cam1 | severity=none | violated=[]
2026-08-17 20:52:37,052 - ppe_alert_consumer_0df983271a80 - INFO - [PPE Result] camera=ppe_test_cam1 | severity=none | sent_to=post_processing
2026-08-17 20:52:38,079 - ppe_alert_consumer_0df983271a80 - INFO - [PPE FRAME RECEIVED] camera=ppe_test_cam1 | severity=none | violated=[]
2026-08-17 20:52:38,080 - ppe_alert_consumer_0df983271a80 - INFO - [PPE Result] camera=ppe_test_cam1 | severity=none | sent_to=post_processing
2026-08-17 20:52:56,031 - ppe_alert_consumer_0df983271a80 - INFO - [PPE FRAME RECEIVED] camera=ppe_test_cam1 | severity=none | violated=[]
2026-08-17 20:52:56,032 - ppe_alert_consumer_0df983271a80 - INFO - [PPE Result] camera=ppe_test_cam1 | severity=none | sent_to=post_processing
2026-08-17 20:52:56,065 - ppe_alert_consumer_0df983271a80 - INFO - [PPE FRAME RECEIVED] camera=ppe_test_cam1 | severity=low | violated=['No-Shoes', 'No-Shoes']
2026-08-17 20:52:56,066 - ppe_alert_consumer_0df983271a80 - INFO - [PPE Result] camera=ppe_test_cam1 | severity=low | sent_to=post_processing
2026-08-17 20:52:57,323 - ppe_alert_consumer_0df983271a80 - INFO - [PPE FRAME RECEIVED] camera=ppe_test_cam1 | severity=none | violated=[]
2026-08-17 20:52:57,324 - ppe_alert_consumer_0df983271a80 - INFO - [PPE Result] camera=ppe_test_cam1 | severity=none | sent_to=post_processing
2026-08-17 20:52:57,324 - ppe_alert_consumer_0df983271a80 - INFO - [PPE FRAME RECEIVED] camera=ppe_test_cam1 | severity=low | violated=['No-Shoes', 'No-Shoes']
2026-08-17 20:52:57,327 - ppe_alert_consumer_0df983271a80 - INFO - [PPE Result] camera=ppe_test_cam1 | severity=low | sent_to=post_processing
2026-08-17 20:52:58,502 - ppe_alert_consumer_0df983271a80 - INFO - [PPE FRAME RECEIVED] camera=ppe_test_cam1 | severity=none | violated=[]
2026-08-17 20:52:58,509 - ppe_alert_consumer_0df983271a80 - INFO - [PPE Result] camera=ppe_test_cam1 | severity=none | sent_to=post_processing
2026-08-17 20:52:58,522 - ppe_alert_consumer_0df983271a80 - INFO - [PPE FRAME RECEIVED] camera=ppe_test_cam1 | severity=low | violated=['No-Shoes', 'No-Shoes']
2026-08-17 20:52:58,524 - ppe_alert_consumer_0df983271a80 - INFO - [PPE Result] camera=ppe_test_cam1 | severity=low | sent_to=post_processing
2026-08-17 20:52:59,219 - ppe_alert_consumer_0df983271a80 - INFO - [PPE FRAME RECEIVED] camera=ppe_test_cam1 | severity=none | violated=[]
2026-08-17 20:52:59,219 - ppe_alert_consumer_0df983271a80 - INFO - [PPE Result] camera=ppe_test_cam1 | severity=none | sent_to=post_processing
2026-08-17 20:52:59,256 - ppe_alert_consumer_0df983271a80 - INFO - [PPE FRAME RECEIVED] camera=ppe_test_cam1 | severity=low | violated=['No-Shoes', 'No-Shoes']
2026-08-17 20:52:59,258 - ppe_alert_consumer_0df983271a80 - INFO - [PPE Result] camera=ppe_test_cam1 | severity=low | sent_to=post_processing
2026-08-17 20:53:00,074 - ppe_alert_consumer_0df983271a80 - INFO - [PPE FRAME RECEIVED] camera=ppe_test_cam1 | severity=none | violated=[]
2026-08-17 20:53:00,075 - ppe_alert_consumer_0df983271a80 - INFO - [PPE Result] camera=ppe_test_cam1 | severity=none | sent_to=post_processing
2026-08-17 20:53:05,080 - ppe_alert_consumer_0df983271a80 - INFO - [PPE FRAME RECEIVED] camera=ppe_test_cam1 | severity=none | violated=[]
2026-08-17 20:53:05,081 - ppe_alert_consumer_0df983271a80 - INFO - [PPE Result] camera=ppe_test_cam1 | severity=none | sent_to=post_processing
2026-08-17 20:53:06,062 - ppe_alert_consumer_0df983271a80 - INFO - [PPE FRAME RECEIVED] camera=ppe_test_cam1 | severity=none | violated=[]
2026-08-17 20:53:06,062 - ppe_alert_consumer_0df983271a80 - INFO - [PPE Result] camera=ppe_test_cam1 | severity=none | sent_to=post_processing
2026-08-17 20:53:07,025 - ppe_alert_consumer_0df983271a80 - INFO - [PPE FRAME RECEIVED] camera=ppe_test_cam1 | severity=none | violated=[]
2026-08-17 20:53:07,027 - ppe_alert_consumer_0df983271a80 - INFO - [PPE Result] camera=ppe_test_cam1 | severity=none | sent_to=post_processing
2026-08-17 20:53:08,059 - ppe_alert_consumer_0df983271a80 - INFO - [PPE FRAME RECEIVED] camera=ppe_test_cam1 | severity=none | violated=[]
2026-08-17 20:53:08,059 - ppe_alert_consumer_0df983271a80 - INFO - [PPE Result] camera=ppe_test_cam1 | severity=none | sent_to=post_processing
2026-08-17 20:53:09,087 - ppe_alert_consumer_0df983271a80 - INFO - [PPE FRAME RECEIVED] camera=ppe_test_cam1 | severity=none | violated=[]
2026-08-17 20:53:09,088 - ppe_alert_consumer_0df983271a80 - INFO - [PPE Result] camera=ppe_test_cam1 | severity=none | sent_to=post_processing
2026-08-17 20:53:09,977 - ppe_alert_consumer_0df983271a80 - INFO - [PPE FRAME RECEIVED] camera=ppe_test_cam1 | severity=none | violated=[]
2026-08-17 20:53:09,979 - ppe_alert_consumer_0df983271a80 - INFO - [PPE Result] camera=ppe_test_cam1 | severity=none | sent_to=post_processing
2026-08-17 20:53:11,066 - ppe_alert_consumer_0df983271a80 - INFO - [PPE FRAME RECEIVED] camera=ppe_test_cam1 | severity=none | violated=[]
2026-08-17 20:53:11,067 - ppe_alert_consumer_0df983271a80 - INFO - [PPE Result] camera=ppe_test_cam1 | severity=none | sent_to=post_processing
2026-08-17 20:53:12,104 - ppe_alert_consumer_0df983271a80 - INFO - [PPE FRAME RECEIVED] camera=ppe_test_cam1 | severity=none | violated=[]
2026-08-17 20:53:12,105 - ppe_alert_consumer_0df983271a80 - INFO - [PPE Result] camera=ppe_test_cam1 | severity=none | sent_to=post_processing
2026-08-17 20:53:12,106 - ppe_alert_consumer_0df983271a80 - INFO - [PPE FRAME RECEIVED] camera=ppe_test_cam1 | severity=none | violated=[]
2026-08-17 20:53:12,108 - ppe_alert_consumer_0df983271a80 - INFO - [PPE Result] camera=ppe_test_cam1 | severity=none | sent_to=post_processing
2026-08-17 20:53:36,965 - ppe_alert_consumer_0df983271a80 - INFO - [PPE FRAME RECEIVED] camera=ppe_test_cam1 | severity=none | violated=[]
2026-08-17 20:53:36,965 - ppe_alert_consumer_0df983271a80 - INFO - [PPE Result] camera=ppe_test_cam1 | severity=none | sent_to=post_processing
2026-08-17 20:53:37,968 - ppe_alert_consumer_0df983271a80 - INFO - [PPE FRAME RECEIVED] camera=ppe_test_cam1 | severity=none | violated=[]
2026-08-17 20:53:37,970 - ppe_alert_consumer_0df983271a80 - INFO - [PPE Result] camera=ppe_test_cam1 | severity=none | sent_to=post_processing
2026-08-17 20:53:56,141 - ppe_alert_consumer_0df983271a80 - INFO - [PPE FRAME RECEIVED] camera=ppe_test_cam1 | severity=none | violated=[]
2026-08-17 20:53:56,142 - ppe_alert_consumer_0df983271a80 - INFO - [PPE Result] camera=ppe_test_cam1 | severity=none | sent_to=post_processing
2026-08-17 20:53:56,174 - ppe_alert_consumer_0df983271a80 - INFO - [PPE FRAME RECEIVED] camera=ppe_test_cam1 | severity=low | violated=['No-Shoes', 'No-Shoes']
2026-08-17 20:53:56,175 - ppe_alert_consumer_0df983271a80 - INFO - [PPE Result] camera=ppe_test_cam1 | severity=low | sent_to=post_processing
2026-08-17 20:53:57,043 - ppe_alert_consumer_0df983271a80 - INFO - [PPE FRAME RECEIVED] camera=ppe_test_cam1 | severity=none | violated=[]
2026-08-17 20:53:57,044 - ppe_alert_consumer_0df983271a80 - INFO - [PPE Result] camera=ppe_test_cam1 | severity=none | sent_to=post_processing
2026-08-17 20:53:57,044 - ppe_alert_consumer_0df983271a80 - INFO - [PPE FRAME RECEIVED] camera=ppe_test_cam1 | severity=low | violated=['No-Shoes', 'No-Shoes']
2026-08-17 20:53:57,047 - ppe_alert_consumer_0df983271a80 - INFO - [PPE Result] camera=ppe_test_cam1 | severity=low | sent_to=post_processing
2026-08-17 20:53:58,227 - ppe_alert_consumer_0df983271a80 - INFO - [PPE FRAME RECEIVED] camera=ppe_test_cam1 | severity=low | violated=['No-Shoes', 'No-Shoes']
2026-08-17 20:53:58,228 - ppe_alert_consumer_0df983271a80 - INFO - [PPE Result] camera=ppe_test_cam1 | severity=low | sent_to=post_processing
2026-08-17 20:53:58,228 - ppe_alert_consumer_0df983271a80 - INFO - [PPE FRAME RECEIVED] camera=ppe_test_cam1 | severity=none | violated=[]
2026-08-17 20:53:58,230 - ppe_alert_consumer_0df983271a80 - INFO - [PPE Result] camera=ppe_test_cam1 | severity=none | sent_to=post_processing
2026-08-17 20:53:59,165 - ppe_alert_consumer_0df983271a80 - INFO - [PPE FRAME RECEIVED] camera=ppe_test_cam1 | severity=none | violated=[]
2026-08-17 20:53:59,166 - ppe_alert_consumer_0df983271a80 - INFO - [PPE Result] camera=ppe_test_cam1 | severity=none | sent_to=post_processing
2026-08-17 20:53:59,166 - ppe_alert_consumer_0df983271a80 - INFO - [PPE FRAME RECEIVED] camera=ppe_test_cam1 | severity=low | violated=['No-Shoes', 'No-Shoes']
2026-08-17 20:53:59,168 - ppe_alert_consumer_0df983271a80 - INFO - [PPE Result] camera=ppe_test_cam1 | severity=low | sent_to=post_processing
2026-08-17 20:54:00,208 - ppe_alert_consumer_0df983271a80 - INFO - [PPE FRAME RECEIVED] camera=ppe_test_cam1 | severity=none | violated=[]
2026-08-17 20:54:00,209 - ppe_alert_consumer_0df983271a80 - INFO - [PPE Result] camera=ppe_test_cam1 | severity=none | sent_to=post_processing
2026-08-17 20:54:04,949 - ppe_alert_consumer_0df983271a80 - INFO - [PPE FRAME RECEIVED] camera=ppe_test_cam1 | severity=none | violated=[]
2026-08-17 20:54:04,950 - ppe_alert_consumer_0df983271a80 - INFO - [PPE Result] camera=ppe_test_cam1 | severity=none | sent_to=post_processing
2026-08-17 20:54:06,046 - ppe_alert_consumer_0df983271a80 - INFO - [PPE FRAME RECEIVED] camera=ppe_test_cam1 | severity=none | violated=[]
2026-08-17 20:54:06,047 - ppe_alert_consumer_0df983271a80 - INFO - [PPE Result] camera=ppe_test_cam1 | severity=none | sent_to=post_processing
2026-08-17 20:54:07,047 - ppe_alert_consumer_0df983271a80 - INFO - [PPE FRAME RECEIVED] camera=ppe_test_cam1 | severity=none | violated=[]
2026-08-17 20:54:07,048 - ppe_alert_consumer_0df983271a80 - INFO - [PPE Result] camera=ppe_test_cam1 | severity=none | sent_to=post_processing
2026-08-17 20:54:08,117 - ppe_alert_consumer_0df983271a80 - INFO - [PPE FRAME RECEIVED] camera=ppe_test_cam1 | severity=none | violated=[]
2026-08-17 20:54:08,118 - ppe_alert_consumer_0df983271a80 - INFO - [PPE Result] camera=ppe_test_cam1 | severity=none | sent_to=post_processing
2026-08-17 20:54:09,105 - ppe_alert_consumer_0df983271a80 - INFO - [PPE FRAME RECEIVED] camera=ppe_test_cam1 | severity=none | violated=[]
2026-08-17 20:54:09,106 - ppe_alert_consumer_0df983271a80 - INFO - [PPE Result] camera=ppe_test_cam1 | severity=none | sent_to=post_processing
2026-08-17 20:54:09,964 - ppe_alert_consumer_0df983271a80 - INFO - [PPE FRAME RECEIVED] camera=ppe_test_cam1 | severity=none | violated=[]
2026-08-17 20:54:09,965 - ppe_alert_consumer_0df983271a80 - INFO - [PPE Result] camera=ppe_test_cam1 | severity=none | sent_to=post_processing
2026-08-17 20:54:11,077 - ppe_alert_consumer_0df983271a80 - INFO - [PPE FRAME RECEIVED] camera=ppe_test_cam1 | severity=none | violated=[]
2026-08-17 20:54:11,078 - ppe_alert_consumer_0df983271a80 - INFO - [PPE Result] camera=ppe_test_cam1 | severity=none | sent_to=post_processing
2026-08-17 20:54:12,078 - ppe_alert_consumer_0df983271a80 - INFO - [PPE FRAME RECEIVED] camera=ppe_test_cam1 | severity=none | violated=[]
2026-08-17 20:54:12,080 - ppe_alert_consumer_0df983271a80 - INFO - [PPE Result] camera=ppe_test_cam1 | severity=none | sent_to=post_processing
2026-08-17 20:54:12,110 - ppe_alert_consumer_0df983271a80 - INFO - [PPE FRAME RECEIVED] camera=ppe_test_cam1 | severity=none | violated=[]
2026-08-17 20:54:12,111 - ppe_alert_consumer_0df983271a80 - INFO - [PPE Result] camera=ppe_test_cam1 | severity=none | sent_to=post_processing
2026-08-17 20:54:37,079 - ppe_alert_consumer_0df983271a80 - INFO - [PPE FRAME RECEIVED] camera=ppe_test_cam1 | severity=none | violated=[]
2026-08-17 20:54:37,080 - ppe_alert_consumer_0df983271a80 - INFO - [PPE Result] camera=ppe_test_cam1 | severity=none | sent_to=post_processing
2026-08-17 20:54:38,102 - ppe_alert_consumer_0df983271a80 - INFO - [PPE FRAME RECEIVED] camera=ppe_test_cam1 | severity=none | violated=[]
2026-08-17 20:54:38,103 - ppe_alert_consumer_0df983271a80 - INFO - [PPE Result] camera=ppe_test_cam1 | severity=none | sent_to=post_processing
2026-08-17 20:54:55,933 - ppe_alert_consumer_0df983271a80 - INFO - [PPE FRAME RECEIVED] camera=ppe_test_cam1 | severity=none | violated=[]
2026-08-17 20:54:55,934 - ppe_alert_consumer_0df983271a80 - INFO - [PPE Result] camera=ppe_test_cam1 | severity=none | sent_to=post_processing
2026-08-17 20:54:55,967 - ppe_alert_consumer_0df983271a80 - INFO - [PPE FRAME RECEIVED] camera=ppe_test_cam1 | severity=low | violated=['No-Shoes', 'No-Shoes']
2026-08-17 20:54:55,968 - ppe_alert_consumer_0df983271a80 - INFO - [PPE Result] camera=ppe_test_cam1 | severity=low | sent_to=post_processing
2026-08-17 20:54:57,081 - ppe_alert_consumer_0df983271a80 - INFO - [PPE FRAME RECEIVED] camera=ppe_test_cam1 | severity=none | violated=[]
2026-08-17 20:54:57,082 - ppe_alert_consumer_0df983271a80 - INFO - [PPE Result] camera=ppe_test_cam1 | severity=none | sent_to=post_processing
2026-08-17 20:54:57,111 - ppe_alert_consumer_0df983271a80 - INFO - [PPE FRAME RECEIVED] camera=ppe_test_cam1 | severity=low | violated=['No-Shoes', 'No-Shoes']
2026-08-17 20:54:57,112 - ppe_alert_consumer_0df983271a80 - INFO - [PPE Result] camera=ppe_test_cam1 | severity=low | sent_to=post_processing
2026-08-17 20:54:58,126 - ppe_alert_consumer_0df983271a80 - INFO - [PPE FRAME RECEIVED] camera=ppe_test_cam1 | severity=none | violated=[]
2026-08-17 20:54:58,127 - ppe_alert_consumer_0df983271a80 - INFO - [PPE Result] camera=ppe_test_cam1 | severity=none | sent_to=post_processing
2026-08-17 20:54:58,160 - ppe_alert_consumer_0df983271a80 - INFO - [PPE FRAME RECEIVED] camera=ppe_test_cam1 | severity=low | violated=['No-Shoes', 'No-Shoes']
2026-08-17 20:54:58,161 - ppe_alert_consumer_0df983271a80 - INFO - [PPE Result] camera=ppe_test_cam1 | severity=low | sent_to=post_processing
2026-08-17 20:54:59,350 - ppe_alert_consumer_0df983271a80 - INFO - [PPE FRAME RECEIVED] camera=ppe_test_cam1 | severity=none | violated=[]
2026-08-17 20:54:59,351 - ppe_alert_consumer_0df983271a80 - INFO - [PPE Result] camera=ppe_test_cam1 | severity=none | sent_to=post_processing
2026-08-17 20:54:59,382 - ppe_alert_consumer_0df983271a80 - INFO - [PPE FRAME RECEIVED] camera=ppe_test_cam1 | severity=low | violated=['No-Shoes', 'No-Shoes']
2026-08-17 20:54:59,383 - ppe_alert_consumer_0df983271a80 - INFO - [PPE Result] camera=ppe_test_cam1 | severity=low | sent_to=post_processing
2026-08-17 20:55:00,691 - ppe_alert_consumer_0df983271a80 - INFO - [PPE FRAME RECEIVED] camera=ppe_test_cam1 | severity=none | violated=[]
2026-08-17 20:55:00,695 - ppe_alert_consumer_0df983271a80 - INFO - [PPE Result] camera=ppe_test_cam1 | severity=none | sent_to=post_processing
2026-08-17 20:55:05,258 - ppe_alert_consumer_0df983271a80 - INFO - [PPE FRAME RECEIVED] camera=ppe_test_cam1 | severity=none | violated=[]
2026-08-17 20:55:05,260 - ppe_alert_consumer_0df983271a80 - INFO - [PPE Result] camera=ppe_test_cam1 | severity=none | sent_to=post_processing
2026-08-17 20:55:06,079 - ppe_alert_consumer_0df983271a80 - INFO - [PPE FRAME RECEIVED] camera=ppe_test_cam1 | severity=none | violated=[]
2026-08-17 20:55:06,080 - ppe_alert_consumer_0df983271a80 - INFO - [PPE Result] camera=ppe_test_cam1 | severity=none | sent_to=post_processing
2026-08-17 20:55:06,941 - ppe_alert_consumer_0df983271a80 - INFO - [PPE FRAME RECEIVED] camera=ppe_test_cam1 | severity=none | violated=[]
2026-08-17 20:55:06,942 - ppe_alert_consumer_0df983271a80 - INFO - [PPE Result] camera=ppe_test_cam1 | severity=none | sent_to=post_processing
2026-08-17 20:55:08,060 - ppe_alert_consumer_0df983271a80 - INFO - [PPE FRAME RECEIVED] camera=ppe_test_cam1 | severity=none | violated=[]
2026-08-17 20:55:08,061 - ppe_alert_consumer_0df983271a80 - INFO - [PPE Result] camera=ppe_test_cam1 | severity=none | sent_to=post_processing
2026-08-17 20:55:09,178 - ppe_alert_consumer_0df983271a80 - INFO - [PPE FRAME RECEIVED] camera=ppe_test_cam1 | severity=none | violated=[]
2026-08-17 20:55:09,180 - ppe_alert_consumer_0df983271a80 - INFO - [PPE Result] camera=ppe_test_cam1 | severity=none | sent_to=post_processing
2026-08-17 20:55:10,096 - ppe_alert_consumer_0df983271a80 - INFO - [PPE FRAME RECEIVED] camera=ppe_test_cam1 | severity=none | violated=[]
2026-08-17 20:55:10,098 - ppe_alert_consumer_0df983271a80 - INFO - [PPE Result] camera=ppe_test_cam1 | severity=none | sent_to=post_processing
2026-08-17 20:55:11,103 - ppe_alert_consumer_0df983271a80 - INFO - [PPE FRAME RECEIVED] camera=ppe_test_cam1 | severity=none | violated=[]
2026-08-17 20:55:11,105 - ppe_alert_consumer_0df983271a80 - INFO - [PPE Result] camera=ppe_test_cam1 | severity=none | sent_to=post_processing
2026-08-17 20:55:11,993 - ppe_alert_consumer_0df983271a80 - INFO - [PPE FRAME RECEIVED] camera=ppe_test_cam1 | severity=none | violated=[]
2026-08-17 20:55:11,993 - ppe_alert_consumer_0df983271a80 - INFO - [PPE Result] camera=ppe_test_cam1 | severity=none | sent_to=post_processing
2026-08-17 20:55:12,023 - ppe_alert_consumer_0df983271a80 - INFO - [PPE FRAME RECEIVED] camera=ppe_test_cam1 | severity=none | violated=[]
2026-08-17 20:55:12,024 - ppe_alert_consumer_0df983271a80 - INFO - [PPE Result] camera=ppe_test_cam1 | severity=none | sent_to=post_processing
2026-08-17 20:55:37,104 - ppe_alert_consumer_0df983271a80 - INFO - [PPE FRAME RECEIVED] camera=ppe_test_cam1 | severity=none | violated=[]
2026-08-17 20:55:37,105 - ppe_alert_consumer_0df983271a80 - INFO - [PPE Result] camera=ppe_test_cam1 | severity=none | sent_to=post_processing
2026-08-17 20:55:38,115 - ppe_alert_consumer_0df983271a80 - INFO - [PPE FRAME RECEIVED] camera=ppe_test_cam1 | severity=none | violated=[]
2026-08-17 20:55:38,116 - ppe_alert_consumer_0df983271a80 - INFO - [PPE Result] camera=ppe_test_cam1 | severity=none | sent_to=post_processing
2026-08-17 20:55:56,088 - ppe_alert_consumer_0df983271a80 - INFO - [PPE FRAME RECEIVED] camera=ppe_test_cam1 | severity=none | violated=[]
2026-08-17 20:55:56,089 - ppe_alert_consumer_0df983271a80 - INFO - [PPE Result] camera=ppe_test_cam1 | severity=none | sent_to=post_processing
2026-08-17 20:55:56,121 - ppe_alert_consumer_0df983271a80 - INFO - [PPE FRAME RECEIVED] camera=ppe_test_cam1 | severity=low | violated=['No-Shoes', 'No-Shoes']
2026-08-17 20:55:56,122 - ppe_alert_consumer_0df983271a80 - INFO - [PPE Result] camera=ppe_test_cam1 | severity=low | sent_to=post_processing
2026-08-17 20:55:56,973 - ppe_alert_consumer_0df983271a80 - INFO - [PPE FRAME RECEIVED] camera=ppe_test_cam1 | severity=none | violated=[]
2026-08-17 20:55:56,974 - ppe_alert_consumer_0df983271a80 - INFO - [PPE Result] camera=ppe_test_cam1 | severity=none | sent_to=post_processing
2026-08-17 20:55:57,004 - ppe_alert_consumer_0df983271a80 - INFO - [PPE FRAME RECEIVED] camera=ppe_test_cam1 | severity=low | violated=['No-Shoes', 'No-Shoes']
2026-08-17 20:55:57,005 - ppe_alert_consumer_0df983271a80 - INFO - [PPE Result] camera=ppe_test_cam1 | severity=low | sent_to=post_processing
2026-08-17 20:55:58,167 - ppe_alert_consumer_0df983271a80 - INFO - [PPE FRAME RECEIVED] camera=ppe_test_cam1 | severity=none | violated=[]
2026-08-17 20:55:58,168 - ppe_alert_consumer_0df983271a80 - INFO - [PPE Result] camera=ppe_test_cam1 | severity=none | sent_to=post_processing
2026-08-17 20:55:58,168 - ppe_alert_consumer_0df983271a80 - INFO - [PPE FRAME RECEIVED] camera=ppe_test_cam1 | severity=low | violated=['No-Shoes', 'No-Shoes']
2026-08-17 20:55:58,170 - ppe_alert_consumer_0df983271a80 - INFO - [PPE Result] camera=ppe_test_cam1 | severity=low | sent_to=post_processing
2026-08-17 20:55:59,140 - ppe_alert_consumer_0df983271a80 - INFO - [PPE FRAME RECEIVED] camera=ppe_test_cam1 | severity=low | violated=['No-Shoes', 'No-Shoes']
2026-08-17 20:55:59,141 - ppe_alert_consumer_0df983271a80 - INFO - [PPE Result] camera=ppe_test_cam1 | severity=low | sent_to=post_processing
2026-08-17 20:55:59,141 - ppe_alert_consumer_0df983271a80 - INFO - [PPE FRAME RECEIVED] camera=ppe_test_cam1 | severity=none | violated=[]
2026-08-17 20:55:59,143 - ppe_alert_consumer_0df983271a80 - INFO - [PPE Result] camera=ppe_test_cam1 | severity=none | sent_to=post_processing
2026-08-17 20:56:00,343 - ppe_alert_consumer_0df983271a80 - INFO - [PPE FRAME RECEIVED] camera=ppe_test_cam1 | severity=none | violated=[]
2026-08-17 20:56:00,344 - ppe_alert_consumer_0df983271a80 - INFO - [PPE Result] camera=ppe_test_cam1 | severity=none | sent_to=post_processing
2026-08-17 20:56:05,182 - ppe_alert_consumer_0df983271a80 - INFO - [PPE FRAME RECEIVED] camera=ppe_test_cam1 | severity=none | violated=[]
2026-08-17 20:56:05,183 - ppe_alert_consumer_0df983271a80 - INFO - [PPE Result] camera=ppe_test_cam1 | severity=none | sent_to=post_processing
2026-08-17 20:56:06,342 - ppe_alert_consumer_0df983271a80 - INFO - [PPE FRAME RECEIVED] camera=ppe_test_cam1 | severity=none | violated=[]
2026-08-17 20:56:06,344 - ppe_alert_consumer_0df983271a80 - INFO - [PPE Result] camera=ppe_test_cam1 | severity=none | sent_to=post_processing
2026-08-17 20:56:07,076 - ppe_alert_consumer_0df983271a80 - INFO - [PPE FRAME RECEIVED] camera=ppe_test_cam1 | severity=none | violated=[]
2026-08-17 20:56:07,077 - ppe_alert_consumer_0df983271a80 - INFO - [PPE Result] camera=ppe_test_cam1 | severity=none | sent_to=post_processing
2026-08-17 20:56:07,937 - ppe_alert_consumer_0df983271a80 - INFO - [PPE FRAME RECEIVED] camera=ppe_test_cam1 | severity=none | violated=[]
2026-08-17 20:56:07,937 - ppe_alert_consumer_0df983271a80 - INFO - [PPE Result] camera=ppe_test_cam1 | severity=none | sent_to=post_processing
2026-08-17 20:56:09,056 - ppe_alert_consumer_0df983271a80 - INFO - [PPE FRAME RECEIVED] camera=ppe_test_cam1 | severity=none | violated=[]
2026-08-17 20:56:09,057 - ppe_alert_consumer_0df983271a80 - INFO - [PPE Result] camera=ppe_test_cam1 | severity=none | sent_to=post_processing
2026-08-17 20:56:10,104 - ppe_alert_consumer_0df983271a80 - INFO - [PPE FRAME RECEIVED] camera=ppe_test_cam1 | severity=none | violated=[]
2026-08-17 20:56:10,105 - ppe_alert_consumer_0df983271a80 - INFO - [PPE Result] camera=ppe_test_cam1 | severity=none | sent_to=post_processing
2026-08-17 20:56:10,953 - ppe_alert_consumer_0df983271a80 - INFO - [PPE FRAME RECEIVED] camera=ppe_test_cam1 | severity=none | violated=[]
2026-08-17 20:56:10,954 - ppe_alert_consumer_0df983271a80 - INFO - [PPE Result] camera=ppe_test_cam1 | severity=none | sent_to=post_processing
2026-08-17 20:56:12,147 - ppe_alert_consumer_0df983271a80 - INFO - [PPE FRAME RECEIVED] camera=ppe_test_cam1 | severity=none | violated=[]
2026-08-17 20:56:12,148 - ppe_alert_consumer_0df983271a80 - INFO - [PPE Result] camera=ppe_test_cam1 | severity=none | sent_to=post_processing
2026-08-17 20:56:12,148 - ppe_alert_consumer_0df983271a80 - INFO - [PPE FRAME RECEIVED] camera=ppe_test_cam1 | severity=none | violated=[]
2026-08-17 20:56:12,149 - ppe_alert_consumer_0df983271a80 - INFO - [PPE Result] camera=ppe_test_cam1 | severity=none | sent_to=post_processing
2026-08-17 20:56:37,159 - ppe_alert_consumer_0df983271a80 - INFO - [PPE FRAME RECEIVED] camera=ppe_test_cam1 | severity=none | violated=[]
2026-08-17 20:56:37,159 - ppe_alert_consumer_0df983271a80 - INFO - [PPE Result] camera=ppe_test_cam1 | severity=none | sent_to=post_processing
2026-08-17 20:56:38,094 - ppe_alert_consumer_0df983271a80 - INFO - [PPE FRAME RECEIVED] camera=ppe_test_cam1 | severity=none | violated=[]
2026-08-17 20:56:38,095 - ppe_alert_consumer_0df983271a80 - INFO - [PPE Result] camera=ppe_test_cam1 | severity=none | sent_to=post_processing
2026-08-17 20:56:56,058 - ppe_alert_consumer_0df983271a80 - INFO - [PPE FRAME RECEIVED] camera=ppe_test_cam1 | severity=none | violated=[]
2026-08-17 20:56:56,059 - ppe_alert_consumer_0df983271a80 - INFO - [PPE Result] camera=ppe_test_cam1 | severity=none | sent_to=post_processing
2026-08-17 20:56:56,059 - ppe_alert_consumer_0df983271a80 - INFO - [PPE FRAME RECEIVED] camera=ppe_test_cam1 | severity=low | violated=['No-Shoes', 'No-Shoes']
2026-08-17 20:56:56,061 - ppe_alert_consumer_0df983271a80 - INFO - [PPE Result] camera=ppe_test_cam1 | severity=low | sent_to=post_processing
2026-08-17 20:56:57,075 - ppe_alert_consumer_0df983271a80 - INFO - [PPE FRAME RECEIVED] camera=ppe_test_cam1 | severity=none | violated=[]
2026-08-17 20:56:57,076 - ppe_alert_consumer_0df983271a80 - INFO - [PPE Result] camera=ppe_test_cam1 | severity=none | sent_to=post_processing
2026-08-17 20:56:57,106 - ppe_alert_consumer_0df983271a80 - INFO - [PPE FRAME RECEIVED] camera=ppe_test_cam1 | severity=low | violated=['No-Shoes', 'No-Shoes']
2026-08-17 20:56:57,107 - ppe_alert_consumer_0df983271a80 - INFO - [PPE Result] camera=ppe_test_cam1 | severity=low | sent_to=post_processing
2026-08-17 20:56:58,124 - ppe_alert_consumer_0df983271a80 - INFO - [PPE FRAME RECEIVED] camera=ppe_test_cam1 | severity=low | violated=['No-Shoes', 'No-Shoes']
2026-08-17 20:56:58,125 - ppe_alert_consumer_0df983271a80 - INFO - [PPE Result] camera=ppe_test_cam1 | severity=low | sent_to=post_processing
2026-08-17 20:56:58,126 - ppe_alert_consumer_0df983271a80 - INFO - [PPE FRAME RECEIVED] camera=ppe_test_cam1 | severity=none | violated=[]
2026-08-17 20:56:58,128 - ppe_alert_consumer_0df983271a80 - INFO - [PPE Result] camera=ppe_test_cam1 | severity=none | sent_to=post_processing
2026-08-17 20:56:59,125 - ppe_alert_consumer_0df983271a80 - INFO - [PPE FRAME RECEIVED] camera=ppe_test_cam1 | severity=none | violated=[]
2026-08-17 20:56:59,126 - ppe_alert_consumer_0df983271a80 - INFO - [PPE Result] camera=ppe_test_cam1 | severity=none | sent_to=post_processing
2026-08-17 20:56:59,157 - ppe_alert_consumer_0df983271a80 - INFO - [PPE FRAME RECEIVED] camera=ppe_test_cam1 | severity=low | violated=['No-Shoes', 'No-Shoes']
2026-08-17 20:56:59,157 - ppe_alert_consumer_0df983271a80 - INFO - [PPE Result] camera=ppe_test_cam1 | severity=low | sent_to=post_processing
2026-08-17 20:57:00,074 - ppe_alert_consumer_0df983271a80 - INFO - [PPE FRAME RECEIVED] camera=ppe_test_cam1 | severity=none | violated=[]
2026-08-17 20:57:00,075 - ppe_alert_consumer_0df983271a80 - INFO - [PPE Result] camera=ppe_test_cam1 | severity=none | sent_to=post_processing
2026-08-17 20:57:05,067 - ppe_alert_consumer_0df983271a80 - INFO - [PPE FRAME RECEIVED] camera=ppe_test_cam1 | severity=none | violated=[]
2026-08-17 20:57:05,068 - ppe_alert_consumer_0df983271a80 - INFO - [PPE Result] camera=ppe_test_cam1 | severity=none | sent_to=post_processing
2026-08-17 20:57:06,343 - ppe_alert_consumer_0df983271a80 - INFO - [PPE FRAME RECEIVED] camera=ppe_test_cam1 | severity=none | violated=[]
2026-08-17 20:57:06,343 - ppe_alert_consumer_0df983271a80 - INFO - [PPE Result] camera=ppe_test_cam1 | severity=none | sent_to=post_processing
2026-08-17 20:57:07,175 - ppe_alert_consumer_0df983271a80 - INFO - [PPE FRAME RECEIVED] camera=ppe_test_cam1 | severity=none | violated=[]
2026-08-17 20:57:07,177 - ppe_alert_consumer_0df983271a80 - INFO - [PPE Result] camera=ppe_test_cam1 | severity=none | sent_to=post_processing
2026-08-17 20:57:08,097 - ppe_alert_consumer_0df983271a80 - INFO - [PPE FRAME RECEIVED] camera=ppe_test_cam1 | severity=none | violated=[]
2026-08-17 20:57:08,098 - ppe_alert_consumer_0df983271a80 - INFO - [PPE Result] camera=ppe_test_cam1 | severity=none | sent_to=post_processing
2026-08-17 20:57:09,086 - ppe_alert_consumer_0df983271a80 - INFO - [PPE FRAME RECEIVED] camera=ppe_test_cam1 | severity=none | violated=[]
2026-08-17 20:57:09,087 - ppe_alert_consumer_0df983271a80 - INFO - [PPE Result] camera=ppe_test_cam1 | severity=none | sent_to=post_processing
2026-08-17 20:57:10,104 - ppe_alert_consumer_0df983271a80 - INFO - [PPE FRAME RECEIVED] camera=ppe_test_cam1 | severity=none | violated=[]
2026-08-17 20:57:10,105 - ppe_alert_consumer_0df983271a80 - INFO - [PPE Result] camera=ppe_test_cam1 | severity=none | sent_to=post_processing
2026-08-17 20:57:11,103 - ppe_alert_consumer_0df983271a80 - INFO - [PPE FRAME RECEIVED] camera=ppe_test_cam1 | severity=none | violated=[]
2026-08-17 20:57:11,104 - ppe_alert_consumer_0df983271a80 - INFO - [PPE Result] camera=ppe_test_cam1 | severity=none | sent_to=post_processing
2026-08-17 20:57:12,047 - ppe_alert_consumer_0df983271a80 - INFO - [PPE FRAME RECEIVED] camera=ppe_test_cam1 | severity=none | violated=[]
2026-08-17 20:57:12,048 - ppe_alert_consumer_0df983271a80 - INFO - [PPE Result] camera=ppe_test_cam1 | severity=none | sent_to=post_processing
2026-08-17 20:57:12,048 - ppe_alert_consumer_0df983271a80 - INFO - [PPE FRAME RECEIVED] camera=ppe_test_cam1 | severity=none | violated=[]
2026-08-17 20:57:12,050 - ppe_alert_consumer_0df983271a80 - INFO - [PPE Result] camera=ppe_test_cam1 | severity=none | sent_to=post_processing
2026-08-17 20:57:37,091 - ppe_alert_consumer_0df983271a80 - INFO - [PPE FRAME RECEIVED] camera=ppe_test_cam1 | severity=none | violated=[]
2026-08-17 20:57:37,092 - ppe_alert_consumer_0df983271a80 - INFO - [PPE Result] camera=ppe_test_cam1 | severity=none | sent_to=post_processing
2026-08-17 20:57:37,982 - ppe_alert_consumer_0df983271a80 - INFO - [PPE FRAME RECEIVED] camera=ppe_test_cam1 | severity=none | violated=[]
2026-08-17 20:57:37,983 - ppe_alert_consumer_0df983271a80 - INFO - [PPE Result] camera=ppe_test_cam1 | severity=none | sent_to=post_processing
2026-08-17 20:57:55,947 - ppe_alert_consumer_0df983271a80 - INFO - [PPE FRAME RECEIVED] camera=ppe_test_cam1 | severity=none | violated=[]
2026-08-17 20:57:55,948 - ppe_alert_consumer_0df983271a80 - INFO - [PPE Result] camera=ppe_test_cam1 | severity=none | sent_to=post_processing
2026-08-17 20:57:55,983 - ppe_alert_consumer_0df983271a80 - INFO - [PPE FRAME RECEIVED] camera=ppe_test_cam1 | severity=low | violated=['No-Shoes', 'No-Shoes']
2026-08-17 20:57:55,984 - ppe_alert_consumer_0df983271a80 - INFO - [PPE Result] camera=ppe_test_cam1 | severity=low | sent_to=post_processing
2026-08-17 20:57:57,024 - ppe_alert_consumer_0df983271a80 - INFO - [PPE FRAME RECEIVED] camera=ppe_test_cam1 | severity=none | violated=[]
2026-08-17 20:57:57,025 - ppe_alert_consumer_0df983271a80 - INFO - [PPE Result] camera=ppe_test_cam1 | severity=none | sent_to=post_processing
2026-08-17 20:57:57,058 - ppe_alert_consumer_0df983271a80 - INFO - [PPE FRAME RECEIVED] camera=ppe_test_cam1 | severity=low | violated=['No-Shoes', 'No-Shoes']
2026-08-17 20:57:57,059 - ppe_alert_consumer_0df983271a80 - INFO - [PPE Result] camera=ppe_test_cam1 | severity=low | sent_to=post_processing
2026-08-17 20:57:58,155 - ppe_alert_consumer_0df983271a80 - INFO - [PPE FRAME RECEIVED] camera=ppe_test_cam1 | severity=none | violated=[]
2026-08-17 20:57:58,156 - ppe_alert_consumer_0df983271a80 - INFO - [PPE Result] camera=ppe_test_cam1 | severity=none | sent_to=post_processing
2026-08-17 20:57:58,157 - ppe_alert_consumer_0df983271a80 - INFO - [PPE FRAME RECEIVED] camera=ppe_test_cam1 | severity=low | violated=['No-Shoes', 'No-Shoes']
2026-08-17 20:57:58,158 - ppe_alert_consumer_0df983271a80 - INFO - [PPE Result] camera=ppe_test_cam1 | severity=low | sent_to=post_processing
2026-08-17 20:57:59,065 - ppe_alert_consumer_0df983271a80 - INFO - [PPE FRAME RECEIVED] camera=ppe_test_cam1 | severity=none | violated=[]
2026-08-17 20:57:59,165 - ppe_alert_consumer_0df983271a80 - INFO - [PPE Result] camera=ppe_test_cam1 | severity=none | sent_to=post_processing
2026-08-17 20:57:59,167 - ppe_alert_consumer_0df983271a80 - INFO - [PPE FRAME RECEIVED] camera=ppe_test_cam1 | severity=low | violated=['No-Shoes', 'No-Shoes']
2026-08-17 20:57:59,168 - ppe_alert_consumer_0df983271a80 - INFO - [PPE Result] camera=ppe_test_cam1 | severity=low | sent_to=post_processing
2026-08-17 20:58:00,096 - ppe_alert_consumer_0df983271a80 - INFO - [PPE FRAME RECEIVED] camera=ppe_test_cam1 | severity=none | violated=[]
2026-08-17 20:58:00,097 - ppe_alert_consumer_0df983271a80 - INFO - [PPE Result] camera=ppe_test_cam1 | severity=none | sent_to=post_processing
2026-08-17 20:58:05,066 - ppe_alert_consumer_0df983271a80 - INFO - [PPE FRAME RECEIVED] camera=ppe_test_cam1 | severity=none | violated=[]
2026-08-17 20:58:05,067 - ppe_alert_consumer_0df983271a80 - INFO - [PPE Result] camera=ppe_test_cam1 | severity=none | sent_to=post_processing
2026-08-17 20:58:06,040 - ppe_alert_consumer_0df983271a80 - INFO - [PPE FRAME RECEIVED] camera=ppe_test_cam1 | severity=none | violated=[]
2026-08-17 20:58:06,042 - ppe_alert_consumer_0df983271a80 - INFO - [PPE Result] camera=ppe_test_cam1 | severity=none | sent_to=post_processing
2026-08-17 20:58:07,253 - ppe_alert_consumer_0df983271a80 - INFO - [PPE FRAME RECEIVED] camera=ppe_test_cam1 | severity=none | violated=[]
2026-08-17 20:58:07,254 - ppe_alert_consumer_0df983271a80 - INFO - [PPE Result] camera=ppe_test_cam1 | severity=none | sent_to=post_processing
2026-08-17 20:58:08,311 - ppe_alert_consumer_0df983271a80 - INFO - [PPE FRAME RECEIVED] camera=ppe_test_cam1 | severity=none | violated=[]
2026-08-17 20:58:08,314 - ppe_alert_consumer_0df983271a80 - INFO - [PPE Result] camera=ppe_test_cam1 | severity=none | sent_to=post_processing
2026-08-17 20:58:09,103 - ppe_alert_consumer_0df983271a80 - INFO - [PPE FRAME RECEIVED] camera=ppe_test_cam1 | severity=none | violated=[]
2026-08-17 20:58:09,104 - ppe_alert_consumer_0df983271a80 - INFO - [PPE Result] camera=ppe_test_cam1 | severity=none | sent_to=post_processing
2026-08-17 20:58:10,074 - ppe_alert_consumer_0df983271a80 - INFO - [PPE FRAME RECEIVED] camera=ppe_test_cam1 | severity=none | violated=[]
2026-08-17 20:58:10,075 - ppe_alert_consumer_0df983271a80 - INFO - [PPE Result] camera=ppe_test_cam1 | severity=none | sent_to=post_processing
2026-08-17 20:58:11,074 - ppe_alert_consumer_0df983271a80 - INFO - [PPE FRAME RECEIVED] camera=ppe_test_cam1 | severity=none | violated=[]
2026-08-17 20:58:11,075 - ppe_alert_consumer_0df983271a80 - INFO - [PPE Result] camera=ppe_test_cam1 | severity=none | sent_to=post_processing
2026-08-17 20:58:11,955 - ppe_alert_consumer_0df983271a80 - INFO - [PPE FRAME RECEIVED] camera=ppe_test_cam1 | severity=none | violated=[]
2026-08-17 20:58:11,956 - ppe_alert_consumer_0df983271a80 - INFO - [PPE Result] camera=ppe_test_cam1 | severity=none | sent_to=post_processing
2026-08-17 20:58:11,991 - ppe_alert_consumer_0df983271a80 - INFO - [PPE FRAME RECEIVED] camera=ppe_test_cam1 | severity=none | violated=[]
2026-08-17 20:58:11,992 - ppe_alert_consumer_0df983271a80 - INFO - [PPE Result] camera=ppe_test_cam1 | severity=none | sent_to=post_processing
2026-08-17 20:58:37,070 - ppe_alert_consumer_0df983271a80 - INFO - [PPE FRAME RECEIVED] camera=ppe_test_cam1 | severity=none | violated=[]
2026-08-17 20:58:37,071 - ppe_alert_consumer_0df983271a80 - INFO - [PPE Result] camera=ppe_test_cam1 | severity=none | sent_to=post_processing
2026-08-17 20:58:38,065 - ppe_alert_consumer_0df983271a80 - INFO - [PPE FRAME RECEIVED] camera=ppe_test_cam1 | severity=none | violated=[]
2026-08-17 20:58:38,066 - ppe_alert_consumer_0df983271a80 - INFO - [PPE Result] camera=ppe_test_cam1 | severity=none | sent_to=post_processing
2026-08-17 20:58:56,035 - ppe_alert_consumer_0df983271a80 - INFO - [PPE FRAME RECEIVED] camera=ppe_test_cam1 | severity=none | violated=[]
2026-08-17 20:58:56,036 - ppe_alert_consumer_0df983271a80 - INFO - [PPE Result] camera=ppe_test_cam1 | severity=none | sent_to=post_processing
2026-08-17 20:58:56,068 - ppe_alert_consumer_0df983271a80 - INFO - [PPE FRAME RECEIVED] camera=ppe_test_cam1 | severity=low | violated=['No-Shoes', 'No-Shoes']
2026-08-17 20:58:56,069 - ppe_alert_consumer_0df983271a80 - INFO - [PPE Result] camera=ppe_test_cam1 | severity=low | sent_to=post_processing
2026-08-17 20:58:57,061 - ppe_alert_consumer_0df983271a80 - INFO - [PPE FRAME RECEIVED] camera=ppe_test_cam1 | severity=none | violated=[]
2026-08-17 20:58:57,062 - ppe_alert_consumer_0df983271a80 - INFO - [PPE Result] camera=ppe_test_cam1 | severity=none | sent_to=post_processing
2026-08-17 20:58:57,094 - ppe_alert_consumer_0df983271a80 - INFO - [PPE FRAME RECEIVED] camera=ppe_test_cam1 | severity=low | violated=['No-Shoes', 'No-Shoes']
2026-08-17 20:58:57,095 - ppe_alert_consumer_0df983271a80 - INFO - [PPE Result] camera=ppe_test_cam1 | severity=low | sent_to=post_processing
2026-08-17 20:58:58,022 - ppe_alert_consumer_0df983271a80 - INFO - [PPE FRAME RECEIVED] camera=ppe_test_cam1 | severity=none | violated=[]
2026-08-17 20:58:58,023 - ppe_alert_consumer_0df983271a80 - INFO - [PPE Result] camera=ppe_test_cam1 | severity=none | sent_to=post_processing
2026-08-17 20:58:58,052 - ppe_alert_consumer_0df983271a80 - INFO - [PPE FRAME RECEIVED] camera=ppe_test_cam1 | severity=low | violated=['No-Shoes', 'No-Shoes']
2026-08-17 20:58:58,053 - ppe_alert_consumer_0df983271a80 - INFO - [PPE Result] camera=ppe_test_cam1 | severity=low | sent_to=post_processing
2026-08-17 20:58:59,106 - ppe_alert_consumer_0df983271a80 - INFO - [PPE FRAME RECEIVED] camera=ppe_test_cam1 | severity=low | violated=['No-Shoes', 'No-Shoes']
2026-08-17 20:58:59,107 - ppe_alert_consumer_0df983271a80 - INFO - [PPE Result] camera=ppe_test_cam1 | severity=low | sent_to=post_processing
2026-08-17 20:58:59,107 - ppe_alert_consumer_0df983271a80 - INFO - [PPE FRAME RECEIVED] camera=ppe_test_cam1 | severity=none | violated=[]
2026-08-17 20:58:59,109 - ppe_alert_consumer_0df983271a80 - INFO - [PPE Result] camera=ppe_test_cam1 | severity=none | sent_to=post_processing
2026-08-17 20:59:00,075 - ppe_alert_consumer_0df983271a80 - INFO - [PPE FRAME RECEIVED] camera=ppe_test_cam1 | severity=none | violated=[]
2026-08-17 20:59:00,076 - ppe_alert_consumer_0df983271a80 - INFO - [PPE Result] camera=ppe_test_cam1 | severity=none | sent_to=post_processing
2026-08-17 20:59:05,183 - ppe_alert_consumer_0df983271a80 - INFO - [PPE FRAME RECEIVED] camera=ppe_test_cam1 | severity=none | violated=[]
2026-08-17 20:59:05,184 - ppe_alert_consumer_0df983271a80 - INFO - [PPE Result] camera=ppe_test_cam1 | severity=none | sent_to=post_processing
2026-08-17 20:59:06,063 - ppe_alert_consumer_0df983271a80 - INFO - [PPE FRAME RECEIVED] camera=ppe_test_cam1 | severity=none | violated=[]
2026-08-17 20:59:06,064 - ppe_alert_consumer_0df983271a80 - INFO - [PPE Result] camera=ppe_test_cam1 | severity=none | sent_to=post_processing
2026-08-17 20:59:06,986 - ppe_alert_consumer_0df983271a80 - INFO - [PPE FRAME RECEIVED] camera=ppe_test_cam1 | severity=none | violated=[]
2026-08-17 20:59:06,987 - ppe_alert_consumer_0df983271a80 - INFO - [PPE Result] camera=ppe_test_cam1 | severity=none | sent_to=post_processing
2026-08-17 20:59:08,326 - ppe_alert_consumer_0df983271a80 - INFO - [PPE FRAME RECEIVED] camera=ppe_test_cam1 | severity=none | violated=[]
2026-08-17 20:59:08,326 - ppe_alert_consumer_0df983271a80 - INFO - [PPE Result] camera=ppe_test_cam1 | severity=none | sent_to=post_processing
2026-08-17 20:59:09,127 - ppe_alert_consumer_0df983271a80 - INFO - [PPE FRAME RECEIVED] camera=ppe_test_cam1 | severity=none | violated=[]
2026-08-17 20:59:09,128 - ppe_alert_consumer_0df983271a80 - INFO - [PPE Result] camera=ppe_test_cam1 | severity=none | sent_to=post_processing
2026-08-17 20:59:10,102 - ppe_alert_consumer_0df983271a80 - INFO - [PPE FRAME RECEIVED] camera=ppe_test_cam1 | severity=none | violated=[]
2026-08-17 20:59:10,103 - ppe_alert_consumer_0df983271a80 - INFO - [PPE Result] camera=ppe_test_cam1 | severity=none | sent_to=post_processing
2026-08-17 20:59:11,073 - ppe_alert_consumer_0df983271a80 - INFO - [PPE FRAME RECEIVED] camera=ppe_test_cam1 | severity=none | violated=[]
2026-08-17 20:59:11,074 - ppe_alert_consumer_0df983271a80 - INFO - [PPE Result] camera=ppe_test_cam1 | severity=none | sent_to=post_processing
2026-08-17 20:59:11,966 - ppe_alert_consumer_0df983271a80 - INFO - [PPE FRAME RECEIVED] camera=ppe_test_cam1 | severity=none | violated=[]
2026-08-17 20:59:11,967 - ppe_alert_consumer_0df983271a80 - INFO - [PPE Result] camera=ppe_test_cam1 | severity=none | sent_to=post_processing
2026-08-17 20:59:11,996 - ppe_alert_consumer_0df983271a80 - INFO - [PPE FRAME RECEIVED] camera=ppe_test_cam1 | severity=none | violated=[]
2026-08-17 20:59:11,997 - ppe_alert_consumer_0df983271a80 - INFO - [PPE Result] camera=ppe_test_cam1 | severity=none | sent_to=post_processing
2026-08-17 20:59:37,123 - ppe_alert_consumer_0df983271a80 - INFO - [PPE FRAME RECEIVED] camera=ppe_test_cam1 | severity=none | violated=[]
2026-08-17 20:59:37,124 - ppe_alert_consumer_0df983271a80 - INFO - [PPE Result] camera=ppe_test_cam1 | severity=none | sent_to=post_processing
2026-08-17 20:59:38,108 - ppe_alert_consumer_0df983271a80 - INFO - [PPE FRAME RECEIVED] camera=ppe_test_cam1 | severity=none | violated=[]
2026-08-17 20:59:38,109 - ppe_alert_consumer_0df983271a80 - INFO - [PPE Result] camera=ppe_test_cam1 | severity=none | sent_to=post_processing
2026-08-17 20:59:56,082 - ppe_alert_consumer_0df983271a80 - INFO - [PPE FRAME RECEIVED] camera=ppe_test_cam1 | severity=none | violated=[]
2026-08-17 20:59:56,083 - ppe_alert_consumer_0df983271a80 - INFO - [PPE Result] camera=ppe_test_cam1 | severity=none | sent_to=post_processing
2026-08-17 20:59:56,120 - ppe_alert_consumer_0df983271a80 - INFO - [PPE FRAME RECEIVED] camera=ppe_test_cam1 | severity=low | violated=['No-Shoes', 'No-Shoes']
2026-08-17 20:59:56,121 - ppe_alert_consumer_0df983271a80 - INFO - [PPE Result] camera=ppe_test_cam1 | severity=low | sent_to=post_processing
2026-08-17 20:59:56,992 - ppe_alert_consumer_0df983271a80 - INFO - [PPE FRAME RECEIVED] camera=ppe_test_cam1 | severity=none | violated=[]
2026-08-17 20:59:56,993 - ppe_alert_consumer_0df983271a80 - INFO - [PPE Result] camera=ppe_test_cam1 | severity=none | sent_to=post_processing
2026-08-17 20:59:56,993 - ppe_alert_consumer_0df983271a80 - INFO - [PPE FRAME RECEIVED] camera=ppe_test_cam1 | severity=low | violated=['No-Shoes', 'No-Shoes']
2026-08-17 20:59:56,994 - ppe_alert_consumer_0df983271a80 - INFO - [PPE Result] camera=ppe_test_cam1 | severity=low | sent_to=post_processing
2026-08-17 20:59:58,063 - ppe_alert_consumer_0df983271a80 - INFO - [PPE FRAME RECEIVED] camera=ppe_test_cam1 | severity=none | violated=[]
2026-08-17 20:59:58,064 - ppe_alert_consumer_0df983271a80 - INFO - [PPE Result] camera=ppe_test_cam1 | severity=none | sent_to=post_processing
2026-08-17 20:59:58,099 - ppe_alert_consumer_0df983271a80 - INFO - [PPE FRAME RECEIVED] camera=ppe_test_cam1 | severity=low | violated=['No-Shoes', 'No-Shoes']
2026-08-17 20:59:58,100 - ppe_alert_consumer_0df983271a80 - INFO - [PPE Result] camera=ppe_test_cam1 | severity=low | sent_to=post_processing
2026-08-17 20:59:59,081 - ppe_alert_consumer_0df983271a80 - INFO - [PPE FRAME RECEIVED] camera=ppe_test_cam1 | severity=none | violated=[]
2026-08-17 20:59:59,082 - ppe_alert_consumer_0df983271a80 - INFO - [PPE Result] camera=ppe_test_cam1 | severity=none | sent_to=post_processing
2026-08-17 20:59:59,110 - ppe_alert_consumer_0df983271a80 - INFO - [PPE FRAME RECEIVED] camera=ppe_test_cam1 | severity=low | violated=['No-Shoes', 'No-Shoes']
2026-08-17 20:59:59,111 - ppe_alert_consumer_0df983271a80 - INFO - [PPE Result] camera=ppe_test_cam1 | severity=low | sent_to=post_processing
2026-08-17 20:59:59,985 - ppe_alert_consumer_0df983271a80 - INFO - [PPE FRAME RECEIVED] camera=ppe_test_cam1 | severity=none | violated=[]
2026-08-17 20:59:59,986 - ppe_alert_consumer_0df983271a80 - INFO - [PPE Result] camera=ppe_test_cam1 | severity=none | sent_to=post_processing
2026-08-17 21:00:05,154 - ppe_alert_consumer_0df983271a80 - INFO - [PPE FRAME RECEIVED] camera=ppe_test_cam1 | severity=none | violated=[]
2026-08-17 21:00:05,155 - ppe_alert_consumer_0df983271a80 - INFO - [PPE Result] camera=ppe_test_cam1 | severity=none | sent_to=post_processing
2026-08-17 21:00:06,122 - ppe_alert_consumer_0df983271a80 - INFO - [PPE FRAME RECEIVED] camera=ppe_test_cam1 | severity=none | violated=[]
2026-08-17 21:00:06,122 - ppe_alert_consumer_0df983271a80 - INFO - [PPE Result] camera=ppe_test_cam1 | severity=none | sent_to=post_processing
2026-08-17 21:00:07,070 - ppe_alert_consumer_0df983271a80 - INFO - [PPE FRAME RECEIVED] camera=ppe_test_cam1 | severity=none | violated=[]
2026-08-17 21:00:07,072 - ppe_alert_consumer_0df983271a80 - INFO - [PPE Result] camera=ppe_test_cam1 | severity=none | sent_to=post_processing
2026-08-17 21:00:08,059 - ppe_alert_consumer_0df983271a80 - INFO - [PPE FRAME RECEIVED] camera=ppe_test_cam1 | severity=none | violated=[]
2026-08-17 21:00:08,060 - ppe_alert_consumer_0df983271a80 - INFO - [PPE Result] camera=ppe_test_cam1 | severity=none | sent_to=post_processing
2026-08-17 21:00:09,325 - ppe_alert_consumer_0df983271a80 - INFO - [PPE FRAME RECEIVED] camera=ppe_test_cam1 | severity=none | violated=[]
2026-08-17 21:00:09,326 - ppe_alert_consumer_0df983271a80 - INFO - [PPE Result] camera=ppe_test_cam1 | severity=none | sent_to=post_processing
2026-08-17 21:00:10,155 - ppe_alert_consumer_0df983271a80 - INFO - [PPE FRAME RECEIVED] camera=ppe_test_cam1 | severity=none | violated=[]
2026-08-17 21:00:10,156 - ppe_alert_consumer_0df983271a80 - INFO - [PPE Result] camera=ppe_test_cam1 | severity=none | sent_to=post_processing
2026-08-17 21:00:11,029 - ppe_alert_consumer_0df983271a80 - INFO - [PPE FRAME RECEIVED] camera=ppe_test_cam1 | severity=none | violated=[]
2026-08-17 21:00:11,030 - ppe_alert_consumer_0df983271a80 - INFO - [PPE Result] camera=ppe_test_cam1 | severity=none | sent_to=post_processing
2026-08-17 21:00:12,085 - ppe_alert_consumer_0df983271a80 - INFO - [PPE FRAME RECEIVED] camera=ppe_test_cam1 | severity=none | violated=[]
2026-08-17 21:00:12,086 - ppe_alert_consumer_0df983271a80 - INFO - [PPE Result] camera=ppe_test_cam1 | severity=none | sent_to=post_processing
2026-08-17 21:00:12,123 - ppe_alert_consumer_0df983271a80 - INFO - [PPE FRAME RECEIVED] camera=ppe_test_cam1 | severity=none | violated=[]
2026-08-17 21:00:12,124 - ppe_alert_consumer_0df983271a80 - INFO - [PPE Result] camera=ppe_test_cam1 | severity=none | sent_to=post_processing
2026-08-17 21:00:37,111 - ppe_alert_consumer_0df983271a80 - INFO - [PPE FRAME RECEIVED] camera=ppe_test_cam1 | severity=none | violated=[]
2026-08-17 21:00:37,112 - ppe_alert_consumer_0df983271a80 - INFO - [PPE Result] camera=ppe_test_cam1 | severity=none | sent_to=post_processing
2026-08-17 21:00:38,031 - ppe_alert_consumer_0df983271a80 - INFO - [PPE FRAME RECEIVED] camera=ppe_test_cam1 | severity=none | violated=[]
2026-08-17 21:00:38,032 - ppe_alert_consumer_0df983271a80 - INFO - [PPE Result] camera=ppe_test_cam1 | severity=none | sent_to=post_processing
2026-08-17 21:00:56,043 - ppe_alert_consumer_0df983271a80 - INFO - [PPE FRAME RECEIVED] camera=ppe_test_cam1 | severity=none | violated=[]
2026-08-17 21:00:56,044 - ppe_alert_consumer_0df983271a80 - INFO - [PPE Result] camera=ppe_test_cam1 | severity=none | sent_to=post_processing
2026-08-17 21:00:56,080 - ppe_alert_consumer_0df983271a80 - INFO - [PPE FRAME RECEIVED] camera=ppe_test_cam1 | severity=low | violated=['No-Shoes', 'No-Shoes']
2026-08-17 21:00:56,080 - ppe_alert_consumer_0df983271a80 - INFO - [PPE Result] camera=ppe_test_cam1 | severity=low | sent_to=post_processing
2026-08-17 21:00:57,032 - ppe_alert_consumer_0df983271a80 - INFO - [PPE FRAME RECEIVED] camera=ppe_test_cam1 | severity=none | violated=[]
2026-08-17 21:00:57,033 - ppe_alert_consumer_0df983271a80 - INFO - [PPE Result] camera=ppe_test_cam1 | severity=none | sent_to=post_processing
2026-08-17 21:00:57,062 - ppe_alert_consumer_0df983271a80 - INFO - [PPE FRAME RECEIVED] camera=ppe_test_cam1 | severity=low | violated=['No-Shoes', 'No-Shoes']
2026-08-17 21:00:57,062 - ppe_alert_consumer_0df983271a80 - INFO - [PPE Result] camera=ppe_test_cam1 | severity=low | sent_to=post_processing
2026-08-17 21:00:57,973 - ppe_alert_consumer_0df983271a80 - INFO - [PPE FRAME RECEIVED] camera=ppe_test_cam1 | severity=none | violated=[]
2026-08-17 21:00:57,974 - ppe_alert_consumer_0df983271a80 - INFO - [PPE Result] camera=ppe_test_cam1 | severity=none | sent_to=post_processing
2026-08-17 21:00:58,007 - ppe_alert_consumer_0df983271a80 - INFO - [PPE FRAME RECEIVED] camera=ppe_test_cam1 | severity=low | violated=['No-Shoes', 'No-Shoes']
2026-08-17 21:00:58,008 - ppe_alert_consumer_0df983271a80 - INFO - [PPE Result] camera=ppe_test_cam1 | severity=low | sent_to=post_processing
2026-08-17 21:00:59,095 - ppe_alert_consumer_0df983271a80 - INFO - [PPE FRAME RECEIVED] camera=ppe_test_cam1 | severity=none | violated=[]
2026-08-17 21:00:59,096 - ppe_alert_consumer_0df983271a80 - INFO - [PPE Result] camera=ppe_test_cam1 | severity=none | sent_to=post_processing
2026-08-17 21:00:59,128 - ppe_alert_consumer_0df983271a80 - INFO - [PPE FRAME RECEIVED] camera=ppe_test_cam1 | severity=low | violated=['No-Shoes', 'No-Shoes']
2026-08-17 21:00:59,129 - ppe_alert_consumer_0df983271a80 - INFO - [PPE Result] camera=ppe_test_cam1 | severity=low | sent_to=post_processing
2026-08-17 21:01:00,055 - ppe_alert_consumer_0df983271a80 - INFO - [PPE FRAME RECEIVED] camera=ppe_test_cam1 | severity=none | violated=[]
2026-08-17 21:01:00,056 - ppe_alert_consumer_0df983271a80 - INFO - [PPE Result] camera=ppe_test_cam1 | severity=none | sent_to=post_processing
2026-08-17 21:01:05,358 - ppe_alert_consumer_0df983271a80 - INFO - [PPE FRAME RECEIVED] camera=ppe_test_cam1 | severity=none | violated=[]
2026-08-17 21:01:05,359 - ppe_alert_consumer_0df983271a80 - INFO - [PPE Result] camera=ppe_test_cam1 | severity=none | sent_to=post_processing
2026-08-17 21:01:06,086 - ppe_alert_consumer_0df983271a80 - INFO - [PPE FRAME RECEIVED] camera=ppe_test_cam1 | severity=none | violated=[]
2026-08-17 21:01:06,086 - ppe_alert_consumer_0df983271a80 - INFO - [PPE Result] camera=ppe_test_cam1 | severity=none | sent_to=post_processing
2026-08-17 21:01:06,945 - ppe_alert_consumer_0df983271a80 - INFO - [PPE FRAME RECEIVED] camera=ppe_test_cam1 | severity=none | violated=[]
2026-08-17 21:01:06,945 - ppe_alert_consumer_0df983271a80 - INFO - [PPE Result] camera=ppe_test_cam1 | severity=none | sent_to=post_processing
2026-08-17 21:01:08,068 - ppe_alert_consumer_0df983271a80 - INFO - [PPE FRAME RECEIVED] camera=ppe_test_cam1 | severity=none | violated=[]
2026-08-17 21:01:08,069 - ppe_alert_consumer_0df983271a80 - INFO - [PPE Result] camera=ppe_test_cam1 | severity=none | sent_to=post_processing
2026-08-17 21:01:09,108 - ppe_alert_consumer_0df983271a80 - INFO - [PPE FRAME RECEIVED] camera=ppe_test_cam1 | severity=none | violated=[]
2026-08-17 21:01:09,109 - ppe_alert_consumer_0df983271a80 - INFO - [PPE Result] camera=ppe_test_cam1 | severity=none | sent_to=post_processing
2026-08-17 21:01:10,321 - ppe_alert_consumer_0df983271a80 - INFO - [PPE FRAME RECEIVED] camera=ppe_test_cam1 | severity=none | violated=[]
2026-08-17 21:01:10,322 - ppe_alert_consumer_0df983271a80 - INFO - [PPE Result] camera=ppe_test_cam1 | severity=none | sent_to=post_processing
2026-08-17 21:01:11,134 - ppe_alert_consumer_0df983271a80 - INFO - [PPE FRAME RECEIVED] camera=ppe_test_cam1 | severity=none | violated=[]
2026-08-17 21:01:11,135 - ppe_alert_consumer_0df983271a80 - INFO - [PPE Result] camera=ppe_test_cam1 | severity=none | sent_to=post_processing
2026-08-17 21:01:12,109 - ppe_alert_consumer_0df983271a80 - INFO - [PPE FRAME RECEIVED] camera=ppe_test_cam1 | severity=none | violated=[]
2026-08-17 21:01:12,110 - ppe_alert_consumer_0df983271a80 - INFO - [PPE Result] camera=ppe_test_cam1 | severity=none | sent_to=post_processing
2026-08-17 21:01:12,138 - ppe_alert_consumer_0df983271a80 - INFO - [PPE FRAME RECEIVED] camera=ppe_test_cam1 | severity=none | violated=[]
2026-08-17 21:01:12,140 - ppe_alert_consumer_0df983271a80 - INFO - [PPE Result] camera=ppe_test_cam1 | severity=none | sent_to=post_processing
2026-08-17 21:01:37,216 - ppe_alert_consumer_0df983271a80 - INFO - [PPE FRAME RECEIVED] camera=ppe_test_cam1 | severity=none | violated=[]
2026-08-17 21:01:37,217 - ppe_alert_consumer_0df983271a80 - INFO - [PPE Result] camera=ppe_test_cam1 | severity=none | sent_to=post_processing
2026-08-17 21:01:38,103 - ppe_alert_consumer_0df983271a80 - INFO - [PPE FRAME RECEIVED] camera=ppe_test_cam1 | severity=none | violated=[]
2026-08-17 21:01:38,104 - ppe_alert_consumer_0df983271a80 - INFO - [PPE Result] camera=ppe_test_cam1 | severity=none | sent_to=post_processing
2026-08-17 21:01:55,973 - ppe_alert_consumer_0df983271a80 - INFO - [PPE FRAME RECEIVED] camera=ppe_test_cam1 | severity=none | violated=[]
2026-08-17 21:01:55,973 - ppe_alert_consumer_0df983271a80 - INFO - [PPE Result] camera=ppe_test_cam1 | severity=none | sent_to=post_processing
2026-08-17 21:01:56,003 - ppe_alert_consumer_0df983271a80 - INFO - [PPE FRAME RECEIVED] camera=ppe_test_cam1 | severity=low | violated=['No-Shoes', 'No-Shoes']
2026-08-17 21:01:56,004 - ppe_alert_consumer_0df983271a80 - INFO - [PPE Result] camera=ppe_test_cam1 | severity=low | sent_to=post_processing
2026-08-17 21:01:57,066 - ppe_alert_consumer_0df983271a80 - INFO - [PPE FRAME RECEIVED] camera=ppe_test_cam1 | severity=none | violated=[]
2026-08-17 21:01:57,067 - ppe_alert_consumer_0df983271a80 - INFO - [PPE Result] camera=ppe_test_cam1 | severity=none | sent_to=post_processing
2026-08-17 21:01:57,067 - ppe_alert_consumer_0df983271a80 - INFO - [PPE FRAME RECEIVED] camera=ppe_test_cam1 | severity=low | violated=['No-Shoes', 'No-Shoes']
2026-08-17 21:01:57,068 - ppe_alert_consumer_0df983271a80 - INFO - [PPE Result] camera=ppe_test_cam1 | severity=low | sent_to=post_processing
2026-08-17 21:01:57,968 - ppe_alert_consumer_0df983271a80 - INFO - [PPE FRAME RECEIVED] camera=ppe_test_cam1 | severity=none | violated=[]
2026-08-17 21:01:57,969 - ppe_alert_consumer_0df983271a80 - INFO - [PPE Result] camera=ppe_test_cam1 | severity=none | sent_to=post_processing
2026-08-17 21:01:58,000 - ppe_alert_consumer_0df983271a80 - INFO - [PPE FRAME RECEIVED] camera=ppe_test_cam1 | severity=low | violated=['No-Shoes', 'No-Shoes']
2026-08-17 21:01:58,001 - ppe_alert_consumer_0df983271a80 - INFO - [PPE Result] camera=ppe_test_cam1 | severity=low | sent_to=post_processing
2026-08-17 21:01:59,044 - ppe_alert_consumer_0df983271a80 - INFO - [PPE FRAME RECEIVED] camera=ppe_test_cam1 | severity=none | violated=[]
2026-08-17 21:01:59,044 - ppe_alert_consumer_0df983271a80 - INFO - [PPE Result] camera=ppe_test_cam1 | severity=none | sent_to=post_processing
2026-08-17 21:01:59,076 - ppe_alert_consumer_0df983271a80 - INFO - [PPE FRAME RECEIVED] camera=ppe_test_cam1 | severity=low | violated=['No-Shoes', 'No-Shoes']
2026-08-17 21:01:59,077 - ppe_alert_consumer_0df983271a80 - INFO - [PPE Result] camera=ppe_test_cam1 | severity=low | sent_to=post_processing
2026-08-17 21:02:00,075 - ppe_alert_consumer_0df983271a80 - INFO - [PPE FRAME RECEIVED] camera=ppe_test_cam1 | severity=none | violated=[]
2026-08-17 21:02:00,076 - ppe_alert_consumer_0df983271a80 - INFO - [PPE Result] camera=ppe_test_cam1 | severity=none | sent_to=post_processing
2026-08-17 21:02:05,094 - ppe_alert_consumer_0df983271a80 - INFO - [PPE FRAME RECEIVED] camera=ppe_test_cam1 | severity=none | violated=[]
2026-08-17 21:02:05,095 - ppe_alert_consumer_0df983271a80 - INFO - [PPE Result] camera=ppe_test_cam1 | severity=none | sent_to=post_processing
2026-08-17 21:02:06,186 - ppe_alert_consumer_0df983271a80 - INFO - [PPE FRAME RECEIVED] camera=ppe_test_cam1 | severity=none | violated=[]
2026-08-17 21:02:06,186 - ppe_alert_consumer_0df983271a80 - INFO - [PPE Result] camera=ppe_test_cam1 | severity=none | sent_to=post_processing
2026-08-17 21:02:07,080 - ppe_alert_consumer_0df983271a80 - INFO - [PPE FRAME RECEIVED] camera=ppe_test_cam1 | severity=none | violated=[]
2026-08-17 21:02:07,081 - ppe_alert_consumer_0df983271a80 - INFO - [PPE Result] camera=ppe_test_cam1 | severity=none | sent_to=post_processing
2026-08-17 21:02:08,359 - ppe_alert_consumer_0df983271a80 - INFO - [PPE FRAME RECEIVED] camera=ppe_test_cam1 | severity=none | violated=[]
2026-08-17 21:02:08,362 - ppe_alert_consumer_0df983271a80 - INFO - [PPE Result] camera=ppe_test_cam1 | severity=none | sent_to=post_processing
2026-08-17 21:02:08,966 - ppe_alert_consumer_0df983271a80 - INFO - [PPE FRAME RECEIVED] camera=ppe_test_cam1 | severity=none | violated=[]
2026-08-17 21:02:08,967 - ppe_alert_consumer_0df983271a80 - INFO - [PPE Result] camera=ppe_test_cam1 | severity=none | sent_to=post_processing
2026-08-17 21:02:10,144 - ppe_alert_consumer_0df983271a80 - INFO - [PPE FRAME RECEIVED] camera=ppe_test_cam1 | severity=none | violated=[]
2026-08-17 21:02:10,145 - ppe_alert_consumer_0df983271a80 - INFO - [PPE Result] camera=ppe_test_cam1 | severity=none | sent_to=post_processing
2026-08-17 21:02:11,334 - ppe_alert_consumer_0df983271a80 - INFO - [PPE FRAME RECEIVED] camera=ppe_test_cam1 | severity=none | violated=[]
2026-08-17 21:02:11,335 - ppe_alert_consumer_0df983271a80 - INFO - [PPE Result] camera=ppe_test_cam1 | severity=none | sent_to=post_processing
2026-08-17 21:02:12,125 - ppe_alert_consumer_0df983271a80 - INFO - [PPE FRAME RECEIVED] camera=ppe_test_cam1 | severity=none | violated=[]
2026-08-17 21:02:12,125 - ppe_alert_consumer_0df983271a80 - INFO - [PPE Result] camera=ppe_test_cam1 | severity=none | sent_to=post_processing
2026-08-17 21:02:12,150 - ppe_alert_consumer_0df983271a80 - INFO - [PPE FRAME RECEIVED] camera=ppe_test_cam1 | severity=none | violated=[]
2026-08-17 21:02:12,151 - ppe_alert_consumer_0df983271a80 - INFO - [PPE Result] camera=ppe_test_cam1 | severity=none | sent_to=post_processing
2026-08-17 21:02:36,976 - ppe_alert_consumer_0df983271a80 - INFO - [PPE FRAME RECEIVED] camera=ppe_test_cam1 | severity=none | violated=[]
2026-08-17 21:02:36,977 - ppe_alert_consumer_0df983271a80 - INFO - [PPE Result] camera=ppe_test_cam1 | severity=none | sent_to=post_processing
2026-08-17 21:02:38,099 - ppe_alert_consumer_0df983271a80 - INFO - [PPE FRAME RECEIVED] camera=ppe_test_cam1 | severity=none | violated=[]
2026-08-17 21:02:38,101 - ppe_alert_consumer_0df983271a80 - INFO - [PPE Result] camera=ppe_test_cam1 | severity=none | sent_to=post_processing
2026-08-17 21:02:56,108 - ppe_alert_consumer_0df983271a80 - INFO - [PPE FRAME RECEIVED] camera=ppe_test_cam1 | severity=low | violated=['No-Shoes', 'No-Shoes']
2026-08-17 21:02:56,109 - ppe_alert_consumer_0df983271a80 - INFO - [PPE Result] camera=ppe_test_cam1 | severity=low | sent_to=post_processing
2026-08-17 21:02:56,109 - ppe_alert_consumer_0df983271a80 - INFO - [PPE FRAME RECEIVED] camera=ppe_test_cam1 | severity=none | violated=[]
2026-08-17 21:02:56,111 - ppe_alert_consumer_0df983271a80 - INFO - [PPE Result] camera=ppe_test_cam1 | severity=none | sent_to=post_processing
2026-08-17 21:02:57,023 - ppe_alert_consumer_0df983271a80 - INFO - [PPE FRAME RECEIVED] camera=ppe_test_cam1 | severity=none | violated=[]
2026-08-17 21:02:57,029 - ppe_alert_consumer_0df983271a80 - INFO - [PPE Result] camera=ppe_test_cam1 | severity=none | sent_to=post_processing
2026-08-17 21:02:57,057 - ppe_alert_consumer_0df983271a80 - INFO - [PPE FRAME RECEIVED] camera=ppe_test_cam1 | severity=low | violated=['No-Shoes', 'No-Shoes']
2026-08-17 21:02:57,059 - ppe_alert_consumer_0df983271a80 - INFO - [PPE Result] camera=ppe_test_cam1 | severity=low | sent_to=post_processing
2026-08-17 21:02:58,140 - ppe_alert_consumer_0df983271a80 - INFO - [PPE FRAME RECEIVED] camera=ppe_test_cam1 | severity=none | violated=[]
2026-08-17 21:02:58,141 - ppe_alert_consumer_0df983271a80 - INFO - [PPE Result] camera=ppe_test_cam1 | severity=none | sent_to=post_processing
2026-08-17 21:02:58,142 - ppe_alert_consumer_0df983271a80 - INFO - [PPE FRAME RECEIVED] camera=ppe_test_cam1 | severity=low | violated=['No-Shoes', 'No-Shoes']
2026-08-17 21:02:58,144 - ppe_alert_consumer_0df983271a80 - INFO - [PPE Result] camera=ppe_test_cam1 | severity=low | sent_to=post_processing
2026-08-17 21:02:59,078 - ppe_alert_consumer_0df983271a80 - INFO - [PPE FRAME RECEIVED] camera=ppe_test_cam1 | severity=none | violated=[]
2026-08-17 21:02:59,079 - ppe_alert_consumer_0df983271a80 - INFO - [PPE Result] camera=ppe_test_cam1 | severity=none | sent_to=post_processing
2026-08-17 21:02:59,111 - ppe_alert_consumer_0df983271a80 - INFO - [PPE FRAME RECEIVED] camera=ppe_test_cam1 | severity=low | violated=['No-Shoes', 'No-Shoes']
2026-08-17 21:02:59,112 - ppe_alert_consumer_0df983271a80 - INFO - [PPE Result] camera=ppe_test_cam1 | severity=low | sent_to=post_processing
2026-08-17 21:03:00,064 - ppe_alert_consumer_0df983271a80 - INFO - [PPE FRAME RECEIVED] camera=ppe_test_cam1 | severity=none | violated=[]
2026-08-17 21:03:00,065 - ppe_alert_consumer_0df983271a80 - INFO - [PPE Result] camera=ppe_test_cam1 | severity=none | sent_to=post_processing
2026-08-17 21:03:05,068 - ppe_alert_consumer_0df983271a80 - INFO - [PPE FRAME RECEIVED] camera=ppe_test_cam1 | severity=none | violated=[]
2026-08-17 21:03:05,070 - ppe_alert_consumer_0df983271a80 - INFO - [PPE Result] camera=ppe_test_cam1 | severity=none | sent_to=post_processing
2026-08-17 21:03:06,046 - ppe_alert_consumer_0df983271a80 - INFO - [PPE FRAME RECEIVED] camera=ppe_test_cam1 | severity=none | violated=[]
2026-08-17 21:03:06,047 - ppe_alert_consumer_0df983271a80 - INFO - [PPE Result] camera=ppe_test_cam1 | severity=none | sent_to=post_processing
2026-08-17 21:03:07,216 - ppe_alert_consumer_0df983271a80 - INFO - [PPE FRAME RECEIVED] camera=ppe_test_cam1 | severity=none | violated=[]
2026-08-17 21:03:07,217 - ppe_alert_consumer_0df983271a80 - INFO - [PPE Result] camera=ppe_test_cam1 | severity=none | sent_to=post_processing
2026-08-17 21:03:08,132 - ppe_alert_consumer_0df983271a80 - INFO - [PPE FRAME RECEIVED] camera=ppe_test_cam1 | severity=none | violated=[]
2026-08-17 21:03:08,133 - ppe_alert_consumer_0df983271a80 - INFO - [PPE Result] camera=ppe_test_cam1 | severity=none | sent_to=post_processing
2026-08-17 21:03:09,389 - ppe_alert_consumer_0df983271a80 - INFO - [PPE FRAME RECEIVED] camera=ppe_test_cam1 | severity=none | violated=[]
2026-08-17 21:03:09,391 - ppe_alert_consumer_0df983271a80 - INFO - [PPE Result] camera=ppe_test_cam1 | severity=none | sent_to=post_processing
2026-08-17 21:03:10,124 - ppe_alert_consumer_0df983271a80 - INFO - [PPE FRAME RECEIVED] camera=ppe_test_cam1 | severity=none | violated=[]
2026-08-17 21:03:10,125 - ppe_alert_consumer_0df983271a80 - INFO - [PPE Result] camera=ppe_test_cam1 | severity=none | sent_to=post_processing
2026-08-17 21:03:11,012 - ppe_alert_consumer_0df983271a80 - INFO - [PPE FRAME RECEIVED] camera=ppe_test_cam1 | severity=none | violated=[]
2026-08-17 21:03:11,013 - ppe_alert_consumer_0df983271a80 - INFO - [PPE Result] camera=ppe_test_cam1 | severity=none | sent_to=post_processing
2026-08-17 21:03:12,076 - ppe_alert_consumer_0df983271a80 - INFO - [PPE FRAME RECEIVED] camera=ppe_test_cam1 | severity=none | violated=[]
2026-08-17 21:03:12,077 - ppe_alert_consumer_0df983271a80 - INFO - [PPE Result] camera=ppe_test_cam1 | severity=none | sent_to=post_processing
2026-08-17 21:03:12,106 - ppe_alert_consumer_0df983271a80 - INFO - [PPE FRAME RECEIVED] camera=ppe_test_cam1 | severity=none | violated=[]
2026-08-17 21:03:12,107 - ppe_alert_consumer_0df983271a80 - INFO - [PPE Result] camera=ppe_test_cam1 | severity=none | sent_to=post_processing
2026-08-17 21:03:37,097 - ppe_alert_consumer_0df983271a80 - INFO - [PPE FRAME RECEIVED] camera=ppe_test_cam1 | severity=none | violated=[]
2026-08-17 21:03:37,098 - ppe_alert_consumer_0df983271a80 - INFO - [PPE Result] camera=ppe_test_cam1 | severity=none | sent_to=post_processing
2026-08-17 21:03:38,029 - ppe_alert_consumer_0df983271a80 - INFO - [PPE FRAME RECEIVED] camera=ppe_test_cam1 | severity=none | violated=[]
2026-08-17 21:03:38,030 - ppe_alert_consumer_0df983271a80 - INFO - [PPE Result] camera=ppe_test_cam1 | severity=none | sent_to=post_processing
2026-08-17 21:03:56,061 - ppe_alert_consumer_0df983271a80 - INFO - [PPE FRAME RECEIVED] camera=ppe_test_cam1 | severity=none | violated=[]
2026-08-17 21:03:56,062 - ppe_alert_consumer_0df983271a80 - INFO - [PPE Result] camera=ppe_test_cam1 | severity=none | sent_to=post_processing
2026-08-17 21:03:56,093 - ppe_alert_consumer_0df983271a80 - INFO - [PPE FRAME RECEIVED] camera=ppe_test_cam1 | severity=low | violated=['No-Shoes', 'No-Shoes']
2026-08-17 21:03:56,094 - ppe_alert_consumer_0df983271a80 - INFO - [PPE Result] camera=ppe_test_cam1 | severity=low | sent_to=post_processing
2026-08-17 21:03:57,062 - ppe_alert_consumer_0df983271a80 - INFO - [PPE FRAME RECEIVED] camera=ppe_test_cam1 | severity=low | violated=['No-Shoes', 'No-Shoes']
2026-08-17 21:03:57,063 - ppe_alert_consumer_0df983271a80 - INFO - [PPE Result] camera=ppe_test_cam1 | severity=low | sent_to=post_processing
2026-08-17 21:03:57,063 - ppe_alert_consumer_0df983271a80 - INFO - [PPE FRAME RECEIVED] camera=ppe_test_cam1 | severity=none | violated=[]
2026-08-17 21:03:57,065 - ppe_alert_consumer_0df983271a80 - INFO - [PPE Result] camera=ppe_test_cam1 | severity=none | sent_to=post_processing
2026-08-17 21:03:58,013 - ppe_alert_consumer_0df983271a80 - INFO - [PPE FRAME RECEIVED] camera=ppe_test_cam1 | severity=none | violated=[]
2026-08-17 21:03:58,013 - ppe_alert_consumer_0df983271a80 - INFO - [PPE Result] camera=ppe_test_cam1 | severity=none | sent_to=post_processing
2026-08-17 21:03:58,044 - ppe_alert_consumer_0df983271a80 - INFO - [PPE FRAME RECEIVED] camera=ppe_test_cam1 | severity=low | violated=['No-Shoes', 'No-Shoes']
2026-08-17 21:03:58,045 - ppe_alert_consumer_0df983271a80 - INFO - [PPE Result] camera=ppe_test_cam1 | severity=low | sent_to=post_processing
2026-08-17 21:03:59,061 - ppe_alert_consumer_0df983271a80 - INFO - [PPE FRAME RECEIVED] camera=ppe_test_cam1 | severity=none | violated=[]
2026-08-17 21:03:59,062 - ppe_alert_consumer_0df983271a80 - INFO - [PPE Result] camera=ppe_test_cam1 | severity=none | sent_to=post_processing
2026-08-17 21:03:59,091 - ppe_alert_consumer_0df983271a80 - INFO - [PPE FRAME RECEIVED] camera=ppe_test_cam1 | severity=low | violated=['No-Shoes', 'No-Shoes']
2026-08-17 21:03:59,092 - ppe_alert_consumer_0df983271a80 - INFO - [PPE Result] camera=ppe_test_cam1 | severity=low | sent_to=post_processing
2026-08-17 21:03:59,945 - ppe_alert_consumer_0df983271a80 - INFO - [PPE FRAME RECEIVED] camera=ppe_test_cam1 | severity=none | violated=[]
2026-08-17 21:03:59,946 - ppe_alert_consumer_0df983271a80 - INFO - [PPE Result] camera=ppe_test_cam1 | severity=none | sent_to=post_processing
2026-08-17 21:04:04,968 - ppe_alert_consumer_0df983271a80 - INFO - [PPE FRAME RECEIVED] camera=ppe_test_cam1 | severity=none | violated=[]
2026-08-17 21:04:04,969 - ppe_alert_consumer_0df983271a80 - INFO - [PPE Result] camera=ppe_test_cam1 | severity=none | sent_to=post_processing
2026-08-17 21:04:06,079 - ppe_alert_consumer_0df983271a80 - INFO - [PPE FRAME RECEIVED] camera=ppe_test_cam1 | severity=none | violated=[]
2026-08-17 21:04:06,079 - ppe_alert_consumer_0df983271a80 - INFO - [PPE Result] camera=ppe_test_cam1 | severity=none | sent_to=post_processing
2026-08-17 21:04:07,047 - ppe_alert_consumer_0df983271a80 - INFO - [PPE FRAME RECEIVED] camera=ppe_test_cam1 | severity=none | violated=[]
2026-08-17 21:04:07,048 - ppe_alert_consumer_0df983271a80 - INFO - [PPE Result] camera=ppe_test_cam1 | severity=none | sent_to=post_processing
2026-08-17 21:04:08,239 - ppe_alert_consumer_0df983271a80 - INFO - [PPE FRAME RECEIVED] camera=ppe_test_cam1 | severity=none | violated=[]
2026-08-17 21:04:08,240 - ppe_alert_consumer_0df983271a80 - INFO - [PPE Result] camera=ppe_test_cam1 | severity=none | sent_to=post_processing
2026-08-17 21:04:09,138 - ppe_alert_consumer_0df983271a80 - INFO - [PPE FRAME RECEIVED] camera=ppe_test_cam1 | severity=none | violated=[]
2026-08-17 21:04:09,139 - ppe_alert_consumer_0df983271a80 - INFO - [PPE Result] camera=ppe_test_cam1 | severity=none | sent_to=post_processing
2026-08-17 21:04:10,169 - ppe_alert_consumer_0df983271a80 - INFO - [PPE FRAME RECEIVED] camera=ppe_test_cam1 | severity=none | violated=[]
2026-08-17 21:04:10,170 - ppe_alert_consumer_0df983271a80 - INFO - [PPE Result] camera=ppe_test_cam1 | severity=none | sent_to=post_processing
2026-08-17 21:04:11,091 - ppe_alert_consumer_0df983271a80 - INFO - [PPE FRAME RECEIVED] camera=ppe_test_cam1 | severity=none | violated=[]
2026-08-17 21:04:11,092 - ppe_alert_consumer_0df983271a80 - INFO - [PPE Result] camera=ppe_test_cam1 | severity=none | sent_to=post_processing
2026-08-17 21:04:12,125 - ppe_alert_consumer_0df983271a80 - INFO - [PPE FRAME RECEIVED] camera=ppe_test_cam1 | severity=none | violated=[]
2026-08-17 21:04:12,126 - ppe_alert_consumer_0df983271a80 - INFO - [PPE Result] camera=ppe_test_cam1 | severity=none | sent_to=post_processing
2026-08-17 21:04:12,153 - ppe_alert_consumer_0df983271a80 - INFO - [PPE FRAME RECEIVED] camera=ppe_test_cam1 | severity=none | violated=[]
2026-08-17 21:04:12,154 - ppe_alert_consumer_0df983271a80 - INFO - [PPE Result] camera=ppe_test_cam1 | severity=none | sent_to=post_processing
2026-08-17 21:04:37,135 - ppe_alert_consumer_0df983271a80 - INFO - [PPE FRAME RECEIVED] camera=ppe_test_cam1 | severity=none | violated=[]
2026-08-17 21:04:37,136 - ppe_alert_consumer_0df983271a80 - INFO - [PPE Result] camera=ppe_test_cam1 | severity=none | sent_to=post_processing
2026-08-17 21:04:38,086 - ppe_alert_consumer_0df983271a80 - INFO - [PPE FRAME RECEIVED] camera=ppe_test_cam1 | severity=none | violated=[]
2026-08-17 21:04:38,087 - ppe_alert_consumer_0df983271a80 - INFO - [PPE Result] camera=ppe_test_cam1 | severity=none | sent_to=post_processing
2026-08-17 21:04:56,014 - ppe_alert_consumer_0df983271a80 - INFO - [PPE FRAME RECEIVED] camera=ppe_test_cam1 | severity=none | violated=[]
2026-08-17 21:04:56,015 - ppe_alert_consumer_0df983271a80 - INFO - [PPE Result] camera=ppe_test_cam1 | severity=none | sent_to=post_processing
2026-08-17 21:04:56,046 - ppe_alert_consumer_0df983271a80 - INFO - [PPE FRAME RECEIVED] camera=ppe_test_cam1 | severity=low | violated=['No-Shoes', 'No-Shoes']
2026-08-17 21:04:56,047 - ppe_alert_consumer_0df983271a80 - INFO - [PPE Result] camera=ppe_test_cam1 | severity=low | sent_to=post_processing
2026-08-17 21:04:57,031 - ppe_alert_consumer_0df983271a80 - INFO - [PPE FRAME RECEIVED] camera=ppe_test_cam1 | severity=none | violated=[]
2026-08-17 21:04:57,031 - ppe_alert_consumer_0df983271a80 - INFO - [PPE Result] camera=ppe_test_cam1 | severity=none | sent_to=post_processing
2026-08-17 21:04:57,066 - ppe_alert_consumer_0df983271a80 - INFO - [PPE FRAME RECEIVED] camera=ppe_test_cam1 | severity=low | violated=['No-Shoes', 'No-Shoes']
2026-08-17 21:04:57,067 - ppe_alert_consumer_0df983271a80 - INFO - [PPE Result] camera=ppe_test_cam1 | severity=low | sent_to=post_processing
2026-08-17 21:04:58,168 - ppe_alert_consumer_0df983271a80 - INFO - [PPE FRAME RECEIVED] camera=ppe_test_cam1 | severity=none | violated=[]
2026-08-17 21:04:58,168 - ppe_alert_consumer_0df983271a80 - INFO - [PPE Result] camera=ppe_test_cam1 | severity=none | sent_to=post_processing
2026-08-17 21:04:58,169 - ppe_alert_consumer_0df983271a80 - INFO - [PPE FRAME RECEIVED] camera=ppe_test_cam1 | severity=low | violated=['No-Shoes', 'No-Shoes']
2026-08-17 21:04:58,171 - ppe_alert_consumer_0df983271a80 - INFO - [PPE Result] camera=ppe_test_cam1 | severity=low | sent_to=post_processing
2026-08-17 21:04:59,113 - ppe_alert_consumer_0df983271a80 - INFO - [PPE FRAME RECEIVED] camera=ppe_test_cam1 | severity=low | violated=['No-Shoes', 'No-Shoes']
2026-08-17 21:04:59,114 - ppe_alert_consumer_0df983271a80 - INFO - [PPE Result] camera=ppe_test_cam1 | severity=low | sent_to=post_processing
2026-08-17 21:04:59,114 - ppe_alert_consumer_0df983271a80 - INFO - [PPE FRAME RECEIVED] camera=ppe_test_cam1 | severity=none | violated=[]
2026-08-17 21:04:59,115 - ppe_alert_consumer_0df983271a80 - INFO - [PPE Result] camera=ppe_test_cam1 | severity=none | sent_to=post_processing
2026-08-17 21:05:00,079 - ppe_alert_consumer_0df983271a80 - INFO - [PPE FRAME RECEIVED] camera=ppe_test_cam1 | severity=none | violated=[]
2026-08-17 21:05:00,080 - ppe_alert_consumer_0df983271a80 - INFO - [PPE Result] camera=ppe_test_cam1 | severity=none | sent_to=post_processing
2026-08-17 21:05:05,089 - ppe_alert_consumer_0df983271a80 - INFO - [PPE FRAME RECEIVED] camera=ppe_test_cam1 | severity=none | violated=[]
2026-08-17 21:05:05,090 - ppe_alert_consumer_0df983271a80 - INFO - [PPE Result] camera=ppe_test_cam1 | severity=none | sent_to=post_processing
2026-08-17 21:05:06,062 - ppe_alert_consumer_0df983271a80 - INFO - [PPE FRAME RECEIVED] camera=ppe_test_cam1 | severity=none | violated=[]
2026-08-17 21:05:06,063 - ppe_alert_consumer_0df983271a80 - INFO - [PPE Result] camera=ppe_test_cam1 | severity=none | sent_to=post_processing
2026-08-17 21:05:07,047 - ppe_alert_consumer_0df983271a80 - INFO - [PPE FRAME RECEIVED] camera=ppe_test_cam1 | severity=none | violated=[]
2026-08-17 21:05:07,048 - ppe_alert_consumer_0df983271a80 - INFO - [PPE Result] camera=ppe_test_cam1 | severity=none | sent_to=post_processing
2026-08-17 21:05:08,149 - ppe_alert_consumer_0df983271a80 - INFO - [PPE FRAME RECEIVED] camera=ppe_test_cam1 | severity=none | violated=[]
2026-08-17 21:05:08,149 - ppe_alert_consumer_0df983271a80 - INFO - [PPE Result] camera=ppe_test_cam1 | severity=none | sent_to=post_processing
2026-08-17 21:05:09,288 - ppe_alert_consumer_0df983271a80 - INFO - [PPE FRAME RECEIVED] camera=ppe_test_cam1 | severity=none | violated=[]
2026-08-17 21:05:09,289 - ppe_alert_consumer_0df983271a80 - INFO - [PPE Result] camera=ppe_test_cam1 | severity=none | sent_to=post_processing
2026-08-17 21:05:10,094 - ppe_alert_consumer_0df983271a80 - INFO - [PPE FRAME RECEIVED] camera=ppe_test_cam1 | severity=none | violated=[]
2026-08-17 21:05:10,095 - ppe_alert_consumer_0df983271a80 - INFO - [PPE Result] camera=ppe_test_cam1 | severity=none | sent_to=post_processing
2026-08-17 21:05:11,184 - ppe_alert_consumer_0df983271a80 - INFO - [PPE FRAME RECEIVED] camera=ppe_test_cam1 | severity=none | violated=[]
2026-08-17 21:05:11,185 - ppe_alert_consumer_0df983271a80 - INFO - [PPE Result] camera=ppe_test_cam1 | severity=none | sent_to=post_processing
2026-08-17 21:05:12,100 - ppe_alert_consumer_0df983271a80 - INFO - [PPE FRAME RECEIVED] camera=ppe_test_cam1 | severity=none | violated=[]
2026-08-17 21:05:12,101 - ppe_alert_consumer_0df983271a80 - INFO - [PPE Result] camera=ppe_test_cam1 | severity=none | sent_to=post_processing
2026-08-17 21:05:12,132 - ppe_alert_consumer_0df983271a80 - INFO - [PPE FRAME RECEIVED] camera=ppe_test_cam1 | severity=none | violated=[]
2026-08-17 21:05:12,133 - ppe_alert_consumer_0df983271a80 - INFO - [PPE Result] camera=ppe_test_cam1 | severity=none | sent_to=post_processing
2026-08-17 21:05:36,976 - ppe_alert_consumer_0df983271a80 - INFO - [PPE FRAME RECEIVED] camera=ppe_test_cam1 | severity=none | violated=[]
2026-08-17 21:05:36,977 - ppe_alert_consumer_0df983271a80 - INFO - [PPE Result] camera=ppe_test_cam1 | severity=none | sent_to=post_processing
2026-08-17 21:05:38,061 - ppe_alert_consumer_0df983271a80 - INFO - [PPE FRAME RECEIVED] camera=ppe_test_cam1 | severity=none | violated=[]
2026-08-17 21:05:38,062 - ppe_alert_consumer_0df983271a80 - INFO - [PPE Result] camera=ppe_test_cam1 | severity=none | sent_to=post_processing
2026-08-17 21:05:56,102 - ppe_alert_consumer_0df983271a80 - INFO - [PPE FRAME RECEIVED] camera=ppe_test_cam1 | severity=none | violated=[]
2026-08-17 21:05:56,102 - ppe_alert_consumer_0df983271a80 - INFO - [PPE Result] camera=ppe_test_cam1 | severity=none | sent_to=post_processing
2026-08-17 21:05:56,134 - ppe_alert_consumer_0df983271a80 - INFO - [PPE FRAME RECEIVED] camera=ppe_test_cam1 | severity=low | violated=['No-Shoes', 'No-Shoes']
2026-08-17 21:05:56,135 - ppe_alert_consumer_0df983271a80 - INFO - [PPE Result] camera=ppe_test_cam1 | severity=low | sent_to=post_processing
2026-08-17 21:05:56,940 - ppe_alert_consumer_0df983271a80 - INFO - [PPE FRAME RECEIVED] camera=ppe_test_cam1 | severity=none | violated=[]
2026-08-17 21:05:56,940 - ppe_alert_consumer_0df983271a80 - INFO - [PPE Result] camera=ppe_test_cam1 | severity=none | sent_to=post_processing
2026-08-17 21:05:56,971 - ppe_alert_consumer_0df983271a80 - INFO - [PPE FRAME RECEIVED] camera=ppe_test_cam1 | severity=low | violated=['No-Shoes', 'No-Shoes']
2026-08-17 21:05:56,972 - ppe_alert_consumer_0df983271a80 - INFO - [PPE Result] camera=ppe_test_cam1 | severity=low | sent_to=post_processing
2026-08-17 21:05:58,115 - ppe_alert_consumer_0df983271a80 - INFO - [PPE FRAME RECEIVED] camera=ppe_test_cam1 | severity=none | violated=[]
2026-08-17 21:05:58,116 - ppe_alert_consumer_0df983271a80 - INFO - [PPE Result] camera=ppe_test_cam1 | severity=none | sent_to=post_processing
2026-08-17 21:05:58,116 - ppe_alert_consumer_0df983271a80 - INFO - [PPE FRAME RECEIVED] camera=ppe_test_cam1 | severity=low | violated=['No-Shoes', 'No-Shoes']
2026-08-17 21:05:58,118 - ppe_alert_consumer_0df983271a80 - INFO - [PPE Result] camera=ppe_test_cam1 | severity=low | sent_to=post_processing
2026-08-17 21:05:59,117 - ppe_alert_consumer_0df983271a80 - INFO - [PPE FRAME RECEIVED] camera=ppe_test_cam1 | severity=low | violated=['No-Shoes', 'No-Shoes']
2026-08-17 21:05:59,118 - ppe_alert_consumer_0df983271a80 - INFO - [PPE Result] camera=ppe_test_cam1 | severity=low | sent_to=post_processing
2026-08-17 21:05:59,119 - ppe_alert_consumer_0df983271a80 - INFO - [PPE FRAME RECEIVED] camera=ppe_test_cam1 | severity=none | violated=[]
2026-08-17 21:05:59,120 - ppe_alert_consumer_0df983271a80 - INFO - [PPE Result] camera=ppe_test_cam1 | severity=none | sent_to=post_processing
2026-08-17 21:05:59,961 - ppe_alert_consumer_0df983271a80 - INFO - [PPE FRAME RECEIVED] camera=ppe_test_cam1 | severity=none | violated=[]
2026-08-17 21:05:59,962 - ppe_alert_consumer_0df983271a80 - INFO - [PPE Result] camera=ppe_test_cam1 | severity=none | sent_to=post_processing
2026-08-17 21:06:05,057 - ppe_alert_consumer_0df983271a80 - INFO - [PPE FRAME RECEIVED] camera=ppe_test_cam1 | severity=none | violated=[]
2026-08-17 21:06:05,059 - ppe_alert_consumer_0df983271a80 - INFO - [PPE Result] camera=ppe_test_cam1 | severity=none | sent_to=post_processing
2026-08-17 21:06:06,104 - ppe_alert_consumer_0df983271a80 - INFO - [PPE FRAME RECEIVED] camera=ppe_test_cam1 | severity=none | violated=[]
2026-08-17 21:06:06,105 - ppe_alert_consumer_0df983271a80 - INFO - [PPE Result] camera=ppe_test_cam1 | severity=none | sent_to=post_processing
2026-08-17 21:06:06,931 - ppe_alert_consumer_0df983271a80 - INFO - [PPE FRAME RECEIVED] camera=ppe_test_cam1 | severity=none | violated=[]
2026-08-17 21:06:06,932 - ppe_alert_consumer_0df983271a80 - INFO - [PPE Result] camera=ppe_test_cam1 | severity=none | sent_to=post_processing
2026-08-17 21:06:08,082 - ppe_alert_consumer_0df983271a80 - INFO - [PPE FRAME RECEIVED] camera=ppe_test_cam1 | severity=none | violated=[]
2026-08-17 21:06:08,083 - ppe_alert_consumer_0df983271a80 - INFO - [PPE Result] camera=ppe_test_cam1 | severity=none | sent_to=post_processing
2026-08-17 21:06:09,184 - ppe_alert_consumer_0df983271a80 - INFO - [PPE FRAME RECEIVED] camera=ppe_test_cam1 | severity=none | violated=[]
2026-08-17 21:06:09,185 - ppe_alert_consumer_0df983271a80 - INFO - [PPE Result] camera=ppe_test_cam1 | severity=none | sent_to=post_processing
2026-08-17 21:06:10,225 - ppe_alert_consumer_0df983271a80 - INFO - [PPE FRAME RECEIVED] camera=ppe_test_cam1 | severity=none | violated=[]
2026-08-17 21:06:10,226 - ppe_alert_consumer_0df983271a80 - INFO - [PPE Result] camera=ppe_test_cam1 | severity=none | sent_to=post_processing
2026-08-17 21:06:11,135 - ppe_alert_consumer_0df983271a80 - INFO - [PPE FRAME RECEIVED] camera=ppe_test_cam1 | severity=none | violated=[]
2026-08-17 21:06:11,135 - ppe_alert_consumer_0df983271a80 - INFO - [PPE Result] camera=ppe_test_cam1 | severity=none | sent_to=post_processing
2026-08-17 21:06:12,095 - ppe_alert_consumer_0df983271a80 - INFO - [PPE FRAME RECEIVED] camera=ppe_test_cam1 | severity=none | violated=[]
2026-08-17 21:06:12,096 - ppe_alert_consumer_0df983271a80 - INFO - [PPE Result] camera=ppe_test_cam1 | severity=none | sent_to=post_processing
2026-08-17 21:06:12,096 - ppe_alert_consumer_0df983271a80 - INFO - [PPE FRAME RECEIVED] camera=ppe_test_cam1 | severity=none | violated=[]
2026-08-17 21:06:12,098 - ppe_alert_consumer_0df983271a80 - INFO - [PPE Result] camera=ppe_test_cam1 | severity=none | sent_to=post_processing
2026-08-17 21:06:37,023 - ppe_alert_consumer_0df983271a80 - INFO - [PPE FRAME RECEIVED] camera=ppe_test_cam1 | severity=none | violated=[]
2026-08-17 21:06:37,024 - ppe_alert_consumer_0df983271a80 - INFO - [PPE Result] camera=ppe_test_cam1 | severity=none | sent_to=post_processing
2026-08-17 21:06:38,081 - ppe_alert_consumer_0df983271a80 - INFO - [PPE FRAME RECEIVED] camera=ppe_test_cam1 | severity=none | violated=[]
2026-08-17 21:06:38,082 - ppe_alert_consumer_0df983271a80 - INFO - [PPE Result] camera=ppe_test_cam1 | severity=none | sent_to=post_processing
2026-08-17 21:06:56,045 - ppe_alert_consumer_0df983271a80 - INFO - [PPE FRAME RECEIVED] camera=ppe_test_cam1 | severity=none | violated=[]
2026-08-17 21:06:56,046 - ppe_alert_consumer_0df983271a80 - INFO - [PPE Result] camera=ppe_test_cam1 | severity=none | sent_to=post_processing
2026-08-17 21:06:56,079 - ppe_alert_consumer_0df983271a80 - INFO - [PPE FRAME RECEIVED] camera=ppe_test_cam1 | severity=low | violated=['No-Shoes', 'No-Shoes']
2026-08-17 21:06:56,080 - ppe_alert_consumer_0df983271a80 - INFO - [PPE Result] camera=ppe_test_cam1 | severity=low | sent_to=post_processing
2026-08-17 21:06:57,011 - ppe_alert_consumer_0df983271a80 - INFO - [PPE FRAME RECEIVED] camera=ppe_test_cam1 | severity=none | violated=[]
2026-08-17 21:06:57,012 - ppe_alert_consumer_0df983271a80 - INFO - [PPE Result] camera=ppe_test_cam1 | severity=none | sent_to=post_processing
2026-08-17 21:06:57,044 - ppe_alert_consumer_0df983271a80 - INFO - [PPE FRAME RECEIVED] camera=ppe_test_cam1 | severity=low | violated=['No-Shoes', 'No-Shoes']
2026-08-17 21:06:57,045 - ppe_alert_consumer_0df983271a80 - INFO - [PPE Result] camera=ppe_test_cam1 | severity=low | sent_to=post_processing
2026-08-17 21:06:57,984 - ppe_alert_consumer_0df983271a80 - INFO - [PPE FRAME RECEIVED] camera=ppe_test_cam1 | severity=none | violated=[]
2026-08-17 21:06:57,985 - ppe_alert_consumer_0df983271a80 - INFO - [PPE Result] camera=ppe_test_cam1 | severity=none | sent_to=post_processing
2026-08-17 21:06:57,987 - ppe_alert_consumer_0df983271a80 - INFO - [PPE FRAME RECEIVED] camera=ppe_test_cam1 | severity=low | violated=['No-Shoes', 'No-Shoes']
2026-08-17 21:06:57,989 - ppe_alert_consumer_0df983271a80 - INFO - [PPE Result] camera=ppe_test_cam1 | severity=low | sent_to=post_processing
2026-08-17 21:06:59,074 - ppe_alert_consumer_0df983271a80 - INFO - [PPE FRAME RECEIVED] camera=ppe_test_cam1 | severity=none | violated=[]
2026-08-17 21:06:59,075 - ppe_alert_consumer_0df983271a80 - INFO - [PPE Result] camera=ppe_test_cam1 | severity=none | sent_to=post_processing
2026-08-17 21:06:59,107 - ppe_alert_consumer_0df983271a80 - INFO - [PPE FRAME RECEIVED] camera=ppe_test_cam1 | severity=low | violated=['No-Shoes', 'No-Shoes']
2026-08-17 21:06:59,108 - ppe_alert_consumer_0df983271a80 - INFO - [PPE Result] camera=ppe_test_cam1 | severity=low | sent_to=post_processing
2026-08-17 21:06:59,985 - ppe_alert_consumer_0df983271a80 - INFO - [PPE FRAME RECEIVED] camera=ppe_test_cam1 | severity=none | violated=[]
2026-08-17 21:06:59,986 - ppe_alert_consumer_0df983271a80 - INFO - [PPE Result] camera=ppe_test_cam1 | severity=none | sent_to=post_processing
2026-08-17 21:07:05,074 - ppe_alert_consumer_0df983271a80 - INFO - [PPE FRAME RECEIVED] camera=ppe_test_cam1 | severity=none | violated=[]
2026-08-17 21:07:05,077 - ppe_alert_consumer_0df983271a80 - INFO - [PPE Result] camera=ppe_test_cam1 | severity=none | sent_to=post_processing
2026-08-17 21:07:05,938 - ppe_alert_consumer_0df983271a80 - INFO - [PPE FRAME RECEIVED] camera=ppe_test_cam1 | severity=none | violated=[]
2026-08-17 21:07:05,939 - ppe_alert_consumer_0df983271a80 - INFO - [PPE Result] camera=ppe_test_cam1 | severity=none | sent_to=post_processing
2026-08-17 21:07:07,039 - ppe_alert_consumer_0df983271a80 - INFO - [PPE FRAME RECEIVED] camera=ppe_test_cam1 | severity=none | violated=[]
2026-08-17 21:07:07,040 - ppe_alert_consumer_0df983271a80 - INFO - [PPE Result] camera=ppe_test_cam1 | severity=none | sent_to=post_processing
2026-08-17 21:07:08,073 - ppe_alert_consumer_0df983271a80 - INFO - [PPE FRAME RECEIVED] camera=ppe_test_cam1 | severity=none | violated=[]
2026-08-17 21:07:08,074 - ppe_alert_consumer_0df983271a80 - INFO - [PPE Result] camera=ppe_test_cam1 | severity=none | sent_to=post_processing
2026-08-17 21:07:09,030 - ppe_alert_consumer_0df983271a80 - INFO - [PPE FRAME RECEIVED] camera=ppe_test_cam1 | severity=none | violated=[]
2026-08-17 21:07:09,031 - ppe_alert_consumer_0df983271a80 - INFO - [PPE Result] camera=ppe_test_cam1 | severity=none | sent_to=post_processing
2026-08-17 21:07:10,168 - ppe_alert_consumer_0df983271a80 - INFO - [PPE FRAME RECEIVED] camera=ppe_test_cam1 | severity=none | violated=[]
2026-08-17 21:07:10,169 - ppe_alert_consumer_0df983271a80 - INFO - [PPE Result] camera=ppe_test_cam1 | severity=none | sent_to=post_processing
2026-08-17 21:07:11,166 - ppe_alert_consumer_0df983271a80 - INFO - [PPE FRAME RECEIVED] camera=ppe_test_cam1 | severity=none | violated=[]
2026-08-17 21:07:11,167 - ppe_alert_consumer_0df983271a80 - INFO - [PPE Result] camera=ppe_test_cam1 | severity=none | sent_to=post_processing
2026-08-17 21:07:12,122 - ppe_alert_consumer_0df983271a80 - INFO - [PPE FRAME RECEIVED] camera=ppe_test_cam1 | severity=none | violated=[]
2026-08-17 21:07:12,123 - ppe_alert_consumer_0df983271a80 - INFO - [PPE Result] camera=ppe_test_cam1 | severity=none | sent_to=post_processing
2026-08-17 21:07:12,123 - ppe_alert_consumer_0df983271a80 - INFO - [PPE FRAME RECEIVED] camera=ppe_test_cam1 | severity=none | violated=[]
2026-08-17 21:07:12,125 - ppe_alert_consumer_0df983271a80 - INFO - [PPE Result] camera=ppe_test_cam1 | severity=none | sent_to=post_processing
2026-08-17 21:07:37,117 - ppe_alert_consumer_0df983271a80 - INFO - [PPE FRAME RECEIVED] camera=ppe_test_cam1 | severity=none | violated=[]
2026-08-17 21:07:37,117 - ppe_alert_consumer_0df983271a80 - INFO - [PPE Result] camera=ppe_test_cam1 | severity=none | sent_to=post_processing
2026-08-17 21:07:38,089 - ppe_alert_consumer_0df983271a80 - INFO - [PPE FRAME RECEIVED] camera=ppe_test_cam1 | severity=none | violated=[]
2026-08-17 21:07:38,090 - ppe_alert_consumer_0df983271a80 - INFO - [PPE Result] camera=ppe_test_cam1 | severity=none | sent_to=post_processing
2026-08-17 21:07:56,057 - ppe_alert_consumer_0df983271a80 - INFO - [PPE FRAME RECEIVED] camera=ppe_test_cam1 | severity=none | violated=[]
2026-08-17 21:07:56,057 - ppe_alert_consumer_0df983271a80 - INFO - [PPE Result] camera=ppe_test_cam1 | severity=none | sent_to=post_processing
2026-08-17 21:07:56,091 - ppe_alert_consumer_0df983271a80 - INFO - [PPE FRAME RECEIVED] camera=ppe_test_cam1 | severity=low | violated=['No-Shoes', 'No-Shoes']
2026-08-17 21:07:56,091 - ppe_alert_consumer_0df983271a80 - INFO - [PPE Result] camera=ppe_test_cam1 | severity=low | sent_to=post_processing
2026-08-17 21:07:57,087 - ppe_alert_consumer_0df983271a80 - INFO - [PPE FRAME RECEIVED] camera=ppe_test_cam1 | severity=none | violated=[]
2026-08-17 21:07:57,088 - ppe_alert_consumer_0df983271a80 - INFO - [PPE Result] camera=ppe_test_cam1 | severity=none | sent_to=post_processing
2026-08-17 21:07:57,088 - ppe_alert_consumer_0df983271a80 - INFO - [PPE FRAME RECEIVED] camera=ppe_test_cam1 | severity=low | violated=['No-Shoes', 'No-Shoes']
2026-08-17 21:07:57,089 - ppe_alert_consumer_0df983271a80 - INFO - [PPE Result] camera=ppe_test_cam1 | severity=low | sent_to=post_processing
2026-08-17 21:07:58,092 - ppe_alert_consumer_0df983271a80 - INFO - [PPE FRAME RECEIVED] camera=ppe_test_cam1 | severity=none | violated=[]
2026-08-17 21:07:58,093 - ppe_alert_consumer_0df983271a80 - INFO - [PPE Result] camera=ppe_test_cam1 | severity=none | sent_to=post_processing
2026-08-17 21:07:58,119 - ppe_alert_consumer_0df983271a80 - INFO - [PPE FRAME RECEIVED] camera=ppe_test_cam1 | severity=low | violated=['No-Shoes', 'No-Shoes']
2026-08-17 21:07:58,120 - ppe_alert_consumer_0df983271a80 - INFO - [PPE Result] camera=ppe_test_cam1 | severity=low | sent_to=post_processing
2026-08-17 21:07:59,125 - ppe_alert_consumer_0df983271a80 - INFO - [PPE FRAME RECEIVED] camera=ppe_test_cam1 | severity=low | violated=['No-Shoes', 'No-Shoes']
2026-08-17 21:07:59,126 - ppe_alert_consumer_0df983271a80 - INFO - [PPE Result] camera=ppe_test_cam1 | severity=low | sent_to=post_processing
2026-08-17 21:07:59,127 - ppe_alert_consumer_0df983271a80 - INFO - [PPE FRAME RECEIVED] camera=ppe_test_cam1 | severity=none | violated=[]
2026-08-17 21:07:59,128 - ppe_alert_consumer_0df983271a80 - INFO - [PPE Result] camera=ppe_test_cam1 | severity=none | sent_to=post_processing
2026-08-17 21:07:59,940 - ppe_alert_consumer_0df983271a80 - INFO - [PPE FRAME RECEIVED] camera=ppe_test_cam1 | severity=none | violated=[]
2026-08-17 21:07:59,941 - ppe_alert_consumer_0df983271a80 - INFO - [PPE Result] camera=ppe_test_cam1 | severity=none | sent_to=post_processing
2026-08-17 21:08:05,087 - ppe_alert_consumer_0df983271a80 - INFO - [PPE FRAME RECEIVED] camera=ppe_test_cam1 | severity=none | violated=[]
2026-08-17 21:08:05,088 - ppe_alert_consumer_0df983271a80 - INFO - [PPE Result] camera=ppe_test_cam1 | severity=none | sent_to=post_processing
2026-08-17 21:08:06,048 - ppe_alert_consumer_0df983271a80 - INFO - [PPE FRAME RECEIVED] camera=ppe_test_cam1 | severity=none | violated=[]
2026-08-17 21:08:06,049 - ppe_alert_consumer_0df983271a80 - INFO - [PPE Result] camera=ppe_test_cam1 | severity=none | sent_to=post_processing
2026-08-17 21:08:07,010 - ppe_alert_consumer_0df983271a80 - INFO - [PPE FRAME RECEIVED] camera=ppe_test_cam1 | severity=none | violated=[]
2026-08-17 21:08:07,011 - ppe_alert_consumer_0df983271a80 - INFO - [PPE Result] camera=ppe_test_cam1 | severity=none | sent_to=post_processing
2026-08-17 21:08:08,054 - ppe_alert_consumer_0df983271a80 - INFO - [PPE FRAME RECEIVED] camera=ppe_test_cam1 | severity=none | violated=[]
2026-08-17 21:08:08,055 - ppe_alert_consumer_0df983271a80 - INFO - [PPE Result] camera=ppe_test_cam1 | severity=none | sent_to=post_processing
2026-08-17 21:08:09,110 - ppe_alert_consumer_0df983271a80 - INFO - [PPE FRAME RECEIVED] camera=ppe_test_cam1 | severity=none | violated=[]
2026-08-17 21:08:09,111 - ppe_alert_consumer_0df983271a80 - INFO - [PPE Result] camera=ppe_test_cam1 | severity=none | sent_to=post_processing
2026-08-17 21:08:09,979 - ppe_alert_consumer_0df983271a80 - INFO - [PPE FRAME RECEIVED] camera=ppe_test_cam1 | severity=none | violated=[]
2026-08-17 21:08:09,980 - ppe_alert_consumer_0df983271a80 - INFO - [PPE Result] camera=ppe_test_cam1 | severity=none | sent_to=post_processing
2026-08-17 21:08:11,125 - ppe_alert_consumer_0df983271a80 - INFO - [PPE FRAME RECEIVED] camera=ppe_test_cam1 | severity=none | violated=[]
2026-08-17 21:08:11,126 - ppe_alert_consumer_0df983271a80 - INFO - [PPE Result] camera=ppe_test_cam1 | severity=none | sent_to=post_processing
2026-08-17 21:08:12,248 - ppe_alert_consumer_0df983271a80 - INFO - [PPE FRAME RECEIVED] camera=ppe_test_cam1 | severity=none | violated=[]
2026-08-17 21:08:12,248 - ppe_alert_consumer_0df983271a80 - INFO - [PPE Result] camera=ppe_test_cam1 | severity=none | sent_to=post_processing
2026-08-17 21:08:12,282 - ppe_alert_consumer_0df983271a80 - INFO - [PPE FRAME RECEIVED] camera=ppe_test_cam1 | severity=none | violated=[]
2026-08-17 21:08:12,283 - ppe_alert_consumer_0df983271a80 - INFO - [PPE Result] camera=ppe_test_cam1 | severity=none | sent_to=post_processing
2026-08-17 21:08:37,080 - ppe_alert_consumer_0df983271a80 - INFO - [PPE FRAME RECEIVED] camera=ppe_test_cam1 | severity=none | violated=[]
2026-08-17 21:08:37,083 - ppe_alert_consumer_0df983271a80 - INFO - [PPE Result] camera=ppe_test_cam1 | severity=none | sent_to=post_processing
2026-08-17 21:08:38,055 - ppe_alert_consumer_0df983271a80 - INFO - [PPE FRAME RECEIVED] camera=ppe_test_cam1 | severity=none | violated=[]
2026-08-17 21:08:38,056 - ppe_alert_consumer_0df983271a80 - INFO - [PPE Result] camera=ppe_test_cam1 | severity=none | sent_to=post_processing
2026-08-17 21:08:56,052 - ppe_alert_consumer_0df983271a80 - INFO - [PPE FRAME RECEIVED] camera=ppe_test_cam1 | severity=low | violated=['No-Shoes', 'No-Shoes']
2026-08-17 21:08:56,053 - ppe_alert_consumer_0df983271a80 - INFO - [PPE Result] camera=ppe_test_cam1 | severity=low | sent_to=post_processing
2026-08-17 21:08:56,054 - ppe_alert_consumer_0df983271a80 - INFO - [PPE FRAME RECEIVED] camera=ppe_test_cam1 | severity=none | violated=[]
2026-08-17 21:08:56,056 - ppe_alert_consumer_0df983271a80 - INFO - [PPE Result] camera=ppe_test_cam1 | severity=none | sent_to=post_processing
2026-08-17 21:08:57,022 - ppe_alert_consumer_0df983271a80 - INFO - [PPE FRAME RECEIVED] camera=ppe_test_cam1 | severity=none | violated=[]
2026-08-17 21:08:57,023 - ppe_alert_consumer_0df983271a80 - INFO - [PPE Result] camera=ppe_test_cam1 | severity=none | sent_to=post_processing
2026-08-17 21:08:57,055 - ppe_alert_consumer_0df983271a80 - INFO - [PPE FRAME RECEIVED] camera=ppe_test_cam1 | severity=low | violated=['No-Shoes', 'No-Shoes']
2026-08-17 21:08:57,056 - ppe_alert_consumer_0df983271a80 - INFO - [PPE Result] camera=ppe_test_cam1 | severity=low | sent_to=post_processing
2026-08-17 21:08:57,962 - ppe_alert_consumer_0df983271a80 - INFO - [PPE FRAME RECEIVED] camera=ppe_test_cam1 | severity=none | violated=[]
2026-08-17 21:08:57,963 - ppe_alert_consumer_0df983271a80 - INFO - [PPE Result] camera=ppe_test_cam1 | severity=none | sent_to=post_processing
2026-08-17 21:08:57,995 - ppe_alert_consumer_0df983271a80 - INFO - [PPE FRAME RECEIVED] camera=ppe_test_cam1 | severity=low | violated=['No-Shoes', 'No-Shoes']
2026-08-17 21:08:57,996 - ppe_alert_consumer_0df983271a80 - INFO - [PPE Result] camera=ppe_test_cam1 | severity=low | sent_to=post_processing
2026-08-17 21:08:59,051 - ppe_alert_consumer_0df983271a80 - INFO - [PPE FRAME RECEIVED] camera=ppe_test_cam1 | severity=none | violated=[]
2026-08-17 21:08:59,051 - ppe_alert_consumer_0df983271a80 - INFO - [PPE Result] camera=ppe_test_cam1 | severity=none | sent_to=post_processing
2026-08-17 21:08:59,085 - ppe_alert_consumer_0df983271a80 - INFO - [PPE FRAME RECEIVED] camera=ppe_test_cam1 | severity=low | violated=['No-Shoes', 'No-Shoes']
2026-08-17 21:08:59,086 - ppe_alert_consumer_0df983271a80 - INFO - [PPE Result] camera=ppe_test_cam1 | severity=low | sent_to=post_processing
2026-08-17 21:09:00,042 - ppe_alert_consumer_0df983271a80 - INFO - [PPE FRAME RECEIVED] camera=ppe_test_cam1 | severity=none | violated=[]
2026-08-17 21:09:00,043 - ppe_alert_consumer_0df983271a80 - INFO - [PPE Result] camera=ppe_test_cam1 | severity=none | sent_to=post_processing
2026-08-17 21:09:05,061 - ppe_alert_consumer_0df983271a80 - INFO - [PPE FRAME RECEIVED] camera=ppe_test_cam1 | severity=none | violated=[]
2026-08-17 21:09:05,062 - ppe_alert_consumer_0df983271a80 - INFO - [PPE Result] camera=ppe_test_cam1 | severity=none | sent_to=post_processing
2026-08-17 21:09:06,089 - ppe_alert_consumer_0df983271a80 - INFO - [PPE FRAME RECEIVED] camera=ppe_test_cam1 | severity=none | violated=[]
2026-08-17 21:09:06,090 - ppe_alert_consumer_0df983271a80 - INFO - [PPE Result] camera=ppe_test_cam1 | severity=none | sent_to=post_processing
2026-08-17 21:09:07,051 - ppe_alert_consumer_0df983271a80 - INFO - [PPE FRAME RECEIVED] camera=ppe_test_cam1 | severity=none | violated=[]
2026-08-17 21:09:07,052 - ppe_alert_consumer_0df983271a80 - INFO - [PPE Result] camera=ppe_test_cam1 | severity=none | sent_to=post_processing
2026-08-17 21:09:08,052 - ppe_alert_consumer_0df983271a80 - INFO - [PPE FRAME RECEIVED] camera=ppe_test_cam1 | severity=none | violated=[]
2026-08-17 21:09:08,053 - ppe_alert_consumer_0df983271a80 - INFO - [PPE Result] camera=ppe_test_cam1 | severity=none | sent_to=post_processing
2026-08-17 21:09:09,064 - ppe_alert_consumer_0df983271a80 - INFO - [PPE FRAME RECEIVED] camera=ppe_test_cam1 | severity=none | violated=[]
2026-08-17 21:09:09,065 - ppe_alert_consumer_0df983271a80 - INFO - [PPE Result] camera=ppe_test_cam1 | severity=none | sent_to=post_processing
2026-08-17 21:09:10,112 - ppe_alert_consumer_0df983271a80 - INFO - [PPE FRAME RECEIVED] camera=ppe_test_cam1 | severity=none | violated=[]
2026-08-17 21:09:10,113 - ppe_alert_consumer_0df983271a80 - INFO - [PPE Result] camera=ppe_test_cam1 | severity=none | sent_to=post_processing
2026-08-17 21:09:11,057 - ppe_alert_consumer_0df983271a80 - INFO - [PPE FRAME RECEIVED] camera=ppe_test_cam1 | severity=none | violated=[]
2026-08-17 21:09:11,058 - ppe_alert_consumer_0df983271a80 - INFO - [PPE Result] camera=ppe_test_cam1 | severity=none | sent_to=post_processing
2026-08-17 21:09:12,107 - ppe_alert_consumer_0df983271a80 - INFO - [PPE FRAME RECEIVED] camera=ppe_test_cam1 | severity=none | violated=[]
2026-08-17 21:09:12,108 - ppe_alert_consumer_0df983271a80 - INFO - [PPE Result] camera=ppe_test_cam1 | severity=none | sent_to=post_processing
2026-08-17 21:09:12,139 - ppe_alert_consumer_0df983271a80 - INFO - [PPE FRAME RECEIVED] camera=ppe_test_cam1 | severity=none | violated=[]
2026-08-17 21:09:12,140 - ppe_alert_consumer_0df983271a80 - INFO - [PPE Result] camera=ppe_test_cam1 | severity=none | sent_to=post_processing
2026-08-17 21:09:37,104 - ppe_alert_consumer_0df983271a80 - INFO - [PPE FRAME RECEIVED] camera=ppe_test_cam1 | severity=none | violated=[]
2026-08-17 21:09:37,104 - ppe_alert_consumer_0df983271a80 - INFO - [PPE Result] camera=ppe_test_cam1 | severity=none | sent_to=post_processing
2026-08-17 21:09:37,993 - ppe_alert_consumer_0df983271a80 - INFO - [PPE FRAME RECEIVED] camera=ppe_test_cam1 | severity=none | violated=[]
2026-08-17 21:09:37,994 - ppe_alert_consumer_0df983271a80 - INFO - [PPE Result] camera=ppe_test_cam1 | severity=none | sent_to=post_processing
2026-08-17 21:09:56,049 - ppe_alert_consumer_0df983271a80 - INFO - [PPE FRAME RECEIVED] camera=ppe_test_cam1 | severity=none | violated=[]
2026-08-17 21:09:56,049 - ppe_alert_consumer_0df983271a80 - INFO - [PPE Result] camera=ppe_test_cam1 | severity=none | sent_to=post_processing
2026-08-17 21:09:56,078 - ppe_alert_consumer_0df983271a80 - INFO - [PPE FRAME RECEIVED] camera=ppe_test_cam1 | severity=low | violated=['No-Shoes', 'No-Shoes']
2026-08-17 21:09:56,079 - ppe_alert_consumer_0df983271a80 - INFO - [PPE Result] camera=ppe_test_cam1 | severity=low | sent_to=post_processing
2026-08-17 21:09:57,002 - ppe_alert_consumer_0df983271a80 - INFO - [PPE FRAME RECEIVED] camera=ppe_test_cam1 | severity=low | violated=['No-Shoes', 'No-Shoes']
2026-08-17 21:09:57,003 - ppe_alert_consumer_0df983271a80 - INFO - [PPE Result] camera=ppe_test_cam1 | severity=low | sent_to=post_processing
2026-08-17 21:09:57,004 - ppe_alert_consumer_0df983271a80 - INFO - [PPE FRAME RECEIVED] camera=ppe_test_cam1 | severity=none | violated=[]
2026-08-17 21:09:57,005 - ppe_alert_consumer_0df983271a80 - INFO - [PPE Result] camera=ppe_test_cam1 | severity=none | sent_to=post_processing
2026-08-17 21:09:58,012 - ppe_alert_consumer_0df983271a80 - INFO - [PPE FRAME RECEIVED] camera=ppe_test_cam1 | severity=low | violated=['No-Shoes', 'No-Shoes']
2026-08-17 21:09:58,013 - ppe_alert_consumer_0df983271a80 - INFO - [PPE Result] camera=ppe_test_cam1 | severity=low | sent_to=post_processing
2026-08-17 21:09:58,014 - ppe_alert_consumer_0df983271a80 - INFO - [PPE FRAME RECEIVED] camera=ppe_test_cam1 | severity=none | violated=[]
2026-08-17 21:09:58,016 - ppe_alert_consumer_0df983271a80 - INFO - [PPE Result] camera=ppe_test_cam1 | severity=none | sent_to=post_processing
2026-08-17 21:09:59,056 - ppe_alert_consumer_0df983271a80 - INFO - [PPE FRAME RECEIVED] camera=ppe_test_cam1 | severity=none | violated=[]
2026-08-17 21:09:59,057 - ppe_alert_consumer_0df983271a80 - INFO - [PPE Result] camera=ppe_test_cam1 | severity=none | sent_to=post_processing
2026-08-17 21:09:59,086 - ppe_alert_consumer_0df983271a80 - INFO - [PPE FRAME RECEIVED] camera=ppe_test_cam1 | severity=low | violated=['No-Shoes', 'No-Shoes']
2026-08-17 21:09:59,087 - ppe_alert_consumer_0df983271a80 - INFO - [PPE Result] camera=ppe_test_cam1 | severity=low | sent_to=post_processing
2026-08-17 21:10:00,095 - ppe_alert_consumer_0df983271a80 - INFO - [PPE FRAME RECEIVED] camera=ppe_test_cam1 | severity=none | violated=[]
2026-08-17 21:10:00,096 - ppe_alert_consumer_0df983271a80 - INFO - [PPE Result] camera=ppe_test_cam1 | severity=none | sent_to=post_processing
2026-08-17 21:10:05,000 - ppe_alert_consumer_0df983271a80 - INFO - [PPE FRAME RECEIVED] camera=ppe_test_cam1 | severity=none | violated=[]
2026-08-17 21:10:05,003 - ppe_alert_consumer_0df983271a80 - INFO - [PPE Result] camera=ppe_test_cam1 | severity=none | sent_to=post_processing
2026-08-17 21:10:06,009 - ppe_alert_consumer_0df983271a80 - INFO - [PPE FRAME RECEIVED] camera=ppe_test_cam1 | severity=none | violated=[]
2026-08-17 21:10:06,010 - ppe_alert_consumer_0df983271a80 - INFO - [PPE Result] camera=ppe_test_cam1 | severity=none | sent_to=post_processing
2026-08-17 21:10:07,089 - ppe_alert_consumer_0df983271a80 - INFO - [PPE FRAME RECEIVED] camera=ppe_test_cam1 | severity=none | violated=[]
2026-08-17 21:10:07,090 - ppe_alert_consumer_0df983271a80 - INFO - [PPE Result] camera=ppe_test_cam1 | severity=none | sent_to=post_processing
2026-08-17 21:10:08,058 - ppe_alert_consumer_0df983271a80 - INFO - [PPE FRAME RECEIVED] camera=ppe_test_cam1 | severity=none | violated=[]
2026-08-17 21:10:08,059 - ppe_alert_consumer_0df983271a80 - INFO - [PPE Result] camera=ppe_test_cam1 | severity=none | sent_to=post_processing
2026-08-17 21:10:09,074 - ppe_alert_consumer_0df983271a80 - INFO - [PPE FRAME RECEIVED] camera=ppe_test_cam1 | severity=none | violated=[]
2026-08-17 21:10:09,075 - ppe_alert_consumer_0df983271a80 - INFO - [PPE Result] camera=ppe_test_cam1 | severity=none | sent_to=post_processing
2026-08-17 21:10:10,060 - ppe_alert_consumer_0df983271a80 - INFO - [PPE FRAME RECEIVED] camera=ppe_test_cam1 | severity=none | violated=[]
2026-08-17 21:10:10,061 - ppe_alert_consumer_0df983271a80 - INFO - [PPE Result] camera=ppe_test_cam1 | severity=none | sent_to=post_processing
2026-08-17 21:10:11,082 - ppe_alert_consumer_0df983271a80 - INFO - [PPE FRAME RECEIVED] camera=ppe_test_cam1 | severity=none | violated=[]
2026-08-17 21:10:11,083 - ppe_alert_consumer_0df983271a80 - INFO - [PPE Result] camera=ppe_test_cam1 | severity=none | sent_to=post_processing
2026-08-17 21:10:12,062 - ppe_alert_consumer_0df983271a80 - INFO - [PPE FRAME RECEIVED] camera=ppe_test_cam1 | severity=none | violated=[]
2026-08-17 21:10:12,062 - ppe_alert_consumer_0df983271a80 - INFO - [PPE Result] camera=ppe_test_cam1 | severity=none | sent_to=post_processing
2026-08-17 21:10:12,095 - ppe_alert_consumer_0df983271a80 - INFO - [PPE FRAME RECEIVED] camera=ppe_test_cam1 | severity=none | violated=[]
2026-08-17 21:10:12,096 - ppe_alert_consumer_0df983271a80 - INFO - [PPE Result] camera=ppe_test_cam1 | severity=none | sent_to=post_processing
2026-08-17 21:10:37,000 - ppe_alert_consumer_0df983271a80 - INFO - [PPE FRAME RECEIVED] camera=ppe_test_cam1 | severity=none | violated=[]
2026-08-17 21:10:37,001 - ppe_alert_consumer_0df983271a80 - INFO - [PPE Result] camera=ppe_test_cam1 | severity=none | sent_to=post_processing
2026-08-17 21:10:38,013 - ppe_alert_consumer_0df983271a80 - INFO - [PPE FRAME RECEIVED] camera=ppe_test_cam1 | severity=none | violated=[]
2026-08-17 21:10:38,014 - ppe_alert_consumer_0df983271a80 - INFO - [PPE Result] camera=ppe_test_cam1 | severity=none | sent_to=post_processing
2026-08-17 21:10:56,086 - ppe_alert_consumer_0df983271a80 - INFO - [PPE FRAME RECEIVED] camera=ppe_test_cam1 | severity=none | violated=[]
2026-08-17 21:10:56,087 - ppe_alert_consumer_0df983271a80 - INFO - [PPE Result] camera=ppe_test_cam1 | severity=none | sent_to=post_processing
2026-08-17 21:10:56,118 - ppe_alert_consumer_0df983271a80 - INFO - [PPE FRAME RECEIVED] camera=ppe_test_cam1 | severity=low | violated=['No-Shoes', 'No-Shoes']
2026-08-17 21:10:56,120 - ppe_alert_consumer_0df983271a80 - INFO - [PPE Result] camera=ppe_test_cam1 | severity=low | sent_to=post_processing
2026-08-17 21:10:56,935 - ppe_alert_consumer_0df983271a80 - INFO - [PPE FRAME RECEIVED] camera=ppe_test_cam1 | severity=none | violated=[]
2026-08-17 21:10:56,936 - ppe_alert_consumer_0df983271a80 - INFO - [PPE Result] camera=ppe_test_cam1 | severity=none | sent_to=post_processing
2026-08-17 21:10:56,968 - ppe_alert_consumer_0df983271a80 - INFO - [PPE FRAME RECEIVED] camera=ppe_test_cam1 | severity=low | violated=['No-Shoes', 'No-Shoes']
2026-08-17 21:10:56,969 - ppe_alert_consumer_0df983271a80 - INFO - [PPE Result] camera=ppe_test_cam1 | severity=low | sent_to=post_processing
2026-08-17 21:10:58,161 - ppe_alert_consumer_0df983271a80 - INFO - [PPE FRAME RECEIVED] camera=ppe_test_cam1 | severity=none | violated=[]
2026-08-17 21:10:58,162 - ppe_alert_consumer_0df983271a80 - INFO - [PPE Result] camera=ppe_test_cam1 | severity=none | sent_to=post_processing
2026-08-17 21:10:58,163 - ppe_alert_consumer_0df983271a80 - INFO - [PPE FRAME RECEIVED] camera=ppe_test_cam1 | severity=low | violated=['No-Shoes', 'No-Shoes']
2026-08-17 21:10:58,165 - ppe_alert_consumer_0df983271a80 - INFO - [PPE Result] camera=ppe_test_cam1 | severity=low | sent_to=post_processing
2026-08-17 21:10:59,095 - ppe_alert_consumer_0df983271a80 - INFO - [PPE FRAME RECEIVED] camera=ppe_test_cam1 | severity=none | violated=[]
2026-08-17 21:10:59,096 - ppe_alert_consumer_0df983271a80 - INFO - [PPE Result] camera=ppe_test_cam1 | severity=none | sent_to=post_processing
2026-08-17 21:10:59,126 - ppe_alert_consumer_0df983271a80 - INFO - [PPE FRAME RECEIVED] camera=ppe_test_cam1 | severity=low | violated=['No-Shoes', 'No-Shoes']
2026-08-17 21:10:59,127 - ppe_alert_consumer_0df983271a80 - INFO - [PPE Result] camera=ppe_test_cam1 | severity=low | sent_to=post_processing
2026-08-17 21:10:59,945 - ppe_alert_consumer_0df983271a80 - INFO - [PPE FRAME RECEIVED] camera=ppe_test_cam1 | severity=none | violated=[]
2026-08-17 21:10:59,946 - ppe_alert_consumer_0df983271a80 - INFO - [PPE Result] camera=ppe_test_cam1 | severity=none | sent_to=post_processing
2026-08-17 21:11:04,931 - ppe_alert_consumer_0df983271a80 - INFO - [PPE FRAME RECEIVED] camera=ppe_test_cam1 | severity=none | violated=[]
2026-08-17 21:11:04,932 - ppe_alert_consumer_0df983271a80 - INFO - [PPE Result] camera=ppe_test_cam1 | severity=none | sent_to=post_processing
2026-08-17 21:11:06,063 - ppe_alert_consumer_0df983271a80 - INFO - [PPE FRAME RECEIVED] camera=ppe_test_cam1 | severity=none | violated=[]
2026-08-17 21:11:06,063 - ppe_alert_consumer_0df983271a80 - INFO - [PPE Result] camera=ppe_test_cam1 | severity=none | sent_to=post_processing
2026-08-17 21:11:07,041 - ppe_alert_consumer_0df983271a80 - INFO - [PPE FRAME RECEIVED] camera=ppe_test_cam1 | severity=none | violated=[]
2026-08-17 21:11:07,042 - ppe_alert_consumer_0df983271a80 - INFO - [PPE Result] camera=ppe_test_cam1 | severity=none | sent_to=post_processing
2026-08-17 21:11:08,157 - ppe_alert_consumer_0df983271a80 - INFO - [PPE FRAME RECEIVED] camera=ppe_test_cam1 | severity=none | violated=[]
2026-08-17 21:11:08,158 - ppe_alert_consumer_0df983271a80 - INFO - [PPE Result] camera=ppe_test_cam1 | severity=none | sent_to=post_processing
2026-08-17 21:11:09,100 - ppe_alert_consumer_0df983271a80 - INFO - [PPE FRAME RECEIVED] camera=ppe_test_cam1 | severity=none | violated=[]
2026-08-17 21:11:09,101 - ppe_alert_consumer_0df983271a80 - INFO - [PPE Result] camera=ppe_test_cam1 | severity=none | sent_to=post_processing
2026-08-17 21:11:09,965 - ppe_alert_consumer_0df983271a80 - INFO - [PPE FRAME RECEIVED] camera=ppe_test_cam1 | severity=none | violated=[]
2026-08-17 21:11:09,966 - ppe_alert_consumer_0df983271a80 - INFO - [PPE Result] camera=ppe_test_cam1 | severity=none | sent_to=post_processing
2026-08-17 21:11:11,083 - ppe_alert_consumer_0df983271a80 - INFO - [PPE FRAME RECEIVED] camera=ppe_test_cam1 | severity=none | violated=[]
2026-08-17 21:11:11,084 - ppe_alert_consumer_0df983271a80 - INFO - [PPE Result] camera=ppe_test_cam1 | severity=none | sent_to=post_processing
2026-08-17 21:11:12,146 - ppe_alert_consumer_0df983271a80 - INFO - [PPE FRAME RECEIVED] camera=ppe_test_cam1 | severity=none | violated=[]
2026-08-17 21:11:12,148 - ppe_alert_consumer_0df983271a80 - INFO - [PPE Result] camera=ppe_test_cam1 | severity=none | sent_to=post_processing
2026-08-17 21:11:12,149 - ppe_alert_consumer_0df983271a80 - INFO - [PPE FRAME RECEIVED] camera=ppe_test_cam1 | severity=none | violated=[]
2026-08-17 21:11:12,150 - ppe_alert_consumer_0df983271a80 - INFO - [PPE Result] camera=ppe_test_cam1 | severity=none | sent_to=post_processing
2026-08-17 21:11:37,042 - ppe_alert_consumer_0df983271a80 - INFO - [PPE FRAME RECEIVED] camera=ppe_test_cam1 | severity=none | violated=[]
2026-08-17 21:11:37,042 - ppe_alert_consumer_0df983271a80 - INFO - [PPE Result] camera=ppe_test_cam1 | severity=none | sent_to=post_processing
2026-08-17 21:11:38,074 - ppe_alert_consumer_0df983271a80 - INFO - [PPE FRAME RECEIVED] camera=ppe_test_cam1 | severity=none | violated=[]
2026-08-17 21:11:38,075 - ppe_alert_consumer_0df983271a80 - INFO - [PPE Result] camera=ppe_test_cam1 | severity=none | sent_to=post_processing
2026-08-17 21:11:55,994 - ppe_alert_consumer_0df983271a80 - INFO - [PPE FRAME RECEIVED] camera=ppe_test_cam1 | severity=low | violated=['No-Shoes', 'No-Shoes']
2026-08-17 21:11:55,994 - ppe_alert_consumer_0df983271a80 - INFO - [PPE Result] camera=ppe_test_cam1 | severity=low | sent_to=post_processing
2026-08-17 21:11:55,995 - ppe_alert_consumer_0df983271a80 - INFO - [PPE FRAME RECEIVED] camera=ppe_test_cam1 | severity=none | violated=[]
2026-08-17 21:11:55,996 - ppe_alert_consumer_0df983271a80 - INFO - [PPE Result] camera=ppe_test_cam1 | severity=none | sent_to=post_processing
2026-08-17 21:11:57,076 - ppe_alert_consumer_0df983271a80 - INFO - [PPE FRAME RECEIVED] camera=ppe_test_cam1 | severity=low | violated=['No-Shoes', 'No-Shoes']
2026-08-17 21:11:57,077 - ppe_alert_consumer_0df983271a80 - INFO - [PPE Result] camera=ppe_test_cam1 | severity=low | sent_to=post_processing
2026-08-17 21:11:57,077 - ppe_alert_consumer_0df983271a80 - INFO - [PPE FRAME RECEIVED] camera=ppe_test_cam1 | severity=none | violated=[]
2026-08-17 21:11:57,079 - ppe_alert_consumer_0df983271a80 - INFO - [PPE Result] camera=ppe_test_cam1 | severity=none | sent_to=post_processing
2026-08-17 21:11:58,098 - ppe_alert_consumer_0df983271a80 - INFO - [PPE FRAME RECEIVED] camera=ppe_test_cam1 | severity=none | violated=[]
2026-08-17 21:11:58,099 - ppe_alert_consumer_0df983271a80 - INFO - [PPE Result] camera=ppe_test_cam1 | severity=none | sent_to=post_processing
2026-08-17 21:11:58,128 - ppe_alert_consumer_0df983271a80 - INFO - [PPE FRAME RECEIVED] camera=ppe_test_cam1 | severity=low | violated=['No-Shoes', 'No-Shoes']
2026-08-17 21:11:58,129 - ppe_alert_consumer_0df983271a80 - INFO - [PPE Result] camera=ppe_test_cam1 | severity=low | sent_to=post_processing
2026-08-17 21:11:59,225 - ppe_alert_consumer_0df983271a80 - INFO - [PPE FRAME RECEIVED] camera=ppe_test_cam1 | severity=low | violated=['No-Shoes', 'No-Shoes']
2026-08-17 21:11:59,226 - ppe_alert_consumer_0df983271a80 - INFO - [PPE Result] camera=ppe_test_cam1 | severity=low | sent_to=post_processing
2026-08-17 21:11:59,226 - ppe_alert_consumer_0df983271a80 - INFO - [PPE FRAME RECEIVED] camera=ppe_test_cam1 | severity=none | violated=[]
2026-08-17 21:11:59,227 - ppe_alert_consumer_0df983271a80 - INFO - [PPE Result] camera=ppe_test_cam1 | severity=none | sent_to=post_processing
2026-08-17 21:12:00,070 - ppe_alert_consumer_0df983271a80 - INFO - [PPE FRAME RECEIVED] camera=ppe_test_cam1 | severity=none | violated=[]
2026-08-17 21:12:00,071 - ppe_alert_consumer_0df983271a80 - INFO - [PPE Result] camera=ppe_test_cam1 | severity=none | sent_to=post_processing
2026-08-17 21:12:05,029 - ppe_alert_consumer_0df983271a80 - INFO - [PPE FRAME RECEIVED] camera=ppe_test_cam1 | severity=none | violated=[]
2026-08-17 21:12:05,030 - ppe_alert_consumer_0df983271a80 - INFO - [PPE Result] camera=ppe_test_cam1 | severity=none | sent_to=post_processing
2026-08-17 21:12:06,063 - ppe_alert_consumer_0df983271a80 - INFO - [PPE FRAME RECEIVED] camera=ppe_test_cam1 | severity=none | violated=[]
2026-08-17 21:12:06,063 - ppe_alert_consumer_0df983271a80 - INFO - [PPE Result] camera=ppe_test_cam1 | severity=none | sent_to=post_processing
2026-08-17 21:12:06,916 - ppe_alert_consumer_0df983271a80 - INFO - [PPE FRAME RECEIVED] camera=ppe_test_cam1 | severity=none | violated=[]
2026-08-17 21:12:06,917 - ppe_alert_consumer_0df983271a80 - INFO - [PPE Result] camera=ppe_test_cam1 | severity=none | sent_to=post_processing
2026-08-17 21:12:08,047 - ppe_alert_consumer_0df983271a80 - INFO - [PPE FRAME RECEIVED] camera=ppe_test_cam1 | severity=none | violated=[]
2026-08-17 21:12:08,047 - ppe_alert_consumer_0df983271a80 - INFO - [PPE Result] camera=ppe_test_cam1 | severity=none | sent_to=post_processing
2026-08-17 21:12:09,115 - ppe_alert_consumer_0df983271a80 - INFO - [PPE FRAME RECEIVED] camera=ppe_test_cam1 | severity=none | violated=[]
2026-08-17 21:12:09,116 - ppe_alert_consumer_0df983271a80 - INFO - [PPE Result] camera=ppe_test_cam1 | severity=none | sent_to=post_processing
2026-08-17 21:12:10,071 - ppe_alert_consumer_0df983271a80 - INFO - [PPE FRAME RECEIVED] camera=ppe_test_cam1 | severity=none | violated=[]
2026-08-17 21:12:10,072 - ppe_alert_consumer_0df983271a80 - INFO - [PPE Result] camera=ppe_test_cam1 | severity=none | sent_to=post_processing
2026-08-17 21:12:11,089 - ppe_alert_consumer_0df983271a80 - INFO - [PPE FRAME RECEIVED] camera=ppe_test_cam1 | severity=none | violated=[]
2026-08-17 21:12:11,090 - ppe_alert_consumer_0df983271a80 - INFO - [PPE Result] camera=ppe_test_cam1 | severity=none | sent_to=post_processing
2026-08-17 21:12:12,103 - ppe_alert_consumer_0df983271a80 - INFO - [PPE FRAME RECEIVED] camera=ppe_test_cam1 | severity=none | violated=[]
2026-08-17 21:12:12,104 - ppe_alert_consumer_0df983271a80 - INFO - [PPE Result] camera=ppe_test_cam1 | severity=none | sent_to=post_processing
2026-08-17 21:12:12,104 - ppe_alert_consumer_0df983271a80 - INFO - [PPE FRAME RECEIVED] camera=ppe_test_cam1 | severity=none | violated=[]
2026-08-17 21:12:12,106 - ppe_alert_consumer_0df983271a80 - INFO - [PPE Result] camera=ppe_test_cam1 | severity=none | sent_to=post_processing
2026-08-17 21:12:37,102 - ppe_alert_consumer_0df983271a80 - INFO - [PPE FRAME RECEIVED] camera=ppe_test_cam1 | severity=none | violated=[]
2026-08-17 21:12:37,103 - ppe_alert_consumer_0df983271a80 - INFO - [PPE Result] camera=ppe_test_cam1 | severity=none | sent_to=post_processing
2026-08-17 21:12:38,107 - ppe_alert_consumer_0df983271a80 - INFO - [PPE FRAME RECEIVED] camera=ppe_test_cam1 | severity=none | violated=[]
2026-08-17 21:12:38,108 - ppe_alert_consumer_0df983271a80 - INFO - [PPE Result] camera=ppe_test_cam1 | severity=none | sent_to=post_processing
2026-08-17 21:12:55,973 - ppe_alert_consumer_0df983271a80 - INFO - [PPE FRAME RECEIVED] camera=ppe_test_cam1 | severity=low | violated=['No-Shoes', 'No-Shoes']
2026-08-17 21:12:55,974 - ppe_alert_consumer_0df983271a80 - INFO - [PPE Result] camera=ppe_test_cam1 | severity=low | sent_to=post_processing
2026-08-17 21:12:55,974 - ppe_alert_consumer_0df983271a80 - INFO - [PPE FRAME RECEIVED] camera=ppe_test_cam1 | severity=none | violated=[]
2026-08-17 21:12:55,976 - ppe_alert_consumer_0df983271a80 - INFO - [PPE Result] camera=ppe_test_cam1 | severity=none | sent_to=post_processing
2026-08-17 21:12:57,037 - ppe_alert_consumer_0df983271a80 - INFO - [PPE FRAME RECEIVED] camera=ppe_test_cam1 | severity=none | violated=[]
2026-08-17 21:12:57,038 - ppe_alert_consumer_0df983271a80 - INFO - [PPE Result] camera=ppe_test_cam1 | severity=none | sent_to=post_processing
2026-08-17 21:12:57,071 - ppe_alert_consumer_0df983271a80 - INFO - [PPE FRAME RECEIVED] camera=ppe_test_cam1 | severity=low | violated=['No-Shoes', 'No-Shoes']
2026-08-17 21:12:57,072 - ppe_alert_consumer_0df983271a80 - INFO - [PPE Result] camera=ppe_test_cam1 | severity=low | sent_to=post_processing
2026-08-17 21:12:58,124 - ppe_alert_consumer_0df983271a80 - INFO - [PPE FRAME RECEIVED] camera=ppe_test_cam1 | severity=low | violated=['No-Shoes', 'No-Shoes']
2026-08-17 21:12:58,125 - ppe_alert_consumer_0df983271a80 - INFO - [PPE Result] camera=ppe_test_cam1 | severity=low | sent_to=post_processing
2026-08-17 21:12:58,126 - ppe_alert_consumer_0df983271a80 - INFO - [PPE FRAME RECEIVED] camera=ppe_test_cam1 | severity=none | violated=[]
2026-08-17 21:12:58,128 - ppe_alert_consumer_0df983271a80 - INFO - [PPE Result] camera=ppe_test_cam1 | severity=none | sent_to=post_processing
2026-08-17 21:12:59,054 - ppe_alert_consumer_0df983271a80 - INFO - [PPE FRAME RECEIVED] camera=ppe_test_cam1 | severity=none | violated=[]
2026-08-17 21:12:59,055 - ppe_alert_consumer_0df983271a80 - INFO - [PPE Result] camera=ppe_test_cam1 | severity=none | sent_to=post_processing
2026-08-17 21:12:59,086 - ppe_alert_consumer_0df983271a80 - INFO - [PPE FRAME RECEIVED] camera=ppe_test_cam1 | severity=low | violated=['No-Shoes', 'No-Shoes']
2026-08-17 21:12:59,087 - ppe_alert_consumer_0df983271a80 - INFO - [PPE Result] camera=ppe_test_cam1 | severity=low | sent_to=post_processing
2026-08-17 21:13:00,075 - ppe_alert_consumer_0df983271a80 - INFO - [PPE FRAME RECEIVED] camera=ppe_test_cam1 | severity=none | violated=[]
2026-08-17 21:13:00,076 - ppe_alert_consumer_0df983271a80 - INFO - [PPE Result] camera=ppe_test_cam1 | severity=none | sent_to=post_processing
2026-08-17 21:13:05,041 - ppe_alert_consumer_0df983271a80 - INFO - [PPE FRAME RECEIVED] camera=ppe_test_cam1 | severity=none | violated=[]
2026-08-17 21:13:05,044 - ppe_alert_consumer_0df983271a80 - INFO - [PPE Result] camera=ppe_test_cam1 | severity=none | sent_to=post_processing
2026-08-17 21:13:06,040 - ppe_alert_consumer_0df983271a80 - INFO - [PPE FRAME RECEIVED] camera=ppe_test_cam1 | severity=none | violated=[]
2026-08-17 21:13:06,040 - ppe_alert_consumer_0df983271a80 - INFO - [PPE Result] camera=ppe_test_cam1 | severity=none | sent_to=post_processing
2026-08-17 21:13:06,999 - ppe_alert_consumer_0df983271a80 - INFO - [PPE FRAME RECEIVED] camera=ppe_test_cam1 | severity=none | violated=[]
2026-08-17 21:13:07,000 - ppe_alert_consumer_0df983271a80 - INFO - [PPE Result] camera=ppe_test_cam1 | severity=none | sent_to=post_processing
2026-08-17 21:13:08,008 - ppe_alert_consumer_0df983271a80 - INFO - [PPE FRAME RECEIVED] camera=ppe_test_cam1 | severity=none | violated=[]
2026-08-17 21:13:08,008 - ppe_alert_consumer_0df983271a80 - INFO - [PPE Result] camera=ppe_test_cam1 | severity=none | sent_to=post_processing
2026-08-17 21:13:09,071 - ppe_alert_consumer_0df983271a80 - INFO - [PPE FRAME RECEIVED] camera=ppe_test_cam1 | severity=none | violated=[]
2026-08-17 21:13:09,072 - ppe_alert_consumer_0df983271a80 - INFO - [PPE Result] camera=ppe_test_cam1 | severity=none | sent_to=post_processing
2026-08-17 21:13:10,097 - ppe_alert_consumer_0df983271a80 - INFO - [PPE FRAME RECEIVED] camera=ppe_test_cam1 | severity=none | violated=[]
2026-08-17 21:13:10,098 - ppe_alert_consumer_0df983271a80 - INFO - [PPE Result] camera=ppe_test_cam1 | severity=none | sent_to=post_processing
2026-08-17 21:13:10,984 - ppe_alert_consumer_0df983271a80 - INFO - [PPE FRAME RECEIVED] camera=ppe_test_cam1 | severity=none | violated=[]
2026-08-17 21:13:10,984 - ppe_alert_consumer_0df983271a80 - INFO - [PPE Result] camera=ppe_test_cam1 | severity=none | sent_to=post_processing
2026-08-17 21:13:12,069 - ppe_alert_consumer_0df983271a80 - INFO - [PPE FRAME RECEIVED] camera=ppe_test_cam1 | severity=none | violated=[]
2026-08-17 21:13:12,069 - ppe_alert_consumer_0df983271a80 - INFO - [PPE Result] camera=ppe_test_cam1 | severity=none | sent_to=post_processing
2026-08-17 21:13:12,095 - ppe_alert_consumer_0df983271a80 - INFO - [PPE FRAME RECEIVED] camera=ppe_test_cam1 | severity=none | violated=[]
2026-08-17 21:13:12,096 - ppe_alert_consumer_0df983271a80 - INFO - [PPE Result] camera=ppe_test_cam1 | severity=none | sent_to=post_processing
2026-08-17 21:13:37,102 - ppe_alert_consumer_0df983271a80 - INFO - [PPE FRAME RECEIVED] camera=ppe_test_cam1 | severity=none | violated=[]
2026-08-17 21:13:37,103 - ppe_alert_consumer_0df983271a80 - INFO - [PPE Result] camera=ppe_test_cam1 | severity=none | sent_to=post_processing
2026-08-17 21:13:38,078 - ppe_alert_consumer_0df983271a80 - INFO - [PPE FRAME RECEIVED] camera=ppe_test_cam1 | severity=none | violated=[]
2026-08-17 21:13:38,079 - ppe_alert_consumer_0df983271a80 - INFO - [PPE Result] camera=ppe_test_cam1 | severity=none | sent_to=post_processing
2026-08-17 21:13:55,942 - ppe_alert_consumer_0df983271a80 - INFO - [PPE FRAME RECEIVED] camera=ppe_test_cam1 | severity=none | violated=[]
2026-08-17 21:13:55,942 - ppe_alert_consumer_0df983271a80 - INFO - [PPE Result] camera=ppe_test_cam1 | severity=none | sent_to=post_processing
2026-08-17 21:13:55,969 - ppe_alert_consumer_0df983271a80 - INFO - [PPE FRAME RECEIVED] camera=ppe_test_cam1 | severity=low | violated=['No-Shoes', 'No-Shoes']
2026-08-17 21:13:55,970 - ppe_alert_consumer_0df983271a80 - INFO - [PPE Result] camera=ppe_test_cam1 | severity=low | sent_to=post_processing
2026-08-17 21:13:57,093 - ppe_alert_consumer_0df983271a80 - INFO - [PPE FRAME RECEIVED] camera=ppe_test_cam1 | severity=none | violated=[]
2026-08-17 21:13:57,094 - ppe_alert_consumer_0df983271a80 - INFO - [PPE Result] camera=ppe_test_cam1 | severity=none | sent_to=post_processing
2026-08-17 21:13:57,094 - ppe_alert_consumer_0df983271a80 - INFO - [PPE FRAME RECEIVED] camera=ppe_test_cam1 | severity=low | violated=['No-Shoes', 'No-Shoes']
2026-08-17 21:13:57,095 - ppe_alert_consumer_0df983271a80 - INFO - [PPE Result] camera=ppe_test_cam1 | severity=low | sent_to=post_processing
2026-08-17 21:13:58,085 - ppe_alert_consumer_0df983271a80 - INFO - [PPE FRAME RECEIVED] camera=ppe_test_cam1 | severity=none | violated=[]
2026-08-17 21:13:58,086 - ppe_alert_consumer_0df983271a80 - INFO - [PPE Result] camera=ppe_test_cam1 | severity=none | sent_to=post_processing
2026-08-17 21:13:58,087 - ppe_alert_consumer_0df983271a80 - INFO - [PPE FRAME RECEIVED] camera=ppe_test_cam1 | severity=low | violated=['No-Shoes', 'No-Shoes']
2026-08-17 21:13:58,088 - ppe_alert_consumer_0df983271a80 - INFO - [PPE Result] camera=ppe_test_cam1 | severity=low | sent_to=post_processing
2026-08-17 21:13:59,057 - ppe_alert_consumer_0df983271a80 - INFO - [PPE FRAME RECEIVED] camera=ppe_test_cam1 | severity=none | violated=[]
2026-08-17 21:13:59,058 - ppe_alert_consumer_0df983271a80 - INFO - [PPE Result] camera=ppe_test_cam1 | severity=none | sent_to=post_processing
2026-08-17 21:13:59,086 - ppe_alert_consumer_0df983271a80 - INFO - [PPE FRAME RECEIVED] camera=ppe_test_cam1 | severity=low | violated=['No-Shoes', 'No-Shoes']
2026-08-17 21:13:59,087 - ppe_alert_consumer_0df983271a80 - INFO - [PPE Result] camera=ppe_test_cam1 | severity=low | sent_to=post_processing
2026-08-17 21:14:00,048 - ppe_alert_consumer_0df983271a80 - INFO - [PPE FRAME RECEIVED] camera=ppe_test_cam1 | severity=none | violated=[]
2026-08-17 21:14:00,121 - ppe_alert_consumer_0df983271a80 - INFO - [PPE Result] camera=ppe_test_cam1 | severity=none | sent_to=post_processing
2026-08-17 21:14:05,072 - ppe_alert_consumer_0df983271a80 - INFO - [PPE FRAME RECEIVED] camera=ppe_test_cam1 | severity=none | violated=[]
2026-08-17 21:14:05,073 - ppe_alert_consumer_0df983271a80 - INFO - [PPE Result] camera=ppe_test_cam1 | severity=none | sent_to=post_processing
2026-08-17 21:14:06,061 - ppe_alert_consumer_0df983271a80 - INFO - [PPE FRAME RECEIVED] camera=ppe_test_cam1 | severity=none | violated=[]
2026-08-17 21:14:06,062 - ppe_alert_consumer_0df983271a80 - INFO - [PPE Result] camera=ppe_test_cam1 | severity=none | sent_to=post_processing
2026-08-17 21:14:07,067 - ppe_alert_consumer_0df983271a80 - INFO - [PPE FRAME RECEIVED] camera=ppe_test_cam1 | severity=none | violated=[]
2026-08-17 21:14:07,068 - ppe_alert_consumer_0df983271a80 - INFO - [PPE Result] camera=ppe_test_cam1 | severity=none | sent_to=post_processing
2026-08-17 21:14:08,090 - ppe_alert_consumer_0df983271a80 - INFO - [PPE FRAME RECEIVED] camera=ppe_test_cam1 | severity=none | violated=[]
2026-08-17 21:14:08,090 - ppe_alert_consumer_0df983271a80 - INFO - [PPE Result] camera=ppe_test_cam1 | severity=none | sent_to=post_processing
2026-08-17 21:14:08,979 - ppe_alert_consumer_0df983271a80 - INFO - [PPE FRAME RECEIVED] camera=ppe_test_cam1 | severity=none | violated=[]
2026-08-17 21:14:08,980 - ppe_alert_consumer_0df983271a80 - INFO - [PPE Result] camera=ppe_test_cam1 | severity=none | sent_to=post_processing
2026-08-17 21:14:10,086 - ppe_alert_consumer_0df983271a80 - INFO - [PPE FRAME RECEIVED] camera=ppe_test_cam1 | severity=none | violated=[]
2026-08-17 21:14:10,087 - ppe_alert_consumer_0df983271a80 - INFO - [PPE Result] camera=ppe_test_cam1 | severity=none | sent_to=post_processing
2026-08-17 21:14:11,100 - ppe_alert_consumer_0df983271a80 - INFO - [PPE FRAME RECEIVED] camera=ppe_test_cam1 | severity=none | violated=[]
2026-08-17 21:14:11,101 - ppe_alert_consumer_0df983271a80 - INFO - [PPE Result] camera=ppe_test_cam1 | severity=none | sent_to=post_processing
2026-08-17 21:14:12,025 - ppe_alert_consumer_0df983271a80 - INFO - [PPE FRAME RECEIVED] camera=ppe_test_cam1 | severity=none | violated=[]
2026-08-17 21:14:12,026 - ppe_alert_consumer_0df983271a80 - INFO - [PPE Result] camera=ppe_test_cam1 | severity=none | sent_to=post_processing
2026-08-17 21:14:12,053 - ppe_alert_consumer_0df983271a80 - INFO - [PPE FRAME RECEIVED] camera=ppe_test_cam1 | severity=none | violated=[]
2026-08-17 21:14:12,053 - ppe_alert_consumer_0df983271a80 - INFO - [PPE Result] camera=ppe_test_cam1 | severity=none | sent_to=post_processing
2026-08-17 21:14:37,120 - ppe_alert_consumer_0df983271a80 - INFO - [PPE FRAME RECEIVED] camera=ppe_test_cam1 | severity=none | violated=[]
2026-08-17 21:14:37,121 - ppe_alert_consumer_0df983271a80 - INFO - [PPE Result] camera=ppe_test_cam1 | severity=none | sent_to=post_processing
2026-08-17 21:14:38,083 - ppe_alert_consumer_0df983271a80 - INFO - [PPE FRAME RECEIVED] camera=ppe_test_cam1 | severity=none | violated=[]
2026-08-17 21:14:38,086 - ppe_alert_consumer_0df983271a80 - INFO - [PPE Result] camera=ppe_test_cam1 | severity=none | sent_to=post_processing
2026-08-17 21:14:56,028 - ppe_alert_consumer_0df983271a80 - INFO - [PPE FRAME RECEIVED] camera=ppe_test_cam1 | severity=none | violated=[]
2026-08-17 21:14:56,029 - ppe_alert_consumer_0df983271a80 - INFO - [PPE Result] camera=ppe_test_cam1 | severity=none | sent_to=post_processing
2026-08-17 21:14:56,057 - ppe_alert_consumer_0df983271a80 - INFO - [PPE FRAME RECEIVED] camera=ppe_test_cam1 | severity=low | violated=['No-Shoes', 'No-Shoes']
2026-08-17 21:14:56,058 - ppe_alert_consumer_0df983271a80 - INFO - [PPE Result] camera=ppe_test_cam1 | severity=low | sent_to=post_processing
2026-08-17 21:14:57,084 - ppe_alert_consumer_0df983271a80 - INFO - [PPE FRAME RECEIVED] camera=ppe_test_cam1 | severity=none | violated=[]
2026-08-17 21:14:57,085 - ppe_alert_consumer_0df983271a80 - INFO - [PPE Result] camera=ppe_test_cam1 | severity=none | sent_to=post_processing
2026-08-17 21:14:57,085 - ppe_alert_consumer_0df983271a80 - INFO - [PPE FRAME RECEIVED] camera=ppe_test_cam1 | severity=low | violated=['No-Shoes', 'No-Shoes']
2026-08-17 21:14:57,087 - ppe_alert_consumer_0df983271a80 - INFO - [PPE Result] camera=ppe_test_cam1 | severity=low | sent_to=post_processing
2026-08-17 21:14:58,058 - ppe_alert_consumer_0df983271a80 - INFO - [PPE FRAME RECEIVED] camera=ppe_test_cam1 | severity=none | violated=[]
2026-08-17 21:14:58,059 - ppe_alert_consumer_0df983271a80 - INFO - [PPE Result] camera=ppe_test_cam1 | severity=none | sent_to=post_processing
2026-08-17 21:14:58,085 - ppe_alert_consumer_0df983271a80 - INFO - [PPE FRAME RECEIVED] camera=ppe_test_cam1 | severity=low | violated=['No-Shoes', 'No-Shoes']
2026-08-17 21:14:58,086 - ppe_alert_consumer_0df983271a80 - INFO - [PPE Result] camera=ppe_test_cam1 | severity=low | sent_to=post_processing
2026-08-17 21:14:59,050 - ppe_alert_consumer_0df983271a80 - INFO - [PPE FRAME RECEIVED] camera=ppe_test_cam1 | severity=none | violated=[]
2026-08-17 21:14:59,050 - ppe_alert_consumer_0df983271a80 - INFO - [PPE Result] camera=ppe_test_cam1 | severity=none | sent_to=post_processing
2026-08-17 21:14:59,079 - ppe_alert_consumer_0df983271a80 - INFO - [PPE FRAME RECEIVED] camera=ppe_test_cam1 | severity=low | violated=['No-Shoes', 'No-Shoes']
2026-08-17 21:14:59,079 - ppe_alert_consumer_0df983271a80 - INFO - [PPE Result] camera=ppe_test_cam1 | severity=low | sent_to=post_processing
2026-08-17 21:15:00,014 - ppe_alert_consumer_0df983271a80 - INFO - [PPE FRAME RECEIVED] camera=ppe_test_cam1 | severity=none | violated=[]
2026-08-17 21:15:00,015 - ppe_alert_consumer_0df983271a80 - INFO - [PPE Result] camera=ppe_test_cam1 | severity=none | sent_to=post_processing
2026-08-17 21:15:05,096 - ppe_alert_consumer_0df983271a80 - INFO - [PPE FRAME RECEIVED] camera=ppe_test_cam1 | severity=none | violated=[]
2026-08-17 21:15:05,097 - ppe_alert_consumer_0df983271a80 - INFO - [PPE Result] camera=ppe_test_cam1 | severity=none | sent_to=post_processing
2026-08-17 21:15:06,030 - ppe_alert_consumer_0df983271a80 - INFO - [PPE FRAME RECEIVED] camera=ppe_test_cam1 | severity=none | violated=[]
2026-08-17 21:15:06,031 - ppe_alert_consumer_0df983271a80 - INFO - [PPE Result] camera=ppe_test_cam1 | severity=none | sent_to=post_processing
2026-08-17 21:15:07,059 - ppe_alert_consumer_0df983271a80 - INFO - [PPE FRAME RECEIVED] camera=ppe_test_cam1 | severity=none | violated=[]
2026-08-17 21:15:07,060 - ppe_alert_consumer_0df983271a80 - INFO - [PPE Result] camera=ppe_test_cam1 | severity=none | sent_to=post_processing
2026-08-17 21:15:08,077 - ppe_alert_consumer_0df983271a80 - INFO - [PPE FRAME RECEIVED] camera=ppe_test_cam1 | severity=none | violated=[]
2026-08-17 21:15:08,078 - ppe_alert_consumer_0df983271a80 - INFO - [PPE Result] camera=ppe_test_cam1 | severity=none | sent_to=post_processing
2026-08-17 21:15:09,027 - ppe_alert_consumer_0df983271a80 - INFO - [PPE FRAME RECEIVED] camera=ppe_test_cam1 | severity=none | violated=[]
2026-08-17 21:15:09,028 - ppe_alert_consumer_0df983271a80 - INFO - [PPE Result] camera=ppe_test_cam1 | severity=none | sent_to=post_processing
2026-08-17 21:15:10,115 - ppe_alert_consumer_0df983271a80 - INFO - [PPE FRAME RECEIVED] camera=ppe_test_cam1 | severity=none | violated=[]
2026-08-17 21:15:10,116 - ppe_alert_consumer_0df983271a80 - INFO - [PPE Result] camera=ppe_test_cam1 | severity=none | sent_to=post_processing
2026-08-17 21:15:11,082 - ppe_alert_consumer_0df983271a80 - INFO - [PPE FRAME RECEIVED] camera=ppe_test_cam1 | severity=none | violated=[]
2026-08-17 21:15:11,083 - ppe_alert_consumer_0df983271a80 - INFO - [PPE Result] camera=ppe_test_cam1 | severity=none | sent_to=post_processing
2026-08-17 21:15:12,015 - ppe_alert_consumer_0df983271a80 - INFO - [PPE FRAME RECEIVED] camera=ppe_test_cam1 | severity=none | violated=[]
2026-08-17 21:15:12,016 - ppe_alert_consumer_0df983271a80 - INFO - [PPE Result] camera=ppe_test_cam1 | severity=none | sent_to=post_processing
2026-08-17 21:15:12,053 - ppe_alert_consumer_0df983271a80 - INFO - [PPE FRAME RECEIVED] camera=ppe_test_cam1 | severity=none | violated=[]
2026-08-17 21:15:12,054 - ppe_alert_consumer_0df983271a80 - INFO - [PPE Result] camera=ppe_test_cam1 | severity=none | sent_to=post_processing
2026-08-17 21:15:37,094 - ppe_alert_consumer_0df983271a80 - INFO - [PPE FRAME RECEIVED] camera=ppe_test_cam1 | severity=none | violated=[]
2026-08-17 21:15:37,094 - ppe_alert_consumer_0df983271a80 - INFO - [PPE Result] camera=ppe_test_cam1 | severity=none | sent_to=post_processing
2026-08-17 21:15:38,124 - ppe_alert_consumer_0df983271a80 - INFO - [PPE FRAME RECEIVED] camera=ppe_test_cam1 | severity=none | violated=[]
2026-08-17 21:15:38,125 - ppe_alert_consumer_0df983271a80 - INFO - [PPE Result] camera=ppe_test_cam1 | severity=none | sent_to=post_processing
2026-08-17 21:15:56,091 - ppe_alert_consumer_0df983271a80 - INFO - [PPE FRAME RECEIVED] camera=ppe_test_cam1 | severity=none | violated=[]
2026-08-17 21:15:56,092 - ppe_alert_consumer_0df983271a80 - INFO - [PPE Result] camera=ppe_test_cam1 | severity=none | sent_to=post_processing
2026-08-17 21:15:56,093 - ppe_alert_consumer_0df983271a80 - INFO - [PPE FRAME RECEIVED] camera=ppe_test_cam1 | severity=low | violated=['No-Shoes', 'No-Shoes']
2026-08-17 21:15:56,094 - ppe_alert_consumer_0df983271a80 - INFO - [PPE Result] camera=ppe_test_cam1 | severity=low | sent_to=post_processing
2026-08-17 21:15:57,057 - ppe_alert_consumer_0df983271a80 - INFO - [PPE FRAME RECEIVED] camera=ppe_test_cam1 | severity=none | violated=[]
2026-08-17 21:15:57,058 - ppe_alert_consumer_0df983271a80 - INFO - [PPE Result] camera=ppe_test_cam1 | severity=none | sent_to=post_processing
2026-08-17 21:15:57,058 - ppe_alert_consumer_0df983271a80 - INFO - [PPE FRAME RECEIVED] camera=ppe_test_cam1 | severity=low | violated=['No-Shoes', 'No-Shoes']
2026-08-17 21:15:57,060 - ppe_alert_consumer_0df983271a80 - INFO - [PPE Result] camera=ppe_test_cam1 | severity=low | sent_to=post_processing
2026-08-17 21:15:58,095 - ppe_alert_consumer_0df983271a80 - INFO - [PPE FRAME RECEIVED] camera=ppe_test_cam1 | severity=low | violated=['No-Shoes', 'No-Shoes']
2026-08-17 21:15:58,096 - ppe_alert_consumer_0df983271a80 - INFO - [PPE Result] camera=ppe_test_cam1 | severity=low | sent_to=post_processing
2026-08-17 21:15:58,097 - ppe_alert_consumer_0df983271a80 - INFO - [PPE FRAME RECEIVED] camera=ppe_test_cam1 | severity=none | violated=[]
2026-08-17 21:15:58,098 - ppe_alert_consumer_0df983271a80 - INFO - [PPE Result] camera=ppe_test_cam1 | severity=none | sent_to=post_processing
2026-08-17 21:15:59,072 - ppe_alert_consumer_0df983271a80 - INFO - [PPE FRAME RECEIVED] camera=ppe_test_cam1 | severity=low | violated=['No-Shoes', 'No-Shoes']
2026-08-17 21:15:59,073 - ppe_alert_consumer_0df983271a80 - INFO - [PPE Result] camera=ppe_test_cam1 | severity=low | sent_to=post_processing
2026-08-17 21:15:59,073 - ppe_alert_consumer_0df983271a80 - INFO - [PPE FRAME RECEIVED] camera=ppe_test_cam1 | severity=none | violated=[]
2026-08-17 21:15:59,075 - ppe_alert_consumer_0df983271a80 - INFO - [PPE Result] camera=ppe_test_cam1 | severity=none | sent_to=post_processing
2026-08-17 21:16:00,024 - ppe_alert_consumer_0df983271a80 - INFO - [PPE FRAME RECEIVED] camera=ppe_test_cam1 | severity=none | violated=[]
2026-08-17 21:16:00,025 - ppe_alert_consumer_0df983271a80 - INFO - [PPE Result] camera=ppe_test_cam1 | severity=none | sent_to=post_processing
2026-08-17 21:16:05,072 - ppe_alert_consumer_0df983271a80 - INFO - [PPE FRAME RECEIVED] camera=ppe_test_cam1 | severity=none | violated=[]
2026-08-17 21:16:05,074 - ppe_alert_consumer_0df983271a80 - INFO - [PPE Result] camera=ppe_test_cam1 | severity=none | sent_to=post_processing
2026-08-17 21:16:06,073 - ppe_alert_consumer_0df983271a80 - INFO - [PPE FRAME RECEIVED] camera=ppe_test_cam1 | severity=none | violated=[]
2026-08-17 21:16:06,073 - ppe_alert_consumer_0df983271a80 - INFO - [PPE Result] camera=ppe_test_cam1 | severity=none | sent_to=post_processing
2026-08-17 21:16:07,023 - ppe_alert_consumer_0df983271a80 - INFO - [PPE FRAME RECEIVED] camera=ppe_test_cam1 | severity=none | violated=[]
2026-08-17 21:16:07,024 - ppe_alert_consumer_0df983271a80 - INFO - [PPE Result] camera=ppe_test_cam1 | severity=none | sent_to=post_processing
2026-08-17 21:16:08,060 - ppe_alert_consumer_0df983271a80 - INFO - [PPE FRAME RECEIVED] camera=ppe_test_cam1 | severity=none | violated=[]
2026-08-17 21:16:08,061 - ppe_alert_consumer_0df983271a80 - INFO - [PPE Result] camera=ppe_test_cam1 | severity=none | sent_to=post_processing
2026-08-17 21:16:09,040 - ppe_alert_consumer_0df983271a80 - INFO - [PPE FRAME RECEIVED] camera=ppe_test_cam1 | severity=none | violated=[]
2026-08-17 21:16:09,041 - ppe_alert_consumer_0df983271a80 - INFO - [PPE Result] camera=ppe_test_cam1 | severity=none | sent_to=post_processing
2026-08-17 21:16:10,076 - ppe_alert_consumer_0df983271a80 - INFO - [PPE FRAME RECEIVED] camera=ppe_test_cam1 | severity=none | violated=[]
2026-08-17 21:16:10,076 - ppe_alert_consumer_0df983271a80 - INFO - [PPE Result] camera=ppe_test_cam1 | severity=none | sent_to=post_processing
2026-08-17 21:16:10,998 - ppe_alert_consumer_0df983271a80 - INFO - [PPE FRAME RECEIVED] camera=ppe_test_cam1 | severity=none | violated=[]
2026-08-17 21:16:10,999 - ppe_alert_consumer_0df983271a80 - INFO - [PPE Result] camera=ppe_test_cam1 | severity=none | sent_to=post_processing
2026-08-17 21:16:12,129 - ppe_alert_consumer_0df983271a80 - INFO - [PPE FRAME RECEIVED] camera=ppe_test_cam1 | severity=none | violated=[]
2026-08-17 21:16:12,130 - ppe_alert_consumer_0df983271a80 - INFO - [PPE Result] camera=ppe_test_cam1 | severity=none | sent_to=post_processing
2026-08-17 21:16:12,160 - ppe_alert_consumer_0df983271a80 - INFO - [PPE FRAME RECEIVED] camera=ppe_test_cam1 | severity=none | violated=[]
2026-08-17 21:16:12,161 - ppe_alert_consumer_0df983271a80 - INFO - [PPE Result] camera=ppe_test_cam1 | severity=none | sent_to=post_processing
2026-08-17 21:16:37,117 - ppe_alert_consumer_0df983271a80 - INFO - [PPE FRAME RECEIVED] camera=ppe_test_cam1 | severity=none | violated=[]
2026-08-17 21:16:37,118 - ppe_alert_consumer_0df983271a80 - INFO - [PPE Result] camera=ppe_test_cam1 | severity=none | sent_to=post_processing
2026-08-17 21:16:38,110 - ppe_alert_consumer_0df983271a80 - INFO - [PPE FRAME RECEIVED] camera=ppe_test_cam1 | severity=none | violated=[]
2026-08-17 21:16:38,111 - ppe_alert_consumer_0df983271a80 - INFO - [PPE Result] camera=ppe_test_cam1 | severity=none | sent_to=post_processing
2026-08-17 21:16:56,086 - ppe_alert_consumer_0df983271a80 - INFO - [PPE FRAME RECEIVED] camera=ppe_test_cam1 | severity=none | violated=[]
2026-08-17 21:16:56,087 - ppe_alert_consumer_0df983271a80 - INFO - [PPE Result] camera=ppe_test_cam1 | severity=none | sent_to=post_processing
2026-08-17 21:16:56,121 - ppe_alert_consumer_0df983271a80 - INFO - [PPE FRAME RECEIVED] camera=ppe_test_cam1 | severity=low | violated=['No-Shoes', 'No-Shoes']
2026-08-17 21:16:56,122 - ppe_alert_consumer_0df983271a80 - INFO - [PPE Result] camera=ppe_test_cam1 | severity=low | sent_to=post_processing
2026-08-17 21:16:56,961 - ppe_alert_consumer_0df983271a80 - INFO - [PPE FRAME RECEIVED] camera=ppe_test_cam1 | severity=none | violated=[]
2026-08-17 21:16:56,961 - ppe_alert_consumer_0df983271a80 - INFO - [PPE Result] camera=ppe_test_cam1 | severity=none | sent_to=post_processing
2026-08-17 21:16:56,991 - ppe_alert_consumer_0df983271a80 - INFO - [PPE FRAME RECEIVED] camera=ppe_test_cam1 | severity=low | violated=['No-Shoes', 'No-Shoes']
2026-08-17 21:16:56,992 - ppe_alert_consumer_0df983271a80 - INFO - [PPE Result] camera=ppe_test_cam1 | severity=low | sent_to=post_processing
2026-08-17 21:16:58,078 - ppe_alert_consumer_0df983271a80 - INFO - [PPE FRAME RECEIVED] camera=ppe_test_cam1 | severity=none | violated=[]
2026-08-17 21:16:58,078 - ppe_alert_consumer_0df983271a80 - INFO - [PPE Result] camera=ppe_test_cam1 | severity=none | sent_to=post_processing
2026-08-17 21:16:58,105 - ppe_alert_consumer_0df983271a80 - INFO - [PPE FRAME RECEIVED] camera=ppe_test_cam1 | severity=low | violated=['No-Shoes', 'No-Shoes']
2026-08-17 21:16:58,106 - ppe_alert_consumer_0df983271a80 - INFO - [PPE Result] camera=ppe_test_cam1 | severity=low | sent_to=post_processing
2026-08-17 21:16:59,092 - ppe_alert_consumer_0df983271a80 - INFO - [PPE FRAME RECEIVED] camera=ppe_test_cam1 | severity=none | violated=[]
2026-08-17 21:16:59,093 - ppe_alert_consumer_0df983271a80 - INFO - [PPE Result] camera=ppe_test_cam1 | severity=none | sent_to=post_processing
2026-08-17 21:16:59,128 - ppe_alert_consumer_0df983271a80 - INFO - [PPE FRAME RECEIVED] camera=ppe_test_cam1 | severity=low | violated=['No-Shoes', 'No-Shoes']
2026-08-17 21:16:59,129 - ppe_alert_consumer_0df983271a80 - INFO - [PPE Result] camera=ppe_test_cam1 | severity=low | sent_to=post_processing
2026-08-17 21:16:59,922 - ppe_alert_consumer_0df983271a80 - INFO - [PPE FRAME RECEIVED] camera=ppe_test_cam1 | severity=none | violated=[]
2026-08-17 21:16:59,923 - ppe_alert_consumer_0df983271a80 - INFO - [PPE Result] camera=ppe_test_cam1 | severity=none | sent_to=post_processing
2026-08-17 21:17:05,074 - ppe_alert_consumer_0df983271a80 - INFO - [PPE FRAME RECEIVED] camera=ppe_test_cam1 | severity=none | violated=[]
2026-08-17 21:17:05,075 - ppe_alert_consumer_0df983271a80 - INFO - [PPE Result] camera=ppe_test_cam1 | severity=none | sent_to=post_processing
2026-08-17 21:17:06,063 - ppe_alert_consumer_0df983271a80 - INFO - [PPE FRAME RECEIVED] camera=ppe_test_cam1 | severity=none | violated=[]
2026-08-17 21:17:06,064 - ppe_alert_consumer_0df983271a80 - INFO - [PPE Result] camera=ppe_test_cam1 | severity=none | sent_to=post_processing
2026-08-17 21:17:07,053 - ppe_alert_consumer_0df983271a80 - INFO - [PPE FRAME RECEIVED] camera=ppe_test_cam1 | severity=none | violated=[]
2026-08-17 21:17:07,053 - ppe_alert_consumer_0df983271a80 - INFO - [PPE Result] camera=ppe_test_cam1 | severity=none | sent_to=post_processing
2026-08-17 21:17:07,990 - ppe_alert_consumer_0df983271a80 - INFO - [PPE FRAME RECEIVED] camera=ppe_test_cam1 | severity=none | violated=[]
2026-08-17 21:17:07,990 - ppe_alert_consumer_0df983271a80 - INFO - [PPE Result] camera=ppe_test_cam1 | severity=none | sent_to=post_processing
2026-08-17 21:17:09,085 - ppe_alert_consumer_0df983271a80 - INFO - [PPE FRAME RECEIVED] camera=ppe_test_cam1 | severity=none | violated=[]
2026-08-17 21:17:09,087 - ppe_alert_consumer_0df983271a80 - INFO - [PPE Result] camera=ppe_test_cam1 | severity=none | sent_to=post_processing
2026-08-17 21:17:10,081 - ppe_alert_consumer_0df983271a80 - INFO - [PPE FRAME RECEIVED] camera=ppe_test_cam1 | severity=none | violated=[]
2026-08-17 21:17:10,084 - ppe_alert_consumer_0df983271a80 - INFO - [PPE Result] camera=ppe_test_cam1 | severity=none | sent_to=post_processing
2026-08-17 21:17:11,064 - ppe_alert_consumer_0df983271a80 - INFO - [PPE FRAME RECEIVED] camera=ppe_test_cam1 | severity=none | violated=[]
2026-08-17 21:17:11,065 - ppe_alert_consumer_0df983271a80 - INFO - [PPE Result] camera=ppe_test_cam1 | severity=none | sent_to=post_processing
2026-08-17 21:17:12,146 - ppe_alert_consumer_0df983271a80 - INFO - [PPE FRAME RECEIVED] camera=ppe_test_cam1 | severity=none | violated=[]
2026-08-17 21:17:12,147 - ppe_alert_consumer_0df983271a80 - INFO - [PPE Result] camera=ppe_test_cam1 | severity=none | sent_to=post_processing
2026-08-17 21:17:12,148 - ppe_alert_consumer_0df983271a80 - INFO - [PPE FRAME RECEIVED] camera=ppe_test_cam1 | severity=none | violated=[]
2026-08-17 21:17:12,149 - ppe_alert_consumer_0df983271a80 - INFO - [PPE Result] camera=ppe_test_cam1 | severity=none | sent_to=post_processing
2026-08-17 21:17:37,094 - ppe_alert_consumer_0df983271a80 - INFO - [PPE FRAME RECEIVED] camera=ppe_test_cam1 | severity=none | violated=[]
2026-08-17 21:17:37,095 - ppe_alert_consumer_0df983271a80 - INFO - [PPE Result] camera=ppe_test_cam1 | severity=none | sent_to=post_processing
2026-08-17 21:17:38,118 - ppe_alert_consumer_0df983271a80 - INFO - [PPE FRAME RECEIVED] camera=ppe_test_cam1 | severity=none | violated=[]
2026-08-17 21:17:38,119 - ppe_alert_consumer_0df983271a80 - INFO - [PPE Result] camera=ppe_test_cam1 | severity=none | sent_to=post_processing
2026-08-17 21:17:56,117 - ppe_alert_consumer_0df983271a80 - INFO - [PPE FRAME RECEIVED] camera=ppe_test_cam1 | severity=none | violated=[]
2026-08-17 21:17:56,118 - ppe_alert_consumer_0df983271a80 - INFO - [PPE Result] camera=ppe_test_cam1 | severity=none | sent_to=post_processing
2026-08-17 21:17:56,145 - ppe_alert_consumer_0df983271a80 - INFO - [PPE FRAME RECEIVED] camera=ppe_test_cam1 | severity=low | violated=['No-Shoes', 'No-Shoes']
2026-08-17 21:17:56,146 - ppe_alert_consumer_0df983271a80 - INFO - [PPE Result] camera=ppe_test_cam1 | severity=low | sent_to=post_processing
2026-08-17 21:17:56,936 - ppe_alert_consumer_0df983271a80 - INFO - [PPE FRAME RECEIVED] camera=ppe_test_cam1 | severity=none | violated=[]
2026-08-17 21:17:56,936 - ppe_alert_consumer_0df983271a80 - INFO - [PPE Result] camera=ppe_test_cam1 | severity=none | sent_to=post_processing
2026-08-17 21:17:56,965 - ppe_alert_consumer_0df983271a80 - INFO - [PPE FRAME RECEIVED] camera=ppe_test_cam1 | severity=low | violated=['No-Shoes', 'No-Shoes']
2026-08-17 21:17:56,966 - ppe_alert_consumer_0df983271a80 - INFO - [PPE Result] camera=ppe_test_cam1 | severity=low | sent_to=post_processing
2026-08-17 21:17:58,143 - ppe_alert_consumer_0df983271a80 - INFO - [PPE FRAME RECEIVED] camera=ppe_test_cam1 | severity=none | violated=[]
2026-08-17 21:17:58,144 - ppe_alert_consumer_0df983271a80 - INFO - [PPE Result] camera=ppe_test_cam1 | severity=none | sent_to=post_processing
2026-08-17 21:17:58,144 - ppe_alert_consumer_0df983271a80 - INFO - [PPE FRAME RECEIVED] camera=ppe_test_cam1 | severity=low | violated=['No-Shoes', 'No-Shoes']
2026-08-17 21:17:58,146 - ppe_alert_consumer_0df983271a80 - INFO - [PPE Result] camera=ppe_test_cam1 | severity=low | sent_to=post_processing
2026-08-17 21:17:59,099 - ppe_alert_consumer_0df983271a80 - INFO - [PPE FRAME RECEIVED] camera=ppe_test_cam1 | severity=low | violated=['No-Shoes', 'No-Shoes']
2026-08-17 21:17:59,101 - ppe_alert_consumer_0df983271a80 - INFO - [PPE Result] camera=ppe_test_cam1 | severity=low | sent_to=post_processing
2026-08-17 21:17:59,102 - ppe_alert_consumer_0df983271a80 - INFO - [PPE FRAME RECEIVED] camera=ppe_test_cam1 | severity=none | violated=[]
2026-08-17 21:17:59,104 - ppe_alert_consumer_0df983271a80 - INFO - [PPE Result] camera=ppe_test_cam1 | severity=none | sent_to=post_processing
2026-08-17 21:17:59,947 - ppe_alert_consumer_0df983271a80 - INFO - [PPE FRAME RECEIVED] camera=ppe_test_cam1 | severity=none | violated=[]
2026-08-17 21:17:59,948 - ppe_alert_consumer_0df983271a80 - INFO - [PPE Result] camera=ppe_test_cam1 | severity=none | sent_to=post_processing
2026-08-17 21:18:04,956 - ppe_alert_consumer_0df983271a80 - INFO - [PPE FRAME RECEIVED] camera=ppe_test_cam1 | severity=none | violated=[]
2026-08-17 21:18:04,957 - ppe_alert_consumer_0df983271a80 - INFO - [PPE Result] camera=ppe_test_cam1 | severity=none | sent_to=post_processing
2026-08-17 21:18:06,078 - ppe_alert_consumer_0df983271a80 - INFO - [PPE FRAME RECEIVED] camera=ppe_test_cam1 | severity=none | violated=[]
2026-08-17 21:18:06,080 - ppe_alert_consumer_0df983271a80 - INFO - [PPE Result] camera=ppe_test_cam1 | severity=none | sent_to=post_processing
2026-08-17 21:18:07,049 - ppe_alert_consumer_0df983271a80 - INFO - [PPE FRAME RECEIVED] camera=ppe_test_cam1 | severity=none | violated=[]
2026-08-17 21:18:07,049 - ppe_alert_consumer_0df983271a80 - INFO - [PPE Result] camera=ppe_test_cam1 | severity=none | sent_to=post_processing
2026-08-17 21:18:08,016 - ppe_alert_consumer_0df983271a80 - INFO - [PPE FRAME RECEIVED] camera=ppe_test_cam1 | severity=none | violated=[]
2026-08-17 21:18:08,017 - ppe_alert_consumer_0df983271a80 - INFO - [PPE Result] camera=ppe_test_cam1 | severity=none | sent_to=post_processing
2026-08-17 21:18:09,084 - ppe_alert_consumer_0df983271a80 - INFO - [PPE FRAME RECEIVED] camera=ppe_test_cam1 | severity=none | violated=[]
2026-08-17 21:18:09,085 - ppe_alert_consumer_0df983271a80 - INFO - [PPE Result] camera=ppe_test_cam1 | severity=none | sent_to=post_processing
2026-08-17 21:18:10,090 - ppe_alert_consumer_0df983271a80 - INFO - [PPE FRAME RECEIVED] camera=ppe_test_cam1 | severity=none | violated=[]
2026-08-17 21:18:10,091 - ppe_alert_consumer_0df983271a80 - INFO - [PPE Result] camera=ppe_test_cam1 | severity=none | sent_to=post_processing
2026-08-17 21:18:11,068 - ppe_alert_consumer_0df983271a80 - INFO - [PPE FRAME RECEIVED] camera=ppe_test_cam1 | severity=none | violated=[]
2026-08-17 21:18:11,069 - ppe_alert_consumer_0df983271a80 - INFO - [PPE Result] camera=ppe_test_cam1 | severity=none | sent_to=post_processing
2026-08-17 21:18:12,143 - ppe_alert_consumer_0df983271a80 - INFO - [PPE FRAME RECEIVED] camera=ppe_test_cam1 | severity=none | violated=[]
2026-08-17 21:18:12,144 - ppe_alert_consumer_0df983271a80 - INFO - [PPE Result] camera=ppe_test_cam1 | severity=none | sent_to=post_processing
2026-08-17 21:18:12,144 - ppe_alert_consumer_0df983271a80 - INFO - [PPE FRAME RECEIVED] camera=ppe_test_cam1 | severity=none | violated=[]
2026-08-17 21:18:12,145 - ppe_alert_consumer_0df983271a80 - INFO - [PPE Result] camera=ppe_test_cam1 | severity=none | sent_to=post_processing
2026-08-17 21:18:37,027 - ppe_alert_consumer_0df983271a80 - INFO - [PPE FRAME RECEIVED] camera=ppe_test_cam1 | severity=none | violated=[]
2026-08-17 21:18:37,028 - ppe_alert_consumer_0df983271a80 - INFO - [PPE Result] camera=ppe_test_cam1 | severity=none | sent_to=post_processing
2026-08-17 21:18:38,131 - ppe_alert_consumer_0df983271a80 - INFO - [PPE FRAME RECEIVED] camera=ppe_test_cam1 | severity=none | violated=[]
2026-08-17 21:18:38,133 - ppe_alert_consumer_0df983271a80 - INFO - [PPE Result] camera=ppe_test_cam1 | severity=none | sent_to=post_processing
2026-08-17 21:18:56,084 - ppe_alert_consumer_0df983271a80 - INFO - [PPE FRAME RECEIVED] camera=ppe_test_cam1 | severity=none | violated=[]
2026-08-17 21:18:56,085 - ppe_alert_consumer_0df983271a80 - INFO - [PPE Result] camera=ppe_test_cam1 | severity=none | sent_to=post_processing
2026-08-17 21:18:56,114 - ppe_alert_consumer_0df983271a80 - INFO - [PPE FRAME RECEIVED] camera=ppe_test_cam1 | severity=low | violated=['No-Shoes', 'No-Shoes']
2026-08-17 21:18:56,115 - ppe_alert_consumer_0df983271a80 - INFO - [PPE Result] camera=ppe_test_cam1 | severity=low | sent_to=post_processing
2026-08-17 21:18:57,071 - ppe_alert_consumer_0df983271a80 - INFO - [PPE FRAME RECEIVED] camera=ppe_test_cam1 | severity=none | violated=[]
2026-08-17 21:18:57,072 - ppe_alert_consumer_0df983271a80 - INFO - [PPE Result] camera=ppe_test_cam1 | severity=none | sent_to=post_processing
2026-08-17 21:18:57,104 - ppe_alert_consumer_0df983271a80 - INFO - [PPE FRAME RECEIVED] camera=ppe_test_cam1 | severity=low | violated=['No-Shoes', 'No-Shoes']
2026-08-17 21:18:57,106 - ppe_alert_consumer_0df983271a80 - INFO - [PPE Result] camera=ppe_test_cam1 | severity=low | sent_to=post_processing
2026-08-17 21:18:58,125 - ppe_alert_consumer_0df983271a80 - INFO - [PPE FRAME RECEIVED] camera=ppe_test_cam1 | severity=none | violated=[]
2026-08-17 21:18:58,126 - ppe_alert_consumer_0df983271a80 - INFO - [PPE Result] camera=ppe_test_cam1 | severity=none | sent_to=post_processing
2026-08-17 21:18:58,127 - ppe_alert_consumer_0df983271a80 - INFO - [PPE FRAME RECEIVED] camera=ppe_test_cam1 | severity=low | violated=['No-Shoes', 'No-Shoes']
2026-08-17 21:18:58,128 - ppe_alert_consumer_0df983271a80 - INFO - [PPE Result] camera=ppe_test_cam1 | severity=low | sent_to=post_processing
2026-08-17 21:18:59,071 - ppe_alert_consumer_0df983271a80 - INFO - [PPE FRAME RECEIVED] camera=ppe_test_cam1 | severity=none | violated=[]
2026-08-17 21:18:59,072 - ppe_alert_consumer_0df983271a80 - INFO - [PPE Result] camera=ppe_test_cam1 | severity=none | sent_to=post_processing
2026-08-17 21:18:59,104 - ppe_alert_consumer_0df983271a80 - INFO - [PPE FRAME RECEIVED] camera=ppe_test_cam1 | severity=low | violated=['No-Shoes', 'No-Shoes']
2026-08-17 21:18:59,105 - ppe_alert_consumer_0df983271a80 - INFO - [PPE Result] camera=ppe_test_cam1 | severity=low | sent_to=post_processing
2026-08-17 21:18:59,997 - ppe_alert_consumer_0df983271a80 - INFO - [PPE FRAME RECEIVED] camera=ppe_test_cam1 | severity=none | violated=[]
2026-08-17 21:18:59,998 - ppe_alert_consumer_0df983271a80 - INFO - [PPE Result] camera=ppe_test_cam1 | severity=none | sent_to=post_processing
2026-08-17 21:19:05,018 - ppe_alert_consumer_0df983271a80 - INFO - [PPE FRAME RECEIVED] camera=ppe_test_cam1 | severity=none | violated=[]
2026-08-17 21:19:05,019 - ppe_alert_consumer_0df983271a80 - INFO - [PPE Result] camera=ppe_test_cam1 | severity=none | sent_to=post_processing
2026-08-17 21:19:06,074 - ppe_alert_consumer_0df983271a80 - INFO - [PPE FRAME RECEIVED] camera=ppe_test_cam1 | severity=none | violated=[]
2026-08-17 21:19:06,075 - ppe_alert_consumer_0df983271a80 - INFO - [PPE Result] camera=ppe_test_cam1 | severity=none | sent_to=post_processing
2026-08-17 21:19:07,099 - ppe_alert_consumer_0df983271a80 - INFO - [PPE FRAME RECEIVED] camera=ppe_test_cam1 | severity=none | violated=[]
2026-08-17 21:19:07,100 - ppe_alert_consumer_0df983271a80 - INFO - [PPE Result] camera=ppe_test_cam1 | severity=none | sent_to=post_processing
2026-08-17 21:19:08,040 - ppe_alert_consumer_0df983271a80 - INFO - [PPE FRAME RECEIVED] camera=ppe_test_cam1 | severity=none | violated=[]
2026-08-17 21:19:08,041 - ppe_alert_consumer_0df983271a80 - INFO - [PPE Result] camera=ppe_test_cam1 | severity=none | sent_to=post_processing
2026-08-17 21:19:09,084 - ppe_alert_consumer_0df983271a80 - INFO - [PPE FRAME RECEIVED] camera=ppe_test_cam1 | severity=none | violated=[]
2026-08-17 21:19:09,085 - ppe_alert_consumer_0df983271a80 - INFO - [PPE Result] camera=ppe_test_cam1 | severity=none | sent_to=post_processing
2026-08-17 21:19:10,020 - ppe_alert_consumer_0df983271a80 - INFO - [PPE FRAME RECEIVED] camera=ppe_test_cam1 | severity=none | violated=[]
2026-08-17 21:19:10,021 - ppe_alert_consumer_0df983271a80 - INFO - [PPE Result] camera=ppe_test_cam1 | severity=none | sent_to=post_processing
2026-08-17 21:19:11,064 - ppe_alert_consumer_0df983271a80 - INFO - [PPE FRAME RECEIVED] camera=ppe_test_cam1 | severity=none | violated=[]
2026-08-17 21:19:11,064 - ppe_alert_consumer_0df983271a80 - INFO - [PPE Result] camera=ppe_test_cam1 | severity=none | sent_to=post_processing
2026-08-17 21:19:12,103 - ppe_alert_consumer_0df983271a80 - INFO - [PPE FRAME RECEIVED] camera=ppe_test_cam1 | severity=none | violated=[]
2026-08-17 21:19:12,104 - ppe_alert_consumer_0df983271a80 - INFO - [PPE Result] camera=ppe_test_cam1 | severity=none | sent_to=post_processing
2026-08-17 21:19:12,136 - ppe_alert_consumer_0df983271a80 - INFO - [PPE FRAME RECEIVED] camera=ppe_test_cam1 | severity=none | violated=[]
2026-08-17 21:19:12,137 - ppe_alert_consumer_0df983271a80 - INFO - [PPE Result] camera=ppe_test_cam1 | severity=none | sent_to=post_processing
2026-08-17 21:19:37,099 - ppe_alert_consumer_0df983271a80 - INFO - [PPE FRAME RECEIVED] camera=ppe_test_cam1 | severity=none | violated=[]
2026-08-17 21:19:37,100 - ppe_alert_consumer_0df983271a80 - INFO - [PPE Result] camera=ppe_test_cam1 | severity=none | sent_to=post_processing
2026-08-17 21:19:38,092 - ppe_alert_consumer_0df983271a80 - INFO - [PPE FRAME RECEIVED] camera=ppe_test_cam1 | severity=none | violated=[]
2026-08-17 21:19:38,092 - ppe_alert_consumer_0df983271a80 - INFO - [PPE Result] camera=ppe_test_cam1 | severity=none | sent_to=post_processing
2026-08-17 21:19:56,036 - ppe_alert_consumer_0df983271a80 - INFO - [PPE FRAME RECEIVED] camera=ppe_test_cam1 | severity=low | violated=['No-Shoes', 'No-Shoes']
2026-08-17 21:19:56,038 - ppe_alert_consumer_0df983271a80 - INFO - [PPE Result] camera=ppe_test_cam1 | severity=low | sent_to=post_processing
2026-08-17 21:19:56,038 - ppe_alert_consumer_0df983271a80 - INFO - [PPE FRAME RECEIVED] camera=ppe_test_cam1 | severity=none | violated=[]
2026-08-17 21:19:56,040 - ppe_alert_consumer_0df983271a80 - INFO - [PPE Result] camera=ppe_test_cam1 | severity=none | sent_to=post_processing
2026-08-17 21:19:57,062 - ppe_alert_consumer_0df983271a80 - INFO - [PPE FRAME RECEIVED] camera=ppe_test_cam1 | severity=none | violated=[]
2026-08-17 21:19:57,063 - ppe_alert_consumer_0df983271a80 - INFO - [PPE Result] camera=ppe_test_cam1 | severity=none | sent_to=post_processing
2026-08-17 21:19:57,064 - ppe_alert_consumer_0df983271a80 - INFO - [PPE FRAME RECEIVED] camera=ppe_test_cam1 | severity=low | violated=['No-Shoes', 'No-Shoes']
2026-08-17 21:19:57,066 - ppe_alert_consumer_0df983271a80 - INFO - [PPE Result] camera=ppe_test_cam1 | severity=low | sent_to=post_processing
2026-08-17 21:19:58,062 - ppe_alert_consumer_0df983271a80 - INFO - [PPE FRAME RECEIVED] camera=ppe_test_cam1 | severity=none | violated=[]
2026-08-17 21:19:58,062 - ppe_alert_consumer_0df983271a80 - INFO - [PPE Result] camera=ppe_test_cam1 | severity=none | sent_to=post_processing
2026-08-17 21:19:58,092 - ppe_alert_consumer_0df983271a80 - INFO - [PPE FRAME RECEIVED] camera=ppe_test_cam1 | severity=low | violated=['No-Shoes', 'No-Shoes']
2026-08-17 21:19:58,093 - ppe_alert_consumer_0df983271a80 - INFO - [PPE Result] camera=ppe_test_cam1 | severity=low | sent_to=post_processing
2026-08-17 21:19:59,067 - ppe_alert_consumer_0df983271a80 - INFO - [PPE FRAME RECEIVED] camera=ppe_test_cam1 | severity=none | violated=[]
2026-08-17 21:19:59,068 - ppe_alert_consumer_0df983271a80 - INFO - [PPE Result] camera=ppe_test_cam1 | severity=none | sent_to=post_processing
2026-08-17 21:19:59,097 - ppe_alert_consumer_0df983271a80 - INFO - [PPE FRAME RECEIVED] camera=ppe_test_cam1 | severity=low | violated=['No-Shoes', 'No-Shoes']
2026-08-17 21:19:59,098 - ppe_alert_consumer_0df983271a80 - INFO - [PPE Result] camera=ppe_test_cam1 | severity=low | sent_to=post_processing
2026-08-17 21:20:00,067 - ppe_alert_consumer_0df983271a80 - INFO - [PPE FRAME RECEIVED] camera=ppe_test_cam1 | severity=none | violated=[]
2026-08-17 21:20:00,067 - ppe_alert_consumer_0df983271a80 - INFO - [PPE Result] camera=ppe_test_cam1 | severity=none | sent_to=post_processing
2026-08-17 21:20:05,073 - ppe_alert_consumer_0df983271a80 - INFO - [PPE FRAME RECEIVED] camera=ppe_test_cam1 | severity=none | violated=[]
2026-08-17 21:20:05,074 - ppe_alert_consumer_0df983271a80 - INFO - [PPE Result] camera=ppe_test_cam1 | severity=none | sent_to=post_processing
2026-08-17 21:20:05,962 - ppe_alert_consumer_0df983271a80 - INFO - [PPE FRAME RECEIVED] camera=ppe_test_cam1 | severity=none | violated=[]
2026-08-17 21:20:05,963 - ppe_alert_consumer_0df983271a80 - INFO - [PPE Result] camera=ppe_test_cam1 | severity=none | sent_to=post_processing
2026-08-17 21:20:07,042 - ppe_alert_consumer_0df983271a80 - INFO - [PPE FRAME RECEIVED] camera=ppe_test_cam1 | severity=none | violated=[]
2026-08-17 21:20:07,043 - ppe_alert_consumer_0df983271a80 - INFO - [PPE Result] camera=ppe_test_cam1 | severity=none | sent_to=post_processing
2026-08-17 21:20:08,080 - ppe_alert_consumer_0df983271a80 - INFO - [PPE FRAME RECEIVED] camera=ppe_test_cam1 | severity=none | violated=[]
2026-08-17 21:20:08,081 - ppe_alert_consumer_0df983271a80 - INFO - [PPE Result] camera=ppe_test_cam1 | severity=none | sent_to=post_processing
2026-08-17 21:20:09,066 - ppe_alert_consumer_0df983271a80 - INFO - [PPE FRAME RECEIVED] camera=ppe_test_cam1 | severity=none | violated=[]
2026-08-17 21:20:09,067 - ppe_alert_consumer_0df983271a80 - INFO - [PPE Result] camera=ppe_test_cam1 | severity=none | sent_to=post_processing
2026-08-17 21:20:10,083 - ppe_alert_consumer_0df983271a80 - INFO - [PPE FRAME RECEIVED] camera=ppe_test_cam1 | severity=none | violated=[]
2026-08-17 21:20:10,084 - ppe_alert_consumer_0df983271a80 - INFO - [PPE Result] camera=ppe_test_cam1 | severity=none | sent_to=post_processing
2026-08-17 21:20:10,999 - ppe_alert_consumer_0df983271a80 - INFO - [PPE FRAME RECEIVED] camera=ppe_test_cam1 | severity=none | violated=[]
2026-08-17 21:20:11,000 - ppe_alert_consumer_0df983271a80 - INFO - [PPE Result] camera=ppe_test_cam1 | severity=none | sent_to=post_processing
2026-08-17 21:20:12,076 - ppe_alert_consumer_0df983271a80 - INFO - [PPE FRAME RECEIVED] camera=ppe_test_cam1 | severity=none | violated=[]
2026-08-17 21:20:12,077 - ppe_alert_consumer_0df983271a80 - INFO - [PPE Result] camera=ppe_test_cam1 | severity=none | sent_to=post_processing
2026-08-17 21:20:12,104 - ppe_alert_consumer_0df983271a80 - INFO - [PPE FRAME RECEIVED] camera=ppe_test_cam1 | severity=none | violated=[]
2026-08-17 21:20:12,105 - ppe_alert_consumer_0df983271a80 - INFO - [PPE Result] camera=ppe_test_cam1 | severity=none | sent_to=post_processing
2026-08-17 21:20:37,116 - ppe_alert_consumer_0df983271a80 - INFO - [PPE FRAME RECEIVED] camera=ppe_test_cam1 | severity=none | violated=[]
2026-08-17 21:20:37,117 - ppe_alert_consumer_0df983271a80 - INFO - [PPE Result] camera=ppe_test_cam1 | severity=none | sent_to=post_processing
2026-08-17 21:20:38,039 - ppe_alert_consumer_0df983271a80 - INFO - [PPE FRAME RECEIVED] camera=ppe_test_cam1 | severity=none | violated=[]
2026-08-17 21:20:38,040 - ppe_alert_consumer_0df983271a80 - INFO - [PPE Result] camera=ppe_test_cam1 | severity=none | sent_to=post_processing
2026-08-17 21:20:56,104 - ppe_alert_consumer_0df983271a80 - INFO - [PPE FRAME RECEIVED] camera=ppe_test_cam1 | severity=none | violated=[]
2026-08-17 21:20:56,105 - ppe_alert_consumer_0df983271a80 - INFO - [PPE Result] camera=ppe_test_cam1 | severity=none | sent_to=post_processing
2026-08-17 21:20:56,106 - ppe_alert_consumer_0df983271a80 - INFO - [PPE FRAME RECEIVED] camera=ppe_test_cam1 | severity=low | violated=['No-Shoes', 'No-Shoes']
2026-08-17 21:20:56,107 - ppe_alert_consumer_0df983271a80 - INFO - [PPE Result] camera=ppe_test_cam1 | severity=low | sent_to=post_processing
2026-08-17 21:20:57,029 - ppe_alert_consumer_0df983271a80 - INFO - [PPE FRAME RECEIVED] camera=ppe_test_cam1 | severity=none | violated=[]
2026-08-17 21:20:57,030 - ppe_alert_consumer_0df983271a80 - INFO - [PPE Result] camera=ppe_test_cam1 | severity=none | sent_to=post_processing
2026-08-17 21:20:57,060 - ppe_alert_consumer_0df983271a80 - INFO - [PPE FRAME RECEIVED] camera=ppe_test_cam1 | severity=low | violated=['No-Shoes', 'No-Shoes']
2026-08-17 21:20:57,061 - ppe_alert_consumer_0df983271a80 - INFO - [PPE Result] camera=ppe_test_cam1 | severity=low | sent_to=post_processing
2026-08-17 21:20:58,010 - ppe_alert_consumer_0df983271a80 - INFO - [PPE FRAME RECEIVED] camera=ppe_test_cam1 | severity=low | violated=['No-Shoes', 'No-Shoes']
2026-08-17 21:20:58,012 - ppe_alert_consumer_0df983271a80 - INFO - [PPE Result] camera=ppe_test_cam1 | severity=low | sent_to=post_processing
2026-08-17 21:20:58,012 - ppe_alert_consumer_0df983271a80 - INFO - [PPE FRAME RECEIVED] camera=ppe_test_cam1 | severity=none | violated=[]
2026-08-17 21:20:58,015 - ppe_alert_consumer_0df983271a80 - INFO - [PPE Result] camera=ppe_test_cam1 | severity=none | sent_to=post_processing
2026-08-17 21:20:59,155 - ppe_alert_consumer_0df983271a80 - INFO - [PPE FRAME RECEIVED] camera=ppe_test_cam1 | severity=none | violated=[]
2026-08-17 21:20:59,156 - ppe_alert_consumer_0df983271a80 - INFO - [PPE Result] camera=ppe_test_cam1 | severity=none | sent_to=post_processing
2026-08-17 21:20:59,185 - ppe_alert_consumer_0df983271a80 - INFO - [PPE FRAME RECEIVED] camera=ppe_test_cam1 | severity=low | violated=['No-Shoes', 'No-Shoes']
2026-08-17 21:20:59,186 - ppe_alert_consumer_0df983271a80 - INFO - [PPE Result] camera=ppe_test_cam1 | severity=low | sent_to=post_processing
2026-08-17 21:21:00,060 - ppe_alert_consumer_0df983271a80 - INFO - [PPE FRAME RECEIVED] camera=ppe_test_cam1 | severity=none | violated=[]
2026-08-17 21:21:00,061 - ppe_alert_consumer_0df983271a80 - INFO - [PPE Result] camera=ppe_test_cam1 | severity=none | sent_to=post_processing
2026-08-17 21:21:05,069 - ppe_alert_consumer_0df983271a80 - INFO - [PPE FRAME RECEIVED] camera=ppe_test_cam1 | severity=none | violated=[]
2026-08-17 21:21:05,070 - ppe_alert_consumer_0df983271a80 - INFO - [PPE Result] camera=ppe_test_cam1 | severity=none | sent_to=post_processing
2026-08-17 21:21:06,025 - ppe_alert_consumer_0df983271a80 - INFO - [PPE FRAME RECEIVED] camera=ppe_test_cam1 | severity=none | violated=[]
2026-08-17 21:21:06,026 - ppe_alert_consumer_0df983271a80 - INFO - [PPE Result] camera=ppe_test_cam1 | severity=none | sent_to=post_processing
2026-08-17 21:21:07,057 - ppe_alert_consumer_0df983271a80 - INFO - [PPE FRAME RECEIVED] camera=ppe_test_cam1 | severity=none | violated=[]
2026-08-17 21:21:07,058 - ppe_alert_consumer_0df983271a80 - INFO - [PPE Result] camera=ppe_test_cam1 | severity=none | sent_to=post_processing
2026-08-17 21:21:07,932 - ppe_alert_consumer_0df983271a80 - INFO - [PPE FRAME RECEIVED] camera=ppe_test_cam1 | severity=none | violated=[]
2026-08-17 21:21:07,933 - ppe_alert_consumer_0df983271a80 - INFO - [PPE Result] camera=ppe_test_cam1 | severity=none | sent_to=post_processing
2026-08-17 21:21:09,069 - ppe_alert_consumer_0df983271a80 - INFO - [PPE FRAME RECEIVED] camera=ppe_test_cam1 | severity=none | violated=[]
2026-08-17 21:21:09,069 - ppe_alert_consumer_0df983271a80 - INFO - [PPE Result] camera=ppe_test_cam1 | severity=none | sent_to=post_processing
2026-08-17 21:21:10,103 - ppe_alert_consumer_0df983271a80 - INFO - [PPE FRAME RECEIVED] camera=ppe_test_cam1 | severity=none | violated=[]
2026-08-17 21:21:10,104 - ppe_alert_consumer_0df983271a80 - INFO - [PPE Result] camera=ppe_test_cam1 | severity=none | sent_to=post_processing
2026-08-17 21:21:11,024 - ppe_alert_consumer_0df983271a80 - INFO - [PPE FRAME RECEIVED] camera=ppe_test_cam1 | severity=none | violated=[]
2026-08-17 21:21:11,025 - ppe_alert_consumer_0df983271a80 - INFO - [PPE Result] camera=ppe_test_cam1 | severity=none | sent_to=post_processing
2026-08-17 21:21:12,113 - ppe_alert_consumer_0df983271a80 - INFO - [PPE FRAME RECEIVED] camera=ppe_test_cam1 | severity=none | violated=[]
2026-08-17 21:21:12,114 - ppe_alert_consumer_0df983271a80 - INFO - [PPE Result] camera=ppe_test_cam1 | severity=none | sent_to=post_processing
2026-08-17 21:21:12,114 - ppe_alert_consumer_0df983271a80 - INFO - [PPE FRAME RECEIVED] camera=ppe_test_cam1 | severity=none | violated=[]
2026-08-17 21:21:12,118 - ppe_alert_consumer_0df983271a80 - INFO - [PPE Result] camera=ppe_test_cam1 | severity=none | sent_to=post_processing
2026-08-17 21:21:36,991 - ppe_alert_consumer_0df983271a80 - INFO - [PPE FRAME RECEIVED] camera=ppe_test_cam1 | severity=none | violated=[]
2026-08-17 21:21:36,992 - ppe_alert_consumer_0df983271a80 - INFO - [PPE Result] camera=ppe_test_cam1 | severity=none | sent_to=post_processing
2026-08-17 21:21:38,088 - ppe_alert_consumer_0df983271a80 - INFO - [PPE FRAME RECEIVED] camera=ppe_test_cam1 | severity=none | violated=[]
2026-08-17 21:21:38,091 - ppe_alert_consumer_0df983271a80 - INFO - [PPE Result] camera=ppe_test_cam1 | severity=none | sent_to=post_processing
2026-08-17 21:21:56,098 - ppe_alert_consumer_0df983271a80 - INFO - [PPE FRAME RECEIVED] camera=ppe_test_cam1 | severity=low | violated=['No-Shoes', 'No-Shoes']
2026-08-17 21:21:56,099 - ppe_alert_consumer_0df983271a80 - INFO - [PPE Result] camera=ppe_test_cam1 | severity=low | sent_to=post_processing
2026-08-17 21:21:56,100 - ppe_alert_consumer_0df983271a80 - INFO - [PPE FRAME RECEIVED] camera=ppe_test_cam1 | severity=none | violated=[]
2026-08-17 21:21:56,101 - ppe_alert_consumer_0df983271a80 - INFO - [PPE Result] camera=ppe_test_cam1 | severity=none | sent_to=post_processing
2026-08-17 21:21:57,009 - ppe_alert_consumer_0df983271a80 - INFO - [PPE FRAME RECEIVED] camera=ppe_test_cam1 | severity=none | violated=[]
2026-08-17 21:21:57,010 - ppe_alert_consumer_0df983271a80 - INFO - [PPE Result] camera=ppe_test_cam1 | severity=none | sent_to=post_processing
2026-08-17 21:21:57,037 - ppe_alert_consumer_0df983271a80 - INFO - [PPE FRAME RECEIVED] camera=ppe_test_cam1 | severity=low | violated=['No-Shoes', 'No-Shoes']
2026-08-17 21:21:57,038 - ppe_alert_consumer_0df983271a80 - INFO - [PPE Result] camera=ppe_test_cam1 | severity=low | sent_to=post_processing
2026-08-17 21:21:58,098 - ppe_alert_consumer_0df983271a80 - INFO - [PPE FRAME RECEIVED] camera=ppe_test_cam1 | severity=none | violated=[]
2026-08-17 21:21:58,099 - ppe_alert_consumer_0df983271a80 - INFO - [PPE Result] camera=ppe_test_cam1 | severity=none | sent_to=post_processing
2026-08-17 21:21:58,100 - ppe_alert_consumer_0df983271a80 - INFO - [PPE FRAME RECEIVED] camera=ppe_test_cam1 | severity=low | violated=['No-Shoes', 'No-Shoes']
2026-08-17 21:21:58,101 - ppe_alert_consumer_0df983271a80 - INFO - [PPE Result] camera=ppe_test_cam1 | severity=low | sent_to=post_processing
2026-08-17 21:21:59,059 - ppe_alert_consumer_0df983271a80 - INFO - [PPE FRAME RECEIVED] camera=ppe_test_cam1 | severity=low | violated=['No-Shoes', 'No-Shoes']
2026-08-17 21:21:59,060 - ppe_alert_consumer_0df983271a80 - INFO - [PPE Result] camera=ppe_test_cam1 | severity=low | sent_to=post_processing
2026-08-17 21:21:59,060 - ppe_alert_consumer_0df983271a80 - INFO - [PPE FRAME RECEIVED] camera=ppe_test_cam1 | severity=none | violated=[]
2026-08-17 21:21:59,063 - ppe_alert_consumer_0df983271a80 - INFO - [PPE Result] camera=ppe_test_cam1 | severity=none | sent_to=post_processing
2026-08-17 21:22:00,049 - ppe_alert_consumer_0df983271a80 - INFO - [PPE FRAME RECEIVED] camera=ppe_test_cam1 | severity=none | violated=[]
2026-08-17 21:22:00,050 - ppe_alert_consumer_0df983271a80 - INFO - [PPE Result] camera=ppe_test_cam1 | severity=none | sent_to=post_processing
2026-08-17 21:22:05,102 - ppe_alert_consumer_0df983271a80 - INFO - [PPE FRAME RECEIVED] camera=ppe_test_cam1 | severity=none | violated=[]
2026-08-17 21:22:05,103 - ppe_alert_consumer_0df983271a80 - INFO - [PPE Result] camera=ppe_test_cam1 | severity=none | sent_to=post_processing
2026-08-17 21:22:05,937 - ppe_alert_consumer_0df983271a80 - INFO - [PPE FRAME RECEIVED] camera=ppe_test_cam1 | severity=none | violated=[]
2026-08-17 21:22:05,938 - ppe_alert_consumer_0df983271a80 - INFO - [PPE Result] camera=ppe_test_cam1 | severity=none | sent_to=post_processing
2026-08-17 21:22:07,050 - ppe_alert_consumer_0df983271a80 - INFO - [PPE FRAME RECEIVED] camera=ppe_test_cam1 | severity=none | violated=[]
2026-08-17 21:22:07,051 - ppe_alert_consumer_0df983271a80 - INFO - [PPE Result] camera=ppe_test_cam1 | severity=none | sent_to=post_processing
2026-08-17 21:22:08,053 - ppe_alert_consumer_0df983271a80 - INFO - [PPE FRAME RECEIVED] camera=ppe_test_cam1 | severity=none | violated=[]
2026-08-17 21:22:08,054 - ppe_alert_consumer_0df983271a80 - INFO - [PPE Result] camera=ppe_test_cam1 | severity=none | sent_to=post_processing
2026-08-17 21:22:09,049 - ppe_alert_consumer_0df983271a80 - INFO - [PPE FRAME RECEIVED] camera=ppe_test_cam1 | severity=none | violated=[]
2026-08-17 21:22:09,050 - ppe_alert_consumer_0df983271a80 - INFO - [PPE Result] camera=ppe_test_cam1 | severity=none | sent_to=post_processing
2026-08-17 21:22:10,117 - ppe_alert_consumer_0df983271a80 - INFO - [PPE FRAME RECEIVED] camera=ppe_test_cam1 | severity=none | violated=[]
2026-08-17 21:22:10,118 - ppe_alert_consumer_0df983271a80 - INFO - [PPE Result] camera=ppe_test_cam1 | severity=none | sent_to=post_processing
2026-08-17 21:22:10,987 - ppe_alert_consumer_0df983271a80 - INFO - [PPE FRAME RECEIVED] camera=ppe_test_cam1 | severity=none | violated=[]
2026-08-17 21:22:10,987 - ppe_alert_consumer_0df983271a80 - INFO - [PPE Result] camera=ppe_test_cam1 | severity=none | sent_to=post_processing
2026-08-17 21:22:12,054 - ppe_alert_consumer_0df983271a80 - INFO - [PPE FRAME RECEIVED] camera=ppe_test_cam1 | severity=none | violated=[]
2026-08-17 21:22:12,055 - ppe_alert_consumer_0df983271a80 - INFO - [PPE Result] camera=ppe_test_cam1 | severity=none | sent_to=post_processing
2026-08-17 21:22:12,089 - ppe_alert_consumer_0df983271a80 - INFO - [PPE FRAME RECEIVED] camera=ppe_test_cam1 | severity=none | violated=[]
2026-08-17 21:22:12,090 - ppe_alert_consumer_0df983271a80 - INFO - [PPE Result] camera=ppe_test_cam1 | severity=none | sent_to=post_processing
2026-08-17 21:22:37,058 - ppe_alert_consumer_0df983271a80 - INFO - [PPE FRAME RECEIVED] camera=ppe_test_cam1 | severity=none | violated=[]
2026-08-17 21:22:37,059 - ppe_alert_consumer_0df983271a80 - INFO - [PPE Result] camera=ppe_test_cam1 | severity=none | sent_to=post_processing
2026-08-17 21:22:38,081 - ppe_alert_consumer_0df983271a80 - INFO - [PPE FRAME RECEIVED] camera=ppe_test_cam1 | severity=none | violated=[]
2026-08-17 21:22:38,082 - ppe_alert_consumer_0df983271a80 - INFO - [PPE Result] camera=ppe_test_cam1 | severity=none | sent_to=post_processing
2026-08-17 21:22:56,075 - ppe_alert_consumer_0df983271a80 - INFO - [PPE FRAME RECEIVED] camera=ppe_test_cam1 | severity=low | violated=['No-Shoes', 'No-Shoes']
2026-08-17 21:22:56,076 - ppe_alert_consumer_0df983271a80 - INFO - [PPE Result] camera=ppe_test_cam1 | severity=low | sent_to=post_processing
2026-08-17 21:22:56,077 - ppe_alert_consumer_0df983271a80 - INFO - [PPE FRAME RECEIVED] camera=ppe_test_cam1 | severity=none | violated=[]
2026-08-17 21:22:56,079 - ppe_alert_consumer_0df983271a80 - INFO - [PPE Result] camera=ppe_test_cam1 | severity=none | sent_to=post_processing
2026-08-17 21:22:57,047 - ppe_alert_consumer_0df983271a80 - INFO - [PPE FRAME RECEIVED] camera=ppe_test_cam1 | severity=none | violated=[]
2026-08-17 21:22:57,048 - ppe_alert_consumer_0df983271a80 - INFO - [PPE Result] camera=ppe_test_cam1 | severity=none | sent_to=post_processing
2026-08-17 21:22:57,049 - ppe_alert_consumer_0df983271a80 - INFO - [PPE FRAME RECEIVED] camera=ppe_test_cam1 | severity=low | violated=['No-Shoes', 'No-Shoes']
2026-08-17 21:22:57,052 - ppe_alert_consumer_0df983271a80 - INFO - [PPE Result] camera=ppe_test_cam1 | severity=low | sent_to=post_processing
2026-08-17 21:22:57,981 - ppe_alert_consumer_0df983271a80 - INFO - [PPE FRAME RECEIVED] camera=ppe_test_cam1 | severity=none | violated=[]
2026-08-17 21:22:57,982 - ppe_alert_consumer_0df983271a80 - INFO - [PPE Result] camera=ppe_test_cam1 | severity=none | sent_to=post_processing
2026-08-17 21:22:58,019 - ppe_alert_consumer_0df983271a80 - INFO - [PPE FRAME RECEIVED] camera=ppe_test_cam1 | severity=low | violated=['No-Shoes', 'No-Shoes']
2026-08-17 21:22:58,020 - ppe_alert_consumer_0df983271a80 - INFO - [PPE Result] camera=ppe_test_cam1 | severity=low | sent_to=post_processing
2026-08-17 21:22:59,058 - ppe_alert_consumer_0df983271a80 - INFO - [PPE FRAME RECEIVED] camera=ppe_test_cam1 | severity=none | violated=[]
2026-08-17 21:22:59,058 - ppe_alert_consumer_0df983271a80 - INFO - [PPE Result] camera=ppe_test_cam1 | severity=none | sent_to=post_processing
2026-08-17 21:22:59,090 - ppe_alert_consumer_0df983271a80 - INFO - [PPE FRAME RECEIVED] camera=ppe_test_cam1 | severity=low | violated=['No-Shoes', 'No-Shoes']
2026-08-17 21:22:59,091 - ppe_alert_consumer_0df983271a80 - INFO - [PPE Result] camera=ppe_test_cam1 | severity=low | sent_to=post_processing
2026-08-17 21:23:00,038 - ppe_alert_consumer_0df983271a80 - INFO - [PPE FRAME RECEIVED] camera=ppe_test_cam1 | severity=none | violated=[]
2026-08-17 21:23:00,039 - ppe_alert_consumer_0df983271a80 - INFO - [PPE Result] camera=ppe_test_cam1 | severity=none | sent_to=post_processing
2026-08-17 21:23:05,066 - ppe_alert_consumer_0df983271a80 - INFO - [PPE FRAME RECEIVED] camera=ppe_test_cam1 | severity=none | violated=[]
2026-08-17 21:23:05,067 - ppe_alert_consumer_0df983271a80 - INFO - [PPE Result] camera=ppe_test_cam1 | severity=none | sent_to=post_processing
2026-08-17 21:23:05,942 - ppe_alert_consumer_0df983271a80 - INFO - [PPE FRAME RECEIVED] camera=ppe_test_cam1 | severity=none | violated=[]
2026-08-17 21:23:05,943 - ppe_alert_consumer_0df983271a80 - INFO - [PPE Result] camera=ppe_test_cam1 | severity=none | sent_to=post_processing
2026-08-17 21:23:07,067 - ppe_alert_consumer_0df983271a80 - INFO - [PPE FRAME RECEIVED] camera=ppe_test_cam1 | severity=none | violated=[]
2026-08-17 21:23:07,068 - ppe_alert_consumer_0df983271a80 - INFO - [PPE Result] camera=ppe_test_cam1 | severity=none | sent_to=post_processing
2026-08-17 21:23:08,064 - ppe_alert_consumer_0df983271a80 - INFO - [PPE FRAME RECEIVED] camera=ppe_test_cam1 | severity=none | violated=[]
2026-08-17 21:23:08,065 - ppe_alert_consumer_0df983271a80 - INFO - [PPE Result] camera=ppe_test_cam1 | severity=none | sent_to=post_processing
2026-08-17 21:23:09,006 - ppe_alert_consumer_0df983271a80 - INFO - [PPE FRAME RECEIVED] camera=ppe_test_cam1 | severity=none | violated=[]
2026-08-17 21:23:09,007 - ppe_alert_consumer_0df983271a80 - INFO - [PPE Result] camera=ppe_test_cam1 | severity=none | sent_to=post_processing
2026-08-17 21:23:10,107 - ppe_alert_consumer_0df983271a80 - INFO - [PPE FRAME RECEIVED] camera=ppe_test_cam1 | severity=none | violated=[]
2026-08-17 21:23:10,109 - ppe_alert_consumer_0df983271a80 - INFO - [PPE Result] camera=ppe_test_cam1 | severity=none | sent_to=post_processing
2026-08-17 21:23:11,096 - ppe_alert_consumer_0df983271a80 - INFO - [PPE FRAME RECEIVED] camera=ppe_test_cam1 | severity=none | violated=[]
2026-08-17 21:23:11,097 - ppe_alert_consumer_0df983271a80 - INFO - [PPE Result] camera=ppe_test_cam1 | severity=none | sent_to=post_processing
2026-08-17 21:23:12,108 - ppe_alert_consumer_0df983271a80 - INFO - [PPE FRAME RECEIVED] camera=ppe_test_cam1 | severity=none | violated=[]
2026-08-17 21:23:12,109 - ppe_alert_consumer_0df983271a80 - INFO - [PPE Result] camera=ppe_test_cam1 | severity=none | sent_to=post_processing
2026-08-17 21:23:12,109 - ppe_alert_consumer_0df983271a80 - INFO - [PPE FRAME RECEIVED] camera=ppe_test_cam1 | severity=none | violated=[]
2026-08-17 21:23:12,111 - ppe_alert_consumer_0df983271a80 - INFO - [PPE Result] camera=ppe_test_cam1 | severity=none | sent_to=post_processing
2026-08-17 21:23:37,005 - ppe_alert_consumer_0df983271a80 - INFO - [PPE FRAME RECEIVED] camera=ppe_test_cam1 | severity=none | violated=[]
2026-08-17 21:23:37,006 - ppe_alert_consumer_0df983271a80 - INFO - [PPE Result] camera=ppe_test_cam1 | severity=none | sent_to=post_processing
2026-08-17 21:23:38,095 - ppe_alert_consumer_0df983271a80 - INFO - [PPE FRAME RECEIVED] camera=ppe_test_cam1 | severity=none | violated=[]
2026-08-17 21:23:38,096 - ppe_alert_consumer_0df983271a80 - INFO - [PPE Result] camera=ppe_test_cam1 | severity=none | sent_to=post_processing
2026-08-17 21:23:56,047 - ppe_alert_consumer_0df983271a80 - INFO - [PPE FRAME RECEIVED] camera=ppe_test_cam1 | severity=none | violated=[]
2026-08-17 21:23:56,048 - ppe_alert_consumer_0df983271a80 - INFO - [PPE Result] camera=ppe_test_cam1 | severity=none | sent_to=post_processing
2026-08-17 21:23:56,080 - ppe_alert_consumer_0df983271a80 - INFO - [PPE FRAME RECEIVED] camera=ppe_test_cam1 | severity=low | violated=['No-Shoes', 'No-Shoes']
2026-08-17 21:23:56,080 - ppe_alert_consumer_0df983271a80 - INFO - [PPE Result] camera=ppe_test_cam1 | severity=low | sent_to=post_processing
2026-08-17 21:23:57,033 - ppe_alert_consumer_0df983271a80 - INFO - [PPE FRAME RECEIVED] camera=ppe_test_cam1 | severity=none | violated=[]
2026-08-17 21:23:57,033 - ppe_alert_consumer_0df983271a80 - INFO - [PPE Result] camera=ppe_test_cam1 | severity=none | sent_to=post_processing
2026-08-17 21:23:57,064 - ppe_alert_consumer_0df983271a80 - INFO - [PPE FRAME RECEIVED] camera=ppe_test_cam1 | severity=low | violated=['No-Shoes', 'No-Shoes']
2026-08-17 21:23:57,065 - ppe_alert_consumer_0df983271a80 - INFO - [PPE Result] camera=ppe_test_cam1 | severity=low | sent_to=post_processing
2026-08-17 21:23:57,987 - ppe_alert_consumer_0df983271a80 - INFO - [PPE FRAME RECEIVED] camera=ppe_test_cam1 | severity=none | violated=[]
2026-08-17 21:23:57,988 - ppe_alert_consumer_0df983271a80 - INFO - [PPE Result] camera=ppe_test_cam1 | severity=none | sent_to=post_processing
2026-08-17 21:23:57,988 - ppe_alert_consumer_0df983271a80 - INFO - [PPE FRAME RECEIVED] camera=ppe_test_cam1 | severity=low | violated=['No-Shoes', 'No-Shoes']
2026-08-17 21:23:57,990 - ppe_alert_consumer_0df983271a80 - INFO - [PPE Result] camera=ppe_test_cam1 | severity=low | sent_to=post_processing
2026-08-17 21:23:59,062 - ppe_alert_consumer_0df983271a80 - INFO - [PPE FRAME RECEIVED] camera=ppe_test_cam1 | severity=none | violated=[]
2026-08-17 21:23:59,063 - ppe_alert_consumer_0df983271a80 - INFO - [PPE Result] camera=ppe_test_cam1 | severity=none | sent_to=post_processing
2026-08-17 21:23:59,095 - ppe_alert_consumer_0df983271a80 - INFO - [PPE FRAME RECEIVED] camera=ppe_test_cam1 | severity=low | violated=['No-Shoes', 'No-Shoes']
2026-08-17 21:23:59,096 - ppe_alert_consumer_0df983271a80 - INFO - [PPE Result] camera=ppe_test_cam1 | severity=low | sent_to=post_processing
2026-08-17 21:24:00,089 - ppe_alert_consumer_0df983271a80 - INFO - [PPE FRAME RECEIVED] camera=ppe_test_cam1 | severity=none | violated=[]
2026-08-17 21:24:00,090 - ppe_alert_consumer_0df983271a80 - INFO - [PPE Result] camera=ppe_test_cam1 | severity=none | sent_to=post_processing
2026-08-17 21:24:05,051 - ppe_alert_consumer_0df983271a80 - INFO - [PPE FRAME RECEIVED] camera=ppe_test_cam1 | severity=none | violated=[]
2026-08-17 21:24:05,052 - ppe_alert_consumer_0df983271a80 - INFO - [PPE Result] camera=ppe_test_cam1 | severity=none | sent_to=post_processing
2026-08-17 21:24:05,969 - ppe_alert_consumer_0df983271a80 - INFO - [PPE FRAME RECEIVED] camera=ppe_test_cam1 | severity=none | violated=[]
2026-08-17 21:24:05,970 - ppe_alert_consumer_0df983271a80 - INFO - [PPE Result] camera=ppe_test_cam1 | severity=none | sent_to=post_processing
2026-08-17 21:24:07,062 - ppe_alert_consumer_0df983271a80 - INFO - [PPE FRAME RECEIVED] camera=ppe_test_cam1 | severity=none | violated=[]
2026-08-17 21:24:07,063 - ppe_alert_consumer_0df983271a80 - INFO - [PPE Result] camera=ppe_test_cam1 | severity=none | sent_to=post_processing
2026-08-17 21:24:07,971 - ppe_alert_consumer_0df983271a80 - INFO - [PPE FRAME RECEIVED] camera=ppe_test_cam1 | severity=none | violated=[]
2026-08-17 21:24:07,971 - ppe_alert_consumer_0df983271a80 - INFO - [PPE Result] camera=ppe_test_cam1 | severity=none | sent_to=post_processing
2026-08-17 21:24:09,084 - ppe_alert_consumer_0df983271a80 - INFO - [PPE FRAME RECEIVED] camera=ppe_test_cam1 | severity=none | violated=[]
2026-08-17 21:24:09,085 - ppe_alert_consumer_0df983271a80 - INFO - [PPE Result] camera=ppe_test_cam1 | severity=none | sent_to=post_processing
2026-08-17 21:24:10,139 - ppe_alert_consumer_0df983271a80 - INFO - [PPE FRAME RECEIVED] camera=ppe_test_cam1 | severity=none | violated=[]
2026-08-17 21:24:10,140 - ppe_alert_consumer_0df983271a80 - INFO - [PPE Result] camera=ppe_test_cam1 | severity=none | sent_to=post_processing
2026-08-17 21:24:10,966 - ppe_alert_consumer_0df983271a80 - INFO - [PPE FRAME RECEIVED] camera=ppe_test_cam1 | severity=none | violated=[]
2026-08-17 21:24:10,971 - ppe_alert_consumer_0df983271a80 - INFO - [PPE Result] camera=ppe_test_cam1 | severity=none | sent_to=post_processing
2026-08-17 21:24:12,079 - ppe_alert_consumer_0df983271a80 - INFO - [PPE FRAME RECEIVED] camera=ppe_test_cam1 | severity=none | violated=[]
2026-08-17 21:24:12,080 - ppe_alert_consumer_0df983271a80 - INFO - [PPE Result] camera=ppe_test_cam1 | severity=none | sent_to=post_processing
2026-08-17 21:24:12,107 - ppe_alert_consumer_0df983271a80 - INFO - [PPE FRAME RECEIVED] camera=ppe_test_cam1 | severity=none | violated=[]
2026-08-17 21:24:12,108 - ppe_alert_consumer_0df983271a80 - INFO - [PPE Result] camera=ppe_test_cam1 | severity=none | sent_to=post_processing
2026-08-17 21:24:37,108 - ppe_alert_consumer_0df983271a80 - INFO - [PPE FRAME RECEIVED] camera=ppe_test_cam1 | severity=none | violated=[]
2026-08-17 21:24:37,109 - ppe_alert_consumer_0df983271a80 - INFO - [PPE Result] camera=ppe_test_cam1 | severity=none | sent_to=post_processing
2026-08-17 21:24:38,065 - ppe_alert_consumer_0df983271a80 - INFO - [PPE FRAME RECEIVED] camera=ppe_test_cam1 | severity=none | violated=[]
2026-08-17 21:24:38,066 - ppe_alert_consumer_0df983271a80 - INFO - [PPE Result] camera=ppe_test_cam1 | severity=none | sent_to=post_processing
2026-08-17 21:24:55,975 - ppe_alert_consumer_0df983271a80 - INFO - [PPE FRAME RECEIVED] camera=ppe_test_cam1 | severity=none | violated=[]
2026-08-17 21:24:55,976 - ppe_alert_consumer_0df983271a80 - INFO - [PPE Result] camera=ppe_test_cam1 | severity=none | sent_to=post_processing
2026-08-17 21:24:55,977 - ppe_alert_consumer_0df983271a80 - INFO - [PPE FRAME RECEIVED] camera=ppe_test_cam1 | severity=low | violated=['No-Shoes', 'No-Shoes']
2026-08-17 21:24:55,978 - ppe_alert_consumer_0df983271a80 - INFO - [PPE Result] camera=ppe_test_cam1 | severity=low | sent_to=post_processing
2026-08-17 21:24:57,060 - ppe_alert_consumer_0df983271a80 - INFO - [PPE FRAME RECEIVED] camera=ppe_test_cam1 | severity=low | violated=['No-Shoes', 'No-Shoes']
2026-08-17 21:24:57,061 - ppe_alert_consumer_0df983271a80 - INFO - [PPE Result] camera=ppe_test_cam1 | severity=low | sent_to=post_processing
2026-08-17 21:24:57,062 - ppe_alert_consumer_0df983271a80 - INFO - [PPE FRAME RECEIVED] camera=ppe_test_cam1 | severity=none | violated=[]
2026-08-17 21:24:57,063 - ppe_alert_consumer_0df983271a80 - INFO - [PPE Result] camera=ppe_test_cam1 | severity=none | sent_to=post_processing
2026-08-17 21:24:58,070 - ppe_alert_consumer_0df983271a80 - INFO - [PPE FRAME RECEIVED] camera=ppe_test_cam1 | severity=none | violated=[]
2026-08-17 21:24:58,071 - ppe_alert_consumer_0df983271a80 - INFO - [PPE Result] camera=ppe_test_cam1 | severity=none | sent_to=post_processing
2026-08-17 21:24:58,102 - ppe_alert_consumer_0df983271a80 - INFO - [PPE FRAME RECEIVED] camera=ppe_test_cam1 | severity=low | violated=['No-Shoes', 'No-Shoes']
2026-08-17 21:24:58,103 - ppe_alert_consumer_0df983271a80 - INFO - [PPE Result] camera=ppe_test_cam1 | severity=low | sent_to=post_processing
2026-08-17 21:24:59,052 - ppe_alert_consumer_0df983271a80 - INFO - [PPE FRAME RECEIVED] camera=ppe_test_cam1 | severity=low | violated=['No-Shoes', 'No-Shoes']
2026-08-17 21:24:59,053 - ppe_alert_consumer_0df983271a80 - INFO - [PPE Result] camera=ppe_test_cam1 | severity=low | sent_to=post_processing
2026-08-17 21:24:59,054 - ppe_alert_consumer_0df983271a80 - INFO - [PPE FRAME RECEIVED] camera=ppe_test_cam1 | severity=none | violated=[]
2026-08-17 21:24:59,055 - ppe_alert_consumer_0df983271a80 - INFO - [PPE Result] camera=ppe_test_cam1 | severity=none | sent_to=post_processing
2026-08-17 21:25:00,063 - ppe_alert_consumer_0df983271a80 - INFO - [PPE FRAME RECEIVED] camera=ppe_test_cam1 | severity=none | violated=[]
2026-08-17 21:25:00,064 - ppe_alert_consumer_0df983271a80 - INFO - [PPE Result] camera=ppe_test_cam1 | severity=none | sent_to=post_processing
2026-08-17 21:25:05,058 - ppe_alert_consumer_0df983271a80 - INFO - [PPE FRAME RECEIVED] camera=ppe_test_cam1 | severity=none | violated=[]
2026-08-17 21:25:05,060 - ppe_alert_consumer_0df983271a80 - INFO - [PPE Result] camera=ppe_test_cam1 | severity=none | sent_to=post_processing
2026-08-17 21:25:06,053 - ppe_alert_consumer_0df983271a80 - INFO - [PPE FRAME RECEIVED] camera=ppe_test_cam1 | severity=none | violated=[]
2026-08-17 21:25:06,054 - ppe_alert_consumer_0df983271a80 - INFO - [PPE Result] camera=ppe_test_cam1 | severity=none | sent_to=post_processing
2026-08-17 21:25:07,021 - ppe_alert_consumer_0df983271a80 - INFO - [PPE FRAME RECEIVED] camera=ppe_test_cam1 | severity=none | violated=[]
2026-08-17 21:25:07,022 - ppe_alert_consumer_0df983271a80 - INFO - [PPE Result] camera=ppe_test_cam1 | severity=none | sent_to=post_processing
2026-08-17 21:25:07,966 - ppe_alert_consumer_0df983271a80 - INFO - [PPE FRAME RECEIVED] camera=ppe_test_cam1 | severity=none | violated=[]
2026-08-17 21:25:07,967 - ppe_alert_consumer_0df983271a80 - INFO - [PPE Result] camera=ppe_test_cam1 | severity=none | sent_to=post_processing
2026-08-17 21:25:09,030 - ppe_alert_consumer_0df983271a80 - INFO - [PPE FRAME RECEIVED] camera=ppe_test_cam1 | severity=none | violated=[]
2026-08-17 21:25:09,031 - ppe_alert_consumer_0df983271a80 - INFO - [PPE Result] camera=ppe_test_cam1 | severity=none | sent_to=post_processing
2026-08-17 21:25:10,117 - ppe_alert_consumer_0df983271a80 - INFO - [PPE FRAME RECEIVED] camera=ppe_test_cam1 | severity=none | violated=[]
2026-08-17 21:25:10,118 - ppe_alert_consumer_0df983271a80 - INFO - [PPE Result] camera=ppe_test_cam1 | severity=none | sent_to=post_processing
2026-08-17 21:25:10,942 - ppe_alert_consumer_0df983271a80 - INFO - [PPE FRAME RECEIVED] camera=ppe_test_cam1 | severity=none | violated=[]
2026-08-17 21:25:10,943 - ppe_alert_consumer_0df983271a80 - INFO - [PPE Result] camera=ppe_test_cam1 | severity=none | sent_to=post_processing
2026-08-17 21:25:12,058 - ppe_alert_consumer_0df983271a80 - INFO - [PPE FRAME RECEIVED] camera=ppe_test_cam1 | severity=none | violated=[]
2026-08-17 21:25:12,058 - ppe_alert_consumer_0df983271a80 - INFO - [PPE Result] camera=ppe_test_cam1 | severity=none | sent_to=post_processing
2026-08-17 21:25:12,088 - ppe_alert_consumer_0df983271a80 - INFO - [PPE FRAME RECEIVED] camera=ppe_test_cam1 | severity=none | violated=[]
2026-08-17 21:25:12,089 - ppe_alert_consumer_0df983271a80 - INFO - [PPE Result] camera=ppe_test_cam1 | severity=none | sent_to=post_processing
2026-08-17 21:25:37,098 - ppe_alert_consumer_0df983271a80 - INFO - [PPE FRAME RECEIVED] camera=ppe_test_cam1 | severity=none | violated=[]
2026-08-17 21:25:37,100 - ppe_alert_consumer_0df983271a80 - INFO - [PPE Result] camera=ppe_test_cam1 | severity=none | sent_to=post_processing
2026-08-17 21:25:38,111 - ppe_alert_consumer_0df983271a80 - INFO - [PPE FRAME RECEIVED] camera=ppe_test_cam1 | severity=none | violated=[]
2026-08-17 21:25:38,112 - ppe_alert_consumer_0df983271a80 - INFO - [PPE Result] camera=ppe_test_cam1 | severity=none | sent_to=post_processing
2026-08-17 21:25:56,073 - ppe_alert_consumer_0df983271a80 - INFO - [PPE FRAME RECEIVED] camera=ppe_test_cam1 | severity=none | violated=[]
2026-08-17 21:25:56,074 - ppe_alert_consumer_0df983271a80 - INFO - [PPE Result] camera=ppe_test_cam1 | severity=none | sent_to=post_processing
2026-08-17 21:25:56,074 - ppe_alert_consumer_0df983271a80 - INFO - [PPE FRAME RECEIVED] camera=ppe_test_cam1 | severity=low | violated=['No-Shoes', 'No-Shoes']
2026-08-17 21:25:56,077 - ppe_alert_consumer_0df983271a80 - INFO - [PPE Result] camera=ppe_test_cam1 | severity=low | sent_to=post_processing
2026-08-17 21:25:57,035 - ppe_alert_consumer_0df983271a80 - INFO - [PPE FRAME RECEIVED] camera=ppe_test_cam1 | severity=none | violated=[]
2026-08-17 21:25:57,036 - ppe_alert_consumer_0df983271a80 - INFO - [PPE Result] camera=ppe_test_cam1 | severity=none | sent_to=post_processing
2026-08-17 21:25:57,067 - ppe_alert_consumer_0df983271a80 - INFO - [PPE FRAME RECEIVED] camera=ppe_test_cam1 | severity=low | violated=['No-Shoes', 'No-Shoes']
2026-08-17 21:25:57,068 - ppe_alert_consumer_0df983271a80 - INFO - [PPE Result] camera=ppe_test_cam1 | severity=low | sent_to=post_processing
2026-08-17 21:25:58,086 - ppe_alert_consumer_0df983271a80 - INFO - [PPE FRAME RECEIVED] camera=ppe_test_cam1 | severity=none | violated=[]
2026-08-17 21:25:58,086 - ppe_alert_consumer_0df983271a80 - INFO - [PPE Result] camera=ppe_test_cam1 | severity=none | sent_to=post_processing
2026-08-17 21:25:58,119 - ppe_alert_consumer_0df983271a80 - INFO - [PPE FRAME RECEIVED] camera=ppe_test_cam1 | severity=low | violated=['No-Shoes', 'No-Shoes']
2026-08-17 21:25:58,120 - ppe_alert_consumer_0df983271a80 - INFO - [PPE Result] camera=ppe_test_cam1 | severity=low | sent_to=post_processing
2026-08-17 21:25:59,451 - ppe_alert_consumer_0df983271a80 - INFO - [PPE FRAME RECEIVED] camera=ppe_test_cam1 | severity=none | violated=[]
2026-08-17 21:25:59,452 - ppe_alert_consumer_0df983271a80 - INFO - [PPE Result] camera=ppe_test_cam1 | severity=none | sent_to=post_processing
2026-08-17 21:25:59,485 - ppe_alert_consumer_0df983271a80 - INFO - [PPE FRAME RECEIVED] camera=ppe_test_cam1 | severity=low | violated=['No-Shoes', 'No-Shoes']
2026-08-17 21:25:59,487 - ppe_alert_consumer_0df983271a80 - INFO - [PPE Result] camera=ppe_test_cam1 | severity=low | sent_to=post_processing
2026-08-17 21:26:00,038 - ppe_alert_consumer_0df983271a80 - INFO - [PPE FRAME RECEIVED] camera=ppe_test_cam1 | severity=none | violated=[]
2026-08-17 21:26:00,039 - ppe_alert_consumer_0df983271a80 - INFO - [PPE Result] camera=ppe_test_cam1 | severity=none | sent_to=post_processing
2026-08-17 21:26:05,178 - ppe_alert_consumer_0df983271a80 - INFO - [PPE FRAME RECEIVED] camera=ppe_test_cam1 | severity=none | violated=[]
2026-08-17 21:26:05,179 - ppe_alert_consumer_0df983271a80 - INFO - [PPE Result] camera=ppe_test_cam1 | severity=none | sent_to=post_processing
2026-08-17 21:26:06,117 - ppe_alert_consumer_0df983271a80 - INFO - [PPE FRAME RECEIVED] camera=ppe_test_cam1 | severity=none | violated=[]
2026-08-17 21:26:06,117 - ppe_alert_consumer_0df983271a80 - INFO - [PPE Result] camera=ppe_test_cam1 | severity=none | sent_to=post_processing
2026-08-17 21:26:07,000 - ppe_alert_consumer_0df983271a80 - INFO - [PPE FRAME RECEIVED] camera=ppe_test_cam1 | severity=none | violated=[]
2026-08-17 21:26:07,001 - ppe_alert_consumer_0df983271a80 - INFO - [PPE Result] camera=ppe_test_cam1 | severity=none | sent_to=post_processing
2026-08-17 21:26:08,097 - ppe_alert_consumer_0df983271a80 - INFO - [PPE FRAME RECEIVED] camera=ppe_test_cam1 | severity=none | violated=[]
2026-08-17 21:26:08,098 - ppe_alert_consumer_0df983271a80 - INFO - [PPE Result] camera=ppe_test_cam1 | severity=none | sent_to=post_processing
2026-08-17 21:26:09,142 - ppe_alert_consumer_0df983271a80 - INFO - [PPE FRAME RECEIVED] camera=ppe_test_cam1 | severity=none | violated=[]
2026-08-17 21:26:09,144 - ppe_alert_consumer_0df983271a80 - INFO - [PPE Result] camera=ppe_test_cam1 | severity=none | sent_to=post_processing
2026-08-17 21:26:10,270 - ppe_alert_consumer_0df983271a80 - INFO - [PPE FRAME RECEIVED] camera=ppe_test_cam1 | severity=none | violated=[]
2026-08-17 21:26:10,272 - ppe_alert_consumer_0df983271a80 - INFO - [PPE Result] camera=ppe_test_cam1 | severity=none | sent_to=post_processing
2026-08-17 21:26:11,394 - ppe_alert_consumer_0df983271a80 - INFO - [PPE FRAME RECEIVED] camera=ppe_test_cam1 | severity=none | violated=[]
2026-08-17 21:26:11,395 - ppe_alert_consumer_0df983271a80 - INFO - [PPE Result] camera=ppe_test_cam1 | severity=none | sent_to=post_processing
2026-08-17 21:26:11,999 - ppe_alert_consumer_0df983271a80 - INFO - [PPE FRAME RECEIVED] camera=ppe_test_cam1 | severity=none | violated=[]
2026-08-17 21:26:12,000 - ppe_alert_consumer_0df983271a80 - INFO - [PPE Result] camera=ppe_test_cam1 | severity=none | sent_to=post_processing
2026-08-17 21:26:12,038 - ppe_alert_consumer_0df983271a80 - INFO - [PPE FRAME RECEIVED] camera=ppe_test_cam1 | severity=none | violated=[]
2026-08-17 21:26:12,039 - ppe_alert_consumer_0df983271a80 - INFO - [PPE Result] camera=ppe_test_cam1 | severity=none | sent_to=post_processing
2026-08-17 21:26:37,210 - ppe_alert_consumer_0df983271a80 - INFO - [PPE FRAME RECEIVED] camera=ppe_test_cam1 | severity=none | violated=[]
2026-08-17 21:26:37,211 - ppe_alert_consumer_0df983271a80 - INFO - [PPE Result] camera=ppe_test_cam1 | severity=none | sent_to=post_processing
2026-08-17 21:26:38,149 - ppe_alert_consumer_0df983271a80 - INFO - [PPE FRAME RECEIVED] camera=ppe_test_cam1 | severity=none | violated=[]
2026-08-17 21:26:38,149 - ppe_alert_consumer_0df983271a80 - INFO - [PPE Result] camera=ppe_test_cam1 | severity=none | sent_to=post_processing
2026-08-17 21:26:56,200 - ppe_alert_consumer_0df983271a80 - INFO - [PPE FRAME RECEIVED] camera=ppe_test_cam1 | severity=low | violated=['No-Shoes', 'No-Shoes']
2026-08-17 21:26:56,201 - ppe_alert_consumer_0df983271a80 - INFO - [PPE Result] camera=ppe_test_cam1 | severity=low | sent_to=post_processing
2026-08-17 21:26:56,201 - ppe_alert_consumer_0df983271a80 - INFO - [PPE FRAME RECEIVED] camera=ppe_test_cam1 | severity=none | violated=[]
2026-08-17 21:26:56,202 - ppe_alert_consumer_0df983271a80 - INFO - [PPE Result] camera=ppe_test_cam1 | severity=none | sent_to=post_processing
2026-08-17 21:26:57,149 - ppe_alert_consumer_0df983271a80 - INFO - [PPE FRAME RECEIVED] camera=ppe_test_cam1 | severity=none | violated=[]
2026-08-17 21:26:57,150 - ppe_alert_consumer_0df983271a80 - INFO - [PPE Result] camera=ppe_test_cam1 | severity=none | sent_to=post_processing
2026-08-17 21:26:57,174 - ppe_alert_consumer_0df983271a80 - INFO - [PPE FRAME RECEIVED] camera=ppe_test_cam1 | severity=low | violated=['No-Shoes', 'No-Shoes']
2026-08-17 21:26:57,175 - ppe_alert_consumer_0df983271a80 - INFO - [PPE Result] camera=ppe_test_cam1 | severity=low | sent_to=post_processing
2026-08-17 21:26:58,157 - ppe_alert_consumer_0df983271a80 - INFO - [PPE FRAME RECEIVED] camera=ppe_test_cam1 | severity=none | violated=[]
2026-08-17 21:26:58,157 - ppe_alert_consumer_0df983271a80 - INFO - [PPE Result] camera=ppe_test_cam1 | severity=none | sent_to=post_processing
2026-08-17 21:26:58,191 - ppe_alert_consumer_0df983271a80 - INFO - [PPE FRAME RECEIVED] camera=ppe_test_cam1 | severity=low | violated=['No-Shoes', 'No-Shoes']
2026-08-17 21:26:58,192 - ppe_alert_consumer_0df983271a80 - INFO - [PPE Result] camera=ppe_test_cam1 | severity=low | sent_to=post_processing
2026-08-17 21:26:59,160 - ppe_alert_consumer_0df983271a80 - INFO - [PPE FRAME RECEIVED] camera=ppe_test_cam1 | severity=none | violated=[]
2026-08-17 21:26:59,161 - ppe_alert_consumer_0df983271a80 - INFO - [PPE Result] camera=ppe_test_cam1 | severity=none | sent_to=post_processing
2026-08-17 21:26:59,161 - ppe_alert_consumer_0df983271a80 - INFO - [PPE FRAME RECEIVED] camera=ppe_test_cam1 | severity=low | violated=['No-Shoes', 'No-Shoes']
2026-08-17 21:26:59,163 - ppe_alert_consumer_0df983271a80 - INFO - [PPE Result] camera=ppe_test_cam1 | severity=low | sent_to=post_processing
2026-08-17 21:27:00,164 - ppe_alert_consumer_0df983271a80 - INFO - [PPE FRAME RECEIVED] camera=ppe_test_cam1 | severity=none | violated=[]
2026-08-17 21:27:00,165 - ppe_alert_consumer_0df983271a80 - INFO - [PPE Result] camera=ppe_test_cam1 | severity=none | sent_to=post_processing
2026-08-17 21:27:05,233 - ppe_alert_consumer_0df983271a80 - INFO - [PPE FRAME RECEIVED] camera=ppe_test_cam1 | severity=none | violated=[]
2026-08-17 21:27:05,235 - ppe_alert_consumer_0df983271a80 - INFO - [PPE Result] camera=ppe_test_cam1 | severity=none | sent_to=post_processing
2026-08-17 21:27:06,245 - ppe_alert_consumer_0df983271a80 - INFO - [PPE FRAME RECEIVED] camera=ppe_test_cam1 | severity=none | violated=[]
2026-08-17 21:27:06,245 - ppe_alert_consumer_0df983271a80 - INFO - [PPE Result] camera=ppe_test_cam1 | severity=none | sent_to=post_processing
2026-08-17 21:27:07,611 - ppe_alert_consumer_0df983271a80 - INFO - [PPE FRAME RECEIVED] camera=ppe_test_cam1 | severity=none | violated=[]
2026-08-17 21:27:07,612 - ppe_alert_consumer_0df983271a80 - INFO - [PPE Result] camera=ppe_test_cam1 | severity=none | sent_to=post_processing
2026-08-17 21:27:08,256 - ppe_alert_consumer_0df983271a80 - INFO - [PPE FRAME RECEIVED] camera=ppe_test_cam1 | severity=none | violated=[]
2026-08-17 21:27:08,257 - ppe_alert_consumer_0df983271a80 - INFO - [PPE Result] camera=ppe_test_cam1 | severity=none | sent_to=post_processing
2026-08-17 21:27:09,265 - ppe_alert_consumer_0df983271a80 - INFO - [PPE FRAME RECEIVED] camera=ppe_test_cam1 | severity=none | violated=[]
2026-08-17 21:27:09,266 - ppe_alert_consumer_0df983271a80 - INFO - [PPE Result] camera=ppe_test_cam1 | severity=none | sent_to=post_processing
2026-08-17 21:27:10,142 - ppe_alert_consumer_0df983271a80 - INFO - [PPE FRAME RECEIVED] camera=ppe_test_cam1 | severity=none | violated=[]
2026-08-17 21:27:10,143 - ppe_alert_consumer_0df983271a80 - INFO - [PPE Result] camera=ppe_test_cam1 | severity=none | sent_to=post_processing
2026-08-17 21:27:11,296 - ppe_alert_consumer_0df983271a80 - INFO - [PPE FRAME RECEIVED] camera=ppe_test_cam1 | severity=none | violated=[]
2026-08-17 21:27:11,297 - ppe_alert_consumer_0df983271a80 - INFO - [PPE Result] camera=ppe_test_cam1 | severity=none | sent_to=post_processing
2026-08-17 21:27:12,417 - ppe_alert_consumer_0df983271a80 - INFO - [PPE FRAME RECEIVED] camera=ppe_test_cam1 | severity=none | violated=[]
2026-08-17 21:27:12,418 - ppe_alert_consumer_0df983271a80 - INFO - [PPE Result] camera=ppe_test_cam1 | severity=none | sent_to=post_processing
2026-08-17 21:27:12,418 - ppe_alert_consumer_0df983271a80 - INFO - [PPE FRAME RECEIVED] camera=ppe_test_cam1 | severity=none | violated=[]
2026-08-17 21:27:12,420 - ppe_alert_consumer_0df983271a80 - INFO - [PPE Result] camera=ppe_test_cam1 | severity=none | sent_to=post_processing
2026-08-17 21:27:37,328 - ppe_alert_consumer_0df983271a80 - INFO - [PPE FRAME RECEIVED] camera=ppe_test_cam1 | severity=none | violated=[]
2026-08-17 21:27:37,329 - ppe_alert_consumer_0df983271a80 - INFO - [PPE Result] camera=ppe_test_cam1 | severity=none | sent_to=post_processing
2026-08-17 21:27:38,095 - ppe_alert_consumer_0df983271a80 - INFO - [PPE FRAME RECEIVED] camera=ppe_test_cam1 | severity=none | violated=[]
2026-08-17 21:27:38,096 - ppe_alert_consumer_0df983271a80 - INFO - [PPE Result] camera=ppe_test_cam1 | severity=none | sent_to=post_processing
2026-08-17 21:27:56,198 - ppe_alert_consumer_0df983271a80 - INFO - [PPE FRAME RECEIVED] camera=ppe_test_cam1 | severity=none | violated=[]
2026-08-17 21:27:56,199 - ppe_alert_consumer_0df983271a80 - INFO - [PPE Result] camera=ppe_test_cam1 | severity=none | sent_to=post_processing
2026-08-17 21:27:56,199 - ppe_alert_consumer_0df983271a80 - INFO - [PPE FRAME RECEIVED] camera=ppe_test_cam1 | severity=low | violated=['No-Shoes', 'No-Shoes']
2026-08-17 21:27:56,200 - ppe_alert_consumer_0df983271a80 - INFO - [PPE Result] camera=ppe_test_cam1 | severity=low | sent_to=post_processing
2026-08-17 21:27:57,127 - ppe_alert_consumer_0df983271a80 - INFO - [PPE FRAME RECEIVED] camera=ppe_test_cam1 | severity=none | violated=[]
2026-08-17 21:27:57,128 - ppe_alert_consumer_0df983271a80 - INFO - [PPE Result] camera=ppe_test_cam1 | severity=none | sent_to=post_processing
2026-08-17 21:27:57,129 - ppe_alert_consumer_0df983271a80 - INFO - [PPE FRAME RECEIVED] camera=ppe_test_cam1 | severity=low | violated=['No-Shoes', 'No-Shoes']
2026-08-17 21:27:57,130 - ppe_alert_consumer_0df983271a80 - INFO - [PPE Result] camera=ppe_test_cam1 | severity=low | sent_to=post_processing
2026-08-17 21:27:58,200 - ppe_alert_consumer_0df983271a80 - INFO - [PPE FRAME RECEIVED] camera=ppe_test_cam1 | severity=low | violated=['No-Shoes', 'No-Shoes']
2026-08-17 21:27:58,201 - ppe_alert_consumer_0df983271a80 - INFO - [PPE Result] camera=ppe_test_cam1 | severity=low | sent_to=post_processing
2026-08-17 21:27:58,203 - ppe_alert_consumer_0df983271a80 - INFO - [PPE FRAME RECEIVED] camera=ppe_test_cam1 | severity=none | violated=[]
2026-08-17 21:27:58,205 - ppe_alert_consumer_0df983271a80 - INFO - [PPE Result] camera=ppe_test_cam1 | severity=none | sent_to=post_processing
2026-08-17 21:27:59,222 - ppe_alert_consumer_0df983271a80 - INFO - [PPE FRAME RECEIVED] camera=ppe_test_cam1 | severity=none | violated=[]
2026-08-17 21:27:59,222 - ppe_alert_consumer_0df983271a80 - INFO - [PPE Result] camera=ppe_test_cam1 | severity=none | sent_to=post_processing
2026-08-17 21:27:59,223 - ppe_alert_consumer_0df983271a80 - INFO - [PPE FRAME RECEIVED] camera=ppe_test_cam1 | severity=low | violated=['No-Shoes', 'No-Shoes']
2026-08-17 21:27:59,227 - ppe_alert_consumer_0df983271a80 - INFO - [PPE Result] camera=ppe_test_cam1 | severity=low | sent_to=post_processing
2026-08-17 21:28:00,098 - ppe_alert_consumer_0df983271a80 - INFO - [PPE FRAME RECEIVED] camera=ppe_test_cam1 | severity=none | violated=[]
2026-08-17 21:28:00,099 - ppe_alert_consumer_0df983271a80 - INFO - [PPE Result] camera=ppe_test_cam1 | severity=none | sent_to=post_processing
2026-08-17 21:28:05,094 - ppe_alert_consumer_0df983271a80 - INFO - [PPE FRAME RECEIVED] camera=ppe_test_cam1 | severity=none | violated=[]
2026-08-17 21:28:05,096 - ppe_alert_consumer_0df983271a80 - INFO - [PPE Result] camera=ppe_test_cam1 | severity=none | sent_to=post_processing
2026-08-17 21:28:06,150 - ppe_alert_consumer_0df983271a80 - INFO - [PPE FRAME RECEIVED] camera=ppe_test_cam1 | severity=none | violated=[]
2026-08-17 21:28:06,151 - ppe_alert_consumer_0df983271a80 - INFO - [PPE Result] camera=ppe_test_cam1 | severity=none | sent_to=post_processing
2026-08-17 21:28:07,074 - ppe_alert_consumer_0df983271a80 - INFO - [PPE FRAME RECEIVED] camera=ppe_test_cam1 | severity=none | violated=[]
2026-08-17 21:28:07,075 - ppe_alert_consumer_0df983271a80 - INFO - [PPE Result] camera=ppe_test_cam1 | severity=none | sent_to=post_processing
2026-08-17 21:28:08,246 - ppe_alert_consumer_0df983271a80 - INFO - [PPE FRAME RECEIVED] camera=ppe_test_cam1 | severity=none | violated=[]
2026-08-17 21:28:08,247 - ppe_alert_consumer_0df983271a80 - INFO - [PPE Result] camera=ppe_test_cam1 | severity=none | sent_to=post_processing
2026-08-17 21:28:09,261 - ppe_alert_consumer_0df983271a80 - INFO - [PPE FRAME RECEIVED] camera=ppe_test_cam1 | severity=none | violated=[]
2026-08-17 21:28:09,262 - ppe_alert_consumer_0df983271a80 - INFO - [PPE Result] camera=ppe_test_cam1 | severity=none | sent_to=post_processing
2026-08-17 21:28:10,154 - ppe_alert_consumer_0df983271a80 - INFO - [PPE FRAME RECEIVED] camera=ppe_test_cam1 | severity=none | violated=[]
2026-08-17 21:28:10,156 - ppe_alert_consumer_0df983271a80 - INFO - [PPE Result] camera=ppe_test_cam1 | severity=none | sent_to=post_processing
2026-08-17 21:28:11,094 - ppe_alert_consumer_0df983271a80 - INFO - [PPE FRAME RECEIVED] camera=ppe_test_cam1 | severity=none | violated=[]
2026-08-17 21:28:11,095 - ppe_alert_consumer_0df983271a80 - INFO - [PPE Result] camera=ppe_test_cam1 | severity=none | sent_to=post_processing
2026-08-17 21:28:12,164 - ppe_alert_consumer_0df983271a80 - INFO - [PPE FRAME RECEIVED] camera=ppe_test_cam1 | severity=none | violated=[]
2026-08-17 21:28:12,164 - ppe_alert_consumer_0df983271a80 - INFO - [PPE Result] camera=ppe_test_cam1 | severity=none | sent_to=post_processing
2026-08-17 21:28:12,194 - ppe_alert_consumer_0df983271a80 - INFO - [PPE FRAME RECEIVED] camera=ppe_test_cam1 | severity=none | violated=[]
2026-08-17 21:28:12,195 - ppe_alert_consumer_0df983271a80 - INFO - [PPE Result] camera=ppe_test_cam1 | severity=none | sent_to=post_processing
2026-08-17 21:28:37,337 - ppe_alert_consumer_0df983271a80 - INFO - [PPE FRAME RECEIVED] camera=ppe_test_cam1 | severity=none | violated=[]
2026-08-17 21:28:37,338 - ppe_alert_consumer_0df983271a80 - INFO - [PPE Result] camera=ppe_test_cam1 | severity=none | sent_to=post_processing
2026-08-17 21:28:38,449 - ppe_alert_consumer_0df983271a80 - INFO - [PPE FRAME RECEIVED] camera=ppe_test_cam1 | severity=none | violated=[]
2026-08-17 21:28:38,450 - ppe_alert_consumer_0df983271a80 - INFO - [PPE Result] camera=ppe_test_cam1 | severity=none | sent_to=post_processing
2026-08-17 21:28:56,095 - ppe_alert_consumer_0df983271a80 - INFO - [PPE FRAME RECEIVED] camera=ppe_test_cam1 | severity=low | violated=['No-Shoes', 'No-Shoes']
2026-08-17 21:28:56,096 - ppe_alert_consumer_0df983271a80 - INFO - [PPE Result] camera=ppe_test_cam1 | severity=low | sent_to=post_processing
2026-08-17 21:28:56,097 - ppe_alert_consumer_0df983271a80 - INFO - [PPE FRAME RECEIVED] camera=ppe_test_cam1 | severity=none | violated=[]
2026-08-17 21:28:56,099 - ppe_alert_consumer_0df983271a80 - INFO - [PPE Result] camera=ppe_test_cam1 | severity=none | sent_to=post_processing
2026-08-17 21:28:57,101 - ppe_alert_consumer_0df983271a80 - INFO - [PPE FRAME RECEIVED] camera=ppe_test_cam1 | severity=none | violated=[]
2026-08-17 21:28:57,102 - ppe_alert_consumer_0df983271a80 - INFO - [PPE Result] camera=ppe_test_cam1 | severity=none | sent_to=post_processing
2026-08-17 21:28:57,136 - ppe_alert_consumer_0df983271a80 - INFO - [PPE FRAME RECEIVED] camera=ppe_test_cam1 | severity=low | violated=['No-Shoes', 'No-Shoes']
2026-08-17 21:28:57,137 - ppe_alert_consumer_0df983271a80 - INFO - [PPE Result] camera=ppe_test_cam1 | severity=low | sent_to=post_processing
2026-08-17 21:28:58,216 - ppe_alert_consumer_0df983271a80 - INFO - [PPE FRAME RECEIVED] camera=ppe_test_cam1 | severity=none | violated=[]
2026-08-17 21:28:58,217 - ppe_alert_consumer_0df983271a80 - INFO - [PPE Result] camera=ppe_test_cam1 | severity=none | sent_to=post_processing
2026-08-17 21:28:58,218 - ppe_alert_consumer_0df983271a80 - INFO - [PPE FRAME RECEIVED] camera=ppe_test_cam1 | severity=low | violated=['No-Shoes', 'No-Shoes']
2026-08-17 21:28:58,220 - ppe_alert_consumer_0df983271a80 - INFO - [PPE Result] camera=ppe_test_cam1 | severity=low | sent_to=post_processing
2026-08-17 21:28:59,217 - ppe_alert_consumer_0df983271a80 - INFO - [PPE FRAME RECEIVED] camera=ppe_test_cam1 | severity=none | violated=[]
2026-08-17 21:28:59,218 - ppe_alert_consumer_0df983271a80 - INFO - [PPE Result] camera=ppe_test_cam1 | severity=none | sent_to=post_processing
2026-08-17 21:28:59,250 - ppe_alert_consumer_0df983271a80 - INFO - [PPE FRAME RECEIVED] camera=ppe_test_cam1 | severity=low | violated=['No-Shoes', 'No-Shoes']
2026-08-17 21:28:59,251 - ppe_alert_consumer_0df983271a80 - INFO - [PPE Result] camera=ppe_test_cam1 | severity=low | sent_to=post_processing
2026-08-17 21:29:00,133 - ppe_alert_consumer_0df983271a80 - INFO - [PPE FRAME RECEIVED] camera=ppe_test_cam1 | severity=none | violated=[]
2026-08-17 21:29:00,134 - ppe_alert_consumer_0df983271a80 - INFO - [PPE Result] camera=ppe_test_cam1 | severity=none | sent_to=post_processing
2026-08-17 21:29:05,056 - ppe_alert_consumer_0df983271a80 - INFO - [PPE FRAME RECEIVED] camera=ppe_test_cam1 | severity=none | violated=[]
2026-08-17 21:29:05,057 - ppe_alert_consumer_0df983271a80 - INFO - [PPE Result] camera=ppe_test_cam1 | severity=none | sent_to=post_processing
2026-08-17 21:29:06,097 - ppe_alert_consumer_0df983271a80 - INFO - [PPE FRAME RECEIVED] camera=ppe_test_cam1 | severity=none | violated=[]
2026-08-17 21:29:06,097 - ppe_alert_consumer_0df983271a80 - INFO - [PPE Result] camera=ppe_test_cam1 | severity=none | sent_to=post_processing
2026-08-17 21:29:07,111 - ppe_alert_consumer_0df983271a80 - INFO - [PPE FRAME RECEIVED] camera=ppe_test_cam1 | severity=none | violated=[]
2026-08-17 21:29:07,112 - ppe_alert_consumer_0df983271a80 - INFO - [PPE Result] camera=ppe_test_cam1 | severity=none | sent_to=post_processing
2026-08-17 21:29:08,044 - ppe_alert_consumer_0df983271a80 - INFO - [PPE FRAME RECEIVED] camera=ppe_test_cam1 | severity=none | violated=[]
2026-08-17 21:29:08,045 - ppe_alert_consumer_0df983271a80 - INFO - [PPE Result] camera=ppe_test_cam1 | severity=none | sent_to=post_processing
2026-08-17 21:29:09,240 - ppe_alert_consumer_0df983271a80 - INFO - [PPE FRAME RECEIVED] camera=ppe_test_cam1 | severity=none | violated=[]
2026-08-17 21:29:09,241 - ppe_alert_consumer_0df983271a80 - INFO - [PPE Result] camera=ppe_test_cam1 | severity=none | sent_to=post_processing
2026-08-17 21:29:10,189 - ppe_alert_consumer_0df983271a80 - INFO - [PPE FRAME RECEIVED] camera=ppe_test_cam1 | severity=none | violated=[]
2026-08-17 21:29:10,190 - ppe_alert_consumer_0df983271a80 - INFO - [PPE Result] camera=ppe_test_cam1 | severity=none | sent_to=post_processing
2026-08-17 21:29:11,104 - ppe_alert_consumer_0df983271a80 - INFO - [PPE FRAME RECEIVED] camera=ppe_test_cam1 | severity=none | violated=[]
2026-08-17 21:29:11,105 - ppe_alert_consumer_0df983271a80 - INFO - [PPE Result] camera=ppe_test_cam1 | severity=none | sent_to=post_processing
2026-08-17 21:29:12,177 - ppe_alert_consumer_0df983271a80 - INFO - [PPE FRAME RECEIVED] camera=ppe_test_cam1 | severity=none | violated=[]
2026-08-17 21:29:12,177 - ppe_alert_consumer_0df983271a80 - INFO - [PPE Result] camera=ppe_test_cam1 | severity=none | sent_to=post_processing
2026-08-17 21:29:12,208 - ppe_alert_consumer_0df983271a80 - INFO - [PPE FRAME RECEIVED] camera=ppe_test_cam1 | severity=none | violated=[]
2026-08-17 21:29:12,210 - ppe_alert_consumer_0df983271a80 - INFO - [PPE Result] camera=ppe_test_cam1 | severity=none | sent_to=post_processing
2026-08-17 21:29:37,142 - ppe_alert_consumer_0df983271a80 - INFO - [PPE FRAME RECEIVED] camera=ppe_test_cam1 | severity=none | violated=[]
2026-08-17 21:29:37,143 - ppe_alert_consumer_0df983271a80 - INFO - [PPE Result] camera=ppe_test_cam1 | severity=none | sent_to=post_processing
2026-08-17 21:29:38,367 - ppe_alert_consumer_0df983271a80 - INFO - [PPE FRAME RECEIVED] camera=ppe_test_cam1 | severity=none | violated=[]
2026-08-17 21:29:38,368 - ppe_alert_consumer_0df983271a80 - INFO - [PPE Result] camera=ppe_test_cam1 | severity=none | sent_to=post_processing
2026-08-17 21:29:56,271 - ppe_alert_consumer_0df983271a80 - INFO - [PPE FRAME RECEIVED] camera=ppe_test_cam1 | severity=none | violated=[]
2026-08-17 21:29:56,272 - ppe_alert_consumer_0df983271a80 - INFO - [PPE Result] camera=ppe_test_cam1 | severity=none | sent_to=post_processing
2026-08-17 21:29:56,298 - ppe_alert_consumer_0df983271a80 - INFO - [PPE FRAME RECEIVED] camera=ppe_test_cam1 | severity=low | violated=['No-Shoes', 'No-Shoes']
2026-08-17 21:29:56,299 - ppe_alert_consumer_0df983271a80 - INFO - [PPE Result] camera=ppe_test_cam1 | severity=low | sent_to=post_processing
2026-08-17 21:29:57,225 - ppe_alert_consumer_0df983271a80 - INFO - [PPE FRAME RECEIVED] camera=ppe_test_cam1 | severity=low | violated=['No-Shoes', 'No-Shoes']
2026-08-17 21:29:57,226 - ppe_alert_consumer_0df983271a80 - INFO - [PPE Result] camera=ppe_test_cam1 | severity=low | sent_to=post_processing
2026-08-17 21:29:57,227 - ppe_alert_consumer_0df983271a80 - INFO - [PPE FRAME RECEIVED] camera=ppe_test_cam1 | severity=none | violated=[]
2026-08-17 21:29:57,228 - ppe_alert_consumer_0df983271a80 - INFO - [PPE Result] camera=ppe_test_cam1 | severity=none | sent_to=post_processing
2026-08-17 21:29:58,205 - ppe_alert_consumer_0df983271a80 - INFO - [PPE FRAME RECEIVED] camera=ppe_test_cam1 | severity=none | violated=[]
2026-08-17 21:29:58,207 - ppe_alert_consumer_0df983271a80 - INFO - [PPE Result] camera=ppe_test_cam1 | severity=none | sent_to=post_processing
2026-08-17 21:29:58,207 - ppe_alert_consumer_0df983271a80 - INFO - [PPE FRAME RECEIVED] camera=ppe_test_cam1 | severity=low | violated=['No-Shoes', 'No-Shoes']
2026-08-17 21:29:58,209 - ppe_alert_consumer_0df983271a80 - INFO - [PPE Result] camera=ppe_test_cam1 | severity=low | sent_to=post_processing
2026-08-17 21:29:59,149 - ppe_alert_consumer_0df983271a80 - INFO - [PPE FRAME RECEIVED] camera=ppe_test_cam1 | severity=none | violated=[]
2026-08-17 21:29:59,150 - ppe_alert_consumer_0df983271a80 - INFO - [PPE Result] camera=ppe_test_cam1 | severity=none | sent_to=post_processing
2026-08-17 21:29:59,151 - ppe_alert_consumer_0df983271a80 - INFO - [PPE FRAME RECEIVED] camera=ppe_test_cam1 | severity=low | violated=['No-Shoes', 'No-Shoes']
2026-08-17 21:29:59,154 - ppe_alert_consumer_0df983271a80 - INFO - [PPE Result] camera=ppe_test_cam1 | severity=low | sent_to=post_processing
2026-08-17 21:30:00,283 - ppe_alert_consumer_0df983271a80 - INFO - [PPE FRAME RECEIVED] camera=ppe_test_cam1 | severity=none | violated=[]
2026-08-17 21:30:00,284 - ppe_alert_consumer_0df983271a80 - INFO - [PPE Result] camera=ppe_test_cam1 | severity=none | sent_to=post_processing
2026-08-17 21:30:05,116 - ppe_alert_consumer_0df983271a80 - INFO - [PPE FRAME RECEIVED] camera=ppe_test_cam1 | severity=none | violated=[]
2026-08-17 21:30:05,117 - ppe_alert_consumer_0df983271a80 - INFO - [PPE Result] camera=ppe_test_cam1 | severity=none | sent_to=post_processing
2026-08-17 21:30:06,118 - ppe_alert_consumer_0df983271a80 - INFO - [PPE FRAME RECEIVED] camera=ppe_test_cam1 | severity=none | violated=[]
2026-08-17 21:30:06,119 - ppe_alert_consumer_0df983271a80 - INFO - [PPE Result] camera=ppe_test_cam1 | severity=none | sent_to=post_processing
2026-08-17 21:30:06,996 - ppe_alert_consumer_0df983271a80 - INFO - [PPE FRAME RECEIVED] camera=ppe_test_cam1 | severity=none | violated=[]
2026-08-17 21:30:06,997 - ppe_alert_consumer_0df983271a80 - INFO - [PPE Result] camera=ppe_test_cam1 | severity=none | sent_to=post_processing
2026-08-17 21:30:08,418 - ppe_alert_consumer_0df983271a80 - INFO - [PPE FRAME RECEIVED] camera=ppe_test_cam1 | severity=none | violated=[]
2026-08-17 21:30:08,418 - ppe_alert_consumer_0df983271a80 - INFO - [PPE Result] camera=ppe_test_cam1 | severity=none | sent_to=post_processing
2026-08-17 21:30:09,112 - ppe_alert_consumer_0df983271a80 - INFO - [PPE FRAME RECEIVED] camera=ppe_test_cam1 | severity=none | violated=[]
2026-08-17 21:30:09,113 - ppe_alert_consumer_0df983271a80 - INFO - [PPE Result] camera=ppe_test_cam1 | severity=none | sent_to=post_processing
2026-08-17 21:30:10,341 - ppe_alert_consumer_0df983271a80 - INFO - [PPE FRAME RECEIVED] camera=ppe_test_cam1 | severity=none | violated=[]
2026-08-17 21:30:10,342 - ppe_alert_consumer_0df983271a80 - INFO - [PPE Result] camera=ppe_test_cam1 | severity=none | sent_to=post_processing
2026-08-17 21:30:11,171 - ppe_alert_consumer_0df983271a80 - INFO - [PPE FRAME RECEIVED] camera=ppe_test_cam1 | severity=none | violated=[]
2026-08-17 21:30:11,171 - ppe_alert_consumer_0df983271a80 - INFO - [PPE Result] camera=ppe_test_cam1 | severity=none | sent_to=post_processing
2026-08-17 21:30:12,316 - ppe_alert_consumer_0df983271a80 - INFO - [PPE FRAME RECEIVED] camera=ppe_test_cam1 | severity=none | violated=[]
2026-08-17 21:30:12,316 - ppe_alert_consumer_0df983271a80 - INFO - [PPE Result] camera=ppe_test_cam1 | severity=none | sent_to=post_processing
2026-08-17 21:30:12,317 - ppe_alert_consumer_0df983271a80 - INFO - [PPE FRAME RECEIVED] camera=ppe_test_cam1 | severity=none | violated=[]
2026-08-17 21:30:12,319 - ppe_alert_consumer_0df983271a80 - INFO - [PPE Result] camera=ppe_test_cam1 | severity=none | sent_to=post_processing
2026-08-17 21:30:38,681 - ppe_alert_consumer_0df983271a80 - INFO - [PPE FRAME RECEIVED] camera=ppe_test_cam1 | severity=none | violated=[]
2026-08-17 21:30:38,682 - ppe_alert_consumer_0df983271a80 - INFO - [PPE Result] camera=ppe_test_cam1 | severity=none | sent_to=post_processing
2026-08-17 21:30:39,496 - ppe_alert_consumer_0df983271a80 - INFO - [PPE FRAME RECEIVED] camera=ppe_test_cam1 | severity=none | violated=[]
2026-08-17 21:30:39,497 - ppe_alert_consumer_0df983271a80 - INFO - [PPE Result] camera=ppe_test_cam1 | severity=none | sent_to=post_processing
2026-08-17 21:30:56,143 - ppe_alert_consumer_0df983271a80 - INFO - [PPE FRAME RECEIVED] camera=ppe_test_cam1 | severity=none | violated=[]
2026-08-17 21:30:56,143 - ppe_alert_consumer_0df983271a80 - INFO - [PPE Result] camera=ppe_test_cam1 | severity=none | sent_to=post_processing
2026-08-17 21:30:56,144 - ppe_alert_consumer_0df983271a80 - INFO - [PPE FRAME RECEIVED] camera=ppe_test_cam1 | severity=low | violated=['No-Shoes', 'No-Shoes']
2026-08-17 21:30:56,145 - ppe_alert_consumer_0df983271a80 - INFO - [PPE Result] camera=ppe_test_cam1 | severity=low | sent_to=post_processing
2026-08-17 21:30:57,130 - ppe_alert_consumer_0df983271a80 - INFO - [PPE FRAME RECEIVED] camera=ppe_test_cam1 | severity=none | violated=[]
2026-08-17 21:30:57,131 - ppe_alert_consumer_0df983271a80 - INFO - [PPE Result] camera=ppe_test_cam1 | severity=none | sent_to=post_processing
2026-08-17 21:30:57,163 - ppe_alert_consumer_0df983271a80 - INFO - [PPE FRAME RECEIVED] camera=ppe_test_cam1 | severity=low | violated=['No-Shoes', 'No-Shoes']
2026-08-17 21:30:57,163 - ppe_alert_consumer_0df983271a80 - INFO - [PPE Result] camera=ppe_test_cam1 | severity=low | sent_to=post_processing
2026-08-17 21:30:58,394 - ppe_alert_consumer_0df983271a80 - INFO - [PPE FRAME RECEIVED] camera=ppe_test_cam1 | severity=none | violated=[]
2026-08-17 21:30:58,398 - ppe_alert_consumer_0df983271a80 - INFO - [PPE Result] camera=ppe_test_cam1 | severity=none | sent_to=post_processing
2026-08-17 21:30:58,398 - ppe_alert_consumer_0df983271a80 - INFO - [PPE FRAME RECEIVED] camera=ppe_test_cam1 | severity=low | violated=['No-Shoes', 'No-Shoes']
2026-08-17 21:30:58,401 - ppe_alert_consumer_0df983271a80 - INFO - [PPE Result] camera=ppe_test_cam1 | severity=low | sent_to=post_processing
2026-08-17 21:30:59,073 - ppe_alert_consumer_0df983271a80 - INFO - [PPE FRAME RECEIVED] camera=ppe_test_cam1 | severity=none | violated=[]
2026-08-17 21:30:59,074 - ppe_alert_consumer_0df983271a80 - INFO - [PPE Result] camera=ppe_test_cam1 | severity=none | sent_to=post_processing
2026-08-17 21:30:59,074 - ppe_alert_consumer_0df983271a80 - INFO - [PPE FRAME RECEIVED] camera=ppe_test_cam1 | severity=low | violated=['No-Shoes', 'No-Shoes']
2026-08-17 21:30:59,076 - ppe_alert_consumer_0df983271a80 - INFO - [PPE Result] camera=ppe_test_cam1 | severity=low | sent_to=post_processing
2026-08-17 21:31:00,111 - ppe_alert_consumer_0df983271a80 - INFO - [PPE FRAME RECEIVED] camera=ppe_test_cam1 | severity=none | violated=[]
2026-08-17 21:31:00,112 - ppe_alert_consumer_0df983271a80 - INFO - [PPE Result] camera=ppe_test_cam1 | severity=none | sent_to=post_processing
2026-08-17 21:31:05,304 - ppe_alert_consumer_0df983271a80 - INFO - [PPE FRAME RECEIVED] camera=ppe_test_cam1 | severity=none | violated=[]
2026-08-17 21:31:05,306 - ppe_alert_consumer_0df983271a80 - INFO - [PPE Result] camera=ppe_test_cam1 | severity=none | sent_to=post_processing
2026-08-17 21:31:06,446 - ppe_alert_consumer_0df983271a80 - INFO - [PPE FRAME RECEIVED] camera=ppe_test_cam1 | severity=none | violated=[]
2026-08-17 21:31:06,447 - ppe_alert_consumer_0df983271a80 - INFO - [PPE Result] camera=ppe_test_cam1 | severity=none | sent_to=post_processing
2026-08-17 21:31:07,408 - ppe_alert_consumer_0df983271a80 - INFO - [PPE FRAME RECEIVED] camera=ppe_test_cam1 | severity=none | violated=[]
2026-08-17 21:31:07,409 - ppe_alert_consumer_0df983271a80 - INFO - [PPE Result] camera=ppe_test_cam1 | severity=none | sent_to=post_processing
2026-08-17 21:31:08,174 - ppe_alert_consumer_0df983271a80 - INFO - [PPE FRAME RECEIVED] camera=ppe_test_cam1 | severity=none | violated=[]
2026-08-17 21:31:08,175 - ppe_alert_consumer_0df983271a80 - INFO - [PPE Result] camera=ppe_test_cam1 | severity=none | sent_to=post_processing
2026-08-17 21:31:09,188 - ppe_alert_consumer_0df983271a80 - INFO - [PPE FRAME RECEIVED] camera=ppe_test_cam1 | severity=none | violated=[]
2026-08-17 21:31:09,189 - ppe_alert_consumer_0df983271a80 - INFO - [PPE Result] camera=ppe_test_cam1 | severity=none | sent_to=post_processing
2026-08-17 21:31:10,254 - ppe_alert_consumer_0df983271a80 - INFO - [PPE FRAME RECEIVED] camera=ppe_test_cam1 | severity=none | violated=[]
2026-08-17 21:31:10,255 - ppe_alert_consumer_0df983271a80 - INFO - [PPE Result] camera=ppe_test_cam1 | severity=none | sent_to=post_processing
2026-08-17 21:31:11,571 - ppe_alert_consumer_0df983271a80 - INFO - [PPE FRAME RECEIVED] camera=ppe_test_cam1 | severity=none | violated=[]
2026-08-17 21:31:11,573 - ppe_alert_consumer_0df983271a80 - INFO - [PPE Result] camera=ppe_test_cam1 | severity=none | sent_to=post_processing
2026-08-17 21:31:12,266 - ppe_alert_consumer_0df983271a80 - INFO - [PPE FRAME RECEIVED] camera=ppe_test_cam1 | severity=none | violated=[]
2026-08-17 21:31:12,267 - ppe_alert_consumer_0df983271a80 - INFO - [PPE Result] camera=ppe_test_cam1 | severity=none | sent_to=post_processing
2026-08-17 21:31:12,267 - ppe_alert_consumer_0df983271a80 - INFO - [PPE FRAME RECEIVED] camera=ppe_test_cam1 | severity=none | violated=[]
2026-08-17 21:31:12,269 - ppe_alert_consumer_0df983271a80 - INFO - [PPE Result] camera=ppe_test_cam1 | severity=none | sent_to=post_processing
2026-08-17 21:31:37,368 - ppe_alert_consumer_0df983271a80 - INFO - [PPE FRAME RECEIVED] camera=ppe_test_cam1 | severity=none | violated=[]
2026-08-17 21:31:37,369 - ppe_alert_consumer_0df983271a80 - INFO - [PPE Result] camera=ppe_test_cam1 | severity=none | sent_to=post_processing
2026-08-17 21:31:38,100 - ppe_alert_consumer_0df983271a80 - INFO - [PPE FRAME RECEIVED] camera=ppe_test_cam1 | severity=none | violated=[]
2026-08-17 21:31:38,101 - ppe_alert_consumer_0df983271a80 - INFO - [PPE Result] camera=ppe_test_cam1 | severity=none | sent_to=post_processing
2026-08-17 21:31:56,239 - ppe_alert_consumer_0df983271a80 - INFO - [PPE FRAME RECEIVED] camera=ppe_test_cam1 | severity=none | violated=[]
2026-08-17 21:31:56,240 - ppe_alert_consumer_0df983271a80 - INFO - [PPE Result] camera=ppe_test_cam1 | severity=none | sent_to=post_processing
2026-08-17 21:31:56,277 - ppe_alert_consumer_0df983271a80 - INFO - [PPE FRAME RECEIVED] camera=ppe_test_cam1 | severity=low | violated=['No-Shoes', 'No-Shoes']
2026-08-17 21:31:56,278 - ppe_alert_consumer_0df983271a80 - INFO - [PPE Result] camera=ppe_test_cam1 | severity=low | sent_to=post_processing
2026-08-17 21:31:57,152 - ppe_alert_consumer_0df983271a80 - INFO - [PPE FRAME RECEIVED] camera=ppe_test_cam1 | severity=none | violated=[]
2026-08-17 21:31:57,153 - ppe_alert_consumer_0df983271a80 - INFO - [PPE Result] camera=ppe_test_cam1 | severity=none | sent_to=post_processing
2026-08-17 21:31:57,153 - ppe_alert_consumer_0df983271a80 - INFO - [PPE FRAME RECEIVED] camera=ppe_test_cam1 | severity=low | violated=['No-Shoes', 'No-Shoes']
2026-08-17 21:31:57,155 - ppe_alert_consumer_0df983271a80 - INFO - [PPE Result] camera=ppe_test_cam1 | severity=low | sent_to=post_processing
2026-08-17 21:31:58,269 - ppe_alert_consumer_0df983271a80 - INFO - [PPE FRAME RECEIVED] camera=ppe_test_cam1 | severity=low | violated=['No-Shoes', 'No-Shoes']
2026-08-17 21:31:58,270 - ppe_alert_consumer_0df983271a80 - INFO - [PPE Result] camera=ppe_test_cam1 | severity=low | sent_to=post_processing
2026-08-17 21:31:58,271 - ppe_alert_consumer_0df983271a80 - INFO - [PPE FRAME RECEIVED] camera=ppe_test_cam1 | severity=none | violated=[]
2026-08-17 21:31:58,273 - ppe_alert_consumer_0df983271a80 - INFO - [PPE Result] camera=ppe_test_cam1 | severity=none | sent_to=post_processing
2026-08-17 21:31:59,208 - ppe_alert_consumer_0df983271a80 - INFO - [PPE FRAME RECEIVED] camera=ppe_test_cam1 | severity=none | violated=[]
2026-08-17 21:31:59,209 - ppe_alert_consumer_0df983271a80 - INFO - [PPE Result] camera=ppe_test_cam1 | severity=none | sent_to=post_processing
2026-08-17 21:31:59,238 - ppe_alert_consumer_0df983271a80 - INFO - [PPE FRAME RECEIVED] camera=ppe_test_cam1 | severity=low | violated=['No-Shoes', 'No-Shoes']
2026-08-17 21:31:59,239 - ppe_alert_consumer_0df983271a80 - INFO - [PPE Result] camera=ppe_test_cam1 | severity=low | sent_to=post_processing
2026-08-17 21:32:00,196 - ppe_alert_consumer_0df983271a80 - INFO - [PPE FRAME RECEIVED] camera=ppe_test_cam1 | severity=none | violated=[]
2026-08-17 21:32:00,199 - ppe_alert_consumer_0df983271a80 - INFO - [PPE Result] camera=ppe_test_cam1 | severity=none | sent_to=post_processing
2026-08-17 21:32:05,124 - ppe_alert_consumer_0df983271a80 - INFO - [PPE FRAME RECEIVED] camera=ppe_test_cam1 | severity=none | violated=[]
2026-08-17 21:32:05,125 - ppe_alert_consumer_0df983271a80 - INFO - [PPE Result] camera=ppe_test_cam1 | severity=none | sent_to=post_processing
2026-08-17 21:32:06,181 - ppe_alert_consumer_0df983271a80 - INFO - [PPE FRAME RECEIVED] camera=ppe_test_cam1 | severity=none | violated=[]
2026-08-17 21:32:06,182 - ppe_alert_consumer_0df983271a80 - INFO - [PPE Result] camera=ppe_test_cam1 | severity=none | sent_to=post_processing
2026-08-17 21:32:07,141 - ppe_alert_consumer_0df983271a80 - INFO - [PPE FRAME RECEIVED] camera=ppe_test_cam1 | severity=none | violated=[]
2026-08-17 21:32:07,142 - ppe_alert_consumer_0df983271a80 - INFO - [PPE Result] camera=ppe_test_cam1 | severity=none | sent_to=post_processing
2026-08-17 21:32:08,188 - ppe_alert_consumer_0df983271a80 - INFO - [PPE FRAME RECEIVED] camera=ppe_test_cam1 | severity=none | violated=[]
2026-08-17 21:32:08,189 - ppe_alert_consumer_0df983271a80 - INFO - [PPE Result] camera=ppe_test_cam1 | severity=none | sent_to=post_processing
2026-08-17 21:32:09,167 - ppe_alert_consumer_0df983271a80 - INFO - [PPE FRAME RECEIVED] camera=ppe_test_cam1 | severity=none | violated=[]
2026-08-17 21:32:09,168 - ppe_alert_consumer_0df983271a80 - INFO - [PPE Result] camera=ppe_test_cam1 | severity=none | sent_to=post_processing
2026-08-17 21:32:10,208 - ppe_alert_consumer_0df983271a80 - INFO - [PPE FRAME RECEIVED] camera=ppe_test_cam1 | severity=none | violated=[]
2026-08-17 21:32:10,209 - ppe_alert_consumer_0df983271a80 - INFO - [PPE Result] camera=ppe_test_cam1 | severity=none | sent_to=post_processing
2026-08-17 21:32:11,143 - ppe_alert_consumer_0df983271a80 - INFO - [PPE FRAME RECEIVED] camera=ppe_test_cam1 | severity=none | violated=[]
2026-08-17 21:32:11,145 - ppe_alert_consumer_0df983271a80 - INFO - [PPE Result] camera=ppe_test_cam1 | severity=none | sent_to=post_processing
2026-08-17 21:32:12,083 - ppe_alert_consumer_0df983271a80 - INFO - [PPE FRAME RECEIVED] camera=ppe_test_cam1 | severity=none | violated=[]
2026-08-17 21:32:12,084 - ppe_alert_consumer_0df983271a80 - INFO - [PPE Result] camera=ppe_test_cam1 | severity=none | sent_to=post_processing
2026-08-17 21:32:12,113 - ppe_alert_consumer_0df983271a80 - INFO - [PPE FRAME RECEIVED] camera=ppe_test_cam1 | severity=none | violated=[]
2026-08-17 21:32:12,113 - ppe_alert_consumer_0df983271a80 - INFO - [PPE Result] camera=ppe_test_cam1 | severity=none | sent_to=post_processing
2026-08-17 21:32:37,587 - ppe_alert_consumer_0df983271a80 - INFO - [PPE FRAME RECEIVED] camera=ppe_test_cam1 | severity=none | violated=[]
2026-08-17 21:32:37,588 - ppe_alert_consumer_0df983271a80 - INFO - [PPE Result] camera=ppe_test_cam1 | severity=none | sent_to=post_processing
2026-08-17 21:32:38,360 - ppe_alert_consumer_0df983271a80 - INFO - [PPE FRAME RECEIVED] camera=ppe_test_cam1 | severity=none | violated=[]
2026-08-17 21:32:38,361 - ppe_alert_consumer_0df983271a80 - INFO - [PPE Result] camera=ppe_test_cam1 | severity=none | sent_to=post_processing
2026-08-17 21:32:56,131 - ppe_alert_consumer_0df983271a80 - INFO - [PPE FRAME RECEIVED] camera=ppe_test_cam1 | severity=low | violated=['No-Shoes', 'No-Shoes']
2026-08-17 21:32:56,132 - ppe_alert_consumer_0df983271a80 - INFO - [PPE Result] camera=ppe_test_cam1 | severity=low | sent_to=post_processing
2026-08-17 21:32:56,132 - ppe_alert_consumer_0df983271a80 - INFO - [PPE FRAME RECEIVED] camera=ppe_test_cam1 | severity=none | violated=[]
2026-08-17 21:32:56,135 - ppe_alert_consumer_0df983271a80 - INFO - [PPE Result] camera=ppe_test_cam1 | severity=none | sent_to=post_processing
2026-08-17 21:32:57,074 - ppe_alert_consumer_0df983271a80 - INFO - [PPE FRAME RECEIVED] camera=ppe_test_cam1 | severity=none | violated=[]
2026-08-17 21:32:57,075 - ppe_alert_consumer_0df983271a80 - INFO - [PPE Result] camera=ppe_test_cam1 | severity=none | sent_to=post_processing
2026-08-17 21:32:57,075 - ppe_alert_consumer_0df983271a80 - INFO - [PPE FRAME RECEIVED] camera=ppe_test_cam1 | severity=low | violated=['No-Shoes', 'No-Shoes']
2026-08-17 21:32:57,077 - ppe_alert_consumer_0df983271a80 - INFO - [PPE Result] camera=ppe_test_cam1 | severity=low | sent_to=post_processing
2026-08-17 21:32:58,133 - ppe_alert_consumer_0df983271a80 - INFO - [PPE FRAME RECEIVED] camera=ppe_test_cam1 | severity=none | violated=[]
2026-08-17 21:32:58,134 - ppe_alert_consumer_0df983271a80 - INFO - [PPE Result] camera=ppe_test_cam1 | severity=none | sent_to=post_processing
2026-08-17 21:32:58,173 - ppe_alert_consumer_0df983271a80 - INFO - [PPE FRAME RECEIVED] camera=ppe_test_cam1 | severity=low | violated=['No-Shoes', 'No-Shoes']
2026-08-17 21:32:58,174 - ppe_alert_consumer_0df983271a80 - INFO - [PPE Result] camera=ppe_test_cam1 | severity=low | sent_to=post_processing
2026-08-17 21:32:59,155 - ppe_alert_consumer_0df983271a80 - INFO - [PPE FRAME RECEIVED] camera=ppe_test_cam1 | severity=none | violated=[]
2026-08-17 21:32:59,155 - ppe_alert_consumer_0df983271a80 - INFO - [PPE Result] camera=ppe_test_cam1 | severity=none | sent_to=post_processing
2026-08-17 21:32:59,156 - ppe_alert_consumer_0df983271a80 - INFO - [PPE FRAME RECEIVED] camera=ppe_test_cam1 | severity=low | violated=['No-Shoes', 'No-Shoes']
2026-08-17 21:32:59,157 - ppe_alert_consumer_0df983271a80 - INFO - [PPE Result] camera=ppe_test_cam1 | severity=low | sent_to=post_processing
2026-08-17 21:33:00,104 - ppe_alert_consumer_0df983271a80 - INFO - [PPE FRAME RECEIVED] camera=ppe_test_cam1 | severity=none | violated=[]
2026-08-17 21:33:00,105 - ppe_alert_consumer_0df983271a80 - INFO - [PPE Result] camera=ppe_test_cam1 | severity=none | sent_to=post_processing
2026-08-17 21:33:05,038 - ppe_alert_consumer_0df983271a80 - INFO - [PPE FRAME RECEIVED] camera=ppe_test_cam1 | severity=none | violated=[]
2026-08-17 21:33:05,039 - ppe_alert_consumer_0df983271a80 - INFO - [PPE Result] camera=ppe_test_cam1 | severity=none | sent_to=post_processing
2026-08-17 21:33:06,396 - ppe_alert_consumer_0df983271a80 - INFO - [PPE FRAME RECEIVED] camera=ppe_test_cam1 | severity=none | violated=[]
2026-08-17 21:33:06,397 - ppe_alert_consumer_0df983271a80 - INFO - [PPE Result] camera=ppe_test_cam1 | severity=none | sent_to=post_processing
2026-08-17 21:33:07,042 - ppe_alert_consumer_0df983271a80 - INFO - [PPE FRAME RECEIVED] camera=ppe_test_cam1 | severity=none | violated=[]
2026-08-17 21:33:07,043 - ppe_alert_consumer_0df983271a80 - INFO - [PPE Result] camera=ppe_test_cam1 | severity=none | sent_to=post_processing
2026-08-17 21:33:08,031 - ppe_alert_consumer_0df983271a80 - INFO - [PPE FRAME RECEIVED] camera=ppe_test_cam1 | severity=none | violated=[]
2026-08-17 21:33:08,031 - ppe_alert_consumer_0df983271a80 - INFO - [PPE Result] camera=ppe_test_cam1 | severity=none | sent_to=post_processing
2026-08-17 21:33:09,190 - ppe_alert_consumer_0df983271a80 - INFO - [PPE FRAME RECEIVED] camera=ppe_test_cam1 | severity=none | violated=[]
2026-08-17 21:33:09,191 - ppe_alert_consumer_0df983271a80 - INFO - [PPE Result] camera=ppe_test_cam1 | severity=none | sent_to=post_processing
2026-08-17 21:33:10,125 - ppe_alert_consumer_0df983271a80 - INFO - [PPE FRAME RECEIVED] camera=ppe_test_cam1 | severity=none | violated=[]
2026-08-17 21:33:10,127 - ppe_alert_consumer_0df983271a80 - INFO - [PPE Result] camera=ppe_test_cam1 | severity=none | sent_to=post_processing
2026-08-17 21:33:11,047 - ppe_alert_consumer_0df983271a80 - INFO - [PPE FRAME RECEIVED] camera=ppe_test_cam1 | severity=none | violated=[]
2026-08-17 21:33:11,048 - ppe_alert_consumer_0df983271a80 - INFO - [PPE Result] camera=ppe_test_cam1 | severity=none | sent_to=post_processing
2026-08-17 21:33:12,178 - ppe_alert_consumer_0df983271a80 - INFO - [PPE FRAME RECEIVED] camera=ppe_test_cam1 | severity=none | violated=[]
2026-08-17 21:33:12,178 - ppe_alert_consumer_0df983271a80 - INFO - [PPE Result] camera=ppe_test_cam1 | severity=none | sent_to=post_processing
2026-08-17 21:33:12,207 - ppe_alert_consumer_0df983271a80 - INFO - [PPE FRAME RECEIVED] camera=ppe_test_cam1 | severity=none | violated=[]
2026-08-17 21:33:12,208 - ppe_alert_consumer_0df983271a80 - INFO - [PPE Result] camera=ppe_test_cam1 | severity=none | sent_to=post_processing
2026-08-17 21:33:37,152 - ppe_alert_consumer_0df983271a80 - INFO - [PPE FRAME RECEIVED] camera=ppe_test_cam1 | severity=none | violated=[]
2026-08-17 21:33:37,153 - ppe_alert_consumer_0df983271a80 - INFO - [PPE Result] camera=ppe_test_cam1 | severity=none | sent_to=post_processing
2026-08-17 21:33:38,152 - ppe_alert_consumer_0df983271a80 - INFO - [PPE FRAME RECEIVED] camera=ppe_test_cam1 | severity=none | violated=[]
2026-08-17 21:33:38,152 - ppe_alert_consumer_0df983271a80 - INFO - [PPE Result] camera=ppe_test_cam1 | severity=none | sent_to=post_processing
2026-08-17 21:33:56,138 - ppe_alert_consumer_0df983271a80 - INFO - [PPE FRAME RECEIVED] camera=ppe_test_cam1 | severity=low | violated=['No-Shoes', 'No-Shoes']
2026-08-17 21:33:56,139 - ppe_alert_consumer_0df983271a80 - INFO - [PPE Result] camera=ppe_test_cam1 | severity=low | sent_to=post_processing
2026-08-17 21:33:56,139 - ppe_alert_consumer_0df983271a80 - INFO - [PPE FRAME RECEIVED] camera=ppe_test_cam1 | severity=none | violated=[]
2026-08-17 21:33:56,140 - ppe_alert_consumer_0df983271a80 - INFO - [PPE Result] camera=ppe_test_cam1 | severity=none | sent_to=post_processing
2026-08-17 21:33:57,121 - ppe_alert_consumer_0df983271a80 - INFO - [PPE FRAME RECEIVED] camera=ppe_test_cam1 | severity=none | violated=[]
2026-08-17 21:33:57,121 - ppe_alert_consumer_0df983271a80 - INFO - [PPE Result] camera=ppe_test_cam1 | severity=none | sent_to=post_processing
2026-08-17 21:33:57,154 - ppe_alert_consumer_0df983271a80 - INFO - [PPE FRAME RECEIVED] camera=ppe_test_cam1 | severity=low | violated=['No-Shoes', 'No-Shoes']
2026-08-17 21:33:57,155 - ppe_alert_consumer_0df983271a80 - INFO - [PPE Result] camera=ppe_test_cam1 | severity=low | sent_to=post_processing
2026-08-17 21:33:58,189 - ppe_alert_consumer_0df983271a80 - INFO - [PPE FRAME RECEIVED] camera=ppe_test_cam1 | severity=none | violated=[]
2026-08-17 21:33:58,190 - ppe_alert_consumer_0df983271a80 - INFO - [PPE Result] camera=ppe_test_cam1 | severity=none | sent_to=post_processing
2026-08-17 21:33:58,221 - ppe_alert_consumer_0df983271a80 - INFO - [PPE FRAME RECEIVED] camera=ppe_test_cam1 | severity=low | violated=['No-Shoes', 'No-Shoes']
2026-08-17 21:33:58,222 - ppe_alert_consumer_0df983271a80 - INFO - [PPE Result] camera=ppe_test_cam1 | severity=low | sent_to=post_processing
2026-08-17 21:33:59,159 - ppe_alert_consumer_0df983271a80 - INFO - [PPE FRAME RECEIVED] camera=ppe_test_cam1 | severity=low | violated=['No-Shoes', 'No-Shoes']
2026-08-17 21:33:59,159 - ppe_alert_consumer_0df983271a80 - INFO - [PPE Result] camera=ppe_test_cam1 | severity=low | sent_to=post_processing
2026-08-17 21:33:59,160 - ppe_alert_consumer_0df983271a80 - INFO - [PPE FRAME RECEIVED] camera=ppe_test_cam1 | severity=none | violated=[]
2026-08-17 21:33:59,161 - ppe_alert_consumer_0df983271a80 - INFO - [PPE Result] camera=ppe_test_cam1 | severity=none | sent_to=post_processing
2026-08-17 21:34:00,130 - ppe_alert_consumer_0df983271a80 - INFO - [PPE FRAME RECEIVED] camera=ppe_test_cam1 | severity=none | violated=[]
2026-08-17 21:34:00,131 - ppe_alert_consumer_0df983271a80 - INFO - [PPE Result] camera=ppe_test_cam1 | severity=none | sent_to=post_processing
2026-08-17 21:34:05,184 - ppe_alert_consumer_0df983271a80 - INFO - [PPE FRAME RECEIVED] camera=ppe_test_cam1 | severity=none | violated=[]
2026-08-17 21:34:05,185 - ppe_alert_consumer_0df983271a80 - INFO - [PPE Result] camera=ppe_test_cam1 | severity=none | sent_to=post_processing
2026-08-17 21:34:06,126 - ppe_alert_consumer_0df983271a80 - INFO - [PPE FRAME RECEIVED] camera=ppe_test_cam1 | severity=none | violated=[]
2026-08-17 21:34:06,126 - ppe_alert_consumer_0df983271a80 - INFO - [PPE Result] camera=ppe_test_cam1 | severity=none | sent_to=post_processing
2026-08-17 21:34:07,014 - ppe_alert_consumer_0df983271a80 - INFO - [PPE FRAME RECEIVED] camera=ppe_test_cam1 | severity=none | violated=[]
2026-08-17 21:34:07,015 - ppe_alert_consumer_0df983271a80 - INFO - [PPE Result] camera=ppe_test_cam1 | severity=none | sent_to=post_processing
2026-08-17 21:34:08,146 - ppe_alert_consumer_0df983271a80 - INFO - [PPE FRAME RECEIVED] camera=ppe_test_cam1 | severity=none | violated=[]
2026-08-17 21:34:08,147 - ppe_alert_consumer_0df983271a80 - INFO - [PPE Result] camera=ppe_test_cam1 | severity=none | sent_to=post_processing
2026-08-17 21:34:09,148 - ppe_alert_consumer_0df983271a80 - INFO - [PPE FRAME RECEIVED] camera=ppe_test_cam1 | severity=none | violated=[]
2026-08-17 21:34:09,149 - ppe_alert_consumer_0df983271a80 - INFO - [PPE Result] camera=ppe_test_cam1 | severity=none | sent_to=post_processing
2026-08-17 21:34:10,340 - ppe_alert_consumer_0df983271a80 - INFO - [PPE FRAME RECEIVED] camera=ppe_test_cam1 | severity=none | violated=[]
2026-08-17 21:34:10,341 - ppe_alert_consumer_0df983271a80 - INFO - [PPE Result] camera=ppe_test_cam1 | severity=none | sent_to=post_processing
2026-08-17 21:34:11,128 - ppe_alert_consumer_0df983271a80 - INFO - [PPE FRAME RECEIVED] camera=ppe_test_cam1 | severity=none | violated=[]
2026-08-17 21:34:11,129 - ppe_alert_consumer_0df983271a80 - INFO - [PPE Result] camera=ppe_test_cam1 | severity=none | sent_to=post_processing
2026-08-17 21:34:12,133 - ppe_alert_consumer_0df983271a80 - INFO - [PPE FRAME RECEIVED] camera=ppe_test_cam1 | severity=none | violated=[]
2026-08-17 21:34:12,134 - ppe_alert_consumer_0df983271a80 - INFO - [PPE Result] camera=ppe_test_cam1 | severity=none | sent_to=post_processing
2026-08-17 21:34:12,135 - ppe_alert_consumer_0df983271a80 - INFO - [PPE FRAME RECEIVED] camera=ppe_test_cam1 | severity=none | violated=[]
2026-08-17 21:34:12,136 - ppe_alert_consumer_0df983271a80 - INFO - [PPE Result] camera=ppe_test_cam1 | severity=none | sent_to=post_processing
2026-08-17 21:34:37,164 - ppe_alert_consumer_0df983271a80 - INFO - [PPE FRAME RECEIVED] camera=ppe_test_cam1 | severity=none | violated=[]
2026-08-17 21:34:37,165 - ppe_alert_consumer_0df983271a80 - INFO - [PPE Result] camera=ppe_test_cam1 | severity=none | sent_to=post_processing
2026-08-17 21:34:38,170 - ppe_alert_consumer_0df983271a80 - INFO - [PPE FRAME RECEIVED] camera=ppe_test_cam1 | severity=none | violated=[]
2026-08-17 21:34:38,171 - ppe_alert_consumer_0df983271a80 - INFO - [PPE Result] camera=ppe_test_cam1 | severity=none | sent_to=post_processing
2026-08-17 21:34:56,156 - ppe_alert_consumer_0df983271a80 - INFO - [PPE FRAME RECEIVED] camera=ppe_test_cam1 | severity=none | violated=[]
2026-08-17 21:34:56,157 - ppe_alert_consumer_0df983271a80 - INFO - [PPE Result] camera=ppe_test_cam1 | severity=none | sent_to=post_processing
2026-08-17 21:34:56,187 - ppe_alert_consumer_0df983271a80 - INFO - [PPE FRAME RECEIVED] camera=ppe_test_cam1 | severity=low | violated=['No-Shoes', 'No-Shoes']
2026-08-17 21:34:56,188 - ppe_alert_consumer_0df983271a80 - INFO - [PPE Result] camera=ppe_test_cam1 | severity=low | sent_to=post_processing
2026-08-17 21:34:57,124 - ppe_alert_consumer_0df983271a80 - INFO - [PPE FRAME RECEIVED] camera=ppe_test_cam1 | severity=none | violated=[]
2026-08-17 21:34:57,125 - ppe_alert_consumer_0df983271a80 - INFO - [PPE Result] camera=ppe_test_cam1 | severity=none | sent_to=post_processing
2026-08-17 21:34:57,155 - ppe_alert_consumer_0df983271a80 - INFO - [PPE FRAME RECEIVED] camera=ppe_test_cam1 | severity=low | violated=['No-Shoes', 'No-Shoes']
2026-08-17 21:34:57,156 - ppe_alert_consumer_0df983271a80 - INFO - [PPE Result] camera=ppe_test_cam1 | severity=low | sent_to=post_processing
2026-08-17 21:34:58,070 - ppe_alert_consumer_0df983271a80 - INFO - [PPE FRAME RECEIVED] camera=ppe_test_cam1 | severity=none | violated=[]
2026-08-17 21:34:58,071 - ppe_alert_consumer_0df983271a80 - INFO - [PPE Result] camera=ppe_test_cam1 | severity=none | sent_to=post_processing
2026-08-17 21:34:58,103 - ppe_alert_consumer_0df983271a80 - INFO - [PPE FRAME RECEIVED] camera=ppe_test_cam1 | severity=low | violated=['No-Shoes', 'No-Shoes']
2026-08-17 21:34:58,104 - ppe_alert_consumer_0df983271a80 - INFO - [PPE Result] camera=ppe_test_cam1 | severity=low | sent_to=post_processing
2026-08-17 21:34:59,151 - ppe_alert_consumer_0df983271a80 - INFO - [PPE FRAME RECEIVED] camera=ppe_test_cam1 | severity=none | violated=[]
2026-08-17 21:34:59,152 - ppe_alert_consumer_0df983271a80 - INFO - [PPE Result] camera=ppe_test_cam1 | severity=none | sent_to=post_processing
2026-08-17 21:34:59,153 - ppe_alert_consumer_0df983271a80 - INFO - [PPE FRAME RECEIVED] camera=ppe_test_cam1 | severity=low | violated=['No-Shoes', 'No-Shoes']
2026-08-17 21:34:59,154 - ppe_alert_consumer_0df983271a80 - INFO - [PPE Result] camera=ppe_test_cam1 | severity=low | sent_to=post_processing
2026-08-17 21:35:00,129 - ppe_alert_consumer_0df983271a80 - INFO - [PPE FRAME RECEIVED] camera=ppe_test_cam1 | severity=none | violated=[]
2026-08-17 21:35:00,130 - ppe_alert_consumer_0df983271a80 - INFO - [PPE Result] camera=ppe_test_cam1 | severity=none | sent_to=post_processing
2026-08-17 21:35:05,129 - ppe_alert_consumer_0df983271a80 - INFO - [PPE FRAME RECEIVED] camera=ppe_test_cam1 | severity=none | violated=[]
2026-08-17 21:35:05,130 - ppe_alert_consumer_0df983271a80 - INFO - [PPE Result] camera=ppe_test_cam1 | severity=none | sent_to=post_processing
2026-08-17 21:35:06,186 - ppe_alert_consumer_0df983271a80 - INFO - [PPE FRAME RECEIVED] camera=ppe_test_cam1 | severity=none | violated=[]
2026-08-17 21:35:06,187 - ppe_alert_consumer_0df983271a80 - INFO - [PPE Result] camera=ppe_test_cam1 | severity=none | sent_to=post_processing
2026-08-17 21:35:07,138 - ppe_alert_consumer_0df983271a80 - INFO - [PPE FRAME RECEIVED] camera=ppe_test_cam1 | severity=none | violated=[]
2026-08-17 21:35:07,138 - ppe_alert_consumer_0df983271a80 - INFO - [PPE Result] camera=ppe_test_cam1 | severity=none | sent_to=post_processing
2026-08-17 21:35:08,143 - ppe_alert_consumer_0df983271a80 - INFO - [PPE FRAME RECEIVED] camera=ppe_test_cam1 | severity=none | violated=[]
2026-08-17 21:35:08,144 - ppe_alert_consumer_0df983271a80 - INFO - [PPE Result] camera=ppe_test_cam1 | severity=none | sent_to=post_processing
2026-08-17 21:35:09,170 - ppe_alert_consumer_0df983271a80 - INFO - [PPE FRAME RECEIVED] camera=ppe_test_cam1 | severity=none | violated=[]
2026-08-17 21:35:09,171 - ppe_alert_consumer_0df983271a80 - INFO - [PPE Result] camera=ppe_test_cam1 | severity=none | sent_to=post_processing
2026-08-17 21:35:10,165 - ppe_alert_consumer_0df983271a80 - INFO - [PPE FRAME RECEIVED] camera=ppe_test_cam1 | severity=none | violated=[]
2026-08-17 21:35:10,166 - ppe_alert_consumer_0df983271a80 - INFO - [PPE Result] camera=ppe_test_cam1 | severity=none | sent_to=post_processing
2026-08-17 21:35:11,136 - ppe_alert_consumer_0df983271a80 - INFO - [PPE FRAME RECEIVED] camera=ppe_test_cam1 | severity=none | violated=[]
2026-08-17 21:35:11,136 - ppe_alert_consumer_0df983271a80 - INFO - [PPE Result] camera=ppe_test_cam1 | severity=none | sent_to=post_processing
2026-08-17 21:35:12,118 - ppe_alert_consumer_0df983271a80 - INFO - [PPE FRAME RECEIVED] camera=ppe_test_cam1 | severity=none | violated=[]
2026-08-17 21:35:12,119 - ppe_alert_consumer_0df983271a80 - INFO - [PPE Result] camera=ppe_test_cam1 | severity=none | sent_to=post_processing
2026-08-17 21:35:12,146 - ppe_alert_consumer_0df983271a80 - INFO - [PPE FRAME RECEIVED] camera=ppe_test_cam1 | severity=none | violated=[]
2026-08-17 21:35:12,148 - ppe_alert_consumer_0df983271a80 - INFO - [PPE Result] camera=ppe_test_cam1 | severity=none | sent_to=post_processing
2026-08-17 21:35:37,030 - ppe_alert_consumer_0df983271a80 - INFO - [PPE FRAME RECEIVED] camera=ppe_test_cam1 | severity=none | violated=[]
2026-08-17 21:35:37,031 - ppe_alert_consumer_0df983271a80 - INFO - [PPE Result] camera=ppe_test_cam1 | severity=none | sent_to=post_processing
2026-08-17 21:35:38,143 - ppe_alert_consumer_0df983271a80 - INFO - [PPE FRAME RECEIVED] camera=ppe_test_cam1 | severity=none | violated=[]
2026-08-17 21:35:38,148 - ppe_alert_consumer_0df983271a80 - INFO - [PPE Result] camera=ppe_test_cam1 | severity=none | sent_to=post_processing
2026-08-17 21:35:56,132 - ppe_alert_consumer_0df983271a80 - INFO - [PPE FRAME RECEIVED] camera=ppe_test_cam1 | severity=none | violated=[]
2026-08-17 21:35:56,133 - ppe_alert_consumer_0df983271a80 - INFO - [PPE Result] camera=ppe_test_cam1 | severity=none | sent_to=post_processing
2026-08-17 21:35:56,161 - ppe_alert_consumer_0df983271a80 - INFO - [PPE FRAME RECEIVED] camera=ppe_test_cam1 | severity=low | violated=['No-Shoes', 'No-Shoes']
2026-08-17 21:35:56,162 - ppe_alert_consumer_0df983271a80 - INFO - [PPE Result] camera=ppe_test_cam1 | severity=low | sent_to=post_processing
2026-08-17 21:35:57,113 - ppe_alert_consumer_0df983271a80 - INFO - [PPE FRAME RECEIVED] camera=ppe_test_cam1 | severity=none | violated=[]
2026-08-17 21:35:57,114 - ppe_alert_consumer_0df983271a80 - INFO - [PPE Result] camera=ppe_test_cam1 | severity=none | sent_to=post_processing
2026-08-17 21:35:57,145 - ppe_alert_consumer_0df983271a80 - INFO - [PPE FRAME RECEIVED] camera=ppe_test_cam1 | severity=low | violated=['No-Shoes', 'No-Shoes']
2026-08-17 21:35:57,145 - ppe_alert_consumer_0df983271a80 - INFO - [PPE Result] camera=ppe_test_cam1 | severity=low | sent_to=post_processing
2026-08-17 21:35:58,197 - ppe_alert_consumer_0df983271a80 - INFO - [PPE FRAME RECEIVED] camera=ppe_test_cam1 | severity=none | violated=[]
2026-08-17 21:35:58,198 - ppe_alert_consumer_0df983271a80 - INFO - [PPE Result] camera=ppe_test_cam1 | severity=none | sent_to=post_processing
2026-08-17 21:35:58,199 - ppe_alert_consumer_0df983271a80 - INFO - [PPE FRAME RECEIVED] camera=ppe_test_cam1 | severity=low | violated=['No-Shoes', 'No-Shoes']
2026-08-17 21:35:58,201 - ppe_alert_consumer_0df983271a80 - INFO - [PPE Result] camera=ppe_test_cam1 | severity=low | sent_to=post_processing
2026-08-17 21:35:59,158 - ppe_alert_consumer_0df983271a80 - INFO - [PPE FRAME RECEIVED] camera=ppe_test_cam1 | severity=none | violated=[]
2026-08-17 21:35:59,158 - ppe_alert_consumer_0df983271a80 - INFO - [PPE Result] camera=ppe_test_cam1 | severity=none | sent_to=post_processing
2026-08-17 21:35:59,186 - ppe_alert_consumer_0df983271a80 - INFO - [PPE FRAME RECEIVED] camera=ppe_test_cam1 | severity=low | violated=['No-Shoes', 'No-Shoes']
2026-08-17 21:35:59,187 - ppe_alert_consumer_0df983271a80 - INFO - [PPE Result] camera=ppe_test_cam1 | severity=low | sent_to=post_processing
2026-08-17 21:36:00,171 - ppe_alert_consumer_0df983271a80 - INFO - [PPE FRAME RECEIVED] camera=ppe_test_cam1 | severity=none | violated=[]
2026-08-17 21:36:00,172 - ppe_alert_consumer_0df983271a80 - INFO - [PPE Result] camera=ppe_test_cam1 | severity=none | sent_to=post_processing
2026-08-17 21:36:05,117 - ppe_alert_consumer_0df983271a80 - INFO - [PPE FRAME RECEIVED] camera=ppe_test_cam1 | severity=none | violated=[]
2026-08-17 21:36:05,118 - ppe_alert_consumer_0df983271a80 - INFO - [PPE Result] camera=ppe_test_cam1 | severity=none | sent_to=post_processing
2026-08-17 21:36:06,071 - ppe_alert_consumer_0df983271a80 - INFO - [PPE FRAME RECEIVED] camera=ppe_test_cam1 | severity=none | violated=[]
2026-08-17 21:36:06,072 - ppe_alert_consumer_0df983271a80 - INFO - [PPE Result] camera=ppe_test_cam1 | severity=none | sent_to=post_processing
2026-08-17 21:36:07,208 - ppe_alert_consumer_0df983271a80 - INFO - [PPE FRAME RECEIVED] camera=ppe_test_cam1 | severity=none | violated=[]
2026-08-17 21:36:07,209 - ppe_alert_consumer_0df983271a80 - INFO - [PPE Result] camera=ppe_test_cam1 | severity=none | sent_to=post_processing
2026-08-17 21:36:08,150 - ppe_alert_consumer_0df983271a80 - INFO - [PPE FRAME RECEIVED] camera=ppe_test_cam1 | severity=none | violated=[]
2026-08-17 21:36:08,151 - ppe_alert_consumer_0df983271a80 - INFO - [PPE Result] camera=ppe_test_cam1 | severity=none | sent_to=post_processing
2026-08-17 21:36:09,044 - ppe_alert_consumer_0df983271a80 - INFO - [PPE FRAME RECEIVED] camera=ppe_test_cam1 | severity=none | violated=[]
2026-08-17 21:36:09,045 - ppe_alert_consumer_0df983271a80 - INFO - [PPE Result] camera=ppe_test_cam1 | severity=none | sent_to=post_processing
2026-08-17 21:36:10,205 - ppe_alert_consumer_0df983271a80 - INFO - [PPE FRAME RECEIVED] camera=ppe_test_cam1 | severity=none | violated=[]
2026-08-17 21:36:10,207 - ppe_alert_consumer_0df983271a80 - INFO - [PPE Result] camera=ppe_test_cam1 | severity=none | sent_to=post_processing
2026-08-17 21:36:11,129 - ppe_alert_consumer_0df983271a80 - INFO - [PPE FRAME RECEIVED] camera=ppe_test_cam1 | severity=none | violated=[]
2026-08-17 21:36:11,130 - ppe_alert_consumer_0df983271a80 - INFO - [PPE Result] camera=ppe_test_cam1 | severity=none | sent_to=post_processing
2026-08-17 21:36:12,059 - ppe_alert_consumer_0df983271a80 - INFO - [PPE FRAME RECEIVED] camera=ppe_test_cam1 | severity=none | violated=[]
2026-08-17 21:36:12,060 - ppe_alert_consumer_0df983271a80 - INFO - [PPE Result] camera=ppe_test_cam1 | severity=none | sent_to=post_processing
2026-08-17 21:36:12,060 - ppe_alert_consumer_0df983271a80 - INFO - [PPE FRAME RECEIVED] camera=ppe_test_cam1 | severity=none | violated=[]
2026-08-17 21:36:12,062 - ppe_alert_consumer_0df983271a80 - INFO - [PPE Result] camera=ppe_test_cam1 | severity=none | sent_to=post_processing
2026-08-17 21:36:37,219 - ppe_alert_consumer_0df983271a80 - INFO - [PPE FRAME RECEIVED] camera=ppe_test_cam1 | severity=none | violated=[]
2026-08-17 21:36:37,219 - ppe_alert_consumer_0df983271a80 - INFO - [PPE Result] camera=ppe_test_cam1 | severity=none | sent_to=post_processing
2026-08-17 21:36:38,214 - ppe_alert_consumer_0df983271a80 - INFO - [PPE FRAME RECEIVED] camera=ppe_test_cam1 | severity=none | violated=[]
2026-08-17 21:36:38,214 - ppe_alert_consumer_0df983271a80 - INFO - [PPE Result] camera=ppe_test_cam1 | severity=none | sent_to=post_processing
2026-08-17 21:36:56,163 - ppe_alert_consumer_0df983271a80 - INFO - [PPE FRAME RECEIVED] camera=ppe_test_cam1 | severity=none | violated=[]
2026-08-17 21:36:56,165 - ppe_alert_consumer_0df983271a80 - INFO - [PPE Result] camera=ppe_test_cam1 | severity=none | sent_to=post_processing
2026-08-17 21:36:56,195 - ppe_alert_consumer_0df983271a80 - INFO - [PPE FRAME RECEIVED] camera=ppe_test_cam1 | severity=low | violated=['No-Shoes', 'No-Shoes']
2026-08-17 21:36:56,196 - ppe_alert_consumer_0df983271a80 - INFO - [PPE Result] camera=ppe_test_cam1 | severity=low | sent_to=post_processing
2026-08-17 21:36:57,147 - ppe_alert_consumer_0df983271a80 - INFO - [PPE FRAME RECEIVED] camera=ppe_test_cam1 | severity=low | violated=['No-Shoes', 'No-Shoes']
2026-08-17 21:36:57,148 - ppe_alert_consumer_0df983271a80 - INFO - [PPE Result] camera=ppe_test_cam1 | severity=low | sent_to=post_processing
2026-08-17 21:36:57,149 - ppe_alert_consumer_0df983271a80 - INFO - [PPE FRAME RECEIVED] camera=ppe_test_cam1 | severity=none | violated=[]
2026-08-17 21:36:57,150 - ppe_alert_consumer_0df983271a80 - INFO - [PPE Result] camera=ppe_test_cam1 | severity=none | sent_to=post_processing
2026-08-17 21:36:58,220 - ppe_alert_consumer_0df983271a80 - INFO - [PPE FRAME RECEIVED] camera=ppe_test_cam1 | severity=none | violated=[]
2026-08-17 21:36:58,221 - ppe_alert_consumer_0df983271a80 - INFO - [PPE Result] camera=ppe_test_cam1 | severity=none | sent_to=post_processing
2026-08-17 21:36:58,250 - ppe_alert_consumer_0df983271a80 - INFO - [PPE FRAME RECEIVED] camera=ppe_test_cam1 | severity=low | violated=['No-Shoes', 'No-Shoes']
2026-08-17 21:36:58,250 - ppe_alert_consumer_0df983271a80 - INFO - [PPE Result] camera=ppe_test_cam1 | severity=low | sent_to=post_processing
2026-08-17 21:36:59,117 - ppe_alert_consumer_0df983271a80 - INFO - [PPE FRAME RECEIVED] camera=ppe_test_cam1 | severity=none | violated=[]
2026-08-17 21:36:59,117 - ppe_alert_consumer_0df983271a80 - INFO - [PPE Result] camera=ppe_test_cam1 | severity=none | sent_to=post_processing
2026-08-17 21:36:59,148 - ppe_alert_consumer_0df983271a80 - INFO - [PPE FRAME RECEIVED] camera=ppe_test_cam1 | severity=low | violated=['No-Shoes', 'No-Shoes']
2026-08-17 21:36:59,149 - ppe_alert_consumer_0df983271a80 - INFO - [PPE Result] camera=ppe_test_cam1 | severity=low | sent_to=post_processing
2026-08-17 21:37:00,141 - ppe_alert_consumer_0df983271a80 - INFO - [PPE FRAME RECEIVED] camera=ppe_test_cam1 | severity=none | violated=[]
2026-08-17 21:37:00,142 - ppe_alert_consumer_0df983271a80 - INFO - [PPE Result] camera=ppe_test_cam1 | severity=none | sent_to=post_processing
2026-08-17 21:37:05,314 - ppe_alert_consumer_0df983271a80 - INFO - [PPE FRAME RECEIVED] camera=ppe_test_cam1 | severity=none | violated=[]
2026-08-17 21:37:05,315 - ppe_alert_consumer_0df983271a80 - INFO - [PPE Result] camera=ppe_test_cam1 | severity=none | sent_to=post_processing
2026-08-17 21:37:06,109 - ppe_alert_consumer_0df983271a80 - INFO - [PPE FRAME RECEIVED] camera=ppe_test_cam1 | severity=none | violated=[]
2026-08-17 21:37:06,110 - ppe_alert_consumer_0df983271a80 - INFO - [PPE Result] camera=ppe_test_cam1 | severity=none | sent_to=post_processing
2026-08-17 21:37:07,043 - ppe_alert_consumer_0df983271a80 - INFO - [PPE FRAME RECEIVED] camera=ppe_test_cam1 | severity=none | violated=[]
2026-08-17 21:37:07,044 - ppe_alert_consumer_0df983271a80 - INFO - [PPE Result] camera=ppe_test_cam1 | severity=none | sent_to=post_processing
2026-08-17 21:37:08,152 - ppe_alert_consumer_0df983271a80 - INFO - [PPE FRAME RECEIVED] camera=ppe_test_cam1 | severity=none | violated=[]
2026-08-17 21:37:08,153 - ppe_alert_consumer_0df983271a80 - INFO - [PPE Result] camera=ppe_test_cam1 | severity=none | sent_to=post_processing
2026-08-17 21:37:09,143 - ppe_alert_consumer_0df983271a80 - INFO - [PPE FRAME RECEIVED] camera=ppe_test_cam1 | severity=none | violated=[]
2026-08-17 21:37:09,144 - ppe_alert_consumer_0df983271a80 - INFO - [PPE Result] camera=ppe_test_cam1 | severity=none | sent_to=post_processing
2026-08-17 21:37:10,080 - ppe_alert_consumer_0df983271a80 - INFO - [PPE FRAME RECEIVED] camera=ppe_test_cam1 | severity=none | violated=[]
2026-08-17 21:37:10,081 - ppe_alert_consumer_0df983271a80 - INFO - [PPE Result] camera=ppe_test_cam1 | severity=none | sent_to=post_processing
2026-08-17 21:37:11,155 - ppe_alert_consumer_0df983271a80 - INFO - [PPE FRAME RECEIVED] camera=ppe_test_cam1 | severity=none | violated=[]
2026-08-17 21:37:11,156 - ppe_alert_consumer_0df983271a80 - INFO - [PPE Result] camera=ppe_test_cam1 | severity=none | sent_to=post_processing
2026-08-17 21:37:12,163 - ppe_alert_consumer_0df983271a80 - INFO - [PPE FRAME RECEIVED] camera=ppe_test_cam1 | severity=none | violated=[]
2026-08-17 21:37:12,163 - ppe_alert_consumer_0df983271a80 - INFO - [PPE Result] camera=ppe_test_cam1 | severity=none | sent_to=post_processing
2026-08-17 21:37:12,193 - ppe_alert_consumer_0df983271a80 - INFO - [PPE FRAME RECEIVED] camera=ppe_test_cam1 | severity=none | violated=[]
2026-08-17 21:37:12,194 - ppe_alert_consumer_0df983271a80 - INFO - [PPE Result] camera=ppe_test_cam1 | severity=none | sent_to=post_processing
2026-08-17 21:37:37,172 - ppe_alert_consumer_0df983271a80 - INFO - [PPE FRAME RECEIVED] camera=ppe_test_cam1 | severity=none | violated=[]
2026-08-17 21:37:37,173 - ppe_alert_consumer_0df983271a80 - INFO - [PPE Result] camera=ppe_test_cam1 | severity=none | sent_to=post_processing
2026-08-17 21:37:38,017 - ppe_alert_consumer_0df983271a80 - INFO - [PPE FRAME RECEIVED] camera=ppe_test_cam1 | severity=none | violated=[]
2026-08-17 21:37:38,018 - ppe_alert_consumer_0df983271a80 - INFO - [PPE Result] camera=ppe_test_cam1 | severity=none | sent_to=post_processing
2026-08-17 21:37:56,130 - ppe_alert_consumer_0df983271a80 - INFO - [PPE FRAME RECEIVED] camera=ppe_test_cam1 | severity=none | violated=[]
2026-08-17 21:37:56,132 - ppe_alert_consumer_0df983271a80 - INFO - [PPE Result] camera=ppe_test_cam1 | severity=none | sent_to=post_processing
2026-08-17 21:37:56,157 - ppe_alert_consumer_0df983271a80 - INFO - [PPE FRAME RECEIVED] camera=ppe_test_cam1 | severity=low | violated=['No-Shoes', 'No-Shoes']
2026-08-17 21:37:56,158 - ppe_alert_consumer_0df983271a80 - INFO - [PPE Result] camera=ppe_test_cam1 | severity=low | sent_to=post_processing
2026-08-17 21:37:57,095 - ppe_alert_consumer_0df983271a80 - INFO - [PPE FRAME RECEIVED] camera=ppe_test_cam1 | severity=low | violated=['No-Shoes', 'No-Shoes']
2026-08-17 21:37:57,096 - ppe_alert_consumer_0df983271a80 - INFO - [PPE Result] camera=ppe_test_cam1 | severity=low | sent_to=post_processing
2026-08-17 21:37:57,097 - ppe_alert_consumer_0df983271a80 - INFO - [PPE FRAME RECEIVED] camera=ppe_test_cam1 | severity=none | violated=[]
2026-08-17 21:37:57,098 - ppe_alert_consumer_0df983271a80 - INFO - [PPE Result] camera=ppe_test_cam1 | severity=none | sent_to=post_processing
2026-08-17 21:37:58,158 - ppe_alert_consumer_0df983271a80 - INFO - [PPE FRAME RECEIVED] camera=ppe_test_cam1 | severity=none | violated=[]
2026-08-17 21:37:58,159 - ppe_alert_consumer_0df983271a80 - INFO - [PPE Result] camera=ppe_test_cam1 | severity=none | sent_to=post_processing
2026-08-17 21:37:58,184 - ppe_alert_consumer_0df983271a80 - INFO - [PPE FRAME RECEIVED] camera=ppe_test_cam1 | severity=low | violated=['No-Shoes', 'No-Shoes']
2026-08-17 21:37:58,185 - ppe_alert_consumer_0df983271a80 - INFO - [PPE Result] camera=ppe_test_cam1 | severity=low | sent_to=post_processing
2026-08-17 21:37:59,171 - ppe_alert_consumer_0df983271a80 - INFO - [PPE FRAME RECEIVED] camera=ppe_test_cam1 | severity=none | violated=[]
2026-08-17 21:37:59,171 - ppe_alert_consumer_0df983271a80 - INFO - [PPE Result] camera=ppe_test_cam1 | severity=none | sent_to=post_processing
2026-08-17 21:37:59,200 - ppe_alert_consumer_0df983271a80 - INFO - [PPE FRAME RECEIVED] camera=ppe_test_cam1 | severity=low | violated=['No-Shoes', 'No-Shoes']
2026-08-17 21:37:59,201 - ppe_alert_consumer_0df983271a80 - INFO - [PPE Result] camera=ppe_test_cam1 | severity=low | sent_to=post_processing
2026-08-17 21:38:00,107 - ppe_alert_consumer_0df983271a80 - INFO - [PPE FRAME RECEIVED] camera=ppe_test_cam1 | severity=none | violated=[]
2026-08-17 21:38:00,108 - ppe_alert_consumer_0df983271a80 - INFO - [PPE Result] camera=ppe_test_cam1 | severity=none | sent_to=post_processing
2026-08-17 21:38:05,140 - ppe_alert_consumer_0df983271a80 - INFO - [PPE FRAME RECEIVED] camera=ppe_test_cam1 | severity=none | violated=[]
2026-08-17 21:38:05,141 - ppe_alert_consumer_0df983271a80 - INFO - [PPE Result] camera=ppe_test_cam1 | severity=none | sent_to=post_processing
2026-08-17 21:38:06,058 - ppe_alert_consumer_0df983271a80 - INFO - [PPE FRAME RECEIVED] camera=ppe_test_cam1 | severity=none | violated=[]
2026-08-17 21:38:06,059 - ppe_alert_consumer_0df983271a80 - INFO - [PPE Result] camera=ppe_test_cam1 | severity=none | sent_to=post_processing
2026-08-17 21:38:07,111 - ppe_alert_consumer_0df983271a80 - INFO - [PPE FRAME RECEIVED] camera=ppe_test_cam1 | severity=none | violated=[]
2026-08-17 21:38:07,112 - ppe_alert_consumer_0df983271a80 - INFO - [PPE Result] camera=ppe_test_cam1 | severity=none | sent_to=post_processing
2026-08-17 21:38:08,149 - ppe_alert_consumer_0df983271a80 - INFO - [PPE FRAME RECEIVED] camera=ppe_test_cam1 | severity=none | violated=[]
2026-08-17 21:38:08,150 - ppe_alert_consumer_0df983271a80 - INFO - [PPE Result] camera=ppe_test_cam1 | severity=none | sent_to=post_processing
2026-08-17 21:38:09,032 - ppe_alert_consumer_0df983271a80 - INFO - [PPE FRAME RECEIVED] camera=ppe_test_cam1 | severity=none | violated=[]
2026-08-17 21:38:09,033 - ppe_alert_consumer_0df983271a80 - INFO - [PPE Result] camera=ppe_test_cam1 | severity=none | sent_to=post_processing
2026-08-17 21:38:10,075 - ppe_alert_consumer_0df983271a80 - INFO - [PPE FRAME RECEIVED] camera=ppe_test_cam1 | severity=none | violated=[]
2026-08-17 21:38:10,076 - ppe_alert_consumer_0df983271a80 - INFO - [PPE Result] camera=ppe_test_cam1 | severity=none | sent_to=post_processing
2026-08-17 21:38:11,147 - ppe_alert_consumer_0df983271a80 - INFO - [PPE FRAME RECEIVED] camera=ppe_test_cam1 | severity=none | violated=[]
2026-08-17 21:38:11,148 - ppe_alert_consumer_0df983271a80 - INFO - [PPE Result] camera=ppe_test_cam1 | severity=none | sent_to=post_processing
2026-08-17 21:38:12,178 - ppe_alert_consumer_0df983271a80 - INFO - [PPE FRAME RECEIVED] camera=ppe_test_cam1 | severity=none | violated=[]
2026-08-17 21:38:12,179 - ppe_alert_consumer_0df983271a80 - INFO - [PPE Result] camera=ppe_test_cam1 | severity=none | sent_to=post_processing
2026-08-17 21:38:12,206 - ppe_alert_consumer_0df983271a80 - INFO - [PPE FRAME RECEIVED] camera=ppe_test_cam1 | severity=none | violated=[]
2026-08-17 21:38:12,207 - ppe_alert_consumer_0df983271a80 - INFO - [PPE Result] camera=ppe_test_cam1 | severity=none | sent_to=post_processing
2026-08-17 21:38:37,162 - ppe_alert_consumer_0df983271a80 - INFO - [PPE FRAME RECEIVED] camera=ppe_test_cam1 | severity=none | violated=[]
2026-08-17 21:38:37,162 - ppe_alert_consumer_0df983271a80 - INFO - [PPE Result] camera=ppe_test_cam1 | severity=none | sent_to=post_processing
2026-08-17 21:38:38,125 - ppe_alert_consumer_0df983271a80 - INFO - [PPE FRAME RECEIVED] camera=ppe_test_cam1 | severity=none | violated=[]
2026-08-17 21:38:38,125 - ppe_alert_consumer_0df983271a80 - INFO - [PPE Result] camera=ppe_test_cam1 | severity=none | sent_to=post_processing
2026-08-17 21:38:56,132 - ppe_alert_consumer_0df983271a80 - INFO - [PPE FRAME RECEIVED] camera=ppe_test_cam1 | severity=none | violated=[]
2026-08-17 21:38:56,133 - ppe_alert_consumer_0df983271a80 - INFO - [PPE Result] camera=ppe_test_cam1 | severity=none | sent_to=post_processing
2026-08-17 21:38:56,163 - ppe_alert_consumer_0df983271a80 - INFO - [PPE FRAME RECEIVED] camera=ppe_test_cam1 | severity=low | violated=['No-Shoes', 'No-Shoes']
2026-08-17 21:38:56,164 - ppe_alert_consumer_0df983271a80 - INFO - [PPE Result] camera=ppe_test_cam1 | severity=low | sent_to=post_processing
2026-08-17 21:38:57,126 - ppe_alert_consumer_0df983271a80 - INFO - [PPE FRAME RECEIVED] camera=ppe_test_cam1 | severity=low | violated=['No-Shoes', 'No-Shoes']
2026-08-17 21:38:57,127 - ppe_alert_consumer_0df983271a80 - INFO - [PPE Result] camera=ppe_test_cam1 | severity=low | sent_to=post_processing
2026-08-17 21:38:57,128 - ppe_alert_consumer_0df983271a80 - INFO - [PPE FRAME RECEIVED] camera=ppe_test_cam1 | severity=none | violated=[]
2026-08-17 21:38:57,129 - ppe_alert_consumer_0df983271a80 - INFO - [PPE Result] camera=ppe_test_cam1 | severity=none | sent_to=post_processing
2026-08-17 21:38:58,155 - ppe_alert_consumer_0df983271a80 - INFO - [PPE FRAME RECEIVED] camera=ppe_test_cam1 | severity=none | violated=[]
2026-08-17 21:38:58,156 - ppe_alert_consumer_0df983271a80 - INFO - [PPE Result] camera=ppe_test_cam1 | severity=none | sent_to=post_processing
2026-08-17 21:38:58,187 - ppe_alert_consumer_0df983271a80 - INFO - [PPE FRAME RECEIVED] camera=ppe_test_cam1 | severity=low | violated=['No-Shoes', 'No-Shoes']
2026-08-17 21:38:58,188 - ppe_alert_consumer_0df983271a80 - INFO - [PPE Result] camera=ppe_test_cam1 | severity=low | sent_to=post_processing
2026-08-17 21:38:59,044 - ppe_alert_consumer_0df983271a80 - INFO - [PPE FRAME RECEIVED] camera=ppe_test_cam1 | severity=none | violated=[]
2026-08-17 21:38:59,044 - ppe_alert_consumer_0df983271a80 - INFO - [PPE Result] camera=ppe_test_cam1 | severity=none | sent_to=post_processing
2026-08-17 21:38:59,074 - ppe_alert_consumer_0df983271a80 - INFO - [PPE FRAME RECEIVED] camera=ppe_test_cam1 | severity=low | violated=['No-Shoes', 'No-Shoes']
2026-08-17 21:38:59,075 - ppe_alert_consumer_0df983271a80 - INFO - [PPE Result] camera=ppe_test_cam1 | severity=low | sent_to=post_processing
2026-08-17 21:39:00,104 - ppe_alert_consumer_0df983271a80 - INFO - [PPE FRAME RECEIVED] camera=ppe_test_cam1 | severity=none | violated=[]
2026-08-17 21:39:00,105 - ppe_alert_consumer_0df983271a80 - INFO - [PPE Result] camera=ppe_test_cam1 | severity=none | sent_to=post_processing
2026-08-17 21:39:05,143 - ppe_alert_consumer_0df983271a80 - INFO - [PPE FRAME RECEIVED] camera=ppe_test_cam1 | severity=none | violated=[]
2026-08-17 21:39:05,144 - ppe_alert_consumer_0df983271a80 - INFO - [PPE Result] camera=ppe_test_cam1 | severity=none | sent_to=post_processing
2026-08-17 21:39:06,106 - ppe_alert_consumer_0df983271a80 - INFO - [PPE FRAME RECEIVED] camera=ppe_test_cam1 | severity=none | violated=[]
2026-08-17 21:39:06,106 - ppe_alert_consumer_0df983271a80 - INFO - [PPE Result] camera=ppe_test_cam1 | severity=none | sent_to=post_processing
2026-08-17 21:39:07,132 - ppe_alert_consumer_0df983271a80 - INFO - [PPE FRAME RECEIVED] camera=ppe_test_cam1 | severity=none | violated=[]
2026-08-17 21:39:07,133 - ppe_alert_consumer_0df983271a80 - INFO - [PPE Result] camera=ppe_test_cam1 | severity=none | sent_to=post_processing
2026-08-17 21:39:08,063 - ppe_alert_consumer_0df983271a80 - INFO - [PPE FRAME RECEIVED] camera=ppe_test_cam1 | severity=none | violated=[]
2026-08-17 21:39:08,064 - ppe_alert_consumer_0df983271a80 - INFO - [PPE Result] camera=ppe_test_cam1 | severity=none | sent_to=post_processing
2026-08-17 21:39:09,155 - ppe_alert_consumer_0df983271a80 - INFO - [PPE FRAME RECEIVED] camera=ppe_test_cam1 | severity=none | violated=[]
2026-08-17 21:39:09,156 - ppe_alert_consumer_0df983271a80 - INFO - [PPE Result] camera=ppe_test_cam1 | severity=none | sent_to=post_processing
2026-08-17 21:39:10,167 - ppe_alert_consumer_0df983271a80 - INFO - [PPE FRAME RECEIVED] camera=ppe_test_cam1 | severity=none | violated=[]
2026-08-17 21:39:10,167 - ppe_alert_consumer_0df983271a80 - INFO - [PPE Result] camera=ppe_test_cam1 | severity=none | sent_to=post_processing
2026-08-17 21:39:11,175 - ppe_alert_consumer_0df983271a80 - INFO - [PPE FRAME RECEIVED] camera=ppe_test_cam1 | severity=none | violated=[]
2026-08-17 21:39:11,176 - ppe_alert_consumer_0df983271a80 - INFO - [PPE Result] camera=ppe_test_cam1 | severity=none | sent_to=post_processing
2026-08-17 21:39:12,158 - ppe_alert_consumer_0df983271a80 - INFO - [PPE FRAME RECEIVED] camera=ppe_test_cam1 | severity=none | violated=[]
2026-08-17 21:39:12,159 - ppe_alert_consumer_0df983271a80 - INFO - [PPE Result] camera=ppe_test_cam1 | severity=none | sent_to=post_processing
2026-08-17 21:39:12,195 - ppe_alert_consumer_0df983271a80 - INFO - [PPE FRAME RECEIVED] camera=ppe_test_cam1 | severity=none | violated=[]
2026-08-17 21:39:12,195 - ppe_alert_consumer_0df983271a80 - INFO - [PPE Result] camera=ppe_test_cam1 | severity=none | sent_to=post_processing
2026-08-17 21:39:37,175 - ppe_alert_consumer_0df983271a80 - INFO - [PPE FRAME RECEIVED] camera=ppe_test_cam1 | severity=none | violated=[]
2026-08-17 21:39:37,176 - ppe_alert_consumer_0df983271a80 - INFO - [PPE Result] camera=ppe_test_cam1 | severity=none | sent_to=post_processing
2026-08-17 21:39:38,205 - ppe_alert_consumer_0df983271a80 - INFO - [PPE FRAME RECEIVED] camera=ppe_test_cam1 | severity=none | violated=[]
2026-08-17 21:39:38,206 - ppe_alert_consumer_0df983271a80 - INFO - [PPE Result] camera=ppe_test_cam1 | severity=none | sent_to=post_processing
2026-08-17 21:39:56,201 - ppe_alert_consumer_0df983271a80 - INFO - [PPE FRAME RECEIVED] camera=ppe_test_cam1 | severity=none | violated=[]
2026-08-17 21:39:56,202 - ppe_alert_consumer_0df983271a80 - INFO - [PPE Result] camera=ppe_test_cam1 | severity=none | sent_to=post_processing
2026-08-17 21:39:56,203 - ppe_alert_consumer_0df983271a80 - INFO - [PPE FRAME RECEIVED] camera=ppe_test_cam1 | severity=low | violated=['No-Shoes', 'No-Shoes']
2026-08-17 21:39:56,205 - ppe_alert_consumer_0df983271a80 - INFO - [PPE Result] camera=ppe_test_cam1 | severity=low | sent_to=post_processing
2026-08-17 21:39:57,089 - ppe_alert_consumer_0df983271a80 - INFO - [PPE FRAME RECEIVED] camera=ppe_test_cam1 | severity=none | violated=[]
2026-08-17 21:39:57,090 - ppe_alert_consumer_0df983271a80 - INFO - [PPE Result] camera=ppe_test_cam1 | severity=none | sent_to=post_processing
2026-08-17 21:39:57,125 - ppe_alert_consumer_0df983271a80 - INFO - [PPE FRAME RECEIVED] camera=ppe_test_cam1 | severity=low | violated=['No-Shoes', 'No-Shoes']
2026-08-17 21:39:57,126 - ppe_alert_consumer_0df983271a80 - INFO - [PPE Result] camera=ppe_test_cam1 | severity=low | sent_to=post_processing
2026-08-17 21:39:58,189 - ppe_alert_consumer_0df983271a80 - INFO - [PPE FRAME RECEIVED] camera=ppe_test_cam1 | severity=none | violated=[]
2026-08-17 21:39:58,190 - ppe_alert_consumer_0df983271a80 - INFO - [PPE Result] camera=ppe_test_cam1 | severity=none | sent_to=post_processing
2026-08-17 21:39:58,218 - ppe_alert_consumer_0df983271a80 - INFO - [PPE FRAME RECEIVED] camera=ppe_test_cam1 | severity=low | violated=['No-Shoes', 'No-Shoes']
2026-08-17 21:39:58,218 - ppe_alert_consumer_0df983271a80 - INFO - [PPE Result] camera=ppe_test_cam1 | severity=low | sent_to=post_processing
2026-08-17 21:39:59,129 - ppe_alert_consumer_0df983271a80 - INFO - [PPE FRAME RECEIVED] camera=ppe_test_cam1 | severity=none | violated=[]
2026-08-17 21:39:59,130 - ppe_alert_consumer_0df983271a80 - INFO - [PPE Result] camera=ppe_test_cam1 | severity=none | sent_to=post_processing
2026-08-17 21:39:59,161 - ppe_alert_consumer_0df983271a80 - INFO - [PPE FRAME RECEIVED] camera=ppe_test_cam1 | severity=low | violated=['No-Shoes', 'No-Shoes']
2026-08-17 21:39:59,163 - ppe_alert_consumer_0df983271a80 - INFO - [PPE Result] camera=ppe_test_cam1 | severity=low | sent_to=post_processing
2026-08-17 21:40:00,058 - ppe_alert_consumer_0df983271a80 - INFO - [PPE FRAME RECEIVED] camera=ppe_test_cam1 | severity=none | violated=[]
2026-08-17 21:40:00,059 - ppe_alert_consumer_0df983271a80 - INFO - [PPE Result] camera=ppe_test_cam1 | severity=none | sent_to=post_processing
2026-08-17 21:40:05,098 - ppe_alert_consumer_0df983271a80 - INFO - [PPE FRAME RECEIVED] camera=ppe_test_cam1 | severity=none | violated=[]
2026-08-17 21:40:05,099 - ppe_alert_consumer_0df983271a80 - INFO - [PPE Result] camera=ppe_test_cam1 | severity=none | sent_to=post_processing
2026-08-17 21:40:06,110 - ppe_alert_consumer_0df983271a80 - INFO - [PPE FRAME RECEIVED] camera=ppe_test_cam1 | severity=none | violated=[]
2026-08-17 21:40:06,111 - ppe_alert_consumer_0df983271a80 - INFO - [PPE Result] camera=ppe_test_cam1 | severity=none | sent_to=post_processing
2026-08-17 21:40:07,106 - ppe_alert_consumer_0df983271a80 - INFO - [PPE FRAME RECEIVED] camera=ppe_test_cam1 | severity=none | violated=[]
2026-08-17 21:40:07,106 - ppe_alert_consumer_0df983271a80 - INFO - [PPE Result] camera=ppe_test_cam1 | severity=none | sent_to=post_processing
2026-08-17 21:40:08,108 - ppe_alert_consumer_0df983271a80 - INFO - [PPE FRAME RECEIVED] camera=ppe_test_cam1 | severity=none | violated=[]
2026-08-17 21:40:08,109 - ppe_alert_consumer_0df983271a80 - INFO - [PPE Result] camera=ppe_test_cam1 | severity=none | sent_to=post_processing
2026-08-17 21:40:09,133 - ppe_alert_consumer_0df983271a80 - INFO - [PPE FRAME RECEIVED] camera=ppe_test_cam1 | severity=none | violated=[]
2026-08-17 21:40:09,134 - ppe_alert_consumer_0df983271a80 - INFO - [PPE Result] camera=ppe_test_cam1 | severity=none | sent_to=post_processing
2026-08-17 21:40:10,132 - ppe_alert_consumer_0df983271a80 - INFO - [PPE FRAME RECEIVED] camera=ppe_test_cam1 | severity=none | violated=[]
2026-08-17 21:40:10,133 - ppe_alert_consumer_0df983271a80 - INFO - [PPE Result] camera=ppe_test_cam1 | severity=none | sent_to=post_processing
2026-08-17 21:40:11,079 - ppe_alert_consumer_0df983271a80 - INFO - [PPE FRAME RECEIVED] camera=ppe_test_cam1 | severity=none | violated=[]
2026-08-17 21:40:11,080 - ppe_alert_consumer_0df983271a80 - INFO - [PPE Result] camera=ppe_test_cam1 | severity=none | sent_to=post_processing
2026-08-17 21:40:12,233 - ppe_alert_consumer_0df983271a80 - INFO - [PPE FRAME RECEIVED] camera=ppe_test_cam1 | severity=none | violated=[]
2026-08-17 21:40:12,233 - ppe_alert_consumer_0df983271a80 - INFO - [PPE Result] camera=ppe_test_cam1 | severity=none | sent_to=post_processing
2026-08-17 21:40:12,265 - ppe_alert_consumer_0df983271a80 - INFO - [PPE FRAME RECEIVED] camera=ppe_test_cam1 | severity=none | violated=[]
2026-08-17 21:40:12,265 - ppe_alert_consumer_0df983271a80 - INFO - [PPE Result] camera=ppe_test_cam1 | severity=none | sent_to=post_processing
2026-08-17 21:40:37,169 - ppe_alert_consumer_0df983271a80 - INFO - [PPE FRAME RECEIVED] camera=ppe_test_cam1 | severity=none | violated=[]
2026-08-17 21:40:37,170 - ppe_alert_consumer_0df983271a80 - INFO - [PPE Result] camera=ppe_test_cam1 | severity=none | sent_to=post_processing
2026-08-17 21:40:38,187 - ppe_alert_consumer_0df983271a80 - INFO - [PPE FRAME RECEIVED] camera=ppe_test_cam1 | severity=none | violated=[]
2026-08-17 21:40:38,188 - ppe_alert_consumer_0df983271a80 - INFO - [PPE Result] camera=ppe_test_cam1 | severity=none | sent_to=post_processing
2026-08-17 21:40:56,085 - ppe_alert_consumer_0df983271a80 - INFO - [PPE FRAME RECEIVED] camera=ppe_test_cam1 | severity=none | violated=[]
2026-08-17 21:40:56,085 - ppe_alert_consumer_0df983271a80 - INFO - [PPE Result] camera=ppe_test_cam1 | severity=none | sent_to=post_processing
2026-08-17 21:40:56,117 - ppe_alert_consumer_0df983271a80 - INFO - [PPE FRAME RECEIVED] camera=ppe_test_cam1 | severity=low | violated=['No-Shoes', 'No-Shoes']
2026-08-17 21:40:56,117 - ppe_alert_consumer_0df983271a80 - INFO - [PPE Result] camera=ppe_test_cam1 | severity=low | sent_to=post_processing
2026-08-17 21:40:57,185 - ppe_alert_consumer_0df983271a80 - INFO - [PPE FRAME RECEIVED] camera=ppe_test_cam1 | severity=none | violated=[]
2026-08-17 21:40:57,187 - ppe_alert_consumer_0df983271a80 - INFO - [PPE Result] camera=ppe_test_cam1 | severity=none | sent_to=post_processing
2026-08-17 21:40:57,187 - ppe_alert_consumer_0df983271a80 - INFO - [PPE FRAME RECEIVED] camera=ppe_test_cam1 | severity=low | violated=['No-Shoes', 'No-Shoes']
2026-08-17 21:40:57,189 - ppe_alert_consumer_0df983271a80 - INFO - [PPE Result] camera=ppe_test_cam1 | severity=low | sent_to=post_processing
2026-08-17 21:40:58,166 - ppe_alert_consumer_0df983271a80 - INFO - [PPE FRAME RECEIVED] camera=ppe_test_cam1 | severity=none | violated=[]
2026-08-17 21:40:58,167 - ppe_alert_consumer_0df983271a80 - INFO - [PPE Result] camera=ppe_test_cam1 | severity=none | sent_to=post_processing
2026-08-17 21:40:58,195 - ppe_alert_consumer_0df983271a80 - INFO - [PPE FRAME RECEIVED] camera=ppe_test_cam1 | severity=low | violated=['No-Shoes', 'No-Shoes']
2026-08-17 21:40:58,196 - ppe_alert_consumer_0df983271a80 - INFO - [PPE Result] camera=ppe_test_cam1 | severity=low | sent_to=post_processing
2026-08-17 21:40:59,070 - ppe_alert_consumer_0df983271a80 - INFO - [PPE FRAME RECEIVED] camera=ppe_test_cam1 | severity=none | violated=[]
2026-08-17 21:40:59,071 - ppe_alert_consumer_0df983271a80 - INFO - [PPE Result] camera=ppe_test_cam1 | severity=none | sent_to=post_processing
2026-08-17 21:40:59,113 - ppe_alert_consumer_0df983271a80 - INFO - [PPE FRAME RECEIVED] camera=ppe_test_cam1 | severity=low | violated=['No-Shoes', 'No-Shoes']
2026-08-17 21:40:59,113 - ppe_alert_consumer_0df983271a80 - INFO - [PPE Result] camera=ppe_test_cam1 | severity=low | sent_to=post_processing
2026-08-17 21:41:00,150 - ppe_alert_consumer_0df983271a80 - INFO - [PPE FRAME RECEIVED] camera=ppe_test_cam1 | severity=none | violated=[]
2026-08-17 21:41:00,150 - ppe_alert_consumer_0df983271a80 - INFO - [PPE Result] camera=ppe_test_cam1 | severity=none | sent_to=post_processing
2026-08-17 21:41:05,133 - ppe_alert_consumer_0df983271a80 - INFO - [PPE FRAME RECEIVED] camera=ppe_test_cam1 | severity=none | violated=[]
2026-08-17 21:41:05,135 - ppe_alert_consumer_0df983271a80 - INFO - [PPE Result] camera=ppe_test_cam1 | severity=none | sent_to=post_processing
2026-08-17 21:41:06,143 - ppe_alert_consumer_0df983271a80 - INFO - [PPE FRAME RECEIVED] camera=ppe_test_cam1 | severity=none | violated=[]
2026-08-17 21:41:06,143 - ppe_alert_consumer_0df983271a80 - INFO - [PPE Result] camera=ppe_test_cam1 | severity=none | sent_to=post_processing
2026-08-17 21:41:07,043 - ppe_alert_consumer_0df983271a80 - INFO - [PPE FRAME RECEIVED] camera=ppe_test_cam1 | severity=none | violated=[]
2026-08-17 21:41:07,044 - ppe_alert_consumer_0df983271a80 - INFO - [PPE Result] camera=ppe_test_cam1 | severity=none | sent_to=post_processing
2026-08-17 21:41:08,155 - ppe_alert_consumer_0df983271a80 - INFO - [PPE FRAME RECEIVED] camera=ppe_test_cam1 | severity=none | violated=[]
2026-08-17 21:41:08,155 - ppe_alert_consumer_0df983271a80 - INFO - [PPE Result] camera=ppe_test_cam1 | severity=none | sent_to=post_processing
2026-08-17 21:41:09,193 - ppe_alert_consumer_0df983271a80 - INFO - [PPE FRAME RECEIVED] camera=ppe_test_cam1 | severity=none | violated=[]
2026-08-17 21:41:09,194 - ppe_alert_consumer_0df983271a80 - INFO - [PPE Result] camera=ppe_test_cam1 | severity=none | sent_to=post_processing
2026-08-17 21:41:10,089 - ppe_alert_consumer_0df983271a80 - INFO - [PPE FRAME RECEIVED] camera=ppe_test_cam1 | severity=none | violated=[]
2026-08-17 21:41:10,090 - ppe_alert_consumer_0df983271a80 - INFO - [PPE Result] camera=ppe_test_cam1 | severity=none | sent_to=post_processing
2026-08-17 21:41:11,122 - ppe_alert_consumer_0df983271a80 - INFO - [PPE FRAME RECEIVED] camera=ppe_test_cam1 | severity=none | violated=[]
2026-08-17 21:41:11,123 - ppe_alert_consumer_0df983271a80 - INFO - [PPE Result] camera=ppe_test_cam1 | severity=none | sent_to=post_processing
2026-08-17 21:41:12,164 - ppe_alert_consumer_0df983271a80 - INFO - [PPE FRAME RECEIVED] camera=ppe_test_cam1 | severity=none | violated=[]
2026-08-17 21:41:12,165 - ppe_alert_consumer_0df983271a80 - INFO - [PPE Result] camera=ppe_test_cam1 | severity=none | sent_to=post_processing
2026-08-17 21:41:12,196 - ppe_alert_consumer_0df983271a80 - INFO - [PPE FRAME RECEIVED] camera=ppe_test_cam1 | severity=none | violated=[]
2026-08-17 21:41:12,198 - ppe_alert_consumer_0df983271a80 - INFO - [PPE Result] camera=ppe_test_cam1 | severity=none | sent_to=post_processing
2026-08-17 21:41:37,187 - ppe_alert_consumer_0df983271a80 - INFO - [PPE FRAME RECEIVED] camera=ppe_test_cam1 | severity=none | violated=[]
2026-08-17 21:41:37,188 - ppe_alert_consumer_0df983271a80 - INFO - [PPE Result] camera=ppe_test_cam1 | severity=none | sent_to=post_processing
2026-08-17 21:41:38,197 - ppe_alert_consumer_0df983271a80 - INFO - [PPE FRAME RECEIVED] camera=ppe_test_cam1 | severity=none | violated=[]
2026-08-17 21:41:38,198 - ppe_alert_consumer_0df983271a80 - INFO - [PPE Result] camera=ppe_test_cam1 | severity=none | sent_to=post_processing
2026-08-17 21:41:56,104 - ppe_alert_consumer_0df983271a80 - INFO - [PPE FRAME RECEIVED] camera=ppe_test_cam1 | severity=none | violated=[]
2026-08-17 21:41:56,105 - ppe_alert_consumer_0df983271a80 - INFO - [PPE Result] camera=ppe_test_cam1 | severity=none | sent_to=post_processing
2026-08-17 21:41:56,136 - ppe_alert_consumer_0df983271a80 - INFO - [PPE FRAME RECEIVED] camera=ppe_test_cam1 | severity=low | violated=['No-Shoes', 'No-Shoes']
2026-08-17 21:41:56,137 - ppe_alert_consumer_0df983271a80 - INFO - [PPE Result] camera=ppe_test_cam1 | severity=low | sent_to=post_processing
2026-08-17 21:41:57,178 - ppe_alert_consumer_0df983271a80 - INFO - [PPE FRAME RECEIVED] camera=ppe_test_cam1 | severity=none | violated=[]
2026-08-17 21:41:57,180 - ppe_alert_consumer_0df983271a80 - INFO - [PPE Result] camera=ppe_test_cam1 | severity=none | sent_to=post_processing
2026-08-17 21:41:57,181 - ppe_alert_consumer_0df983271a80 - INFO - [PPE FRAME RECEIVED] camera=ppe_test_cam1 | severity=low | violated=['No-Shoes', 'No-Shoes']
2026-08-17 21:41:57,182 - ppe_alert_consumer_0df983271a80 - INFO - [PPE Result] camera=ppe_test_cam1 | severity=low | sent_to=post_processing
2026-08-17 21:41:58,105 - ppe_alert_consumer_0df983271a80 - INFO - [PPE FRAME RECEIVED] camera=ppe_test_cam1 | severity=none | violated=[]
2026-08-17 21:41:58,106 - ppe_alert_consumer_0df983271a80 - INFO - [PPE Result] camera=ppe_test_cam1 | severity=none | sent_to=post_processing
2026-08-17 21:41:58,136 - ppe_alert_consumer_0df983271a80 - INFO - [PPE FRAME RECEIVED] camera=ppe_test_cam1 | severity=low | violated=['No-Shoes', 'No-Shoes']
2026-08-17 21:41:58,137 - ppe_alert_consumer_0df983271a80 - INFO - [PPE Result] camera=ppe_test_cam1 | severity=low | sent_to=post_processing
2026-08-17 21:41:59,137 - ppe_alert_consumer_0df983271a80 - INFO - [PPE FRAME RECEIVED] camera=ppe_test_cam1 | severity=none | violated=[]
2026-08-17 21:41:59,137 - ppe_alert_consumer_0df983271a80 - INFO - [PPE Result] camera=ppe_test_cam1 | severity=none | sent_to=post_processing
2026-08-17 21:41:59,169 - ppe_alert_consumer_0df983271a80 - INFO - [PPE FRAME RECEIVED] camera=ppe_test_cam1 | severity=low | violated=['No-Shoes', 'No-Shoes']
2026-08-17 21:41:59,171 - ppe_alert_consumer_0df983271a80 - INFO - [PPE Result] camera=ppe_test_cam1 | severity=low | sent_to=post_processing
2026-08-17 21:42:00,069 - ppe_alert_consumer_0df983271a80 - INFO - [PPE FRAME RECEIVED] camera=ppe_test_cam1 | severity=none | violated=[]
2026-08-17 21:42:00,070 - ppe_alert_consumer_0df983271a80 - INFO - [PPE Result] camera=ppe_test_cam1 | severity=none | sent_to=post_processing
2026-08-17 21:42:05,096 - ppe_alert_consumer_0df983271a80 - INFO - [PPE FRAME RECEIVED] camera=ppe_test_cam1 | severity=none | violated=[]
2026-08-17 21:42:05,097 - ppe_alert_consumer_0df983271a80 - INFO - [PPE Result] camera=ppe_test_cam1 | severity=none | sent_to=post_processing
2026-08-17 21:42:06,145 - ppe_alert_consumer_0df983271a80 - INFO - [PPE FRAME RECEIVED] camera=ppe_test_cam1 | severity=none | violated=[]
2026-08-17 21:42:06,146 - ppe_alert_consumer_0df983271a80 - INFO - [PPE Result] camera=ppe_test_cam1 | severity=none | sent_to=post_processing
2026-08-17 21:42:07,106 - ppe_alert_consumer_0df983271a80 - INFO - [PPE FRAME RECEIVED] camera=ppe_test_cam1 | severity=none | violated=[]
2026-08-17 21:42:07,107 - ppe_alert_consumer_0df983271a80 - INFO - [PPE Result] camera=ppe_test_cam1 | severity=none | sent_to=post_processing
2026-08-17 21:42:08,148 - ppe_alert_consumer_0df983271a80 - INFO - [PPE FRAME RECEIVED] camera=ppe_test_cam1 | severity=none | violated=[]
2026-08-17 21:42:08,149 - ppe_alert_consumer_0df983271a80 - INFO - [PPE Result] camera=ppe_test_cam1 | severity=none | sent_to=post_processing
2026-08-17 21:42:09,103 - ppe_alert_consumer_0df983271a80 - INFO - [PPE FRAME RECEIVED] camera=ppe_test_cam1 | severity=none | violated=[]
2026-08-17 21:42:09,104 - ppe_alert_consumer_0df983271a80 - INFO - [PPE Result] camera=ppe_test_cam1 | severity=none | sent_to=post_processing
2026-08-17 21:42:10,196 - ppe_alert_consumer_0df983271a80 - INFO - [PPE FRAME RECEIVED] camera=ppe_test_cam1 | severity=none | violated=[]
2026-08-17 21:42:10,197 - ppe_alert_consumer_0df983271a80 - INFO - [PPE Result] camera=ppe_test_cam1 | severity=none | sent_to=post_processing
2026-08-17 21:42:11,104 - ppe_alert_consumer_0df983271a80 - INFO - [PPE FRAME RECEIVED] camera=ppe_test_cam1 | severity=none | violated=[]
2026-08-17 21:42:11,104 - ppe_alert_consumer_0df983271a80 - INFO - [PPE Result] camera=ppe_test_cam1 | severity=none | sent_to=post_processing
2026-08-17 21:42:12,031 - ppe_alert_consumer_0df983271a80 - INFO - [PPE FRAME RECEIVED] camera=ppe_test_cam1 | severity=none | violated=[]
2026-08-17 21:42:12,032 - ppe_alert_consumer_0df983271a80 - INFO - [PPE Result] camera=ppe_test_cam1 | severity=none | sent_to=post_processing
2026-08-17 21:42:12,063 - ppe_alert_consumer_0df983271a80 - INFO - [PPE FRAME RECEIVED] camera=ppe_test_cam1 | severity=none | violated=[]
2026-08-17 21:42:12,063 - ppe_alert_consumer_0df983271a80 - INFO - [PPE Result] camera=ppe_test_cam1 | severity=none | sent_to=post_processing
2026-08-17 21:42:37,232 - ppe_alert_consumer_0df983271a80 - INFO - [PPE FRAME RECEIVED] camera=ppe_test_cam1 | severity=none | violated=[]
2026-08-17 21:42:37,233 - ppe_alert_consumer_0df983271a80 - INFO - [PPE Result] camera=ppe_test_cam1 | severity=none | sent_to=post_processing
2026-08-17 21:42:38,147 - ppe_alert_consumer_0df983271a80 - INFO - [PPE FRAME RECEIVED] camera=ppe_test_cam1 | severity=none | violated=[]
2026-08-17 21:42:38,148 - ppe_alert_consumer_0df983271a80 - INFO - [PPE Result] camera=ppe_test_cam1 | severity=none | sent_to=post_processing
2026-08-17 21:42:56,135 - ppe_alert_consumer_0df983271a80 - INFO - [PPE FRAME RECEIVED] camera=ppe_test_cam1 | severity=none | violated=[]
2026-08-17 21:42:56,137 - ppe_alert_consumer_0df983271a80 - INFO - [PPE Result] camera=ppe_test_cam1 | severity=none | sent_to=post_processing
2026-08-17 21:42:56,169 - ppe_alert_consumer_0df983271a80 - INFO - [PPE FRAME RECEIVED] camera=ppe_test_cam1 | severity=low | violated=['No-Shoes', 'No-Shoes']
2026-08-17 21:42:56,171 - ppe_alert_consumer_0df983271a80 - INFO - [PPE Result] camera=ppe_test_cam1 | severity=low | sent_to=post_processing
2026-08-17 21:42:57,131 - ppe_alert_consumer_0df983271a80 - INFO - [PPE FRAME RECEIVED] camera=ppe_test_cam1 | severity=low | violated=['No-Shoes', 'No-Shoes']
2026-08-17 21:42:57,133 - ppe_alert_consumer_0df983271a80 - INFO - [PPE Result] camera=ppe_test_cam1 | severity=low | sent_to=post_processing
2026-08-17 21:42:57,133 - ppe_alert_consumer_0df983271a80 - INFO - [PPE FRAME RECEIVED] camera=ppe_test_cam1 | severity=none | violated=[]
2026-08-17 21:42:57,136 - ppe_alert_consumer_0df983271a80 - INFO - [PPE Result] camera=ppe_test_cam1 | severity=none | sent_to=post_processing
2026-08-17 21:42:58,074 - ppe_alert_consumer_0df983271a80 - INFO - [PPE FRAME RECEIVED] camera=ppe_test_cam1 | severity=none | violated=[]
2026-08-17 21:42:58,075 - ppe_alert_consumer_0df983271a80 - INFO - [PPE Result] camera=ppe_test_cam1 | severity=none | sent_to=post_processing
2026-08-17 21:42:58,100 - ppe_alert_consumer_0df983271a80 - INFO - [PPE FRAME RECEIVED] camera=ppe_test_cam1 | severity=low | violated=['No-Shoes', 'No-Shoes']
2026-08-17 21:42:58,101 - ppe_alert_consumer_0df983271a80 - INFO - [PPE Result] camera=ppe_test_cam1 | severity=low | sent_to=post_processing
2026-08-17 21:42:59,220 - ppe_alert_consumer_0df983271a80 - INFO - [PPE FRAME RECEIVED] camera=ppe_test_cam1 | severity=none | violated=[]
2026-08-17 21:42:59,221 - ppe_alert_consumer_0df983271a80 - INFO - [PPE Result] camera=ppe_test_cam1 | severity=none | sent_to=post_processing
2026-08-17 21:42:59,223 - ppe_alert_consumer_0df983271a80 - INFO - [PPE FRAME RECEIVED] camera=ppe_test_cam1 | severity=low | violated=['No-Shoes', 'No-Shoes']
2026-08-17 21:42:59,225 - ppe_alert_consumer_0df983271a80 - INFO - [PPE Result] camera=ppe_test_cam1 | severity=low | sent_to=post_processing
2026-08-17 21:43:00,143 - ppe_alert_consumer_0df983271a80 - INFO - [PPE FRAME RECEIVED] camera=ppe_test_cam1 | severity=none | violated=[]
2026-08-17 21:43:00,144 - ppe_alert_consumer_0df983271a80 - INFO - [PPE Result] camera=ppe_test_cam1 | severity=none | sent_to=post_processing
2026-08-17 21:43:05,204 - ppe_alert_consumer_0df983271a80 - INFO - [PPE FRAME RECEIVED] camera=ppe_test_cam1 | severity=none | violated=[]
2026-08-17 21:43:05,205 - ppe_alert_consumer_0df983271a80 - INFO - [PPE Result] camera=ppe_test_cam1 | severity=none | sent_to=post_processing
2026-08-17 21:43:06,141 - ppe_alert_consumer_0df983271a80 - INFO - [PPE FRAME RECEIVED] camera=ppe_test_cam1 | severity=none | violated=[]
2026-08-17 21:43:06,141 - ppe_alert_consumer_0df983271a80 - INFO - [PPE Result] camera=ppe_test_cam1 | severity=none | sent_to=post_processing
2026-08-17 21:43:07,043 - ppe_alert_consumer_0df983271a80 - INFO - [PPE FRAME RECEIVED] camera=ppe_test_cam1 | severity=none | violated=[]
2026-08-17 21:43:07,044 - ppe_alert_consumer_0df983271a80 - INFO - [PPE Result] camera=ppe_test_cam1 | severity=none | sent_to=post_processing
2026-08-17 21:43:08,152 - ppe_alert_consumer_0df983271a80 - INFO - [PPE FRAME RECEIVED] camera=ppe_test_cam1 | severity=none | violated=[]
2026-08-17 21:43:08,153 - ppe_alert_consumer_0df983271a80 - INFO - [PPE Result] camera=ppe_test_cam1 | severity=none | sent_to=post_processing
2026-08-17 21:43:09,169 - ppe_alert_consumer_0df983271a80 - INFO - [PPE FRAME RECEIVED] camera=ppe_test_cam1 | severity=none | violated=[]
2026-08-17 21:43:09,170 - ppe_alert_consumer_0df983271a80 - INFO - [PPE Result] camera=ppe_test_cam1 | severity=none | sent_to=post_processing
2026-08-17 21:43:10,045 - ppe_alert_consumer_0df983271a80 - INFO - [PPE FRAME RECEIVED] camera=ppe_test_cam1 | severity=none | violated=[]
2026-08-17 21:43:10,046 - ppe_alert_consumer_0df983271a80 - INFO - [PPE Result] camera=ppe_test_cam1 | severity=none | sent_to=post_processing
2026-08-17 21:43:11,122 - ppe_alert_consumer_0df983271a80 - INFO - [PPE FRAME RECEIVED] camera=ppe_test_cam1 | severity=none | violated=[]
2026-08-17 21:43:11,122 - ppe_alert_consumer_0df983271a80 - INFO - [PPE Result] camera=ppe_test_cam1 | severity=none | sent_to=post_processing
2026-08-17 21:43:12,147 - ppe_alert_consumer_0df983271a80 - INFO - [PPE FRAME RECEIVED] camera=ppe_test_cam1 | severity=none | violated=[]
2026-08-17 21:43:12,147 - ppe_alert_consumer_0df983271a80 - INFO - [PPE Result] camera=ppe_test_cam1 | severity=none | sent_to=post_processing
2026-08-17 21:43:12,186 - ppe_alert_consumer_0df983271a80 - INFO - [PPE FRAME RECEIVED] camera=ppe_test_cam1 | severity=none | violated=[]
2026-08-17 21:43:12,187 - ppe_alert_consumer_0df983271a80 - INFO - [PPE Result] camera=ppe_test_cam1 | severity=none | sent_to=post_processing
2026-08-17 21:43:37,192 - ppe_alert_consumer_0df983271a80 - INFO - [PPE FRAME RECEIVED] camera=ppe_test_cam1 | severity=none | violated=[]
2026-08-17 21:43:37,193 - ppe_alert_consumer_0df983271a80 - INFO - [PPE Result] camera=ppe_test_cam1 | severity=none | sent_to=post_processing
2026-08-17 21:43:38,165 - ppe_alert_consumer_0df983271a80 - INFO - [PPE FRAME RECEIVED] camera=ppe_test_cam1 | severity=none | violated=[]
2026-08-17 21:43:38,168 - ppe_alert_consumer_0df983271a80 - INFO - [PPE Result] camera=ppe_test_cam1 | severity=none | sent_to=post_processing
2026-08-17 21:43:56,221 - ppe_alert_consumer_0df983271a80 - INFO - [PPE FRAME RECEIVED] camera=ppe_test_cam1 | severity=low | violated=['No-Shoes', 'No-Shoes']
2026-08-17 21:43:56,222 - ppe_alert_consumer_0df983271a80 - INFO - [PPE Result] camera=ppe_test_cam1 | severity=low | sent_to=post_processing
2026-08-17 21:43:56,222 - ppe_alert_consumer_0df983271a80 - INFO - [PPE FRAME RECEIVED] camera=ppe_test_cam1 | severity=none | violated=[]
2026-08-17 21:43:56,223 - ppe_alert_consumer_0df983271a80 - INFO - [PPE Result] camera=ppe_test_cam1 | severity=none | sent_to=post_processing
2026-08-17 21:43:57,183 - ppe_alert_consumer_0df983271a80 - INFO - [PPE FRAME RECEIVED] camera=ppe_test_cam1 | severity=low | violated=['No-Shoes', 'No-Shoes']
2026-08-17 21:43:57,184 - ppe_alert_consumer_0df983271a80 - INFO - [PPE Result] camera=ppe_test_cam1 | severity=low | sent_to=post_processing
2026-08-17 21:43:57,185 - ppe_alert_consumer_0df983271a80 - INFO - [PPE FRAME RECEIVED] camera=ppe_test_cam1 | severity=none | violated=[]
2026-08-17 21:43:57,186 - ppe_alert_consumer_0df983271a80 - INFO - [PPE Result] camera=ppe_test_cam1 | severity=none | sent_to=post_processing
2026-08-17 21:43:58,173 - ppe_alert_consumer_0df983271a80 - INFO - [PPE FRAME RECEIVED] camera=ppe_test_cam1 | severity=none | violated=[]
2026-08-17 21:43:58,174 - ppe_alert_consumer_0df983271a80 - INFO - [PPE Result] camera=ppe_test_cam1 | severity=none | sent_to=post_processing
2026-08-17 21:43:58,207 - ppe_alert_consumer_0df983271a80 - INFO - [PPE FRAME RECEIVED] camera=ppe_test_cam1 | severity=low | violated=['No-Shoes', 'No-Shoes']
2026-08-17 21:43:58,208 - ppe_alert_consumer_0df983271a80 - INFO - [PPE Result] camera=ppe_test_cam1 | severity=low | sent_to=post_processing
2026-08-17 21:43:59,134 - ppe_alert_consumer_0df983271a80 - INFO - [PPE FRAME RECEIVED] camera=ppe_test_cam1 | severity=none | violated=[]
2026-08-17 21:43:59,135 - ppe_alert_consumer_0df983271a80 - INFO - [PPE Result] camera=ppe_test_cam1 | severity=none | sent_to=post_processing
2026-08-17 21:43:59,135 - ppe_alert_consumer_0df983271a80 - INFO - [PPE FRAME RECEIVED] camera=ppe_test_cam1 | severity=low | violated=['No-Shoes', 'No-Shoes']
2026-08-17 21:43:59,137 - ppe_alert_consumer_0df983271a80 - INFO - [PPE Result] camera=ppe_test_cam1 | severity=low | sent_to=post_processing
2026-08-17 21:44:00,255 - ppe_alert_consumer_0df983271a80 - INFO - [PPE FRAME RECEIVED] camera=ppe_test_cam1 | severity=none | violated=[]
2026-08-17 21:44:00,256 - ppe_alert_consumer_0df983271a80 - INFO - [PPE Result] camera=ppe_test_cam1 | severity=none | sent_to=post_processing
2026-08-17 21:44:05,152 - ppe_alert_consumer_0df983271a80 - INFO - [PPE FRAME RECEIVED] camera=ppe_test_cam1 | severity=none | violated=[]
2026-08-17 21:44:05,153 - ppe_alert_consumer_0df983271a80 - INFO - [PPE Result] camera=ppe_test_cam1 | severity=none | sent_to=post_processing
2026-08-17 21:44:06,144 - ppe_alert_consumer_0df983271a80 - INFO - [PPE FRAME RECEIVED] camera=ppe_test_cam1 | severity=none | violated=[]
2026-08-17 21:44:06,145 - ppe_alert_consumer_0df983271a80 - INFO - [PPE Result] camera=ppe_test_cam1 | severity=none | sent_to=post_processing
2026-08-17 21:44:07,018 - ppe_alert_consumer_0df983271a80 - INFO - [PPE FRAME RECEIVED] camera=ppe_test_cam1 | severity=none | violated=[]
2026-08-17 21:44:07,019 - ppe_alert_consumer_0df983271a80 - INFO - [PPE Result] camera=ppe_test_cam1 | severity=none | sent_to=post_processing
2026-08-17 21:44:08,157 - ppe_alert_consumer_0df983271a80 - INFO - [PPE FRAME RECEIVED] camera=ppe_test_cam1 | severity=none | violated=[]
2026-08-17 21:44:08,157 - ppe_alert_consumer_0df983271a80 - INFO - [PPE Result] camera=ppe_test_cam1 | severity=none | sent_to=post_processing
2026-08-17 21:44:09,151 - ppe_alert_consumer_0df983271a80 - INFO - [PPE FRAME RECEIVED] camera=ppe_test_cam1 | severity=none | violated=[]
2026-08-17 21:44:09,152 - ppe_alert_consumer_0df983271a80 - INFO - [PPE Result] camera=ppe_test_cam1 | severity=none | sent_to=post_processing
2026-08-17 21:44:10,164 - ppe_alert_consumer_0df983271a80 - INFO - [PPE FRAME RECEIVED] camera=ppe_test_cam1 | severity=none | violated=[]
2026-08-17 21:44:10,166 - ppe_alert_consumer_0df983271a80 - INFO - [PPE Result] camera=ppe_test_cam1 | severity=none | sent_to=post_processing
2026-08-17 21:44:11,166 - ppe_alert_consumer_0df983271a80 - INFO - [PPE FRAME RECEIVED] camera=ppe_test_cam1 | severity=none | violated=[]
2026-08-17 21:44:11,167 - ppe_alert_consumer_0df983271a80 - INFO - [PPE Result] camera=ppe_test_cam1 | severity=none | sent_to=post_processing
2026-08-17 21:44:12,149 - ppe_alert_consumer_0df983271a80 - INFO - [PPE FRAME RECEIVED] camera=ppe_test_cam1 | severity=none | violated=[]
2026-08-17 21:44:12,150 - ppe_alert_consumer_0df983271a80 - INFO - [PPE Result] camera=ppe_test_cam1 | severity=none | sent_to=post_processing
2026-08-17 21:44:12,176 - ppe_alert_consumer_0df983271a80 - INFO - [PPE FRAME RECEIVED] camera=ppe_test_cam1 | severity=none | violated=[]
2026-08-17 21:44:12,177 - ppe_alert_consumer_0df983271a80 - INFO - [PPE Result] camera=ppe_test_cam1 | severity=none | sent_to=post_processing
2026-08-17 21:44:37,296 - ppe_alert_consumer_0df983271a80 - INFO - [PPE FRAME RECEIVED] camera=ppe_test_cam1 | severity=none | violated=[]
2026-08-17 21:44:37,297 - ppe_alert_consumer_0df983271a80 - INFO - [PPE Result] camera=ppe_test_cam1 | severity=none | sent_to=post_processing
2026-08-17 21:44:38,157 - ppe_alert_consumer_0df983271a80 - INFO - [PPE FRAME RECEIVED] camera=ppe_test_cam1 | severity=none | violated=[]
2026-08-17 21:44:38,158 - ppe_alert_consumer_0df983271a80 - INFO - [PPE Result] camera=ppe_test_cam1 | severity=none | sent_to=post_processing
2026-08-17 21:44:56,376 - ppe_alert_consumer_0df983271a80 - INFO - [PPE FRAME RECEIVED] camera=ppe_test_cam1 | severity=none | violated=[]
2026-08-17 21:44:56,377 - ppe_alert_consumer_0df983271a80 - INFO - [PPE Result] camera=ppe_test_cam1 | severity=none | sent_to=post_processing
2026-08-17 21:44:56,414 - ppe_alert_consumer_0df983271a80 - INFO - [PPE FRAME RECEIVED] camera=ppe_test_cam1 | severity=low | violated=['No-Shoes', 'No-Shoes']
2026-08-17 21:44:56,415 - ppe_alert_consumer_0df983271a80 - INFO - [PPE Result] camera=ppe_test_cam1 | severity=low | sent_to=post_processing
2026-08-17 21:44:57,134 - ppe_alert_consumer_0df983271a80 - INFO - [PPE FRAME RECEIVED] camera=ppe_test_cam1 | severity=low | violated=['No-Shoes', 'No-Shoes']
2026-08-17 21:44:57,135 - ppe_alert_consumer_0df983271a80 - INFO - [PPE Result] camera=ppe_test_cam1 | severity=low | sent_to=post_processing
2026-08-17 21:44:57,135 - ppe_alert_consumer_0df983271a80 - INFO - [PPE FRAME RECEIVED] camera=ppe_test_cam1 | severity=none | violated=[]
2026-08-17 21:44:57,136 - ppe_alert_consumer_0df983271a80 - INFO - [PPE Result] camera=ppe_test_cam1 | severity=none | sent_to=post_processing
2026-08-17 21:44:58,166 - ppe_alert_consumer_0df983271a80 - INFO - [PPE FRAME RECEIVED] camera=ppe_test_cam1 | severity=low | violated=['No-Shoes', 'No-Shoes']
2026-08-17 21:44:58,167 - ppe_alert_consumer_0df983271a80 - INFO - [PPE Result] camera=ppe_test_cam1 | severity=low | sent_to=post_processing
2026-08-17 21:44:58,167 - ppe_alert_consumer_0df983271a80 - INFO - [PPE FRAME RECEIVED] camera=ppe_test_cam1 | severity=none | violated=[]
2026-08-17 21:44:58,168 - ppe_alert_consumer_0df983271a80 - INFO - [PPE Result] camera=ppe_test_cam1 | severity=none | sent_to=post_processing
2026-08-17 21:44:59,109 - ppe_alert_consumer_0df983271a80 - INFO - [PPE FRAME RECEIVED] camera=ppe_test_cam1 | severity=none | violated=[]
2026-08-17 21:44:59,110 - ppe_alert_consumer_0df983271a80 - INFO - [PPE Result] camera=ppe_test_cam1 | severity=none | sent_to=post_processing
2026-08-17 21:44:59,148 - ppe_alert_consumer_0df983271a80 - INFO - [PPE FRAME RECEIVED] camera=ppe_test_cam1 | severity=low | violated=['No-Shoes', 'No-Shoes']
2026-08-17 21:44:59,149 - ppe_alert_consumer_0df983271a80 - INFO - [PPE Result] camera=ppe_test_cam1 | severity=low | sent_to=post_processing
2026-08-17 21:45:00,126 - ppe_alert_consumer_0df983271a80 - INFO - [PPE FRAME RECEIVED] camera=ppe_test_cam1 | severity=none | violated=[]
2026-08-17 21:45:00,127 - ppe_alert_consumer_0df983271a80 - INFO - [PPE Result] camera=ppe_test_cam1 | severity=none | sent_to=post_processing
2026-08-17 21:45:05,110 - ppe_alert_consumer_0df983271a80 - INFO - [PPE FRAME RECEIVED] camera=ppe_test_cam1 | severity=none | violated=[]
2026-08-17 21:45:05,111 - ppe_alert_consumer_0df983271a80 - INFO - [PPE Result] camera=ppe_test_cam1 | severity=none | sent_to=post_processing
2026-08-17 21:45:06,068 - ppe_alert_consumer_0df983271a80 - INFO - [PPE FRAME RECEIVED] camera=ppe_test_cam1 | severity=none | violated=[]
2026-08-17 21:45:06,068 - ppe_alert_consumer_0df983271a80 - INFO - [PPE Result] camera=ppe_test_cam1 | severity=none | sent_to=post_processing
2026-08-17 21:45:06,996 - ppe_alert_consumer_0df983271a80 - INFO - [PPE FRAME RECEIVED] camera=ppe_test_cam1 | severity=none | violated=[]
2026-08-17 21:45:06,997 - ppe_alert_consumer_0df983271a80 - INFO - [PPE Result] camera=ppe_test_cam1 | severity=none | sent_to=post_processing
2026-08-17 21:45:08,148 - ppe_alert_consumer_0df983271a80 - INFO - [PPE FRAME RECEIVED] camera=ppe_test_cam1 | severity=none | violated=[]
2026-08-17 21:45:08,149 - ppe_alert_consumer_0df983271a80 - INFO - [PPE Result] camera=ppe_test_cam1 | severity=none | sent_to=post_processing
2026-08-17 21:45:09,122 - ppe_alert_consumer_0df983271a80 - INFO - [PPE FRAME RECEIVED] camera=ppe_test_cam1 | severity=none | violated=[]
2026-08-17 21:45:09,123 - ppe_alert_consumer_0df983271a80 - INFO - [PPE Result] camera=ppe_test_cam1 | severity=none | sent_to=post_processing
2026-08-17 21:45:10,043 - ppe_alert_consumer_0df983271a80 - INFO - [PPE FRAME RECEIVED] camera=ppe_test_cam1 | severity=none | violated=[]
2026-08-17 21:45:10,044 - ppe_alert_consumer_0df983271a80 - INFO - [PPE Result] camera=ppe_test_cam1 | severity=none | sent_to=post_processing
2026-08-17 21:45:11,136 - ppe_alert_consumer_0df983271a80 - INFO - [PPE FRAME RECEIVED] camera=ppe_test_cam1 | severity=none | violated=[]
2026-08-17 21:45:11,137 - ppe_alert_consumer_0df983271a80 - INFO - [PPE Result] camera=ppe_test_cam1 | severity=none | sent_to=post_processing
2026-08-17 21:45:12,188 - ppe_alert_consumer_0df983271a80 - INFO - [PPE FRAME RECEIVED] camera=ppe_test_cam1 | severity=none | violated=[]
2026-08-17 21:45:12,189 - ppe_alert_consumer_0df983271a80 - INFO - [PPE Result] camera=ppe_test_cam1 | severity=none | sent_to=post_processing
2026-08-17 21:45:12,190 - ppe_alert_consumer_0df983271a80 - INFO - [PPE FRAME RECEIVED] camera=ppe_test_cam1 | severity=none | violated=[]
2026-08-17 21:45:12,191 - ppe_alert_consumer_0df983271a80 - INFO - [PPE Result] camera=ppe_test_cam1 | severity=none | sent_to=post_processing
2026-08-17 21:45:37,131 - ppe_alert_consumer_0df983271a80 - INFO - [PPE FRAME RECEIVED] camera=ppe_test_cam1 | severity=none | violated=[]
2026-08-17 21:45:37,132 - ppe_alert_consumer_0df983271a80 - INFO - [PPE Result] camera=ppe_test_cam1 | severity=none | sent_to=post_processing
2026-08-17 21:45:38,159 - ppe_alert_consumer_0df983271a80 - INFO - [PPE FRAME RECEIVED] camera=ppe_test_cam1 | severity=none | violated=[]
2026-08-17 21:45:38,160 - ppe_alert_consumer_0df983271a80 - INFO - [PPE Result] camera=ppe_test_cam1 | severity=none | sent_to=post_processing
2026-08-17 21:45:56,097 - ppe_alert_consumer_0df983271a80 - INFO - [PPE FRAME RECEIVED] camera=ppe_test_cam1 | severity=none | violated=[]
2026-08-17 21:45:56,098 - ppe_alert_consumer_0df983271a80 - INFO - [PPE Result] camera=ppe_test_cam1 | severity=none | sent_to=post_processing
2026-08-17 21:45:56,131 - ppe_alert_consumer_0df983271a80 - INFO - [PPE FRAME RECEIVED] camera=ppe_test_cam1 | severity=low | violated=['No-Shoes', 'No-Shoes']
2026-08-17 21:45:56,132 - ppe_alert_consumer_0df983271a80 - INFO - [PPE Result] camera=ppe_test_cam1 | severity=low | sent_to=post_processing
2026-08-17 21:45:57,271 - ppe_alert_consumer_0df983271a80 - INFO - [PPE FRAME RECEIVED] camera=ppe_test_cam1 | severity=none | violated=[]
2026-08-17 21:45:57,272 - ppe_alert_consumer_0df983271a80 - INFO - [PPE Result] camera=ppe_test_cam1 | severity=none | sent_to=post_processing
2026-08-17 21:45:57,312 - ppe_alert_consumer_0df983271a80 - INFO - [PPE FRAME RECEIVED] camera=ppe_test_cam1 | severity=low | violated=['No-Shoes', 'No-Shoes']
2026-08-17 21:45:57,313 - ppe_alert_consumer_0df983271a80 - INFO - [PPE Result] camera=ppe_test_cam1 | severity=low | sent_to=post_processing
2026-08-17 21:45:58,199 - ppe_alert_consumer_0df983271a80 - INFO - [PPE FRAME RECEIVED] camera=ppe_test_cam1 | severity=low | violated=['No-Shoes', 'No-Shoes']
2026-08-17 21:45:58,200 - ppe_alert_consumer_0df983271a80 - INFO - [PPE Result] camera=ppe_test_cam1 | severity=low | sent_to=post_processing
2026-08-17 21:45:58,200 - ppe_alert_consumer_0df983271a80 - INFO - [PPE FRAME RECEIVED] camera=ppe_test_cam1 | severity=none | violated=[]
2026-08-17 21:45:58,201 - ppe_alert_consumer_0df983271a80 - INFO - [PPE Result] camera=ppe_test_cam1 | severity=none | sent_to=post_processing
2026-08-17 21:45:59,171 - ppe_alert_consumer_0df983271a80 - INFO - [PPE FRAME RECEIVED] camera=ppe_test_cam1 | severity=none | violated=[]
2026-08-17 21:45:59,171 - ppe_alert_consumer_0df983271a80 - INFO - [PPE Result] camera=ppe_test_cam1 | severity=none | sent_to=post_processing
2026-08-17 21:45:59,198 - ppe_alert_consumer_0df983271a80 - INFO - [PPE FRAME RECEIVED] camera=ppe_test_cam1 | severity=low | violated=['No-Shoes', 'No-Shoes']
2026-08-17 21:45:59,199 - ppe_alert_consumer_0df983271a80 - INFO - [PPE Result] camera=ppe_test_cam1 | severity=low | sent_to=post_processing
2026-08-17 21:46:00,226 - ppe_alert_consumer_0df983271a80 - INFO - [PPE FRAME RECEIVED] camera=ppe_test_cam1 | severity=none | violated=[]
2026-08-17 21:46:00,226 - ppe_alert_consumer_0df983271a80 - INFO - [PPE Result] camera=ppe_test_cam1 | severity=none | sent_to=post_processing
2026-08-17 21:46:05,122 - ppe_alert_consumer_0df983271a80 - INFO - [PPE FRAME RECEIVED] camera=ppe_test_cam1 | severity=none | violated=[]
2026-08-17 21:46:05,123 - ppe_alert_consumer_0df983271a80 - INFO - [PPE Result] camera=ppe_test_cam1 | severity=none | sent_to=post_processing
2026-08-17 21:46:06,163 - ppe_alert_consumer_0df983271a80 - INFO - [PPE FRAME RECEIVED] camera=ppe_test_cam1 | severity=none | violated=[]
2026-08-17 21:46:06,163 - ppe_alert_consumer_0df983271a80 - INFO - [PPE Result] camera=ppe_test_cam1 | severity=none | sent_to=post_processing
2026-08-17 21:46:07,015 - ppe_alert_consumer_0df983271a80 - INFO - [PPE FRAME RECEIVED] camera=ppe_test_cam1 | severity=none | violated=[]
2026-08-17 21:46:07,016 - ppe_alert_consumer_0df983271a80 - INFO - [PPE Result] camera=ppe_test_cam1 | severity=none | sent_to=post_processing
2026-08-17 21:46:08,135 - ppe_alert_consumer_0df983271a80 - INFO - [PPE FRAME RECEIVED] camera=ppe_test_cam1 | severity=none | violated=[]
2026-08-17 21:46:08,135 - ppe_alert_consumer_0df983271a80 - INFO - [PPE Result] camera=ppe_test_cam1 | severity=none | sent_to=post_processing
2026-08-17 21:46:09,162 - ppe_alert_consumer_0df983271a80 - INFO - [PPE FRAME RECEIVED] camera=ppe_test_cam1 | severity=none | violated=[]
2026-08-17 21:46:09,163 - ppe_alert_consumer_0df983271a80 - INFO - [PPE Result] camera=ppe_test_cam1 | severity=none | sent_to=post_processing
2026-08-17 21:46:10,086 - ppe_alert_consumer_0df983271a80 - INFO - [PPE FRAME RECEIVED] camera=ppe_test_cam1 | severity=none | violated=[]
2026-08-17 21:46:10,086 - ppe_alert_consumer_0df983271a80 - INFO - [PPE Result] camera=ppe_test_cam1 | severity=none | sent_to=post_processing
2026-08-17 21:46:11,137 - ppe_alert_consumer_0df983271a80 - INFO - [PPE FRAME RECEIVED] camera=ppe_test_cam1 | severity=none | violated=[]
2026-08-17 21:46:11,138 - ppe_alert_consumer_0df983271a80 - INFO - [PPE Result] camera=ppe_test_cam1 | severity=none | sent_to=post_processing
2026-08-17 21:46:12,166 - ppe_alert_consumer_0df983271a80 - INFO - [PPE FRAME RECEIVED] camera=ppe_test_cam1 | severity=none | violated=[]
2026-08-17 21:46:12,167 - ppe_alert_consumer_0df983271a80 - INFO - [PPE Result] camera=ppe_test_cam1 | severity=none | sent_to=post_processing
2026-08-17 21:46:12,168 - ppe_alert_consumer_0df983271a80 - INFO - [PPE FRAME RECEIVED] camera=ppe_test_cam1 | severity=none | violated=[]
2026-08-17 21:46:12,169 - ppe_alert_consumer_0df983271a80 - INFO - [PPE Result] camera=ppe_test_cam1 | severity=none | sent_to=post_processing
2026-08-17 21:46:37,119 - ppe_alert_consumer_0df983271a80 - INFO - [PPE FRAME RECEIVED] camera=ppe_test_cam1 | severity=none | violated=[]
2026-08-17 21:46:37,121 - ppe_alert_consumer_0df983271a80 - INFO - [PPE Result] camera=ppe_test_cam1 | severity=none | sent_to=post_processing
2026-08-17 21:46:38,146 - ppe_alert_consumer_0df983271a80 - INFO - [PPE FRAME RECEIVED] camera=ppe_test_cam1 | severity=none | violated=[]
2026-08-17 21:46:38,147 - ppe_alert_consumer_0df983271a80 - INFO - [PPE Result] camera=ppe_test_cam1 | severity=none | sent_to=post_processing
2026-08-17 21:46:56,110 - ppe_alert_consumer_0df983271a80 - INFO - [PPE FRAME RECEIVED] camera=ppe_test_cam1 | severity=none | violated=[]
2026-08-17 21:46:56,110 - ppe_alert_consumer_0df983271a80 - INFO - [PPE Result] camera=ppe_test_cam1 | severity=none | sent_to=post_processing
2026-08-17 21:46:56,143 - ppe_alert_consumer_0df983271a80 - INFO - [PPE FRAME RECEIVED] camera=ppe_test_cam1 | severity=low | violated=['No-Shoes', 'No-Shoes']
2026-08-17 21:46:56,144 - ppe_alert_consumer_0df983271a80 - INFO - [PPE Result] camera=ppe_test_cam1 | severity=low | sent_to=post_processing
2026-08-17 21:46:57,146 - ppe_alert_consumer_0df983271a80 - INFO - [PPE FRAME RECEIVED] camera=ppe_test_cam1 | severity=none | violated=[]
2026-08-17 21:46:57,147 - ppe_alert_consumer_0df983271a80 - INFO - [PPE Result] camera=ppe_test_cam1 | severity=none | sent_to=post_processing
2026-08-17 21:46:57,172 - ppe_alert_consumer_0df983271a80 - INFO - [PPE FRAME RECEIVED] camera=ppe_test_cam1 | severity=low | violated=['No-Shoes', 'No-Shoes']
2026-08-17 21:46:57,172 - ppe_alert_consumer_0df983271a80 - INFO - [PPE Result] camera=ppe_test_cam1 | severity=low | sent_to=post_processing
2026-08-17 21:46:58,200 - ppe_alert_consumer_0df983271a80 - INFO - [PPE FRAME RECEIVED] camera=ppe_test_cam1 | severity=none | violated=[]
2026-08-17 21:46:58,201 - ppe_alert_consumer_0df983271a80 - INFO - [PPE Result] camera=ppe_test_cam1 | severity=none | sent_to=post_processing
2026-08-17 21:46:58,234 - ppe_alert_consumer_0df983271a80 - INFO - [PPE FRAME RECEIVED] camera=ppe_test_cam1 | severity=low | violated=['No-Shoes', 'No-Shoes']
2026-08-17 21:46:58,235 - ppe_alert_consumer_0df983271a80 - INFO - [PPE Result] camera=ppe_test_cam1 | severity=low | sent_to=post_processing
2026-08-17 21:46:59,168 - ppe_alert_consumer_0df983271a80 - INFO - [PPE FRAME RECEIVED] camera=ppe_test_cam1 | severity=none | violated=[]
2026-08-17 21:46:59,168 - ppe_alert_consumer_0df983271a80 - INFO - [PPE Result] camera=ppe_test_cam1 | severity=none | sent_to=post_processing
2026-08-17 21:46:59,194 - ppe_alert_consumer_0df983271a80 - INFO - [PPE FRAME RECEIVED] camera=ppe_test_cam1 | severity=low | violated=['No-Shoes', 'No-Shoes']
2026-08-17 21:46:59,195 - ppe_alert_consumer_0df983271a80 - INFO - [PPE Result] camera=ppe_test_cam1 | severity=low | sent_to=post_processing
2026-08-17 21:47:00,093 - ppe_alert_consumer_0df983271a80 - INFO - [PPE FRAME RECEIVED] camera=ppe_test_cam1 | severity=none | violated=[]
2026-08-17 21:47:00,095 - ppe_alert_consumer_0df983271a80 - INFO - [PPE Result] camera=ppe_test_cam1 | severity=none | sent_to=post_processing
2026-08-17 21:47:05,165 - ppe_alert_consumer_0df983271a80 - INFO - [PPE FRAME RECEIVED] camera=ppe_test_cam1 | severity=none | violated=[]
2026-08-17 21:47:05,168 - ppe_alert_consumer_0df983271a80 - INFO - [PPE Result] camera=ppe_test_cam1 | severity=none | sent_to=post_processing
2026-08-17 21:47:06,142 - ppe_alert_consumer_0df983271a80 - INFO - [PPE FRAME RECEIVED] camera=ppe_test_cam1 | severity=none | violated=[]
2026-08-17 21:47:06,143 - ppe_alert_consumer_0df983271a80 - INFO - [PPE Result] camera=ppe_test_cam1 | severity=none | sent_to=post_processing
2026-08-17 21:47:07,127 - ppe_alert_consumer_0df983271a80 - INFO - [PPE FRAME RECEIVED] camera=ppe_test_cam1 | severity=none | violated=[]
2026-08-17 21:47:07,127 - ppe_alert_consumer_0df983271a80 - INFO - [PPE Result] camera=ppe_test_cam1 | severity=none | sent_to=post_processing
2026-08-17 21:47:08,070 - ppe_alert_consumer_0df983271a80 - INFO - [PPE FRAME RECEIVED] camera=ppe_test_cam1 | severity=none | violated=[]
2026-08-17 21:47:08,071 - ppe_alert_consumer_0df983271a80 - INFO - [PPE Result] camera=ppe_test_cam1 | severity=none | sent_to=post_processing
2026-08-17 21:47:09,115 - ppe_alert_consumer_0df983271a80 - INFO - [PPE FRAME RECEIVED] camera=ppe_test_cam1 | severity=none | violated=[]
2026-08-17 21:47:09,116 - ppe_alert_consumer_0df983271a80 - INFO - [PPE Result] camera=ppe_test_cam1 | severity=none | sent_to=post_processing
2026-08-17 21:47:10,134 - ppe_alert_consumer_0df983271a80 - INFO - [PPE FRAME RECEIVED] camera=ppe_test_cam1 | severity=none | violated=[]
2026-08-17 21:47:10,135 - ppe_alert_consumer_0df983271a80 - INFO - [PPE Result] camera=ppe_test_cam1 | severity=none | sent_to=post_processing
2026-08-17 21:47:11,191 - ppe_alert_consumer_0df983271a80 - INFO - [PPE FRAME RECEIVED] camera=ppe_test_cam1 | severity=none | violated=[]
2026-08-17 21:47:11,192 - ppe_alert_consumer_0df983271a80 - INFO - [PPE Result] camera=ppe_test_cam1 | severity=none | sent_to=post_processing
2026-08-17 21:47:12,087 - ppe_alert_consumer_0df983271a80 - INFO - [PPE FRAME RECEIVED] camera=ppe_test_cam1 | severity=none | violated=[]
2026-08-17 21:47:12,087 - ppe_alert_consumer_0df983271a80 - INFO - [PPE Result] camera=ppe_test_cam1 | severity=none | sent_to=post_processing
2026-08-17 21:47:12,116 - ppe_alert_consumer_0df983271a80 - INFO - [PPE FRAME RECEIVED] camera=ppe_test_cam1 | severity=none | violated=[]
2026-08-17 21:47:12,117 - ppe_alert_consumer_0df983271a80 - INFO - [PPE Result] camera=ppe_test_cam1 | severity=none | sent_to=post_processing
2026-08-17 21:47:37,202 - ppe_alert_consumer_0df983271a80 - INFO - [PPE FRAME RECEIVED] camera=ppe_test_cam1 | severity=none | violated=[]
2026-08-17 21:47:37,203 - ppe_alert_consumer_0df983271a80 - INFO - [PPE Result] camera=ppe_test_cam1 | severity=none | sent_to=post_processing
2026-08-17 21:47:38,176 - ppe_alert_consumer_0df983271a80 - INFO - [PPE FRAME RECEIVED] camera=ppe_test_cam1 | severity=none | violated=[]
2026-08-17 21:47:38,177 - ppe_alert_consumer_0df983271a80 - INFO - [PPE Result] camera=ppe_test_cam1 | severity=none | sent_to=post_processing
2026-08-17 21:47:56,245 - ppe_alert_consumer_0df983271a80 - INFO - [PPE FRAME RECEIVED] camera=ppe_test_cam1 | severity=low | violated=['No-Shoes', 'No-Shoes']
2026-08-17 21:47:56,246 - ppe_alert_consumer_0df983271a80 - INFO - [PPE Result] camera=ppe_test_cam1 | severity=low | sent_to=post_processing
2026-08-17 21:47:56,246 - ppe_alert_consumer_0df983271a80 - INFO - [PPE FRAME RECEIVED] camera=ppe_test_cam1 | severity=none | violated=[]
2026-08-17 21:47:56,247 - ppe_alert_consumer_0df983271a80 - INFO - [PPE Result] camera=ppe_test_cam1 | severity=none | sent_to=post_processing
2026-08-17 21:47:57,194 - ppe_alert_consumer_0df983271a80 - INFO - [PPE FRAME RECEIVED] camera=ppe_test_cam1 | severity=none | violated=[]
2026-08-17 21:47:57,195 - ppe_alert_consumer_0df983271a80 - INFO - [PPE Result] camera=ppe_test_cam1 | severity=none | sent_to=post_processing
2026-08-17 21:47:57,229 - ppe_alert_consumer_0df983271a80 - INFO - [PPE FRAME RECEIVED] camera=ppe_test_cam1 | severity=low | violated=['No-Shoes', 'No-Shoes']
2026-08-17 21:47:57,231 - ppe_alert_consumer_0df983271a80 - INFO - [PPE Result] camera=ppe_test_cam1 | severity=low | sent_to=post_processing
2026-08-17 21:47:58,293 - ppe_alert_consumer_0df983271a80 - INFO - [PPE FRAME RECEIVED] camera=ppe_test_cam1 | severity=none | violated=[]
2026-08-17 21:47:58,294 - ppe_alert_consumer_0df983271a80 - INFO - [PPE Result] camera=ppe_test_cam1 | severity=none | sent_to=post_processing
2026-08-17 21:47:58,295 - ppe_alert_consumer_0df983271a80 - INFO - [PPE FRAME RECEIVED] camera=ppe_test_cam1 | severity=low | violated=['No-Shoes', 'No-Shoes']
2026-08-17 21:47:58,297 - ppe_alert_consumer_0df983271a80 - INFO - [PPE Result] camera=ppe_test_cam1 | severity=low | sent_to=post_processing
2026-08-17 21:47:59,419 - ppe_alert_consumer_0df983271a80 - INFO - [PPE FRAME RECEIVED] camera=ppe_test_cam1 | severity=none | violated=[]
2026-08-17 21:47:59,420 - ppe_alert_consumer_0df983271a80 - INFO - [PPE Result] camera=ppe_test_cam1 | severity=none | sent_to=post_processing
2026-08-17 21:47:59,420 - ppe_alert_consumer_0df983271a80 - INFO - [PPE FRAME RECEIVED] camera=ppe_test_cam1 | severity=low | violated=['No-Shoes', 'No-Shoes']
2026-08-17 21:47:59,421 - ppe_alert_consumer_0df983271a80 - INFO - [PPE Result] camera=ppe_test_cam1 | severity=low | sent_to=post_processing
2026-08-17 21:48:00,155 - ppe_alert_consumer_0df983271a80 - INFO - [PPE FRAME RECEIVED] camera=ppe_test_cam1 | severity=none | violated=[]
2026-08-17 21:48:00,155 - ppe_alert_consumer_0df983271a80 - INFO - [PPE Result] camera=ppe_test_cam1 | severity=none | sent_to=post_processing
2026-08-17 21:48:05,331 - ppe_alert_consumer_0df983271a80 - INFO - [PPE FRAME RECEIVED] camera=ppe_test_cam1 | severity=none | violated=[]
2026-08-17 21:48:05,332 - ppe_alert_consumer_0df983271a80 - INFO - [PPE Result] camera=ppe_test_cam1 | severity=none | sent_to=post_processing
2026-08-17 21:48:06,054 - ppe_alert_consumer_0df983271a80 - INFO - [PPE FRAME RECEIVED] camera=ppe_test_cam1 | severity=none | violated=[]
2026-08-17 21:48:06,054 - ppe_alert_consumer_0df983271a80 - INFO - [PPE Result] camera=ppe_test_cam1 | severity=none | sent_to=post_processing
2026-08-17 21:48:07,030 - ppe_alert_consumer_0df983271a80 - INFO - [PPE FRAME RECEIVED] camera=ppe_test_cam1 | severity=none | violated=[]
2026-08-17 21:48:07,031 - ppe_alert_consumer_0df983271a80 - INFO - [PPE Result] camera=ppe_test_cam1 | severity=none | sent_to=post_processing
2026-08-17 21:48:08,148 - ppe_alert_consumer_0df983271a80 - INFO - [PPE FRAME RECEIVED] camera=ppe_test_cam1 | severity=none | violated=[]
2026-08-17 21:48:08,149 - ppe_alert_consumer_0df983271a80 - INFO - [PPE Result] camera=ppe_test_cam1 | severity=none | sent_to=post_processing
2026-08-17 21:48:09,164 - ppe_alert_consumer_0df983271a80 - INFO - [PPE FRAME RECEIVED] camera=ppe_test_cam1 | severity=none | violated=[]
2026-08-17 21:48:09,165 - ppe_alert_consumer_0df983271a80 - INFO - [PPE Result] camera=ppe_test_cam1 | severity=none | sent_to=post_processing
2026-08-17 21:48:10,093 - ppe_alert_consumer_0df983271a80 - INFO - [PPE FRAME RECEIVED] camera=ppe_test_cam1 | severity=none | violated=[]
2026-08-17 21:48:10,094 - ppe_alert_consumer_0df983271a80 - INFO - [PPE Result] camera=ppe_test_cam1 | severity=none | sent_to=post_processing
2026-08-17 21:48:11,145 - ppe_alert_consumer_0df983271a80 - INFO - [PPE FRAME RECEIVED] camera=ppe_test_cam1 | severity=none | violated=[]
2026-08-17 21:48:11,145 - ppe_alert_consumer_0df983271a80 - INFO - [PPE Result] camera=ppe_test_cam1 | severity=none | sent_to=post_processing
2026-08-17 21:48:12,180 - ppe_alert_consumer_0df983271a80 - INFO - [PPE FRAME RECEIVED] camera=ppe_test_cam1 | severity=none | violated=[]
2026-08-17 21:48:12,181 - ppe_alert_consumer_0df983271a80 - INFO - [PPE Result] camera=ppe_test_cam1 | severity=none | sent_to=post_processing
2026-08-17 21:48:12,181 - ppe_alert_consumer_0df983271a80 - INFO - [PPE FRAME RECEIVED] camera=ppe_test_cam1 | severity=none | violated=[]
2026-08-17 21:48:12,183 - ppe_alert_consumer_0df983271a80 - INFO - [PPE Result] camera=ppe_test_cam1 | severity=none | sent_to=post_processing
2026-08-17 21:48:37,190 - ppe_alert_consumer_0df983271a80 - INFO - [PPE FRAME RECEIVED] camera=ppe_test_cam1 | severity=none | violated=[]
2026-08-17 21:48:37,191 - ppe_alert_consumer_0df983271a80 - INFO - [PPE Result] camera=ppe_test_cam1 | severity=none | sent_to=post_processing
2026-08-17 21:48:38,173 - ppe_alert_consumer_0df983271a80 - INFO - [PPE FRAME RECEIVED] camera=ppe_test_cam1 | severity=none | violated=[]
2026-08-17 21:48:38,174 - ppe_alert_consumer_0df983271a80 - INFO - [PPE Result] camera=ppe_test_cam1 | severity=none | sent_to=post_processing
